timestamp,mode,sim_mode,steps_after_release,wall_hold_steps,dt_sigma,L0,height,particles_total,radius_sigma,eta_input,eta_nominal,eta_particles_region,num_walls,wall_positions_cli,wall_mass_factors_cli,particles_boxes_cli,wall_thickness_sigma,wall_thickness_vis_sigma,kbt1,kBT,kB_effective,temperature_runtime,spring_k,spring_eq_sigma,spring_eq_sigma_effective,piston_auto,piston_protocol,piston_target_sigma,piston_speed_px,piston_right_protocol_mode,piston_right_travel_sigma,piston_right_v_step_constant,piston_right_v0,piston_right_v_gradient,piston_right_vmax,piston_right_duration,piston_right_sigmoid_steepness,W_in_max,W_out_max,ratio,loss_fraction,total_loss,springE_stop,springE_peak_win,W_out_peak_win,ratio_win,eff_window_T,piston_stop_t_rel,trace_path,spring_peak_t_rel,spring_peak_dt,spring_peak_near_end,command,seed
2026-09-16 17:06:27,energy_transfer,edmd,10,12000,0.0166666669,35.3125,10,100,0.5,nan,0.11120682,0.11120682,1,35.3125,1e+09,50;50,1,0.0416666667,1,1,0.00999999978,100,1000,nan,35.3125,1,step,66.6950022,-0.00499999989,step,3.93000007,0.00499999989,nan,nan,0.00499999989,nan,nan,0,1.61780656e-09,nan,nan,-1.61780656e-09,nan,nan,nan,nan,20,nan,/Users/chrisharing/Desktop/CCS_complex_coupled_systems/Repo/HardDisks/hspist3/experiments_energy_transfer/level1_Zwall_path_20260916/L35p3125/tr_9500.csv,nan,nan,0,"./00ALLINONE --mode=edmd --experiment=energy_transfer --headless --quiet --edmd-acc=0 --seed-drift-order=drift-first --energy-transfer-summary=experiments_energy_transfer/level1_Zwall_path_20260916/L35p3125/summary.csv --energy-transfer-trace=experiments_energy_transfer/level1_Zwall_path_20260916/L35p3125/tr_9500.csv --particles=100 --particles-boxes=50,50 --particle-radius=0.5 --l0=35.3125 --height=10 --num-walls=1 --wall-positions=35.3125 --wall-mass-factors=1000000000 --piston-right-protocol-mode=step --velocity-right-piston-step=0.005 --max-right-piston-travel=3.93 --auto-piston-step --wall-hold-steps=12000 --steps=10 --fixed-dt=0.4 --energy-measurement --eff-output=wall-ke --kbt1 --seed=9500",9500
2026-09-16 17:06:28,energy_transfer,edmd,10,12000,0.0166666669,35.3125,10,100,0.5,nan,0.11120682,0.11120682,1,35.3125,1e+09,50;50,1,0.0416666667,1,1,0.00999999978,100,1000,nan,35.3125,1,step,66.6950022,-0.00499999989,step,3.93000007,0.00499999989,nan,nan,0.00499999989,nan,nan,0,0,nan,nan,0,nan,nan,nan,nan,20,nan,/Users/chrisharing/Desktop/CCS_complex_coupled_systems/Repo/HardDisks/hspist3/experiments_energy_transfer/level1_Zwall_path_20260916/L35p3125/tr_9502.csv,nan,nan,0,"./00ALLINONE --mode=edmd --experiment=energy_transfer --headless --quiet --edmd-acc=0 --seed-drift-order=drift-first --energy-transfer-summary=experiments_energy_transfer/level1_Zwall_path_20260916/L35p3125/summary.csv --energy-transfer-trace=experiments_energy_transfer/level1_Zwall_path_20260916/L35p3125/tr_9502.csv --particles=100 --particles-boxes=50,50 --particle-radius=0.5 --l0=35.3125 --height=10 --num-walls=1 --wall-positions=35.3125 --wall-mass-factors=1000000000 --piston-right-protocol-mode=step --velocity-right-piston-step=0.005 --max-right-piston-travel=3.93 --auto-piston-step --wall-hold-steps=12000 --steps=10 --fixed-dt=0.4 --energy-measurement --eff-output=wall-ke --kbt1 --seed=9502",9502
2026-09-16 17:06:28,energy_transfer,edmd,10,12000,0.0166666669,35.3125,10,100,0.5,nan,0.11120682,0.11120682,1,35.3125,1e+09,50;50,1,0.0416666667,1,1,0.00999999978,100,1000,nan,35.3125,1,step,66.6950022,-0.00499999989,step,3.93000007,0.00499999989,nan,nan,0.00499999989,nan,nan,0,0,nan,nan,0,nan,nan,nan,nan,20,nan,/Users/chrisharing/Desktop/CCS_complex_coupled_systems/Repo/HardDisks/hspist3/experiments_energy_transfer/level1_Zwall_path_20260916/L35p3125/tr_9501.csv,nan,nan,0,"./00ALLINONE --mode=edmd --experiment=energy_transfer --headless --quiet --edmd-acc=0 --seed-drift-order=drift-first --energy-transfer-summary=experiments_energy_transfer/level1_Zwall_path_20260916/L35p3125/summary.csv --energy-transfer-trace=experiments_energy_transfer/level1_Zwall_path_20260916/L35p3125/tr_9501.csv --particles=100 --particles-boxes=50,50 --particle-radius=0.5 --l0=35.3125 --height=10 --num-walls=1 --wall-positions=35.3125 --wall-mass-factors=1000000000 --piston-right-protocol-mode=step --velocity-right-piston-step=0.005 --max-right-piston-travel=3.93 --auto-piston-step --wall-hold-steps=12000 --steps=10 --fixed-dt=0.4 --energy-measurement --eff-output=wall-ke --kbt1 --seed=9501",9501
2026-09-16 17:06:28,energy_transfer,edmd,10,12000,0.0166666669,35.3125,10,100,0.5,nan,0.11120682,0.11120682,1,35.3125,1e+09,50;50,1,0.0416666667,1,1,0.00999999978,100,1000,nan,35.3125,1,step,66.6950022,-0.00499999989,step,3.93000007,0.00499999989,nan,nan,0.00499999989,nan,nan,0,1.30916025e-08,nan,nan,-1.30916025e-08,nan,nan,nan,nan,20,nan,/Users/chrisharing/Desktop/CCS_complex_coupled_systems/Repo/HardDisks/hspist3/experiments_energy_transfer/level1_Zwall_path_20260916/L35p3125/tr_9503.csv,nan,nan,0,"./00ALLINONE --mode=edmd --experiment=energy_transfer --headless --quiet --edmd-acc=0 --seed-drift-order=drift-first --energy-transfer-summary=experiments_energy_transfer/level1_Zwall_path_20260916/L35p3125/summary.csv --energy-transfer-trace=experiments_energy_transfer/level1_Zwall_path_20260916/L35p3125/tr_9503.csv --particles=100 --particles-boxes=50,50 --particle-radius=0.5 --l0=35.3125 --height=10 --num-walls=1 --wall-positions=35.3125 --wall-mass-factors=1000000000 --piston-right-protocol-mode=step --velocity-right-piston-step=0.005 --max-right-piston-travel=3.93 --auto-piston-step --wall-hold-steps=12000 --steps=10 --fixed-dt=0.4 --energy-measurement --eff-output=wall-ke --kbt1 --seed=9503",9503
2026-09-16 17:06:29,energy_transfer,edmd,10,12000,0.0166666669,35.3125,10,100,0.5,nan,0.11120682,0.11120682,1,35.3125,1e+09,50;50,1,0.0416666667,1,1,0.00999999978,100,1000,nan,35.3125,1,step,66.6950022,-0.00499999989,step,3.93000007,0.00499999989,nan,nan,0.00499999989,nan,nan,0,0,nan,nan,0,nan,nan,nan,nan,20,nan,/Users/chrisharing/Desktop/CCS_complex_coupled_systems/Repo/HardDisks/hspist3/experiments_energy_transfer/level1_Zwall_path_20260916/L35p3125/tr_9505.csv,nan,nan,0,"./00ALLINONE --mode=edmd --experiment=energy_transfer --headless --quiet --edmd-acc=0 --seed-drift-order=drift-first --energy-transfer-summary=experiments_energy_transfer/level1_Zwall_path_20260916/L35p3125/summary.csv --energy-transfer-trace=experiments_energy_transfer/level1_Zwall_path_20260916/L35p3125/tr_9505.csv --particles=100 --particles-boxes=50,50 --particle-radius=0.5 --l0=35.3125 --height=10 --num-walls=1 --wall-positions=35.3125 --wall-mass-factors=1000000000 --piston-right-protocol-mode=step --velocity-right-piston-step=0.005 --max-right-piston-travel=3.93 --auto-piston-step --wall-hold-steps=12000 --steps=10 --fixed-dt=0.4 --energy-measurement --eff-output=wall-ke --kbt1 --seed=9505",9505
2026-09-16 17:06:29,energy_transfer,edmd,10,12000,0.0166666669,35.3125,10,100,0.5,nan,0.11120682,0.11120682,1,35.3125,1e+09,50;50,1,0.0416666667,1,1,0.00999999978,100,1000,nan,35.3125,1,step,66.6950022,-0.00499999989,step,3.93000007,0.00499999989,nan,nan,0.00499999989,nan,nan,0,0,nan,nan,0,nan,nan,nan,nan,20,nan,/Users/chrisharing/Desktop/CCS_complex_coupled_systems/Repo/HardDisks/hspist3/experiments_energy_transfer/level1_Zwall_path_20260916/L35p3125/tr_9504.csv,nan,nan,0,"./00ALLINONE --mode=edmd --experiment=energy_transfer --headless --quiet --edmd-acc=0 --seed-drift-order=drift-first --energy-transfer-summary=experiments_energy_transfer/level1_Zwall_path_20260916/L35p3125/summary.csv --energy-transfer-trace=experiments_energy_transfer/level1_Zwall_path_20260916/L35p3125/tr_9504.csv --particles=100 --particles-boxes=50,50 --particle-radius=0.5 --l0=35.3125 --height=10 --num-walls=1 --wall-positions=35.3125 --wall-mass-factors=1000000000 --piston-right-protocol-mode=step --velocity-right-piston-step=0.005 --max-right-piston-travel=3.93 --auto-piston-step --wall-hold-steps=12000 --steps=10 --fixed-dt=0.4 --energy-measurement --eff-output=wall-ke --kbt1 --seed=9504",9504
2026-09-16 17:06:29,energy_transfer,edmd,10,12000,0.0166666669,35.3125,10,100,0.5,nan,0.11120682,0.11120682,1,35.3125,1e+09,50;50,1,0.0416666667,1,1,0.00999999978,100,1000,nan,35.3125,1,step,66.6950022,-0.00499999989,step,3.93000007,0.00499999989,nan,nan,0.00499999989,nan,nan,0,1.05547899e-08,nan,nan,-1.05547899e-08,nan,nan,nan,nan,20,nan,/Users/chrisharing/Desktop/CCS_complex_coupled_systems/Repo/HardDisks/hspist3/experiments_energy_transfer/level1_Zwall_path_20260916/L35p3125/tr_9506.csv,nan,nan,0,"./00ALLINONE --mode=edmd --experiment=energy_transfer --headless --quiet --edmd-acc=0 --seed-drift-order=drift-first --energy-transfer-summary=experiments_energy_transfer/level1_Zwall_path_20260916/L35p3125/summary.csv --energy-transfer-trace=experiments_energy_transfer/level1_Zwall_path_20260916/L35p3125/tr_9506.csv --particles=100 --particles-boxes=50,50 --particle-radius=0.5 --l0=35.3125 --height=10 --num-walls=1 --wall-positions=35.3125 --wall-mass-factors=1000000000 --piston-right-protocol-mode=step --velocity-right-piston-step=0.005 --max-right-piston-travel=3.93 --auto-piston-step --wall-hold-steps=12000 --steps=10 --fixed-dt=0.4 --energy-measurement --eff-output=wall-ke --kbt1 --seed=9506",9506
2026-09-16 17:06:30,energy_transfer,edmd,10,12000,0.0166666669,35.3125,10,100,0.5,nan,0.11120682,0.11120682,1,35.3125,1e+09,50;50,1,0.0416666667,1,1,0.00999999978,100,1000,nan,35.3125,1,step,66.6950022,-0.00499999989,step,3.93000007,0.00499999989,nan,nan,0.00499999989,nan,nan,0,0,nan,nan,0,nan,nan,nan,nan,20,nan,/Users/chrisharing/Desktop/CCS_complex_coupled_systems/Repo/HardDisks/hspist3/experiments_energy_transfer/level1_Zwall_path_20260916/L35p3125/tr_9507.csv,nan,nan,0,"./00ALLINONE --mode=edmd --experiment=energy_transfer --headless --quiet --edmd-acc=0 --seed-drift-order=drift-first --energy-transfer-summary=experiments_energy_transfer/level1_Zwall_path_20260916/L35p3125/summary.csv --energy-transfer-trace=experiments_energy_transfer/level1_Zwall_path_20260916/L35p3125/tr_9507.csv --particles=100 --particles-boxes=50,50 --particle-radius=0.5 --l0=35.3125 --height=10 --num-walls=1 --wall-positions=35.3125 --wall-mass-factors=1000000000 --piston-right-protocol-mode=step --velocity-right-piston-step=0.005 --max-right-piston-travel=3.93 --auto-piston-step --wall-hold-steps=12000 --steps=10 --fixed-dt=0.4 --energy-measurement --eff-output=wall-ke --kbt1 --seed=9507",9507
2026-09-16 17:06:30,energy_transfer,edmd,10,12000,0.0166666669,35.3125,10,100,0.5,nan,0.11120682,0.11120682,1,35.3125,1e+09,50;50,1,0.0416666667,1,1,0.00999999978,100,1000,nan,35.3125,1,step,66.6950022,-0.00499999989,step,3.93000007,0.00499999989,nan,nan,0.00499999989,nan,nan,0,0,nan,nan,0,nan,nan,nan,nan,20,nan,/Users/chrisharing/Desktop/CCS_complex_coupled_systems/Repo/HardDisks/hspist3/experiments_energy_transfer/level1_Zwall_path_20260916/L35p3125/tr_9508.csv,nan,nan,0,"./00ALLINONE --mode=edmd --experiment=energy_transfer --headless --quiet --edmd-acc=0 --seed-drift-order=drift-first --energy-transfer-summary=experiments_energy_transfer/level1_Zwall_path_20260916/L35p3125/summary.csv --energy-transfer-trace=experiments_energy_transfer/level1_Zwall_path_20260916/L35p3125/tr_9508.csv --particles=100 --particles-boxes=50,50 --particle-radius=0.5 --l0=35.3125 --height=10 --num-walls=1 --wall-positions=35.3125 --wall-mass-factors=1000000000 --piston-right-protocol-mode=step --velocity-right-piston-step=0.005 --max-right-piston-travel=3.93 --auto-piston-step --wall-hold-steps=12000 --steps=10 --fixed-dt=0.4 --energy-measurement --eff-output=wall-ke --kbt1 --seed=9508",9508
2026-09-16 17:06:30,energy_transfer,edmd,10,12000,0.0166666669,35.3125,10,100,0.5,nan,0.11120682,0.11120682,1,35.3125,1e+09,50;50,1,0.0416666667,1,1,0.00999999978,100,1000,nan,35.3125,1,step,66.6950022,-0.00499999989,step,3.93000007,0.00499999989,nan,nan,0.00499999989,nan,nan,0,2.22709606e-09,nan,nan,-2.22709606e-09,nan,nan,nan,nan,20,nan,/Users/chrisharing/Desktop/CCS_complex_coupled_systems/Repo/HardDisks/hspist3/experiments_energy_transfer/level1_Zwall_path_20260916/L35p3125/tr_9509.csv,nan,nan,0,"./00ALLINONE --mode=edmd --experiment=energy_transfer --headless --quiet --edmd-acc=0 --seed-drift-order=drift-first --energy-transfer-summary=experiments_energy_transfer/level1_Zwall_path_20260916/L35p3125/summary.csv --energy-transfer-trace=experiments_energy_transfer/level1_Zwall_path_20260916/L35p3125/tr_9509.csv --particles=100 --particles-boxes=50,50 --particle-radius=0.5 --l0=35.3125 --height=10 --num-walls=1 --wall-positions=35.3125 --wall-mass-factors=1000000000 --piston-right-protocol-mode=step --velocity-right-piston-step=0.005 --max-right-piston-travel=3.93 --auto-piston-step --wall-hold-steps=12000 --steps=10 --fixed-dt=0.4 --energy-measurement --eff-output=wall-ke --kbt1 --seed=9509",9509
2026-09-16 17:06:31,energy_transfer,edmd,10,12000,0.0166666669,35.3125,10,100,0.5,nan,0.11120682,0.11120682,1,35.3125,1e+09,50;50,1,0.0416666667,1,1,0.00999999978,100,1000,nan,35.3125,1,step,66.6950022,-0.00499999989,step,3.93000007,0.00499999989,nan,nan,0.00499999989,nan,nan,0,0,nan,nan,0,nan,nan,nan,nan,20,nan,/Users/chrisharing/Desktop/CCS_complex_coupled_systems/Repo/HardDisks/hspist3/experiments_energy_transfer/level1_Zwall_path_20260916/L35p3125/tr_9510.csv,nan,nan,0,"./00ALLINONE --mode=edmd --experiment=energy_transfer --headless --quiet --edmd-acc=0 --seed-drift-order=drift-first --energy-transfer-summary=experiments_energy_transfer/level1_Zwall_path_20260916/L35p3125/summary.csv --energy-transfer-trace=experiments_energy_transfer/level1_Zwall_path_20260916/L35p3125/tr_9510.csv --particles=100 --particles-boxes=50,50 --particle-radius=0.5 --l0=35.3125 --height=10 --num-walls=1 --wall-positions=35.3125 --wall-mass-factors=1000000000 --piston-right-protocol-mode=step --velocity-right-piston-step=0.005 --max-right-piston-travel=3.93 --auto-piston-step --wall-hold-steps=12000 --steps=10 --fixed-dt=0.4 --energy-measurement --eff-output=wall-ke --kbt1 --seed=9510",9510
2026-09-16 17:06:31,energy_transfer,edmd,10,12000,0.0166666669,35.3125,10,100,0.5,nan,0.11120682,0.11120682,1,35.3125,1e+09,50;50,1,0.0416666667,1,1,0.00999999978,100,1000,nan,35.3125,1,step,66.6950022,-0.00499999989,step,3.93000007,0.00499999989,nan,nan,0.00499999989,nan,nan,0,0,nan,nan,0,nan,nan,nan,nan,20,nan,/Users/chrisharing/Desktop/CCS_complex_coupled_systems/Repo/HardDisks/hspist3/experiments_energy_transfer/level1_Zwall_path_20260916/L35p3125/tr_9511.csv,nan,nan,0,"./00ALLINONE --mode=edmd --experiment=energy_transfer --headless --quiet --edmd-acc=0 --seed-drift-order=drift-first --energy-transfer-summary=experiments_energy_transfer/level1_Zwall_path_20260916/L35p3125/summary.csv --energy-transfer-trace=experiments_energy_transfer/level1_Zwall_path_20260916/L35p3125/tr_9511.csv --particles=100 --particles-boxes=50,50 --particle-radius=0.5 --l0=35.3125 --height=10 --num-walls=1 --wall-positions=35.3125 --wall-mass-factors=1000000000 --piston-right-protocol-mode=step --velocity-right-piston-step=0.005 --max-right-piston-travel=3.93 --auto-piston-step --wall-hold-steps=12000 --steps=10 --fixed-dt=0.4 --energy-measurement --eff-output=wall-ke --kbt1 --seed=9511",9511
2026-09-16 17:06:31,energy_transfer,edmd,10,12000,0.0166666669,35.3125,10,100,0.5,nan,0.11120682,0.11120682,1,35.3125,1e+09,50;50,1,0.0416666667,1,1,0.00999999978,100,1000,nan,35.3125,1,step,66.6950022,-0.00499999989,step,3.93000007,0.00499999989,nan,nan,0.00499999989,nan,nan,0,0,nan,nan,0,nan,nan,nan,nan,20,nan,/Users/chrisharing/Desktop/CCS_complex_coupled_systems/Repo/HardDisks/hspist3/experiments_energy_transfer/level1_Zwall_path_20260916/L35p3125/tr_9512.csv,nan,nan,0,"./00ALLINONE --mode=edmd --experiment=energy_transfer --headless --quiet --edmd-acc=0 --seed-drift-order=drift-first --energy-transfer-summary=experiments_energy_transfer/level1_Zwall_path_20260916/L35p3125/summary.csv --energy-transfer-trace=experiments_energy_transfer/level1_Zwall_path_20260916/L35p3125/tr_9512.csv --particles=100 --particles-boxes=50,50 --particle-radius=0.5 --l0=35.3125 --height=10 --num-walls=1 --wall-positions=35.3125 --wall-mass-factors=1000000000 --piston-right-protocol-mode=step --velocity-right-piston-step=0.005 --max-right-piston-travel=3.93 --auto-piston-step --wall-hold-steps=12000 --steps=10 --fixed-dt=0.4 --energy-measurement --eff-output=wall-ke --kbt1 --seed=9512",9512
2026-09-16 17:06:32,energy_transfer,edmd,10,12000,0.0166666669,35.3125,10,100,0.5,nan,0.11120682,0.11120682,1,35.3125,1e+09,50;50,1,0.0416666667,1,1,0.00999999978,100,1000,nan,35.3125,1,step,66.6950022,-0.00499999989,step,3.93000007,0.00499999989,nan,nan,0.00499999989,nan,nan,0,0,nan,nan,0,nan,nan,nan,nan,20,nan,/Users/chrisharing/Desktop/CCS_complex_coupled_systems/Repo/HardDisks/hspist3/experiments_energy_transfer/level1_Zwall_path_20260916/L35p3125/tr_9513.csv,nan,nan,0,"./00ALLINONE --mode=edmd --experiment=energy_transfer --headless --quiet --edmd-acc=0 --seed-drift-order=drift-first --energy-transfer-summary=experiments_energy_transfer/level1_Zwall_path_20260916/L35p3125/summary.csv --energy-transfer-trace=experiments_energy_transfer/level1_Zwall_path_20260916/L35p3125/tr_9513.csv --particles=100 --particles-boxes=50,50 --particle-radius=0.5 --l0=35.3125 --height=10 --num-walls=1 --wall-positions=35.3125 --wall-mass-factors=1000000000 --piston-right-protocol-mode=step --velocity-right-piston-step=0.005 --max-right-piston-travel=3.93 --auto-piston-step --wall-hold-steps=12000 --steps=10 --fixed-dt=0.4 --energy-measurement --eff-output=wall-ke --kbt1 --seed=9513",9513
2026-09-16 17:06:32,energy_transfer,edmd,10,12000,0.0166666669,35.3125,10,100,0.5,nan,0.11120682,0.11120682,1,35.3125,1e+09,50;50,1,0.0416666667,1,1,0.00999999978,100,1000,nan,35.3125,1,step,66.6950022,-0.00499999989,step,3.93000007,0.00499999989,nan,nan,0.00499999989,nan,nan,0,1.21183485e-09,nan,nan,-1.21183485e-09,nan,nan,nan,nan,20,nan,/Users/chrisharing/Desktop/CCS_complex_coupled_systems/Repo/HardDisks/hspist3/experiments_energy_transfer/level1_Zwall_path_20260916/L35p3125/tr_9514.csv,nan,nan,0,"./00ALLINONE --mode=edmd --experiment=energy_transfer --headless --quiet --edmd-acc=0 --seed-drift-order=drift-first --energy-transfer-summary=experiments_energy_transfer/level1_Zwall_path_20260916/L35p3125/summary.csv --energy-transfer-trace=experiments_energy_transfer/level1_Zwall_path_20260916/L35p3125/tr_9514.csv --particles=100 --particles-boxes=50,50 --particle-radius=0.5 --l0=35.3125 --height=10 --num-walls=1 --wall-positions=35.3125 --wall-mass-factors=1000000000 --piston-right-protocol-mode=step --velocity-right-piston-step=0.005 --max-right-piston-travel=3.93 --auto-piston-step --wall-hold-steps=12000 --steps=10 --fixed-dt=0.4 --energy-measurement --eff-output=wall-ke --kbt1 --seed=9514",9514
2026-09-16 17:06:32,energy_transfer,edmd,10,12000,0.0166666669,35.3125,10,100,0.5,nan,0.11120682,0.11120682,1,35.3125,1e+09,50;50,1,0.0416666667,1,1,0.00999999978,100,1000,nan,35.3125,1,step,66.6950022,-0.00499999989,step,3.93000007,0.00499999989,nan,nan,0.00499999989,nan,nan,0,0,nan,nan,0,nan,nan,nan,nan,20,nan,/Users/chrisharing/Desktop/CCS_complex_coupled_systems/Repo/HardDisks/hspist3/experiments_energy_transfer/level1_Zwall_path_20260916/L35p3125/tr_9515.csv,nan,nan,0,"./00ALLINONE --mode=edmd --experiment=energy_transfer --headless --quiet --edmd-acc=0 --seed-drift-order=drift-first --energy-transfer-summary=experiments_energy_transfer/level1_Zwall_path_20260916/L35p3125/summary.csv --energy-transfer-trace=experiments_energy_transfer/level1_Zwall_path_20260916/L35p3125/tr_9515.csv --particles=100 --particles-boxes=50,50 --particle-radius=0.5 --l0=35.3125 --height=10 --num-walls=1 --wall-positions=35.3125 --wall-mass-factors=1000000000 --piston-right-protocol-mode=step --velocity-right-piston-step=0.005 --max-right-piston-travel=3.93 --auto-piston-step --wall-hold-steps=12000 --steps=10 --fixed-dt=0.4 --energy-measurement --eff-output=wall-ke --kbt1 --seed=9515",9515
2026-09-16 17:06:33,energy_transfer,edmd,10,12000,0.0166666669,35.3125,10,100,0.5,nan,0.11120682,0.11120682,1,35.3125,1e+09,50;50,1,0.0416666667,1,1,0.00999999978,100,1000,nan,35.3125,1,step,66.6950022,-0.00499999989,step,3.93000007,0.00499999989,nan,nan,0.00499999989,nan,nan,0,0,nan,nan,0,nan,nan,nan,nan,20,nan,/Users/chrisharing/Desktop/CCS_complex_coupled_systems/Repo/HardDisks/hspist3/experiments_energy_transfer/level1_Zwall_path_20260916/L35p3125/tr_9516.csv,nan,nan,0,"./00ALLINONE --mode=edmd --experiment=energy_transfer --headless --quiet --edmd-acc=0 --seed-drift-order=drift-first --energy-transfer-summary=experiments_energy_transfer/level1_Zwall_path_20260916/L35p3125/summary.csv --energy-transfer-trace=experiments_energy_transfer/level1_Zwall_path_20260916/L35p3125/tr_9516.csv --particles=100 --particles-boxes=50,50 --particle-radius=0.5 --l0=35.3125 --height=10 --num-walls=1 --wall-positions=35.3125 --wall-mass-factors=1000000000 --piston-right-protocol-mode=step --velocity-right-piston-step=0.005 --max-right-piston-travel=3.93 --auto-piston-step --wall-hold-steps=12000 --steps=10 --fixed-dt=0.4 --energy-measurement --eff-output=wall-ke --kbt1 --seed=9516",9516
2026-09-16 17:06:33,energy_transfer,edmd,10,12000,0.0166666669,35.3125,10,100,0.5,nan,0.11120682,0.11120682,1,35.3125,1e+09,50;50,1,0.0416666667,1,1,0.00999999978,100,1000,nan,35.3125,1,step,66.6950022,-0.00499999989,step,3.93000007,0.00499999989,nan,nan,0.00499999989,nan,nan,0,3.43720319e-09,nan,nan,-3.43720319e-09,nan,nan,nan,nan,20,nan,/Users/chrisharing/Desktop/CCS_complex_coupled_systems/Repo/HardDisks/hspist3/experiments_energy_transfer/level1_Zwall_path_20260916/L35p3125/tr_9517.csv,nan,nan,0,"./00ALLINONE --mode=edmd --experiment=energy_transfer --headless --quiet --edmd-acc=0 --seed-drift-order=drift-first --energy-transfer-summary=experiments_energy_transfer/level1_Zwall_path_20260916/L35p3125/summary.csv --energy-transfer-trace=experiments_energy_transfer/level1_Zwall_path_20260916/L35p3125/tr_9517.csv --particles=100 --particles-boxes=50,50 --particle-radius=0.5 --l0=35.3125 --height=10 --num-walls=1 --wall-positions=35.3125 --wall-mass-factors=1000000000 --piston-right-protocol-mode=step --velocity-right-piston-step=0.005 --max-right-piston-travel=3.93 --auto-piston-step --wall-hold-steps=12000 --steps=10 --fixed-dt=0.4 --energy-measurement --eff-output=wall-ke --kbt1 --seed=9517",9517
2026-09-16 17:06:33,energy_transfer,edmd,10,12000,0.0166666669,35.3125,10,100,0.5,nan,0.11120682,0.11120682,1,35.3125,1e+09,50;50,1,0.0416666667,1,1,0.00999999978,100,1000,nan,35.3125,1,step,66.6950022,-0.00499999989,step,3.93000007,0.00499999989,nan,nan,0.00499999989,nan,nan,0,0,nan,nan,0,nan,nan,nan,nan,20,nan,/Users/chrisharing/Desktop/CCS_complex_coupled_systems/Repo/HardDisks/hspist3/experiments_energy_transfer/level1_Zwall_path_20260916/L35p3125/tr_9518.csv,nan,nan,0,"./00ALLINONE --mode=edmd --experiment=energy_transfer --headless --quiet --edmd-acc=0 --seed-drift-order=drift-first --energy-transfer-summary=experiments_energy_transfer/level1_Zwall_path_20260916/L35p3125/summary.csv --energy-transfer-trace=experiments_energy_transfer/level1_Zwall_path_20260916/L35p3125/tr_9518.csv --particles=100 --particles-boxes=50,50 --particle-radius=0.5 --l0=35.3125 --height=10 --num-walls=1 --wall-positions=35.3125 --wall-mass-factors=1000000000 --piston-right-protocol-mode=step --velocity-right-piston-step=0.005 --max-right-piston-travel=3.93 --auto-piston-step --wall-hold-steps=12000 --steps=10 --fixed-dt=0.4 --energy-measurement --eff-output=wall-ke --kbt1 --seed=9518",9518
2026-09-16 17:06:34,energy_transfer,edmd,10,12000,0.0166666669,35.3125,10,100,0.5,nan,0.11120682,0.11120682,1,35.3125,1e+09,50;50,1,0.0416666667,1,1,0.00999999978,100,1000,nan,35.3125,1,step,66.6950022,-0.00499999989,step,3.93000007,0.00499999989,nan,nan,0.00499999989,nan,nan,0,0,nan,nan,0,nan,nan,nan,nan,20,nan,/Users/chrisharing/Desktop/CCS_complex_coupled_systems/Repo/HardDisks/hspist3/experiments_energy_transfer/level1_Zwall_path_20260916/L35p3125/tr_9519.csv,nan,nan,0,"./00ALLINONE --mode=edmd --experiment=energy_transfer --headless --quiet --edmd-acc=0 --seed-drift-order=drift-first --energy-transfer-summary=experiments_energy_transfer/level1_Zwall_path_20260916/L35p3125/summary.csv --energy-transfer-trace=experiments_energy_transfer/level1_Zwall_path_20260916/L35p3125/tr_9519.csv --particles=100 --particles-boxes=50,50 --particle-radius=0.5 --l0=35.3125 --height=10 --num-walls=1 --wall-positions=35.3125 --wall-mass-factors=1000000000 --piston-right-protocol-mode=step --velocity-right-piston-step=0.005 --max-right-piston-travel=3.93 --auto-piston-step --wall-hold-steps=12000 --steps=10 --fixed-dt=0.4 --energy-measurement --eff-output=wall-ke --kbt1 --seed=9519",9519
2026-09-17 01:11:32,energy_transfer,edmd,10,12000,0.0166666669,35.3125,10,100,0.5,nan,0.11120682,0.11120682,1,35.3125,1e+09,50;50,1,0.0416666667,1,1,0.00999999978,100,1000,nan,35.3125,1,step,66.6950022,-0.00499999989,step,3.93000007,0.00499999989,nan,nan,0.00499999989,nan,nan,0,0,nan,nan,0,nan,nan,nan,nan,20,nan,/Users/chrisharing/Desktop/CCS_complex_coupled_systems/Repo/HardDisks/hspist3/experiments_energy_transfer/level1_Zwall_path_20260916/L35p3125/tr_9520.csv,nan,nan,0,"./00ALLINONE --mode=edmd --experiment=energy_transfer --headless --quiet --edmd-acc=0 --seed-drift-order=drift-first --energy-transfer-summary=experiments_energy_transfer/level1_Zwall_path_20260916/L35p3125/summary.csv --energy-transfer-trace=experiments_energy_transfer/level1_Zwall_path_20260916/L35p3125/tr_9520.csv --particles=100 --particles-boxes=50,50 --particle-radius=0.5 --l0=35.3125 --height=10 --num-walls=1 --wall-positions=35.3125 --wall-mass-factors=1000000000 --piston-right-protocol-mode=step --velocity-right-piston-step=0.005 --max-right-piston-travel=3.93 --auto-piston-step --wall-hold-steps=12000 --steps=10 --fixed-dt=0.4 --energy-measurement --eff-output=wall-ke --kbt1 --seed=9520",9520
2026-09-17 01:11:32,energy_transfer,edmd,10,12000,0.0166666669,35.3125,10,100,0.5,nan,0.11120682,0.11120682,1,35.3125,1e+09,50;50,1,0.0416666667,1,1,0.00999999978,100,1000,nan,35.3125,1,step,66.6950022,-0.00499999989,step,3.93000007,0.00499999989,nan,nan,0.00499999989,nan,nan,0,0,nan,nan,0,nan,nan,nan,nan,20,nan,/Users/chrisharing/Desktop/CCS_complex_coupled_systems/Repo/HardDisks/hspist3/experiments_energy_transfer/level1_Zwall_path_20260916/L35p3125/tr_9521.csv,nan,nan,0,"./00ALLINONE --mode=edmd --experiment=energy_transfer --headless --quiet --edmd-acc=0 --seed-drift-order=drift-first --energy-transfer-summary=experiments_energy_transfer/level1_Zwall_path_20260916/L35p3125/summary.csv --energy-transfer-trace=experiments_energy_transfer/level1_Zwall_path_20260916/L35p3125/tr_9521.csv --particles=100 --particles-boxes=50,50 --particle-radius=0.5 --l0=35.3125 --height=10 --num-walls=1 --wall-positions=35.3125 --wall-mass-factors=1000000000 --piston-right-protocol-mode=step --velocity-right-piston-step=0.005 --max-right-piston-travel=3.93 --auto-piston-step --wall-hold-steps=12000 --steps=10 --fixed-dt=0.4 --energy-measurement --eff-output=wall-ke --kbt1 --seed=9521",9521
2026-09-17 01:11:32,energy_transfer,edmd,10,12000,0.0166666669,35.3125,10,100,0.5,nan,0.11120682,0.11120682,1,35.3125,1e+09,50;50,1,0.0416666667,1,1,0.00999999978,100,1000,nan,35.3125,1,step,66.6950022,-0.00499999989,step,3.93000007,0.00499999989,nan,nan,0.00499999989,nan,nan,0,0,nan,nan,0,nan,nan,nan,nan,20,nan,/Users/chrisharing/Desktop/CCS_complex_coupled_systems/Repo/HardDisks/hspist3/experiments_energy_transfer/level1_Zwall_path_20260916/L35p3125/tr_9522.csv,nan,nan,0,"./00ALLINONE --mode=edmd --experiment=energy_transfer --headless --quiet --edmd-acc=0 --seed-drift-order=drift-first --energy-transfer-summary=experiments_energy_transfer/level1_Zwall_path_20260916/L35p3125/summary.csv --energy-transfer-trace=experiments_energy_transfer/level1_Zwall_path_20260916/L35p3125/tr_9522.csv --particles=100 --particles-boxes=50,50 --particle-radius=0.5 --l0=35.3125 --height=10 --num-walls=1 --wall-positions=35.3125 --wall-mass-factors=1000000000 --piston-right-protocol-mode=step --velocity-right-piston-step=0.005 --max-right-piston-travel=3.93 --auto-piston-step --wall-hold-steps=12000 --steps=10 --fixed-dt=0.4 --energy-measurement --eff-output=wall-ke --kbt1 --seed=9522",9522
2026-09-17 01:11:32,energy_transfer,edmd,10,12000,0.0166666669,35.3125,10,100,0.5,nan,0.11120682,0.11120682,1,35.3125,1e+09,50;50,1,0.0416666667,1,1,0.00999999978,100,1000,nan,35.3125,1,step,66.6950022,-0.00499999989,step,3.93000007,0.00499999989,nan,nan,0.00499999989,nan,nan,0,0,nan,nan,0,nan,nan,nan,nan,20,nan,/Users/chrisharing/Desktop/CCS_complex_coupled_systems/Repo/HardDisks/hspist3/experiments_energy_transfer/level1_Zwall_path_20260916/L35p3125/tr_9523.csv,nan,nan,0,"./00ALLINONE --mode=edmd --experiment=energy_transfer --headless --quiet --edmd-acc=0 --seed-drift-order=drift-first --energy-transfer-summary=experiments_energy_transfer/level1_Zwall_path_20260916/L35p3125/summary.csv --energy-transfer-trace=experiments_energy_transfer/level1_Zwall_path_20260916/L35p3125/tr_9523.csv --particles=100 --particles-boxes=50,50 --particle-radius=0.5 --l0=35.3125 --height=10 --num-walls=1 --wall-positions=35.3125 --wall-mass-factors=1000000000 --piston-right-protocol-mode=step --velocity-right-piston-step=0.005 --max-right-piston-travel=3.93 --auto-piston-step --wall-hold-steps=12000 --steps=10 --fixed-dt=0.4 --energy-measurement --eff-output=wall-ke --kbt1 --seed=9523",9523
2026-09-17 01:11:33,energy_transfer,edmd,10,12000,0.0166666669,35.3125,10,100,0.5,nan,0.11120682,0.11120682,1,35.3125,1e+09,50;50,1,0.0416666667,1,1,0.00999999978,100,1000,nan,35.3125,1,step,66.6950022,-0.00499999989,step,3.93000007,0.00499999989,nan,nan,0.00499999989,nan,nan,0,1.09502477e-10,nan,nan,-1.09502477e-10,nan,nan,nan,nan,20,nan,/Users/chrisharing/Desktop/CCS_complex_coupled_systems/Repo/HardDisks/hspist3/experiments_energy_transfer/level1_Zwall_path_20260916/L35p3125/tr_9524.csv,nan,nan,0,"./00ALLINONE --mode=edmd --experiment=energy_transfer --headless --quiet --edmd-acc=0 --seed-drift-order=drift-first --energy-transfer-summary=experiments_energy_transfer/level1_Zwall_path_20260916/L35p3125/summary.csv --energy-transfer-trace=experiments_energy_transfer/level1_Zwall_path_20260916/L35p3125/tr_9524.csv --particles=100 --particles-boxes=50,50 --particle-radius=0.5 --l0=35.3125 --height=10 --num-walls=1 --wall-positions=35.3125 --wall-mass-factors=1000000000 --piston-right-protocol-mode=step --velocity-right-piston-step=0.005 --max-right-piston-travel=3.93 --auto-piston-step --wall-hold-steps=12000 --steps=10 --fixed-dt=0.4 --energy-measurement --eff-output=wall-ke --kbt1 --seed=9524",9524
2026-09-17 01:11:33,energy_transfer,edmd,10,12000,0.0166666669,35.3125,10,100,0.5,nan,0.11120682,0.11120682,1,35.3125,1e+09,50;50,1,0.0416666667,1,1,0.00999999978,100,1000,nan,35.3125,1,step,66.6950022,-0.00499999989,step,3.93000007,0.00499999989,nan,nan,0.00499999989,nan,nan,0,2.65973826e-10,nan,nan,-2.65973826e-10,nan,nan,nan,nan,20,nan,/Users/chrisharing/Desktop/CCS_complex_coupled_systems/Repo/HardDisks/hspist3/experiments_energy_transfer/level1_Zwall_path_20260916/L35p3125/tr_9525.csv,nan,nan,0,"./00ALLINONE --mode=edmd --experiment=energy_transfer --headless --quiet --edmd-acc=0 --seed-drift-order=drift-first --energy-transfer-summary=experiments_energy_transfer/level1_Zwall_path_20260916/L35p3125/summary.csv --energy-transfer-trace=experiments_energy_transfer/level1_Zwall_path_20260916/L35p3125/tr_9525.csv --particles=100 --particles-boxes=50,50 --particle-radius=0.5 --l0=35.3125 --height=10 --num-walls=1 --wall-positions=35.3125 --wall-mass-factors=1000000000 --piston-right-protocol-mode=step --velocity-right-piston-step=0.005 --max-right-piston-travel=3.93 --auto-piston-step --wall-hold-steps=12000 --steps=10 --fixed-dt=0.4 --energy-measurement --eff-output=wall-ke --kbt1 --seed=9525",9525
2026-09-17 01:11:33,energy_transfer,edmd,10,12000,0.0166666669,35.3125,10,100,0.5,nan,0.11120682,0.11120682,1,35.3125,1e+09,50;50,1,0.0416666667,1,1,0.00999999978,100,1000,nan,35.3125,1,step,66.6950022,-0.00499999989,step,3.93000007,0.00499999989,nan,nan,0.00499999989,nan,nan,0,6.64336808e-09,nan,nan,-6.64336808e-09,nan,nan,nan,nan,20,nan,/Users/chrisharing/Desktop/CCS_complex_coupled_systems/Repo/HardDisks/hspist3/experiments_energy_transfer/level1_Zwall_path_20260916/L35p3125/tr_9526.csv,nan,nan,0,"./00ALLINONE --mode=edmd --experiment=energy_transfer --headless --quiet --edmd-acc=0 --seed-drift-order=drift-first --energy-transfer-summary=experiments_energy_transfer/level1_Zwall_path_20260916/L35p3125/summary.csv --energy-transfer-trace=experiments_energy_transfer/level1_Zwall_path_20260916/L35p3125/tr_9526.csv --particles=100 --particles-boxes=50,50 --particle-radius=0.5 --l0=35.3125 --height=10 --num-walls=1 --wall-positions=35.3125 --wall-mass-factors=1000000000 --piston-right-protocol-mode=step --velocity-right-piston-step=0.005 --max-right-piston-travel=3.93 --auto-piston-step --wall-hold-steps=12000 --steps=10 --fixed-dt=0.4 --energy-measurement --eff-output=wall-ke --kbt1 --seed=9526",9526
2026-09-17 01:11:33,energy_transfer,edmd,10,12000,0.0166666669,35.3125,10,100,0.5,nan,0.11120682,0.11120682,1,35.3125,1e+09,50;50,1,0.0416666667,1,1,0.00999999978,100,1000,nan,35.3125,1,step,66.6950022,-0.00499999989,step,3.93000007,0.00499999989,nan,nan,0.00499999989,nan,nan,0,3.96357214e-09,nan,nan,-3.96357214e-09,nan,nan,nan,nan,20,nan,/Users/chrisharing/Desktop/CCS_complex_coupled_systems/Repo/HardDisks/hspist3/experiments_energy_transfer/level1_Zwall_path_20260916/L35p3125/tr_9527.csv,nan,nan,0,"./00ALLINONE --mode=edmd --experiment=energy_transfer --headless --quiet --edmd-acc=0 --seed-drift-order=drift-first --energy-transfer-summary=experiments_energy_transfer/level1_Zwall_path_20260916/L35p3125/summary.csv --energy-transfer-trace=experiments_energy_transfer/level1_Zwall_path_20260916/L35p3125/tr_9527.csv --particles=100 --particles-boxes=50,50 --particle-radius=0.5 --l0=35.3125 --height=10 --num-walls=1 --wall-positions=35.3125 --wall-mass-factors=1000000000 --piston-right-protocol-mode=step --velocity-right-piston-step=0.005 --max-right-piston-travel=3.93 --auto-piston-step --wall-hold-steps=12000 --steps=10 --fixed-dt=0.4 --energy-measurement --eff-output=wall-ke --kbt1 --seed=9527",9527
2026-09-17 01:11:33,energy_transfer,edmd,10,12000,0.0166666669,35.3125,10,100,0.5,nan,0.11120682,0.11120682,1,35.3125,1e+09,50;50,1,0.0416666667,1,1,0.00999999978,100,1000,nan,35.3125,1,step,66.6950022,-0.00499999989,step,3.93000007,0.00499999989,nan,nan,0.00499999989,nan,nan,0,0,nan,nan,0,nan,nan,nan,nan,20,nan,/Users/chrisharing/Desktop/CCS_complex_coupled_systems/Repo/HardDisks/hspist3/experiments_energy_transfer/level1_Zwall_path_20260916/L35p3125/tr_9529.csv,nan,nan,0,"./00ALLINONE --mode=edmd --experiment=energy_transfer --headless --quiet --edmd-acc=0 --seed-drift-order=drift-first --energy-transfer-summary=experiments_energy_transfer/level1_Zwall_path_20260916/L35p3125/summary.csv --energy-transfer-trace=experiments_energy_transfer/level1_Zwall_path_20260916/L35p3125/tr_9529.csv --particles=100 --particles-boxes=50,50 --particle-radius=0.5 --l0=35.3125 --height=10 --num-walls=1 --wall-positions=35.3125 --wall-mass-factors=1000000000 --piston-right-protocol-mode=step --velocity-right-piston-step=0.005 --max-right-piston-travel=3.93 --auto-piston-step --wall-hold-steps=12000 --steps=10 --fixed-dt=0.4 --energy-measurement --eff-output=wall-ke --kbt1 --seed=9529",9529
2026-09-17 01:11:33,energy_transfer,edmd,10,12000,0.0166666669,35.3125,10,100,0.5,nan,0.11120682,0.11120682,1,35.3125,1e+09,50;50,1,0.0416666667,1,1,0.00999999978,100,1000,nan,35.3125,1,step,66.6950022,-0.00499999989,step,3.93000007,0.00499999989,nan,nan,0.00499999989,nan,nan,0,0,nan,nan,0,nan,nan,nan,nan,20,nan,/Users/chrisharing/Desktop/CCS_complex_coupled_systems/Repo/HardDisks/hspist3/experiments_energy_transfer/level1_Zwall_path_20260916/L35p3125/tr_9528.csv,nan,nan,0,"./00ALLINONE --mode=edmd --experiment=energy_transfer --headless --quiet --edmd-acc=0 --seed-drift-order=drift-first --energy-transfer-summary=experiments_energy_transfer/level1_Zwall_path_20260916/L35p3125/summary.csv --energy-transfer-trace=experiments_energy_transfer/level1_Zwall_path_20260916/L35p3125/tr_9528.csv --particles=100 --particles-boxes=50,50 --particle-radius=0.5 --l0=35.3125 --height=10 --num-walls=1 --wall-positions=35.3125 --wall-mass-factors=1000000000 --piston-right-protocol-mode=step --velocity-right-piston-step=0.005 --max-right-piston-travel=3.93 --auto-piston-step --wall-hold-steps=12000 --steps=10 --fixed-dt=0.4 --energy-measurement --eff-output=wall-ke --kbt1 --seed=9528",9528
2026-09-17 01:11:33,energy_transfer,edmd,10,12000,0.0166666669,35.3125,10,100,0.5,nan,0.11120682,0.11120682,1,35.3125,1e+09,50;50,1,0.0416666667,1,1,0.00999999978,100,1000,nan,35.3125,1,step,66.6950022,-0.00499999989,step,3.93000007,0.00499999989,nan,nan,0.00499999989,nan,nan,0,0,nan,nan,0,nan,nan,nan,nan,20,nan,/Users/chrisharing/Desktop/CCS_complex_coupled_systems/Repo/HardDisks/hspist3/experiments_energy_transfer/level1_Zwall_path_20260916/L35p3125/tr_9531.csv,nan,nan,0,"./00ALLINONE --mode=edmd --experiment=energy_transfer --headless --quiet --edmd-acc=0 --seed-drift-order=drift-first --energy-transfer-summary=experiments_energy_transfer/level1_Zwall_path_20260916/L35p3125/summary.csv --energy-transfer-trace=experiments_energy_transfer/level1_Zwall_path_20260916/L35p3125/tr_9531.csv --particles=100 --particles-boxes=50,50 --particle-radius=0.5 --l0=35.3125 --height=10 --num-walls=1 --wall-positions=35.3125 --wall-mass-factors=1000000000 --piston-right-protocol-mode=step --velocity-right-piston-step=0.005 --max-right-piston-travel=3.93 --auto-piston-step --wall-hold-steps=12000 --steps=10 --fixed-dt=0.4 --energy-measurement --eff-output=wall-ke --kbt1 --seed=9531",9531
2026-09-17 01:11:33,energy_transfer,edmd,10,12000,0.0166666669,35.3125,10,100,0.5,nan,0.11120682,0.11120682,1,35.3125,1e+09,50;50,1,0.0416666667,1,1,0.00999999978,100,1000,nan,35.3125,1,step,66.6950022,-0.00499999989,step,3.93000007,0.00499999989,nan,nan,0.00499999989,nan,nan,0,0,nan,nan,0,nan,nan,nan,nan,20,nan,/Users/chrisharing/Desktop/CCS_complex_coupled_systems/Repo/HardDisks/hspist3/experiments_energy_transfer/level1_Zwall_path_20260916/L35p3125/tr_9530.csv,nan,nan,0,"./00ALLINONE --mode=edmd --experiment=energy_transfer --headless --quiet --edmd-acc=0 --seed-drift-order=drift-first --energy-transfer-summary=experiments_energy_transfer/level1_Zwall_path_20260916/L35p3125/summary.csv --energy-transfer-trace=experiments_energy_transfer/level1_Zwall_path_20260916/L35p3125/tr_9530.csv --particles=100 --particles-boxes=50,50 --particle-radius=0.5 --l0=35.3125 --height=10 --num-walls=1 --wall-positions=35.3125 --wall-mass-factors=1000000000 --piston-right-protocol-mode=step --velocity-right-piston-step=0.005 --max-right-piston-travel=3.93 --auto-piston-step --wall-hold-steps=12000 --steps=10 --fixed-dt=0.4 --energy-measurement --eff-output=wall-ke --kbt1 --seed=9530",9530
2026-09-17 01:11:33,energy_transfer,edmd,10,12000,0.0166666669,35.3125,10,100,0.5,nan,0.11120682,0.11120682,1,35.3125,1e+09,50;50,1,0.0416666667,1,1,0.00999999978,100,1000,nan,35.3125,1,step,66.6950022,-0.00499999989,step,3.93000007,0.00499999989,nan,nan,0.00499999989,nan,nan,0,0,nan,nan,0,nan,nan,nan,nan,20,nan,/Users/chrisharing/Desktop/CCS_complex_coupled_systems/Repo/HardDisks/hspist3/experiments_energy_transfer/level1_Zwall_path_20260916/L35p3125/tr_9532.csv,nan,nan,0,"./00ALLINONE --mode=edmd --experiment=energy_transfer --headless --quiet --edmd-acc=0 --seed-drift-order=drift-first --energy-transfer-summary=experiments_energy_transfer/level1_Zwall_path_20260916/L35p3125/summary.csv --energy-transfer-trace=experiments_energy_transfer/level1_Zwall_path_20260916/L35p3125/tr_9532.csv --particles=100 --particles-boxes=50,50 --particle-radius=0.5 --l0=35.3125 --height=10 --num-walls=1 --wall-positions=35.3125 --wall-mass-factors=1000000000 --piston-right-protocol-mode=step --velocity-right-piston-step=0.005 --max-right-piston-travel=3.93 --auto-piston-step --wall-hold-steps=12000 --steps=10 --fixed-dt=0.4 --energy-measurement --eff-output=wall-ke --kbt1 --seed=9532",9532
2026-09-17 01:11:33,energy_transfer,edmd,10,12000,0.0166666669,35.3125,10,100,0.5,nan,0.11120682,0.11120682,1,35.3125,1e+09,50;50,1,0.0416666667,1,1,0.00999999978,100,1000,nan,35.3125,1,step,66.6950022,-0.00499999989,step,3.93000007,0.00499999989,nan,nan,0.00499999989,nan,nan,0,9.93264568e-11,nan,nan,-9.93264568e-11,nan,nan,nan,nan,20,nan,/Users/chrisharing/Desktop/CCS_complex_coupled_systems/Repo/HardDisks/hspist3/experiments_energy_transfer/level1_Zwall_path_20260916/L35p3125/tr_9535.csv,nan,nan,0,"./00ALLINONE --mode=edmd --experiment=energy_transfer --headless --quiet --edmd-acc=0 --seed-drift-order=drift-first --energy-transfer-summary=experiments_energy_transfer/level1_Zwall_path_20260916/L35p3125/summary.csv --energy-transfer-trace=experiments_energy_transfer/level1_Zwall_path_20260916/L35p3125/tr_9535.csv --particles=100 --particles-boxes=50,50 --particle-radius=0.5 --l0=35.3125 --height=10 --num-walls=1 --wall-positions=35.3125 --wall-mass-factors=1000000000 --piston-right-protocol-mode=step --velocity-right-piston-step=0.005 --max-right-piston-travel=3.93 --auto-piston-step --wall-hold-steps=12000 --steps=10 --fixed-dt=0.4 --energy-measurement --eff-output=wall-ke --kbt1 --seed=9535",9535
2026-09-17 01:11:33,energy_transfer,edmd,10,12000,0.0166666669,35.3125,10,100,0.5,nan,0.11120682,0.11120682,1,35.3125,1e+09,50;50,1,0.0416666667,1,1,0.00999999978,100,1000,nan,35.3125,1,step,66.6950022,-0.00499999989,step,3.93000007,0.00499999989,nan,nan,0.00499999989,nan,nan,0,0,nan,nan,0,nan,nan,nan,nan,20,nan,/Users/chrisharing/Desktop/CCS_complex_coupled_systems/Repo/HardDisks/hspist3/experiments_energy_transfer/level1_Zwall_path_20260916/L35p3125/tr_9534.csv,nan,nan,0,"./00ALLINONE --mode=edmd --experiment=energy_transfer --headless --quiet --edmd-acc=0 --seed-drift-order=drift-first --energy-transfer-summary=experiments_energy_transfer/level1_Zwall_path_20260916/L35p3125/summary.csv --energy-transfer-trace=experiments_energy_transfer/level1_Zwall_path_20260916/L35p3125/tr_9534.csv --particles=100 --particles-boxes=50,50 --particle-radius=0.5 --l0=35.3125 --height=10 --num-walls=1 --wall-positions=35.3125 --wall-mass-factors=1000000000 --piston-right-protocol-mode=step --velocity-right-piston-step=0.005 --max-right-piston-travel=3.93 --auto-piston-step --wall-hold-steps=12000 --steps=10 --fixed-dt=0.4 --energy-measurement --eff-output=wall-ke --kbt1 --seed=9534",9534
2026-09-17 01:11:33,energy_transfer,edmd,10,12000,0.0166666669,35.3125,10,100,0.5,nan,0.11120682,0.11120682,1,35.3125,1e+09,50;50,1,0.0416666667,1,1,0.00999999978,100,1000,nan,35.3125,1,step,66.6950022,-0.00499999989,step,3.93000007,0.00499999989,nan,nan,0.00499999989,nan,nan,0,0,nan,nan,0,nan,nan,nan,nan,20,nan,/Users/chrisharing/Desktop/CCS_complex_coupled_systems/Repo/HardDisks/hspist3/experiments_energy_transfer/level1_Zwall_path_20260916/L35p3125/tr_9533.csv,nan,nan,0,"./00ALLINONE --mode=edmd --experiment=energy_transfer --headless --quiet --edmd-acc=0 --seed-drift-order=drift-first --energy-transfer-summary=experiments_energy_transfer/level1_Zwall_path_20260916/L35p3125/summary.csv --energy-transfer-trace=experiments_energy_transfer/level1_Zwall_path_20260916/L35p3125/tr_9533.csv --particles=100 --particles-boxes=50,50 --particle-radius=0.5 --l0=35.3125 --height=10 --num-walls=1 --wall-positions=35.3125 --wall-mass-factors=1000000000 --piston-right-protocol-mode=step --velocity-right-piston-step=0.005 --max-right-piston-travel=3.93 --auto-piston-step --wall-hold-steps=12000 --steps=10 --fixed-dt=0.4 --energy-measurement --eff-output=wall-ke --kbt1 --seed=9533",9533
2026-09-17 01:11:34,energy_transfer,edmd,10,12000,0.0166666669,35.3125,10,100,0.5,nan,0.11120682,0.11120682,1,35.3125,1e+09,50;50,1,0.0416666667,1,1,0.00999999978,100,1000,nan,35.3125,1,step,66.6950022,-0.00499999989,step,3.93000007,0.00499999989,nan,nan,0.00499999989,nan,nan,0,0,nan,nan,0,nan,nan,nan,nan,20,nan,/Users/chrisharing/Desktop/CCS_complex_coupled_systems/Repo/HardDisks/hspist3/experiments_energy_transfer/level1_Zwall_path_20260916/L35p3125/tr_9537.csv,nan,nan,0,"./00ALLINONE --mode=edmd --experiment=energy_transfer --headless --quiet --edmd-acc=0 --seed-drift-order=drift-first --energy-transfer-summary=experiments_energy_transfer/level1_Zwall_path_20260916/L35p3125/summary.csv --energy-transfer-trace=experiments_energy_transfer/level1_Zwall_path_20260916/L35p3125/tr_9537.csv --particles=100 --particles-boxes=50,50 --particle-radius=0.5 --l0=35.3125 --height=10 --num-walls=1 --wall-positions=35.3125 --wall-mass-factors=1000000000 --piston-right-protocol-mode=step --velocity-right-piston-step=0.005 --max-right-piston-travel=3.93 --auto-piston-step --wall-hold-steps=12000 --steps=10 --fixed-dt=0.4 --energy-measurement --eff-output=wall-ke --kbt1 --seed=9537",9537
2026-09-17 01:11:34,energy_transfer,edmd,10,12000,0.0166666669,35.3125,10,100,0.5,nan,0.11120682,0.11120682,1,35.3125,1e+09,50;50,1,0.0416666667,1,1,0.00999999978,100,1000,nan,35.3125,1,step,66.6950022,-0.00499999989,step,3.93000007,0.00499999989,nan,nan,0.00499999989,nan,nan,0,2.10991513e-09,nan,nan,-2.10991513e-09,nan,nan,nan,nan,20,nan,/Users/chrisharing/Desktop/CCS_complex_coupled_systems/Repo/HardDisks/hspist3/experiments_energy_transfer/level1_Zwall_path_20260916/L35p3125/tr_9536.csv,nan,nan,0,"./00ALLINONE --mode=edmd --experiment=energy_transfer --headless --quiet --edmd-acc=0 --seed-drift-order=drift-first --energy-transfer-summary=experiments_energy_transfer/level1_Zwall_path_20260916/L35p3125/summary.csv --energy-transfer-trace=experiments_energy_transfer/level1_Zwall_path_20260916/L35p3125/tr_9536.csv --particles=100 --particles-boxes=50,50 --particle-radius=0.5 --l0=35.3125 --height=10 --num-walls=1 --wall-positions=35.3125 --wall-mass-factors=1000000000 --piston-right-protocol-mode=step --velocity-right-piston-step=0.005 --max-right-piston-travel=3.93 --auto-piston-step --wall-hold-steps=12000 --steps=10 --fixed-dt=0.4 --energy-measurement --eff-output=wall-ke --kbt1 --seed=9536",9536
2026-09-17 01:11:34,energy_transfer,edmd,10,12000,0.0166666669,35.3125,10,100,0.5,nan,0.11120682,0.11120682,1,35.3125,1e+09,50;50,1,0.0416666667,1,1,0.00999999978,100,1000,nan,35.3125,1,step,66.6950022,-0.00499999989,step,3.93000007,0.00499999989,nan,nan,0.00499999989,nan,nan,0,0,nan,nan,0,nan,nan,nan,nan,20,nan,/Users/chrisharing/Desktop/CCS_complex_coupled_systems/Repo/HardDisks/hspist3/experiments_energy_transfer/level1_Zwall_path_20260916/L35p3125/tr_9538.csv,nan,nan,0,"./00ALLINONE --mode=edmd --experiment=energy_transfer --headless --quiet --edmd-acc=0 --seed-drift-order=drift-first --energy-transfer-summary=experiments_energy_transfer/level1_Zwall_path_20260916/L35p3125/summary.csv --energy-transfer-trace=experiments_energy_transfer/level1_Zwall_path_20260916/L35p3125/tr_9538.csv --particles=100 --particles-boxes=50,50 --particle-radius=0.5 --l0=35.3125 --height=10 --num-walls=1 --wall-positions=35.3125 --wall-mass-factors=1000000000 --piston-right-protocol-mode=step --velocity-right-piston-step=0.005 --max-right-piston-travel=3.93 --auto-piston-step --wall-hold-steps=12000 --steps=10 --fixed-dt=0.4 --energy-measurement --eff-output=wall-ke --kbt1 --seed=9538",9538
2026-09-17 01:11:34,energy_transfer,edmd,10,12000,0.0166666669,35.3125,10,100,0.5,nan,0.11120682,0.11120682,1,35.3125,1e+09,50;50,1,0.0416666667,1,1,0.00999999978,100,1000,nan,35.3125,1,step,66.6950022,-0.00499999989,step,3.93000007,0.00499999989,nan,nan,0.00499999989,nan,nan,0,0,nan,nan,0,nan,nan,nan,nan,20,nan,/Users/chrisharing/Desktop/CCS_complex_coupled_systems/Repo/HardDisks/hspist3/experiments_energy_transfer/level1_Zwall_path_20260916/L35p3125/tr_9539.csv,nan,nan,0,"./00ALLINONE --mode=edmd --experiment=energy_transfer --headless --quiet --edmd-acc=0 --seed-drift-order=drift-first --energy-transfer-summary=experiments_energy_transfer/level1_Zwall_path_20260916/L35p3125/summary.csv --energy-transfer-trace=experiments_energy_transfer/level1_Zwall_path_20260916/L35p3125/tr_9539.csv --particles=100 --particles-boxes=50,50 --particle-radius=0.5 --l0=35.3125 --height=10 --num-walls=1 --wall-positions=35.3125 --wall-mass-factors=1000000000 --piston-right-protocol-mode=step --velocity-right-piston-step=0.005 --max-right-piston-travel=3.93 --auto-piston-step --wall-hold-steps=12000 --steps=10 --fixed-dt=0.4 --energy-measurement --eff-output=wall-ke --kbt1 --seed=9539",9539
2026-09-17 01:11:34,energy_transfer,edmd,10,12000,0.0166666669,35.3125,10,100,0.5,nan,0.11120682,0.11120682,1,35.3125,1e+09,50;50,1,0.0416666667,1,1,0.00999999978,100,1000,nan,35.3125,1,step,66.6950022,-0.00499999989,step,3.93000007,0.00499999989,nan,nan,0.00499999989,nan,nan,0,1.07262785e-08,nan,nan,-1.07262785e-08,nan,nan,nan,nan,20,nan,/Users/chrisharing/Desktop/CCS_complex_coupled_systems/Repo/HardDisks/hspist3/experiments_energy_transfer/level1_Zwall_path_20260916/L35p3125/tr_9540.csv,nan,nan,0,"./00ALLINONE --mode=edmd --experiment=energy_transfer --headless --quiet --edmd-acc=0 --seed-drift-order=drift-first --energy-transfer-summary=experiments_energy_transfer/level1_Zwall_path_20260916/L35p3125/summary.csv --energy-transfer-trace=experiments_energy_transfer/level1_Zwall_path_20260916/L35p3125/tr_9540.csv --particles=100 --particles-boxes=50,50 --particle-radius=0.5 --l0=35.3125 --height=10 --num-walls=1 --wall-positions=35.3125 --wall-mass-factors=1000000000 --piston-right-protocol-mode=step --velocity-right-piston-step=0.005 --max-right-piston-travel=3.93 --auto-piston-step --wall-hold-steps=12000 --steps=10 --fixed-dt=0.4 --energy-measurement --eff-output=wall-ke --kbt1 --seed=9540",9540
2026-09-17 01:11:34,energy_transfer,edmd,10,12000,0.0166666669,35.3125,10,100,0.5,nan,0.11120682,0.11120682,1,35.3125,1e+09,50;50,1,0.0416666667,1,1,0.00999999978,100,1000,nan,35.3125,1,step,66.6950022,-0.00499999989,step,3.93000007,0.00499999989,nan,nan,0.00499999989,nan,nan,0,0,nan,nan,0,nan,nan,nan,nan,20,nan,/Users/chrisharing/Desktop/CCS_complex_coupled_systems/Repo/HardDisks/hspist3/experiments_energy_transfer/level1_Zwall_path_20260916/L35p3125/tr_9541.csv,nan,nan,0,"./00ALLINONE --mode=edmd --experiment=energy_transfer --headless --quiet --edmd-acc=0 --seed-drift-order=drift-first --energy-transfer-summary=experiments_energy_transfer/level1_Zwall_path_20260916/L35p3125/summary.csv --energy-transfer-trace=experiments_energy_transfer/level1_Zwall_path_20260916/L35p3125/tr_9541.csv --particles=100 --particles-boxes=50,50 --particle-radius=0.5 --l0=35.3125 --height=10 --num-walls=1 --wall-positions=35.3125 --wall-mass-factors=1000000000 --piston-right-protocol-mode=step --velocity-right-piston-step=0.005 --max-right-piston-travel=3.93 --auto-piston-step --wall-hold-steps=12000 --steps=10 --fixed-dt=0.4 --energy-measurement --eff-output=wall-ke --kbt1 --seed=9541",9541
2026-09-17 01:11:34,energy_transfer,edmd,10,12000,0.0166666669,35.3125,10,100,0.5,nan,0.11120682,0.11120682,1,35.3125,1e+09,50;50,1,0.0416666667,1,1,0.00999999978,100,1000,nan,35.3125,1,step,66.6950022,-0.00499999989,step,3.93000007,0.00499999989,nan,nan,0.00499999989,nan,nan,0,1.01597655e-08,nan,nan,-1.01597655e-08,nan,nan,nan,nan,20,nan,/Users/chrisharing/Desktop/CCS_complex_coupled_systems/Repo/HardDisks/hspist3/experiments_energy_transfer/level1_Zwall_path_20260916/L35p3125/tr_9542.csv,nan,nan,0,"./00ALLINONE --mode=edmd --experiment=energy_transfer --headless --quiet --edmd-acc=0 --seed-drift-order=drift-first --energy-transfer-summary=experiments_energy_transfer/level1_Zwall_path_20260916/L35p3125/summary.csv --energy-transfer-trace=experiments_energy_transfer/level1_Zwall_path_20260916/L35p3125/tr_9542.csv --particles=100 --particles-boxes=50,50 --particle-radius=0.5 --l0=35.3125 --height=10 --num-walls=1 --wall-positions=35.3125 --wall-mass-factors=1000000000 --piston-right-protocol-mode=step --velocity-right-piston-step=0.005 --max-right-piston-travel=3.93 --auto-piston-step --wall-hold-steps=12000 --steps=10 --fixed-dt=0.4 --energy-measurement --eff-output=wall-ke --kbt1 --seed=9542",9542
2026-09-17 01:11:34,energy_transfer,edmd,10,12000,0.0166666669,35.3125,10,100,0.5,nan,0.11120682,0.11120682,1,35.3125,1e+09,50;50,1,0.0416666667,1,1,0.00999999978,100,1000,nan,35.3125,1,step,66.6950022,-0.00499999989,step,3.93000007,0.00499999989,nan,nan,0.00499999989,nan,nan,0,0,nan,nan,0,nan,nan,nan,nan,20,nan,/Users/chrisharing/Desktop/CCS_complex_coupled_systems/Repo/HardDisks/hspist3/experiments_energy_transfer/level1_Zwall_path_20260916/L35p3125/tr_9543.csv,nan,nan,0,"./00ALLINONE --mode=edmd --experiment=energy_transfer --headless --quiet --edmd-acc=0 --seed-drift-order=drift-first --energy-transfer-summary=experiments_energy_transfer/level1_Zwall_path_20260916/L35p3125/summary.csv --energy-transfer-trace=experiments_energy_transfer/level1_Zwall_path_20260916/L35p3125/tr_9543.csv --particles=100 --particles-boxes=50,50 --particle-radius=0.5 --l0=35.3125 --height=10 --num-walls=1 --wall-positions=35.3125 --wall-mass-factors=1000000000 --piston-right-protocol-mode=step --velocity-right-piston-step=0.005 --max-right-piston-travel=3.93 --auto-piston-step --wall-hold-steps=12000 --steps=10 --fixed-dt=0.4 --energy-measurement --eff-output=wall-ke --kbt1 --seed=9543",9543
2026-09-17 01:11:34,energy_transfer,edmd,10,12000,0.0166666669,35.3125,10,100,0.5,nan,0.11120682,0.11120682,1,35.3125,1e+09,50;50,1,0.0416666667,1,1,0.00999999978,100,1000,nan,35.3125,1,step,66.6950022,-0.00499999989,step,3.93000007,0.00499999989,nan,nan,0.00499999989,nan,nan,0,0,nan,nan,0,nan,nan,nan,nan,20,nan,/Users/chrisharing/Desktop/CCS_complex_coupled_systems/Repo/HardDisks/hspist3/experiments_energy_transfer/level1_Zwall_path_20260916/L35p3125/tr_9544.csv,nan,nan,0,"./00ALLINONE --mode=edmd --experiment=energy_transfer --headless --quiet --edmd-acc=0 --seed-drift-order=drift-first --energy-transfer-summary=experiments_energy_transfer/level1_Zwall_path_20260916/L35p3125/summary.csv --energy-transfer-trace=experiments_energy_transfer/level1_Zwall_path_20260916/L35p3125/tr_9544.csv --particles=100 --particles-boxes=50,50 --particle-radius=0.5 --l0=35.3125 --height=10 --num-walls=1 --wall-positions=35.3125 --wall-mass-factors=1000000000 --piston-right-protocol-mode=step --velocity-right-piston-step=0.005 --max-right-piston-travel=3.93 --auto-piston-step --wall-hold-steps=12000 --steps=10 --fixed-dt=0.4 --energy-measurement --eff-output=wall-ke --kbt1 --seed=9544",9544
2026-09-17 01:11:34,energy_transfer,edmd,10,12000,0.0166666669,35.3125,10,100,0.5,nan,0.11120682,0.11120682,1,35.3125,1e+09,50;50,1,0.0416666667,1,1,0.00999999978,100,1000,nan,35.3125,1,step,66.6950022,-0.00499999989,step,3.93000007,0.00499999989,nan,nan,0.00499999989,nan,nan,0,0,nan,nan,0,nan,nan,nan,nan,20,nan,/Users/chrisharing/Desktop/CCS_complex_coupled_systems/Repo/HardDisks/hspist3/experiments_energy_transfer/level1_Zwall_path_20260916/L35p3125/tr_9545.csv,nan,nan,0,"./00ALLINONE --mode=edmd --experiment=energy_transfer --headless --quiet --edmd-acc=0 --seed-drift-order=drift-first --energy-transfer-summary=experiments_energy_transfer/level1_Zwall_path_20260916/L35p3125/summary.csv --energy-transfer-trace=experiments_energy_transfer/level1_Zwall_path_20260916/L35p3125/tr_9545.csv --particles=100 --particles-boxes=50,50 --particle-radius=0.5 --l0=35.3125 --height=10 --num-walls=1 --wall-positions=35.3125 --wall-mass-factors=1000000000 --piston-right-protocol-mode=step --velocity-right-piston-step=0.005 --max-right-piston-travel=3.93 --auto-piston-step --wall-hold-steps=12000 --steps=10 --fixed-dt=0.4 --energy-measurement --eff-output=wall-ke --kbt1 --seed=9545",9545
2026-09-17 01:11:34,energy_transfer,edmd,10,12000,0.0166666669,35.3125,10,100,0.5,nan,0.11120682,0.11120682,1,35.3125,1e+09,50;50,1,0.0416666667,1,1,0.00999999978,100,1000,nan,35.3125,1,step,66.6950022,-0.00499999989,step,3.93000007,0.00499999989,nan,nan,0.00499999989,nan,nan,0,0,nan,nan,0,nan,nan,nan,nan,20,nan,/Users/chrisharing/Desktop/CCS_complex_coupled_systems/Repo/HardDisks/hspist3/experiments_energy_transfer/level1_Zwall_path_20260916/L35p3125/tr_9546.csv,nan,nan,0,"./00ALLINONE --mode=edmd --experiment=energy_transfer --headless --quiet --edmd-acc=0 --seed-drift-order=drift-first --energy-transfer-summary=experiments_energy_transfer/level1_Zwall_path_20260916/L35p3125/summary.csv --energy-transfer-trace=experiments_energy_transfer/level1_Zwall_path_20260916/L35p3125/tr_9546.csv --particles=100 --particles-boxes=50,50 --particle-radius=0.5 --l0=35.3125 --height=10 --num-walls=1 --wall-positions=35.3125 --wall-mass-factors=1000000000 --piston-right-protocol-mode=step --velocity-right-piston-step=0.005 --max-right-piston-travel=3.93 --auto-piston-step --wall-hold-steps=12000 --steps=10 --fixed-dt=0.4 --energy-measurement --eff-output=wall-ke --kbt1 --seed=9546",9546
2026-09-17 01:11:34,energy_transfer,edmd,10,12000,0.0166666669,35.3125,10,100,0.5,nan,0.11120682,0.11120682,1,35.3125,1e+09,50;50,1,0.0416666667,1,1,0.00999999978,100,1000,nan,35.3125,1,step,66.6950022,-0.00499999989,step,3.93000007,0.00499999989,nan,nan,0.00499999989,nan,nan,0,0,nan,nan,0,nan,nan,nan,nan,20,nan,/Users/chrisharing/Desktop/CCS_complex_coupled_systems/Repo/HardDisks/hspist3/experiments_energy_transfer/level1_Zwall_path_20260916/L35p3125/tr_9547.csv,nan,nan,0,"./00ALLINONE --mode=edmd --experiment=energy_transfer --headless --quiet --edmd-acc=0 --seed-drift-order=drift-first --energy-transfer-summary=experiments_energy_transfer/level1_Zwall_path_20260916/L35p3125/summary.csv --energy-transfer-trace=experiments_energy_transfer/level1_Zwall_path_20260916/L35p3125/tr_9547.csv --particles=100 --particles-boxes=50,50 --particle-radius=0.5 --l0=35.3125 --height=10 --num-walls=1 --wall-positions=35.3125 --wall-mass-factors=1000000000 --piston-right-protocol-mode=step --velocity-right-piston-step=0.005 --max-right-piston-travel=3.93 --auto-piston-step --wall-hold-steps=12000 --steps=10 --fixed-dt=0.4 --energy-measurement --eff-output=wall-ke --kbt1 --seed=9547",9547
2026-09-17 01:11:35,energy_transfer,edmd,10,12000,0.0166666669,35.3125,10,100,0.5,nan,0.11120682,0.11120682,1,35.3125,1e+09,50;50,1,0.0416666667,1,1,0.00999999978,100,1000,nan,35.3125,1,step,66.6950022,-0.00499999989,step,3.93000007,0.00499999989,nan,nan,0.00499999989,nan,nan,0,0,nan,nan,0,nan,nan,nan,nan,20,nan,/Users/chrisharing/Desktop/CCS_complex_coupled_systems/Repo/HardDisks/hspist3/experiments_energy_transfer/level1_Zwall_path_20260916/L35p3125/tr_9548.csv,nan,nan,0,"./00ALLINONE --mode=edmd --experiment=energy_transfer --headless --quiet --edmd-acc=0 --seed-drift-order=drift-first --energy-transfer-summary=experiments_energy_transfer/level1_Zwall_path_20260916/L35p3125/summary.csv --energy-transfer-trace=experiments_energy_transfer/level1_Zwall_path_20260916/L35p3125/tr_9548.csv --particles=100 --particles-boxes=50,50 --particle-radius=0.5 --l0=35.3125 --height=10 --num-walls=1 --wall-positions=35.3125 --wall-mass-factors=1000000000 --piston-right-protocol-mode=step --velocity-right-piston-step=0.005 --max-right-piston-travel=3.93 --auto-piston-step --wall-hold-steps=12000 --steps=10 --fixed-dt=0.4 --energy-measurement --eff-output=wall-ke --kbt1 --seed=9548",9548
2026-09-17 01:11:35,energy_transfer,edmd,10,12000,0.0166666669,35.3125,10,100,0.5,nan,0.11120682,0.11120682,1,35.3125,1e+09,50;50,1,0.0416666667,1,1,0.00999999978,100,1000,nan,35.3125,1,step,66.6950022,-0.00499999989,step,3.93000007,0.00499999989,nan,nan,0.00499999989,nan,nan,0,2.70698641e-09,nan,nan,-2.70698641e-09,nan,nan,nan,nan,20,nan,/Users/chrisharing/Desktop/CCS_complex_coupled_systems/Repo/HardDisks/hspist3/experiments_energy_transfer/level1_Zwall_path_20260916/L35p3125/tr_9549.csv,nan,nan,0,"./00ALLINONE --mode=edmd --experiment=energy_transfer --headless --quiet --edmd-acc=0 --seed-drift-order=drift-first --energy-transfer-summary=experiments_energy_transfer/level1_Zwall_path_20260916/L35p3125/summary.csv --energy-transfer-trace=experiments_energy_transfer/level1_Zwall_path_20260916/L35p3125/tr_9549.csv --particles=100 --particles-boxes=50,50 --particle-radius=0.5 --l0=35.3125 --height=10 --num-walls=1 --wall-positions=35.3125 --wall-mass-factors=1000000000 --piston-right-protocol-mode=step --velocity-right-piston-step=0.005 --max-right-piston-travel=3.93 --auto-piston-step --wall-hold-steps=12000 --steps=10 --fixed-dt=0.4 --energy-measurement --eff-output=wall-ke --kbt1 --seed=9549",9549
2026-09-17 01:11:35,energy_transfer,edmd,10,12000,0.0166666669,35.3125,10,100,0.5,nan,0.11120682,0.11120682,1,35.3125,1e+09,50;50,1,0.0416666667,1,1,0.00999999978,100,1000,nan,35.3125,1,step,66.6950022,-0.00499999989,step,3.93000007,0.00499999989,nan,nan,0.00499999989,nan,nan,0,0,nan,nan,0,nan,nan,nan,nan,20,nan,/Users/chrisharing/Desktop/CCS_complex_coupled_systems/Repo/HardDisks/hspist3/experiments_energy_transfer/level1_Zwall_path_20260916/L35p3125/tr_9550.csv,nan,nan,0,"./00ALLINONE --mode=edmd --experiment=energy_transfer --headless --quiet --edmd-acc=0 --seed-drift-order=drift-first --energy-transfer-summary=experiments_energy_transfer/level1_Zwall_path_20260916/L35p3125/summary.csv --energy-transfer-trace=experiments_energy_transfer/level1_Zwall_path_20260916/L35p3125/tr_9550.csv --particles=100 --particles-boxes=50,50 --particle-radius=0.5 --l0=35.3125 --height=10 --num-walls=1 --wall-positions=35.3125 --wall-mass-factors=1000000000 --piston-right-protocol-mode=step --velocity-right-piston-step=0.005 --max-right-piston-travel=3.93 --auto-piston-step --wall-hold-steps=12000 --steps=10 --fixed-dt=0.4 --energy-measurement --eff-output=wall-ke --kbt1 --seed=9550",9550
2026-09-17 01:11:35,energy_transfer,edmd,10,12000,0.0166666669,35.3125,10,100,0.5,nan,0.11120682,0.11120682,1,35.3125,1e+09,50;50,1,0.0416666667,1,1,0.00999999978,100,1000,nan,35.3125,1,step,66.6950022,-0.00499999989,step,3.93000007,0.00499999989,nan,nan,0.00499999989,nan,nan,0,0,nan,nan,0,nan,nan,nan,nan,20,nan,/Users/chrisharing/Desktop/CCS_complex_coupled_systems/Repo/HardDisks/hspist3/experiments_energy_transfer/level1_Zwall_path_20260916/L35p3125/tr_9551.csv,nan,nan,0,"./00ALLINONE --mode=edmd --experiment=energy_transfer --headless --quiet --edmd-acc=0 --seed-drift-order=drift-first --energy-transfer-summary=experiments_energy_transfer/level1_Zwall_path_20260916/L35p3125/summary.csv --energy-transfer-trace=experiments_energy_transfer/level1_Zwall_path_20260916/L35p3125/tr_9551.csv --particles=100 --particles-boxes=50,50 --particle-radius=0.5 --l0=35.3125 --height=10 --num-walls=1 --wall-positions=35.3125 --wall-mass-factors=1000000000 --piston-right-protocol-mode=step --velocity-right-piston-step=0.005 --max-right-piston-travel=3.93 --auto-piston-step --wall-hold-steps=12000 --steps=10 --fixed-dt=0.4 --energy-measurement --eff-output=wall-ke --kbt1 --seed=9551",9551
2026-09-17 01:11:35,energy_transfer,edmd,10,12000,0.0166666669,35.3125,10,100,0.5,nan,0.11120682,0.11120682,1,35.3125,1e+09,50;50,1,0.0416666667,1,1,0.00999999978,100,1000,nan,35.3125,1,step,66.6950022,-0.00499999989,step,3.93000007,0.00499999989,nan,nan,0.00499999989,nan,nan,0,4.83720397e-09,nan,nan,-4.83720397e-09,nan,nan,nan,nan,20,nan,/Users/chrisharing/Desktop/CCS_complex_coupled_systems/Repo/HardDisks/hspist3/experiments_energy_transfer/level1_Zwall_path_20260916/L35p3125/tr_9552.csv,nan,nan,0,"./00ALLINONE --mode=edmd --experiment=energy_transfer --headless --quiet --edmd-acc=0 --seed-drift-order=drift-first --energy-transfer-summary=experiments_energy_transfer/level1_Zwall_path_20260916/L35p3125/summary.csv --energy-transfer-trace=experiments_energy_transfer/level1_Zwall_path_20260916/L35p3125/tr_9552.csv --particles=100 --particles-boxes=50,50 --particle-radius=0.5 --l0=35.3125 --height=10 --num-walls=1 --wall-positions=35.3125 --wall-mass-factors=1000000000 --piston-right-protocol-mode=step --velocity-right-piston-step=0.005 --max-right-piston-travel=3.93 --auto-piston-step --wall-hold-steps=12000 --steps=10 --fixed-dt=0.4 --energy-measurement --eff-output=wall-ke --kbt1 --seed=9552",9552
2026-09-17 01:11:35,energy_transfer,edmd,10,12000,0.0166666669,35.3125,10,100,0.5,nan,0.11120682,0.11120682,1,35.3125,1e+09,50;50,1,0.0416666667,1,1,0.00999999978,100,1000,nan,35.3125,1,step,66.6950022,-0.00499999989,step,3.93000007,0.00499999989,nan,nan,0.00499999989,nan,nan,0,0,nan,nan,0,nan,nan,nan,nan,20,nan,/Users/chrisharing/Desktop/CCS_complex_coupled_systems/Repo/HardDisks/hspist3/experiments_energy_transfer/level1_Zwall_path_20260916/L35p3125/tr_9553.csv,nan,nan,0,"./00ALLINONE --mode=edmd --experiment=energy_transfer --headless --quiet --edmd-acc=0 --seed-drift-order=drift-first --energy-transfer-summary=experiments_energy_transfer/level1_Zwall_path_20260916/L35p3125/summary.csv --energy-transfer-trace=experiments_energy_transfer/level1_Zwall_path_20260916/L35p3125/tr_9553.csv --particles=100 --particles-boxes=50,50 --particle-radius=0.5 --l0=35.3125 --height=10 --num-walls=1 --wall-positions=35.3125 --wall-mass-factors=1000000000 --piston-right-protocol-mode=step --velocity-right-piston-step=0.005 --max-right-piston-travel=3.93 --auto-piston-step --wall-hold-steps=12000 --steps=10 --fixed-dt=0.4 --energy-measurement --eff-output=wall-ke --kbt1 --seed=9553",9553
2026-09-17 01:11:35,energy_transfer,edmd,10,12000,0.0166666669,35.3125,10,100,0.5,nan,0.11120682,0.11120682,1,35.3125,1e+09,50;50,1,0.0416666667,1,1,0.00999999978,100,1000,nan,35.3125,1,step,66.6950022,-0.00499999989,step,3.93000007,0.00499999989,nan,nan,0.00499999989,nan,nan,0,0,nan,nan,0,nan,nan,nan,nan,20,nan,/Users/chrisharing/Desktop/CCS_complex_coupled_systems/Repo/HardDisks/hspist3/experiments_energy_transfer/level1_Zwall_path_20260916/L35p3125/tr_9554.csv,nan,nan,0,"./00ALLINONE --mode=edmd --experiment=energy_transfer --headless --quiet --edmd-acc=0 --seed-drift-order=drift-first --energy-transfer-summary=experiments_energy_transfer/level1_Zwall_path_20260916/L35p3125/summary.csv --energy-transfer-trace=experiments_energy_transfer/level1_Zwall_path_20260916/L35p3125/tr_9554.csv --particles=100 --particles-boxes=50,50 --particle-radius=0.5 --l0=35.3125 --height=10 --num-walls=1 --wall-positions=35.3125 --wall-mass-factors=1000000000 --piston-right-protocol-mode=step --velocity-right-piston-step=0.005 --max-right-piston-travel=3.93 --auto-piston-step --wall-hold-steps=12000 --steps=10 --fixed-dt=0.4 --energy-measurement --eff-output=wall-ke --kbt1 --seed=9554",9554
2026-09-17 01:11:35,energy_transfer,edmd,10,12000,0.0166666669,35.3125,10,100,0.5,nan,0.11120682,0.11120682,1,35.3125,1e+09,50;50,1,0.0416666667,1,1,0.00999999978,100,1000,nan,35.3125,1,step,66.6950022,-0.00499999989,step,3.93000007,0.00499999989,nan,nan,0.00499999989,nan,nan,0,0,nan,nan,0,nan,nan,nan,nan,20,nan,/Users/chrisharing/Desktop/CCS_complex_coupled_systems/Repo/HardDisks/hspist3/experiments_energy_transfer/level1_Zwall_path_20260916/L35p3125/tr_9555.csv,nan,nan,0,"./00ALLINONE --mode=edmd --experiment=energy_transfer --headless --quiet --edmd-acc=0 --seed-drift-order=drift-first --energy-transfer-summary=experiments_energy_transfer/level1_Zwall_path_20260916/L35p3125/summary.csv --energy-transfer-trace=experiments_energy_transfer/level1_Zwall_path_20260916/L35p3125/tr_9555.csv --particles=100 --particles-boxes=50,50 --particle-radius=0.5 --l0=35.3125 --height=10 --num-walls=1 --wall-positions=35.3125 --wall-mass-factors=1000000000 --piston-right-protocol-mode=step --velocity-right-piston-step=0.005 --max-right-piston-travel=3.93 --auto-piston-step --wall-hold-steps=12000 --steps=10 --fixed-dt=0.4 --energy-measurement --eff-output=wall-ke --kbt1 --seed=9555",9555
2026-09-17 01:11:35,energy_transfer,edmd,10,12000,0.0166666669,35.3125,10,100,0.5,nan,0.11120682,0.11120682,1,35.3125,1e+09,50;50,1,0.0416666667,1,1,0.00999999978,100,1000,nan,35.3125,1,step,66.6950022,-0.00499999989,step,3.93000007,0.00499999989,nan,nan,0.00499999989,nan,nan,0,0,nan,nan,0,nan,nan,nan,nan,20,nan,/Users/chrisharing/Desktop/CCS_complex_coupled_systems/Repo/HardDisks/hspist3/experiments_energy_transfer/level1_Zwall_path_20260916/L35p3125/tr_9556.csv,nan,nan,0,"./00ALLINONE --mode=edmd --experiment=energy_transfer --headless --quiet --edmd-acc=0 --seed-drift-order=drift-first --energy-transfer-summary=experiments_energy_transfer/level1_Zwall_path_20260916/L35p3125/summary.csv --energy-transfer-trace=experiments_energy_transfer/level1_Zwall_path_20260916/L35p3125/tr_9556.csv --particles=100 --particles-boxes=50,50 --particle-radius=0.5 --l0=35.3125 --height=10 --num-walls=1 --wall-positions=35.3125 --wall-mass-factors=1000000000 --piston-right-protocol-mode=step --velocity-right-piston-step=0.005 --max-right-piston-travel=3.93 --auto-piston-step --wall-hold-steps=12000 --steps=10 --fixed-dt=0.4 --energy-measurement --eff-output=wall-ke --kbt1 --seed=9556",9556
2026-09-17 01:11:35,energy_transfer,edmd,10,12000,0.0166666669,35.3125,10,100,0.5,nan,0.11120682,0.11120682,1,35.3125,1e+09,50;50,1,0.0416666667,1,1,0.00999999978,100,1000,nan,35.3125,1,step,66.6950022,-0.00499999989,step,3.93000007,0.00499999989,nan,nan,0.00499999989,nan,nan,0,0,nan,nan,0,nan,nan,nan,nan,20,nan,/Users/chrisharing/Desktop/CCS_complex_coupled_systems/Repo/HardDisks/hspist3/experiments_energy_transfer/level1_Zwall_path_20260916/L35p3125/tr_9557.csv,nan,nan,0,"./00ALLINONE --mode=edmd --experiment=energy_transfer --headless --quiet --edmd-acc=0 --seed-drift-order=drift-first --energy-transfer-summary=experiments_energy_transfer/level1_Zwall_path_20260916/L35p3125/summary.csv --energy-transfer-trace=experiments_energy_transfer/level1_Zwall_path_20260916/L35p3125/tr_9557.csv --particles=100 --particles-boxes=50,50 --particle-radius=0.5 --l0=35.3125 --height=10 --num-walls=1 --wall-positions=35.3125 --wall-mass-factors=1000000000 --piston-right-protocol-mode=step --velocity-right-piston-step=0.005 --max-right-piston-travel=3.93 --auto-piston-step --wall-hold-steps=12000 --steps=10 --fixed-dt=0.4 --energy-measurement --eff-output=wall-ke --kbt1 --seed=9557",9557
2026-09-17 01:11:35,energy_transfer,edmd,10,12000,0.0166666669,35.3125,10,100,0.5,nan,0.11120682,0.11120682,1,35.3125,1e+09,50;50,1,0.0416666667,1,1,0.00999999978,100,1000,nan,35.3125,1,step,66.6950022,-0.00499999989,step,3.93000007,0.00499999989,nan,nan,0.00499999989,nan,nan,0,0,nan,nan,0,nan,nan,nan,nan,20,nan,/Users/chrisharing/Desktop/CCS_complex_coupled_systems/Repo/HardDisks/hspist3/experiments_energy_transfer/level1_Zwall_path_20260916/L35p3125/tr_9558.csv,nan,nan,0,"./00ALLINONE --mode=edmd --experiment=energy_transfer --headless --quiet --edmd-acc=0 --seed-drift-order=drift-first --energy-transfer-summary=experiments_energy_transfer/level1_Zwall_path_20260916/L35p3125/summary.csv --energy-transfer-trace=experiments_energy_transfer/level1_Zwall_path_20260916/L35p3125/tr_9558.csv --particles=100 --particles-boxes=50,50 --particle-radius=0.5 --l0=35.3125 --height=10 --num-walls=1 --wall-positions=35.3125 --wall-mass-factors=1000000000 --piston-right-protocol-mode=step --velocity-right-piston-step=0.005 --max-right-piston-travel=3.93 --auto-piston-step --wall-hold-steps=12000 --steps=10 --fixed-dt=0.4 --energy-measurement --eff-output=wall-ke --kbt1 --seed=9558",9558
2026-09-17 01:11:35,energy_transfer,edmd,10,12000,0.0166666669,35.3125,10,100,0.5,nan,0.11120682,0.11120682,1,35.3125,1e+09,50;50,1,0.0416666667,1,1,0.00999999978,100,1000,nan,35.3125,1,step,66.6950022,-0.00499999989,step,3.93000007,0.00499999989,nan,nan,0.00499999989,nan,nan,0,0,nan,nan,0,nan,nan,nan,nan,20,nan,/Users/chrisharing/Desktop/CCS_complex_coupled_systems/Repo/HardDisks/hspist3/experiments_energy_transfer/level1_Zwall_path_20260916/L35p3125/tr_9559.csv,nan,nan,0,"./00ALLINONE --mode=edmd --experiment=energy_transfer --headless --quiet --edmd-acc=0 --seed-drift-order=drift-first --energy-transfer-summary=experiments_energy_transfer/level1_Zwall_path_20260916/L35p3125/summary.csv --energy-transfer-trace=experiments_energy_transfer/level1_Zwall_path_20260916/L35p3125/tr_9559.csv --particles=100 --particles-boxes=50,50 --particle-radius=0.5 --l0=35.3125 --height=10 --num-walls=1 --wall-positions=35.3125 --wall-mass-factors=1000000000 --piston-right-protocol-mode=step --velocity-right-piston-step=0.005 --max-right-piston-travel=3.93 --auto-piston-step --wall-hold-steps=12000 --steps=10 --fixed-dt=0.4 --energy-measurement --eff-output=wall-ke --kbt1 --seed=9559",9559
2026-09-17 01:11:36,energy_transfer,edmd,10,12000,0.0166666669,35.3125,10,100,0.5,nan,0.11120682,0.11120682,1,35.3125,1e+09,50;50,1,0.0416666667,1,1,0.00999999978,100,1000,nan,35.3125,1,step,66.6950022,-0.00499999989,step,3.93000007,0.00499999989,nan,nan,0.00499999989,nan,nan,0,0,nan,nan,0,nan,nan,nan,nan,20,nan,/Users/chrisharing/Desktop/CCS_complex_coupled_systems/Repo/HardDisks/hspist3/experiments_energy_transfer/level1_Zwall_path_20260916/L35p3125/tr_9560.csv,nan,nan,0,"./00ALLINONE --mode=edmd --experiment=energy_transfer --headless --quiet --edmd-acc=0 --seed-drift-order=drift-first --energy-transfer-summary=experiments_energy_transfer/level1_Zwall_path_20260916/L35p3125/summary.csv --energy-transfer-trace=experiments_energy_transfer/level1_Zwall_path_20260916/L35p3125/tr_9560.csv --particles=100 --particles-boxes=50,50 --particle-radius=0.5 --l0=35.3125 --height=10 --num-walls=1 --wall-positions=35.3125 --wall-mass-factors=1000000000 --piston-right-protocol-mode=step --velocity-right-piston-step=0.005 --max-right-piston-travel=3.93 --auto-piston-step --wall-hold-steps=12000 --steps=10 --fixed-dt=0.4 --energy-measurement --eff-output=wall-ke --kbt1 --seed=9560",9560
2026-09-17 01:11:36,energy_transfer,edmd,10,12000,0.0166666669,35.3125,10,100,0.5,nan,0.11120682,0.11120682,1,35.3125,1e+09,50;50,1,0.0416666667,1,1,0.00999999978,100,1000,nan,35.3125,1,step,66.6950022,-0.00499999989,step,3.93000007,0.00499999989,nan,nan,0.00499999989,nan,nan,0,0,nan,nan,0,nan,nan,nan,nan,20,nan,/Users/chrisharing/Desktop/CCS_complex_coupled_systems/Repo/HardDisks/hspist3/experiments_energy_transfer/level1_Zwall_path_20260916/L35p3125/tr_9561.csv,nan,nan,0,"./00ALLINONE --mode=edmd --experiment=energy_transfer --headless --quiet --edmd-acc=0 --seed-drift-order=drift-first --energy-transfer-summary=experiments_energy_transfer/level1_Zwall_path_20260916/L35p3125/summary.csv --energy-transfer-trace=experiments_energy_transfer/level1_Zwall_path_20260916/L35p3125/tr_9561.csv --particles=100 --particles-boxes=50,50 --particle-radius=0.5 --l0=35.3125 --height=10 --num-walls=1 --wall-positions=35.3125 --wall-mass-factors=1000000000 --piston-right-protocol-mode=step --velocity-right-piston-step=0.005 --max-right-piston-travel=3.93 --auto-piston-step --wall-hold-steps=12000 --steps=10 --fixed-dt=0.4 --energy-measurement --eff-output=wall-ke --kbt1 --seed=9561",9561
2026-09-17 01:11:36,energy_transfer,edmd,10,12000,0.0166666669,35.3125,10,100,0.5,nan,0.11120682,0.11120682,1,35.3125,1e+09,50;50,1,0.0416666667,1,1,0.00999999978,100,1000,nan,35.3125,1,step,66.6950022,-0.00499999989,step,3.93000007,0.00499999989,nan,nan,0.00499999989,nan,nan,0,0,nan,nan,0,nan,nan,nan,nan,20,nan,/Users/chrisharing/Desktop/CCS_complex_coupled_systems/Repo/HardDisks/hspist3/experiments_energy_transfer/level1_Zwall_path_20260916/L35p3125/tr_9562.csv,nan,nan,0,"./00ALLINONE --mode=edmd --experiment=energy_transfer --headless --quiet --edmd-acc=0 --seed-drift-order=drift-first --energy-transfer-summary=experiments_energy_transfer/level1_Zwall_path_20260916/L35p3125/summary.csv --energy-transfer-trace=experiments_energy_transfer/level1_Zwall_path_20260916/L35p3125/tr_9562.csv --particles=100 --particles-boxes=50,50 --particle-radius=0.5 --l0=35.3125 --height=10 --num-walls=1 --wall-positions=35.3125 --wall-mass-factors=1000000000 --piston-right-protocol-mode=step --velocity-right-piston-step=0.005 --max-right-piston-travel=3.93 --auto-piston-step --wall-hold-steps=12000 --steps=10 --fixed-dt=0.4 --energy-measurement --eff-output=wall-ke --kbt1 --seed=9562",9562
2026-09-17 01:11:36,energy_transfer,edmd,10,12000,0.0166666669,35.3125,10,100,0.5,nan,0.11120682,0.11120682,1,35.3125,1e+09,50;50,1,0.0416666667,1,1,0.00999999978,100,1000,nan,35.3125,1,step,66.6950022,-0.00499999989,step,3.93000007,0.00499999989,nan,nan,0.00499999989,nan,nan,0,0,nan,nan,0,nan,nan,nan,nan,20,nan,/Users/chrisharing/Desktop/CCS_complex_coupled_systems/Repo/HardDisks/hspist3/experiments_energy_transfer/level1_Zwall_path_20260916/L35p3125/tr_9563.csv,nan,nan,0,"./00ALLINONE --mode=edmd --experiment=energy_transfer --headless --quiet --edmd-acc=0 --seed-drift-order=drift-first --energy-transfer-summary=experiments_energy_transfer/level1_Zwall_path_20260916/L35p3125/summary.csv --energy-transfer-trace=experiments_energy_transfer/level1_Zwall_path_20260916/L35p3125/tr_9563.csv --particles=100 --particles-boxes=50,50 --particle-radius=0.5 --l0=35.3125 --height=10 --num-walls=1 --wall-positions=35.3125 --wall-mass-factors=1000000000 --piston-right-protocol-mode=step --velocity-right-piston-step=0.005 --max-right-piston-travel=3.93 --auto-piston-step --wall-hold-steps=12000 --steps=10 --fixed-dt=0.4 --energy-measurement --eff-output=wall-ke --kbt1 --seed=9563",9563
2026-09-17 01:11:36,energy_transfer,edmd,10,12000,0.0166666669,35.3125,10,100,0.5,nan,0.11120682,0.11120682,1,35.3125,1e+09,50;50,1,0.0416666667,1,1,0.00999999978,100,1000,nan,35.3125,1,step,66.6950022,-0.00499999989,step,3.93000007,0.00499999989,nan,nan,0.00499999989,nan,nan,0,0,nan,nan,0,nan,nan,nan,nan,20,nan,/Users/chrisharing/Desktop/CCS_complex_coupled_systems/Repo/HardDisks/hspist3/experiments_energy_transfer/level1_Zwall_path_20260916/L35p3125/tr_9564.csv,nan,nan,0,"./00ALLINONE --mode=edmd --experiment=energy_transfer --headless --quiet --edmd-acc=0 --seed-drift-order=drift-first --energy-transfer-summary=experiments_energy_transfer/level1_Zwall_path_20260916/L35p3125/summary.csv --energy-transfer-trace=experiments_energy_transfer/level1_Zwall_path_20260916/L35p3125/tr_9564.csv --particles=100 --particles-boxes=50,50 --particle-radius=0.5 --l0=35.3125 --height=10 --num-walls=1 --wall-positions=35.3125 --wall-mass-factors=1000000000 --piston-right-protocol-mode=step --velocity-right-piston-step=0.005 --max-right-piston-travel=3.93 --auto-piston-step --wall-hold-steps=12000 --steps=10 --fixed-dt=0.4 --energy-measurement --eff-output=wall-ke --kbt1 --seed=9564",9564
2026-09-17 01:11:36,energy_transfer,edmd,10,12000,0.0166666669,35.3125,10,100,0.5,nan,0.11120682,0.11120682,1,35.3125,1e+09,50;50,1,0.0416666667,1,1,0.00999999978,100,1000,nan,35.3125,1,step,66.6950022,-0.00499999989,step,3.93000007,0.00499999989,nan,nan,0.00499999989,nan,nan,0,0,nan,nan,0,nan,nan,nan,nan,20,nan,/Users/chrisharing/Desktop/CCS_complex_coupled_systems/Repo/HardDisks/hspist3/experiments_energy_transfer/level1_Zwall_path_20260916/L35p3125/tr_9565.csv,nan,nan,0,"./00ALLINONE --mode=edmd --experiment=energy_transfer --headless --quiet --edmd-acc=0 --seed-drift-order=drift-first --energy-transfer-summary=experiments_energy_transfer/level1_Zwall_path_20260916/L35p3125/summary.csv --energy-transfer-trace=experiments_energy_transfer/level1_Zwall_path_20260916/L35p3125/tr_9565.csv --particles=100 --particles-boxes=50,50 --particle-radius=0.5 --l0=35.3125 --height=10 --num-walls=1 --wall-positions=35.3125 --wall-mass-factors=1000000000 --piston-right-protocol-mode=step --velocity-right-piston-step=0.005 --max-right-piston-travel=3.93 --auto-piston-step --wall-hold-steps=12000 --steps=10 --fixed-dt=0.4 --energy-measurement --eff-output=wall-ke --kbt1 --seed=9565",9565
2026-09-17 01:11:36,energy_transfer,edmd,10,12000,0.0166666669,35.3125,10,100,0.5,nan,0.11120682,0.11120682,1,35.3125,1e+09,50;50,1,0.0416666667,1,1,0.00999999978,100,1000,nan,35.3125,1,step,66.6950022,-0.00499999989,step,3.93000007,0.00499999989,nan,nan,0.00499999989,nan,nan,0,2.31627717e-09,nan,nan,-2.31627717e-09,nan,nan,nan,nan,20,nan,/Users/chrisharing/Desktop/CCS_complex_coupled_systems/Repo/HardDisks/hspist3/experiments_energy_transfer/level1_Zwall_path_20260916/L35p3125/tr_9566.csv,nan,nan,0,"./00ALLINONE --mode=edmd --experiment=energy_transfer --headless --quiet --edmd-acc=0 --seed-drift-order=drift-first --energy-transfer-summary=experiments_energy_transfer/level1_Zwall_path_20260916/L35p3125/summary.csv --energy-transfer-trace=experiments_energy_transfer/level1_Zwall_path_20260916/L35p3125/tr_9566.csv --particles=100 --particles-boxes=50,50 --particle-radius=0.5 --l0=35.3125 --height=10 --num-walls=1 --wall-positions=35.3125 --wall-mass-factors=1000000000 --piston-right-protocol-mode=step --velocity-right-piston-step=0.005 --max-right-piston-travel=3.93 --auto-piston-step --wall-hold-steps=12000 --steps=10 --fixed-dt=0.4 --energy-measurement --eff-output=wall-ke --kbt1 --seed=9566",9566
2026-09-17 01:11:36,energy_transfer,edmd,10,12000,0.0166666669,35.3125,10,100,0.5,nan,0.11120682,0.11120682,1,35.3125,1e+09,50;50,1,0.0416666667,1,1,0.00999999978,100,1000,nan,35.3125,1,step,66.6950022,-0.00499999989,step,3.93000007,0.00499999989,nan,nan,0.00499999989,nan,nan,0,0,nan,nan,0,nan,nan,nan,nan,20,nan,/Users/chrisharing/Desktop/CCS_complex_coupled_systems/Repo/HardDisks/hspist3/experiments_energy_transfer/level1_Zwall_path_20260916/L35p3125/tr_9567.csv,nan,nan,0,"./00ALLINONE --mode=edmd --experiment=energy_transfer --headless --quiet --edmd-acc=0 --seed-drift-order=drift-first --energy-transfer-summary=experiments_energy_transfer/level1_Zwall_path_20260916/L35p3125/summary.csv --energy-transfer-trace=experiments_energy_transfer/level1_Zwall_path_20260916/L35p3125/tr_9567.csv --particles=100 --particles-boxes=50,50 --particle-radius=0.5 --l0=35.3125 --height=10 --num-walls=1 --wall-positions=35.3125 --wall-mass-factors=1000000000 --piston-right-protocol-mode=step --velocity-right-piston-step=0.005 --max-right-piston-travel=3.93 --auto-piston-step --wall-hold-steps=12000 --steps=10 --fixed-dt=0.4 --energy-measurement --eff-output=wall-ke --kbt1 --seed=9567",9567
2026-09-17 01:11:36,energy_transfer,edmd,10,12000,0.0166666669,35.3125,10,100,0.5,nan,0.11120682,0.11120682,1,35.3125,1e+09,50;50,1,0.0416666667,1,1,0.00999999978,100,1000,nan,35.3125,1,step,66.6950022,-0.00499999989,step,3.93000007,0.00499999989,nan,nan,0.00499999989,nan,nan,0,0,nan,nan,0,nan,nan,nan,nan,20,nan,/Users/chrisharing/Desktop/CCS_complex_coupled_systems/Repo/HardDisks/hspist3/experiments_energy_transfer/level1_Zwall_path_20260916/L35p3125/tr_9568.csv,nan,nan,0,"./00ALLINONE --mode=edmd --experiment=energy_transfer --headless --quiet --edmd-acc=0 --seed-drift-order=drift-first --energy-transfer-summary=experiments_energy_transfer/level1_Zwall_path_20260916/L35p3125/summary.csv --energy-transfer-trace=experiments_energy_transfer/level1_Zwall_path_20260916/L35p3125/tr_9568.csv --particles=100 --particles-boxes=50,50 --particle-radius=0.5 --l0=35.3125 --height=10 --num-walls=1 --wall-positions=35.3125 --wall-mass-factors=1000000000 --piston-right-protocol-mode=step --velocity-right-piston-step=0.005 --max-right-piston-travel=3.93 --auto-piston-step --wall-hold-steps=12000 --steps=10 --fixed-dt=0.4 --energy-measurement --eff-output=wall-ke --kbt1 --seed=9568",9568
2026-09-17 01:11:36,energy_transfer,edmd,10,12000,0.0166666669,35.3125,10,100,0.5,nan,0.11120682,0.11120682,1,35.3125,1e+09,50;50,1,0.0416666667,1,1,0.00999999978,100,1000,nan,35.3125,1,step,66.6950022,-0.00499999989,step,3.93000007,0.00499999989,nan,nan,0.00499999989,nan,nan,0,0,nan,nan,0,nan,nan,nan,nan,20,nan,/Users/chrisharing/Desktop/CCS_complex_coupled_systems/Repo/HardDisks/hspist3/experiments_energy_transfer/level1_Zwall_path_20260916/L35p3125/tr_9569.csv,nan,nan,0,"./00ALLINONE --mode=edmd --experiment=energy_transfer --headless --quiet --edmd-acc=0 --seed-drift-order=drift-first --energy-transfer-summary=experiments_energy_transfer/level1_Zwall_path_20260916/L35p3125/summary.csv --energy-transfer-trace=experiments_energy_transfer/level1_Zwall_path_20260916/L35p3125/tr_9569.csv --particles=100 --particles-boxes=50,50 --particle-radius=0.5 --l0=35.3125 --height=10 --num-walls=1 --wall-positions=35.3125 --wall-mass-factors=1000000000 --piston-right-protocol-mode=step --velocity-right-piston-step=0.005 --max-right-piston-travel=3.93 --auto-piston-step --wall-hold-steps=12000 --steps=10 --fixed-dt=0.4 --energy-measurement --eff-output=wall-ke --kbt1 --seed=9569",9569
2026-09-17 01:11:36,energy_transfer,edmd,10,12000,0.0166666669,35.3125,10,100,0.5,nan,0.11120682,0.11120682,1,35.3125,1e+09,50;50,1,0.0416666667,1,1,0.00999999978,100,1000,nan,35.3125,1,step,66.6950022,-0.00499999989,step,3.93000007,0.00499999989,nan,nan,0.00499999989,nan,nan,0,0,nan,nan,0,nan,nan,nan,nan,20,nan,/Users/chrisharing/Desktop/CCS_complex_coupled_systems/Repo/HardDisks/hspist3/experiments_energy_transfer/level1_Zwall_path_20260916/L35p3125/tr_9570.csv,nan,nan,0,"./00ALLINONE --mode=edmd --experiment=energy_transfer --headless --quiet --edmd-acc=0 --seed-drift-order=drift-first --energy-transfer-summary=experiments_energy_transfer/level1_Zwall_path_20260916/L35p3125/summary.csv --energy-transfer-trace=experiments_energy_transfer/level1_Zwall_path_20260916/L35p3125/tr_9570.csv --particles=100 --particles-boxes=50,50 --particle-radius=0.5 --l0=35.3125 --height=10 --num-walls=1 --wall-positions=35.3125 --wall-mass-factors=1000000000 --piston-right-protocol-mode=step --velocity-right-piston-step=0.005 --max-right-piston-travel=3.93 --auto-piston-step --wall-hold-steps=12000 --steps=10 --fixed-dt=0.4 --energy-measurement --eff-output=wall-ke --kbt1 --seed=9570",9570
2026-09-17 01:11:36,energy_transfer,edmd,10,12000,0.0166666669,35.3125,10,100,0.5,nan,0.11120682,0.11120682,1,35.3125,1e+09,50;50,1,0.0416666667,1,1,0.00999999978,100,1000,nan,35.3125,1,step,66.6950022,-0.00499999989,step,3.93000007,0.00499999989,nan,nan,0.00499999989,nan,nan,0,0,nan,nan,0,nan,nan,nan,nan,20,nan,/Users/chrisharing/Desktop/CCS_complex_coupled_systems/Repo/HardDisks/hspist3/experiments_energy_transfer/level1_Zwall_path_20260916/L35p3125/tr_9571.csv,nan,nan,0,"./00ALLINONE --mode=edmd --experiment=energy_transfer --headless --quiet --edmd-acc=0 --seed-drift-order=drift-first --energy-transfer-summary=experiments_energy_transfer/level1_Zwall_path_20260916/L35p3125/summary.csv --energy-transfer-trace=experiments_energy_transfer/level1_Zwall_path_20260916/L35p3125/tr_9571.csv --particles=100 --particles-boxes=50,50 --particle-radius=0.5 --l0=35.3125 --height=10 --num-walls=1 --wall-positions=35.3125 --wall-mass-factors=1000000000 --piston-right-protocol-mode=step --velocity-right-piston-step=0.005 --max-right-piston-travel=3.93 --auto-piston-step --wall-hold-steps=12000 --steps=10 --fixed-dt=0.4 --energy-measurement --eff-output=wall-ke --kbt1 --seed=9571",9571
2026-09-17 01:11:37,energy_transfer,edmd,10,12000,0.0166666669,35.3125,10,100,0.5,nan,0.11120682,0.11120682,1,35.3125,1e+09,50;50,1,0.0416666667,1,1,0.00999999978,100,1000,nan,35.3125,1,step,66.6950022,-0.00499999989,step,3.93000007,0.00499999989,nan,nan,0.00499999989,nan,nan,0,0,nan,nan,0,nan,nan,nan,nan,20,nan,/Users/chrisharing/Desktop/CCS_complex_coupled_systems/Repo/HardDisks/hspist3/experiments_energy_transfer/level1_Zwall_path_20260916/L35p3125/tr_9572.csv,nan,nan,0,"./00ALLINONE --mode=edmd --experiment=energy_transfer --headless --quiet --edmd-acc=0 --seed-drift-order=drift-first --energy-transfer-summary=experiments_energy_transfer/level1_Zwall_path_20260916/L35p3125/summary.csv --energy-transfer-trace=experiments_energy_transfer/level1_Zwall_path_20260916/L35p3125/tr_9572.csv --particles=100 --particles-boxes=50,50 --particle-radius=0.5 --l0=35.3125 --height=10 --num-walls=1 --wall-positions=35.3125 --wall-mass-factors=1000000000 --piston-right-protocol-mode=step --velocity-right-piston-step=0.005 --max-right-piston-travel=3.93 --auto-piston-step --wall-hold-steps=12000 --steps=10 --fixed-dt=0.4 --energy-measurement --eff-output=wall-ke --kbt1 --seed=9572",9572
2026-09-17 01:11:37,energy_transfer,edmd,10,12000,0.0166666669,35.3125,10,100,0.5,nan,0.11120682,0.11120682,1,35.3125,1e+09,50;50,1,0.0416666667,1,1,0.00999999978,100,1000,nan,35.3125,1,step,66.6950022,-0.00499999989,step,3.93000007,0.00499999989,nan,nan,0.00499999989,nan,nan,0,0,nan,nan,0,nan,nan,nan,nan,20,nan,/Users/chrisharing/Desktop/CCS_complex_coupled_systems/Repo/HardDisks/hspist3/experiments_energy_transfer/level1_Zwall_path_20260916/L35p3125/tr_9573.csv,nan,nan,0,"./00ALLINONE --mode=edmd --experiment=energy_transfer --headless --quiet --edmd-acc=0 --seed-drift-order=drift-first --energy-transfer-summary=experiments_energy_transfer/level1_Zwall_path_20260916/L35p3125/summary.csv --energy-transfer-trace=experiments_energy_transfer/level1_Zwall_path_20260916/L35p3125/tr_9573.csv --particles=100 --particles-boxes=50,50 --particle-radius=0.5 --l0=35.3125 --height=10 --num-walls=1 --wall-positions=35.3125 --wall-mass-factors=1000000000 --piston-right-protocol-mode=step --velocity-right-piston-step=0.005 --max-right-piston-travel=3.93 --auto-piston-step --wall-hold-steps=12000 --steps=10 --fixed-dt=0.4 --energy-measurement --eff-output=wall-ke --kbt1 --seed=9573",9573
2026-09-17 01:11:37,energy_transfer,edmd,10,12000,0.0166666669,35.3125,10,100,0.5,nan,0.11120682,0.11120682,1,35.3125,1e+09,50;50,1,0.0416666667,1,1,0.00999999978,100,1000,nan,35.3125,1,step,66.6950022,-0.00499999989,step,3.93000007,0.00499999989,nan,nan,0.00499999989,nan,nan,0,0,nan,nan,0,nan,nan,nan,nan,20,nan,/Users/chrisharing/Desktop/CCS_complex_coupled_systems/Repo/HardDisks/hspist3/experiments_energy_transfer/level1_Zwall_path_20260916/L35p3125/tr_9574.csv,nan,nan,0,"./00ALLINONE --mode=edmd --experiment=energy_transfer --headless --quiet --edmd-acc=0 --seed-drift-order=drift-first --energy-transfer-summary=experiments_energy_transfer/level1_Zwall_path_20260916/L35p3125/summary.csv --energy-transfer-trace=experiments_energy_transfer/level1_Zwall_path_20260916/L35p3125/tr_9574.csv --particles=100 --particles-boxes=50,50 --particle-radius=0.5 --l0=35.3125 --height=10 --num-walls=1 --wall-positions=35.3125 --wall-mass-factors=1000000000 --piston-right-protocol-mode=step --velocity-right-piston-step=0.005 --max-right-piston-travel=3.93 --auto-piston-step --wall-hold-steps=12000 --steps=10 --fixed-dt=0.4 --energy-measurement --eff-output=wall-ke --kbt1 --seed=9574",9574
2026-09-17 01:11:37,energy_transfer,edmd,10,12000,0.0166666669,35.3125,10,100,0.5,nan,0.11120682,0.11120682,1,35.3125,1e+09,50;50,1,0.0416666667,1,1,0.00999999978,100,1000,nan,35.3125,1,step,66.6950022,-0.00499999989,step,3.93000007,0.00499999989,nan,nan,0.00499999989,nan,nan,0,0,nan,nan,0,nan,nan,nan,nan,20,nan,/Users/chrisharing/Desktop/CCS_complex_coupled_systems/Repo/HardDisks/hspist3/experiments_energy_transfer/level1_Zwall_path_20260916/L35p3125/tr_9575.csv,nan,nan,0,"./00ALLINONE --mode=edmd --experiment=energy_transfer --headless --quiet --edmd-acc=0 --seed-drift-order=drift-first --energy-transfer-summary=experiments_energy_transfer/level1_Zwall_path_20260916/L35p3125/summary.csv --energy-transfer-trace=experiments_energy_transfer/level1_Zwall_path_20260916/L35p3125/tr_9575.csv --particles=100 --particles-boxes=50,50 --particle-radius=0.5 --l0=35.3125 --height=10 --num-walls=1 --wall-positions=35.3125 --wall-mass-factors=1000000000 --piston-right-protocol-mode=step --velocity-right-piston-step=0.005 --max-right-piston-travel=3.93 --auto-piston-step --wall-hold-steps=12000 --steps=10 --fixed-dt=0.4 --energy-measurement --eff-output=wall-ke --kbt1 --seed=9575",9575
2026-09-17 01:11:37,energy_transfer,edmd,10,12000,0.0166666669,35.3125,10,100,0.5,nan,0.11120682,0.11120682,1,35.3125,1e+09,50;50,1,0.0416666667,1,1,0.00999999978,100,1000,nan,35.3125,1,step,66.6950022,-0.00499999989,step,3.93000007,0.00499999989,nan,nan,0.00499999989,nan,nan,0,6.39900621e-09,nan,nan,-6.39900621e-09,nan,nan,nan,nan,20,nan,/Users/chrisharing/Desktop/CCS_complex_coupled_systems/Repo/HardDisks/hspist3/experiments_energy_transfer/level1_Zwall_path_20260916/L35p3125/tr_9576.csv,nan,nan,0,"./00ALLINONE --mode=edmd --experiment=energy_transfer --headless --quiet --edmd-acc=0 --seed-drift-order=drift-first --energy-transfer-summary=experiments_energy_transfer/level1_Zwall_path_20260916/L35p3125/summary.csv --energy-transfer-trace=experiments_energy_transfer/level1_Zwall_path_20260916/L35p3125/tr_9576.csv --particles=100 --particles-boxes=50,50 --particle-radius=0.5 --l0=35.3125 --height=10 --num-walls=1 --wall-positions=35.3125 --wall-mass-factors=1000000000 --piston-right-protocol-mode=step --velocity-right-piston-step=0.005 --max-right-piston-travel=3.93 --auto-piston-step --wall-hold-steps=12000 --steps=10 --fixed-dt=0.4 --energy-measurement --eff-output=wall-ke --kbt1 --seed=9576",9576
2026-09-17 01:11:37,energy_transfer,edmd,10,12000,0.0166666669,35.3125,10,100,0.5,nan,0.11120682,0.11120682,1,35.3125,1e+09,50;50,1,0.0416666667,1,1,0.00999999978,100,1000,nan,35.3125,1,step,66.6950022,-0.00499999989,step,3.93000007,0.00499999989,nan,nan,0.00499999989,nan,nan,0,0,nan,nan,0,nan,nan,nan,nan,20,nan,/Users/chrisharing/Desktop/CCS_complex_coupled_systems/Repo/HardDisks/hspist3/experiments_energy_transfer/level1_Zwall_path_20260916/L35p3125/tr_9577.csv,nan,nan,0,"./00ALLINONE --mode=edmd --experiment=energy_transfer --headless --quiet --edmd-acc=0 --seed-drift-order=drift-first --energy-transfer-summary=experiments_energy_transfer/level1_Zwall_path_20260916/L35p3125/summary.csv --energy-transfer-trace=experiments_energy_transfer/level1_Zwall_path_20260916/L35p3125/tr_9577.csv --particles=100 --particles-boxes=50,50 --particle-radius=0.5 --l0=35.3125 --height=10 --num-walls=1 --wall-positions=35.3125 --wall-mass-factors=1000000000 --piston-right-protocol-mode=step --velocity-right-piston-step=0.005 --max-right-piston-travel=3.93 --auto-piston-step --wall-hold-steps=12000 --steps=10 --fixed-dt=0.4 --energy-measurement --eff-output=wall-ke --kbt1 --seed=9577",9577
2026-09-17 01:11:37,energy_transfer,edmd,10,12000,0.0166666669,35.3125,10,100,0.5,nan,0.11120682,0.11120682,1,35.3125,1e+09,50;50,1,0.0416666667,1,1,0.00999999978,100,1000,nan,35.3125,1,step,66.6950022,-0.00499999989,step,3.93000007,0.00499999989,nan,nan,0.00499999989,nan,nan,0,0,nan,nan,0,nan,nan,nan,nan,20,nan,/Users/chrisharing/Desktop/CCS_complex_coupled_systems/Repo/HardDisks/hspist3/experiments_energy_transfer/level1_Zwall_path_20260916/L35p3125/tr_9578.csv,nan,nan,0,"./00ALLINONE --mode=edmd --experiment=energy_transfer --headless --quiet --edmd-acc=0 --seed-drift-order=drift-first --energy-transfer-summary=experiments_energy_transfer/level1_Zwall_path_20260916/L35p3125/summary.csv --energy-transfer-trace=experiments_energy_transfer/level1_Zwall_path_20260916/L35p3125/tr_9578.csv --particles=100 --particles-boxes=50,50 --particle-radius=0.5 --l0=35.3125 --height=10 --num-walls=1 --wall-positions=35.3125 --wall-mass-factors=1000000000 --piston-right-protocol-mode=step --velocity-right-piston-step=0.005 --max-right-piston-travel=3.93 --auto-piston-step --wall-hold-steps=12000 --steps=10 --fixed-dt=0.4 --energy-measurement --eff-output=wall-ke --kbt1 --seed=9578",9578
2026-09-17 01:11:37,energy_transfer,edmd,10,12000,0.0166666669,35.3125,10,100,0.5,nan,0.11120682,0.11120682,1,35.3125,1e+09,50;50,1,0.0416666667,1,1,0.00999999978,100,1000,nan,35.3125,1,step,66.6950022,-0.00499999989,step,3.93000007,0.00499999989,nan,nan,0.00499999989,nan,nan,0,0,nan,nan,0,nan,nan,nan,nan,20,nan,/Users/chrisharing/Desktop/CCS_complex_coupled_systems/Repo/HardDisks/hspist3/experiments_energy_transfer/level1_Zwall_path_20260916/L35p3125/tr_9579.csv,nan,nan,0,"./00ALLINONE --mode=edmd --experiment=energy_transfer --headless --quiet --edmd-acc=0 --seed-drift-order=drift-first --energy-transfer-summary=experiments_energy_transfer/level1_Zwall_path_20260916/L35p3125/summary.csv --energy-transfer-trace=experiments_energy_transfer/level1_Zwall_path_20260916/L35p3125/tr_9579.csv --particles=100 --particles-boxes=50,50 --particle-radius=0.5 --l0=35.3125 --height=10 --num-walls=1 --wall-positions=35.3125 --wall-mass-factors=1000000000 --piston-right-protocol-mode=step --velocity-right-piston-step=0.005 --max-right-piston-travel=3.93 --auto-piston-step --wall-hold-steps=12000 --steps=10 --fixed-dt=0.4 --energy-measurement --eff-output=wall-ke --kbt1 --seed=9579",9579
2026-09-17 01:11:37,energy_transfer,edmd,10,12000,0.0166666669,35.3125,10,100,0.5,nan,0.11120682,0.11120682,1,35.3125,1e+09,50;50,1,0.0416666667,1,1,0.00999999978,100,1000,nan,35.3125,1,step,66.6950022,-0.00499999989,step,3.93000007,0.00499999989,nan,nan,0.00499999989,nan,nan,0,0,nan,nan,0,nan,nan,nan,nan,20,nan,/Users/chrisharing/Desktop/CCS_complex_coupled_systems/Repo/HardDisks/hspist3/experiments_energy_transfer/level1_Zwall_path_20260916/L35p3125/tr_9580.csv,nan,nan,0,"./00ALLINONE --mode=edmd --experiment=energy_transfer --headless --quiet --edmd-acc=0 --seed-drift-order=drift-first --energy-transfer-summary=experiments_energy_transfer/level1_Zwall_path_20260916/L35p3125/summary.csv --energy-transfer-trace=experiments_energy_transfer/level1_Zwall_path_20260916/L35p3125/tr_9580.csv --particles=100 --particles-boxes=50,50 --particle-radius=0.5 --l0=35.3125 --height=10 --num-walls=1 --wall-positions=35.3125 --wall-mass-factors=1000000000 --piston-right-protocol-mode=step --velocity-right-piston-step=0.005 --max-right-piston-travel=3.93 --auto-piston-step --wall-hold-steps=12000 --steps=10 --fixed-dt=0.4 --energy-measurement --eff-output=wall-ke --kbt1 --seed=9580",9580
2026-09-17 01:11:37,energy_transfer,edmd,10,12000,0.0166666669,35.3125,10,100,0.5,nan,0.11120682,0.11120682,1,35.3125,1e+09,50;50,1,0.0416666667,1,1,0.00999999978,100,1000,nan,35.3125,1,step,66.6950022,-0.00499999989,step,3.93000007,0.00499999989,nan,nan,0.00499999989,nan,nan,0,0,nan,nan,0,nan,nan,nan,nan,20,nan,/Users/chrisharing/Desktop/CCS_complex_coupled_systems/Repo/HardDisks/hspist3/experiments_energy_transfer/level1_Zwall_path_20260916/L35p3125/tr_9581.csv,nan,nan,0,"./00ALLINONE --mode=edmd --experiment=energy_transfer --headless --quiet --edmd-acc=0 --seed-drift-order=drift-first --energy-transfer-summary=experiments_energy_transfer/level1_Zwall_path_20260916/L35p3125/summary.csv --energy-transfer-trace=experiments_energy_transfer/level1_Zwall_path_20260916/L35p3125/tr_9581.csv --particles=100 --particles-boxes=50,50 --particle-radius=0.5 --l0=35.3125 --height=10 --num-walls=1 --wall-positions=35.3125 --wall-mass-factors=1000000000 --piston-right-protocol-mode=step --velocity-right-piston-step=0.005 --max-right-piston-travel=3.93 --auto-piston-step --wall-hold-steps=12000 --steps=10 --fixed-dt=0.4 --energy-measurement --eff-output=wall-ke --kbt1 --seed=9581",9581
2026-09-17 01:11:37,energy_transfer,edmd,10,12000,0.0166666669,35.3125,10,100,0.5,nan,0.11120682,0.11120682,1,35.3125,1e+09,50;50,1,0.0416666667,1,1,0.00999999978,100,1000,nan,35.3125,1,step,66.6950022,-0.00499999989,step,3.93000007,0.00499999989,nan,nan,0.00499999989,nan,nan,0,3.06403208e-10,nan,nan,-3.06403208e-10,nan,nan,nan,nan,20,nan,/Users/chrisharing/Desktop/CCS_complex_coupled_systems/Repo/HardDisks/hspist3/experiments_energy_transfer/level1_Zwall_path_20260916/L35p3125/tr_9582.csv,nan,nan,0,"./00ALLINONE --mode=edmd --experiment=energy_transfer --headless --quiet --edmd-acc=0 --seed-drift-order=drift-first --energy-transfer-summary=experiments_energy_transfer/level1_Zwall_path_20260916/L35p3125/summary.csv --energy-transfer-trace=experiments_energy_transfer/level1_Zwall_path_20260916/L35p3125/tr_9582.csv --particles=100 --particles-boxes=50,50 --particle-radius=0.5 --l0=35.3125 --height=10 --num-walls=1 --wall-positions=35.3125 --wall-mass-factors=1000000000 --piston-right-protocol-mode=step --velocity-right-piston-step=0.005 --max-right-piston-travel=3.93 --auto-piston-step --wall-hold-steps=12000 --steps=10 --fixed-dt=0.4 --energy-measurement --eff-output=wall-ke --kbt1 --seed=9582",9582
2026-09-17 01:11:37,energy_transfer,edmd,10,12000,0.0166666669,35.3125,10,100,0.5,nan,0.11120682,0.11120682,1,35.3125,1e+09,50;50,1,0.0416666667,1,1,0.00999999978,100,1000,nan,35.3125,1,step,66.6950022,-0.00499999989,step,3.93000007,0.00499999989,nan,nan,0.00499999989,nan,nan,0,0,nan,nan,0,nan,nan,nan,nan,20,nan,/Users/chrisharing/Desktop/CCS_complex_coupled_systems/Repo/HardDisks/hspist3/experiments_energy_transfer/level1_Zwall_path_20260916/L35p3125/tr_9583.csv,nan,nan,0,"./00ALLINONE --mode=edmd --experiment=energy_transfer --headless --quiet --edmd-acc=0 --seed-drift-order=drift-first --energy-transfer-summary=experiments_energy_transfer/level1_Zwall_path_20260916/L35p3125/summary.csv --energy-transfer-trace=experiments_energy_transfer/level1_Zwall_path_20260916/L35p3125/tr_9583.csv --particles=100 --particles-boxes=50,50 --particle-radius=0.5 --l0=35.3125 --height=10 --num-walls=1 --wall-positions=35.3125 --wall-mass-factors=1000000000 --piston-right-protocol-mode=step --velocity-right-piston-step=0.005 --max-right-piston-travel=3.93 --auto-piston-step --wall-hold-steps=12000 --steps=10 --fixed-dt=0.4 --energy-measurement --eff-output=wall-ke --kbt1 --seed=9583",9583
2026-09-17 01:11:38,energy_transfer,edmd,10,12000,0.0166666669,35.3125,10,100,0.5,nan,0.11120682,0.11120682,1,35.3125,1e+09,50;50,1,0.0416666667,1,1,0.00999999978,100,1000,nan,35.3125,1,step,66.6950022,-0.00499999989,step,3.93000007,0.00499999989,nan,nan,0.00499999989,nan,nan,0,0,nan,nan,0,nan,nan,nan,nan,20,nan,/Users/chrisharing/Desktop/CCS_complex_coupled_systems/Repo/HardDisks/hspist3/experiments_energy_transfer/level1_Zwall_path_20260916/L35p3125/tr_9584.csv,nan,nan,0,"./00ALLINONE --mode=edmd --experiment=energy_transfer --headless --quiet --edmd-acc=0 --seed-drift-order=drift-first --energy-transfer-summary=experiments_energy_transfer/level1_Zwall_path_20260916/L35p3125/summary.csv --energy-transfer-trace=experiments_energy_transfer/level1_Zwall_path_20260916/L35p3125/tr_9584.csv --particles=100 --particles-boxes=50,50 --particle-radius=0.5 --l0=35.3125 --height=10 --num-walls=1 --wall-positions=35.3125 --wall-mass-factors=1000000000 --piston-right-protocol-mode=step --velocity-right-piston-step=0.005 --max-right-piston-travel=3.93 --auto-piston-step --wall-hold-steps=12000 --steps=10 --fixed-dt=0.4 --energy-measurement --eff-output=wall-ke --kbt1 --seed=9584",9584
2026-09-17 01:11:38,energy_transfer,edmd,10,12000,0.0166666669,35.3125,10,100,0.5,nan,0.11120682,0.11120682,1,35.3125,1e+09,50;50,1,0.0416666667,1,1,0.00999999978,100,1000,nan,35.3125,1,step,66.6950022,-0.00499999989,step,3.93000007,0.00499999989,nan,nan,0.00499999989,nan,nan,0,7.18953785e-09,nan,nan,-7.18953785e-09,nan,nan,nan,nan,20,nan,/Users/chrisharing/Desktop/CCS_complex_coupled_systems/Repo/HardDisks/hspist3/experiments_energy_transfer/level1_Zwall_path_20260916/L35p3125/tr_9585.csv,nan,nan,0,"./00ALLINONE --mode=edmd --experiment=energy_transfer --headless --quiet --edmd-acc=0 --seed-drift-order=drift-first --energy-transfer-summary=experiments_energy_transfer/level1_Zwall_path_20260916/L35p3125/summary.csv --energy-transfer-trace=experiments_energy_transfer/level1_Zwall_path_20260916/L35p3125/tr_9585.csv --particles=100 --particles-boxes=50,50 --particle-radius=0.5 --l0=35.3125 --height=10 --num-walls=1 --wall-positions=35.3125 --wall-mass-factors=1000000000 --piston-right-protocol-mode=step --velocity-right-piston-step=0.005 --max-right-piston-travel=3.93 --auto-piston-step --wall-hold-steps=12000 --steps=10 --fixed-dt=0.4 --energy-measurement --eff-output=wall-ke --kbt1 --seed=9585",9585
2026-09-17 01:11:38,energy_transfer,edmd,10,12000,0.0166666669,35.3125,10,100,0.5,nan,0.11120682,0.11120682,1,35.3125,1e+09,50;50,1,0.0416666667,1,1,0.00999999978,100,1000,nan,35.3125,1,step,66.6950022,-0.00499999989,step,3.93000007,0.00499999989,nan,nan,0.00499999989,nan,nan,0,2.25027191e-10,nan,nan,-2.25027191e-10,nan,nan,nan,nan,20,nan,/Users/chrisharing/Desktop/CCS_complex_coupled_systems/Repo/HardDisks/hspist3/experiments_energy_transfer/level1_Zwall_path_20260916/L35p3125/tr_9586.csv,nan,nan,0,"./00ALLINONE --mode=edmd --experiment=energy_transfer --headless --quiet --edmd-acc=0 --seed-drift-order=drift-first --energy-transfer-summary=experiments_energy_transfer/level1_Zwall_path_20260916/L35p3125/summary.csv --energy-transfer-trace=experiments_energy_transfer/level1_Zwall_path_20260916/L35p3125/tr_9586.csv --particles=100 --particles-boxes=50,50 --particle-radius=0.5 --l0=35.3125 --height=10 --num-walls=1 --wall-positions=35.3125 --wall-mass-factors=1000000000 --piston-right-protocol-mode=step --velocity-right-piston-step=0.005 --max-right-piston-travel=3.93 --auto-piston-step --wall-hold-steps=12000 --steps=10 --fixed-dt=0.4 --energy-measurement --eff-output=wall-ke --kbt1 --seed=9586",9586
2026-09-17 01:11:38,energy_transfer,edmd,10,12000,0.0166666669,35.3125,10,100,0.5,nan,0.11120682,0.11120682,1,35.3125,1e+09,50;50,1,0.0416666667,1,1,0.00999999978,100,1000,nan,35.3125,1,step,66.6950022,-0.00499999989,step,3.93000007,0.00499999989,nan,nan,0.00499999989,nan,nan,0,0,nan,nan,0,nan,nan,nan,nan,20,nan,/Users/chrisharing/Desktop/CCS_complex_coupled_systems/Repo/HardDisks/hspist3/experiments_energy_transfer/level1_Zwall_path_20260916/L35p3125/tr_9587.csv,nan,nan,0,"./00ALLINONE --mode=edmd --experiment=energy_transfer --headless --quiet --edmd-acc=0 --seed-drift-order=drift-first --energy-transfer-summary=experiments_energy_transfer/level1_Zwall_path_20260916/L35p3125/summary.csv --energy-transfer-trace=experiments_energy_transfer/level1_Zwall_path_20260916/L35p3125/tr_9587.csv --particles=100 --particles-boxes=50,50 --particle-radius=0.5 --l0=35.3125 --height=10 --num-walls=1 --wall-positions=35.3125 --wall-mass-factors=1000000000 --piston-right-protocol-mode=step --velocity-right-piston-step=0.005 --max-right-piston-travel=3.93 --auto-piston-step --wall-hold-steps=12000 --steps=10 --fixed-dt=0.4 --energy-measurement --eff-output=wall-ke --kbt1 --seed=9587",9587
2026-09-17 01:11:38,energy_transfer,edmd,10,12000,0.0166666669,35.3125,10,100,0.5,nan,0.11120682,0.11120682,1,35.3125,1e+09,50;50,1,0.0416666667,1,1,0.00999999978,100,1000,nan,35.3125,1,step,66.6950022,-0.00499999989,step,3.93000007,0.00499999989,nan,nan,0.00499999989,nan,nan,0,0,nan,nan,0,nan,nan,nan,nan,20,nan,/Users/chrisharing/Desktop/CCS_complex_coupled_systems/Repo/HardDisks/hspist3/experiments_energy_transfer/level1_Zwall_path_20260916/L35p3125/tr_9588.csv,nan,nan,0,"./00ALLINONE --mode=edmd --experiment=energy_transfer --headless --quiet --edmd-acc=0 --seed-drift-order=drift-first --energy-transfer-summary=experiments_energy_transfer/level1_Zwall_path_20260916/L35p3125/summary.csv --energy-transfer-trace=experiments_energy_transfer/level1_Zwall_path_20260916/L35p3125/tr_9588.csv --particles=100 --particles-boxes=50,50 --particle-radius=0.5 --l0=35.3125 --height=10 --num-walls=1 --wall-positions=35.3125 --wall-mass-factors=1000000000 --piston-right-protocol-mode=step --velocity-right-piston-step=0.005 --max-right-piston-travel=3.93 --auto-piston-step --wall-hold-steps=12000 --steps=10 --fixed-dt=0.4 --energy-measurement --eff-output=wall-ke --kbt1 --seed=9588",9588
2026-09-17 01:11:38,energy_transfer,edmd,10,12000,0.0166666669,35.3125,10,100,0.5,nan,0.11120682,0.11120682,1,35.3125,1e+09,50;50,1,0.0416666667,1,1,0.00999999978,100,1000,nan,35.3125,1,step,66.6950022,-0.00499999989,step,3.93000007,0.00499999989,nan,nan,0.00499999989,nan,nan,0,0,nan,nan,0,nan,nan,nan,nan,20,nan,/Users/chrisharing/Desktop/CCS_complex_coupled_systems/Repo/HardDisks/hspist3/experiments_energy_transfer/level1_Zwall_path_20260916/L35p3125/tr_9589.csv,nan,nan,0,"./00ALLINONE --mode=edmd --experiment=energy_transfer --headless --quiet --edmd-acc=0 --seed-drift-order=drift-first --energy-transfer-summary=experiments_energy_transfer/level1_Zwall_path_20260916/L35p3125/summary.csv --energy-transfer-trace=experiments_energy_transfer/level1_Zwall_path_20260916/L35p3125/tr_9589.csv --particles=100 --particles-boxes=50,50 --particle-radius=0.5 --l0=35.3125 --height=10 --num-walls=1 --wall-positions=35.3125 --wall-mass-factors=1000000000 --piston-right-protocol-mode=step --velocity-right-piston-step=0.005 --max-right-piston-travel=3.93 --auto-piston-step --wall-hold-steps=12000 --steps=10 --fixed-dt=0.4 --energy-measurement --eff-output=wall-ke --kbt1 --seed=9589",9589
2026-09-17 01:11:38,energy_transfer,edmd,10,12000,0.0166666669,35.3125,10,100,0.5,nan,0.11120682,0.11120682,1,35.3125,1e+09,50;50,1,0.0416666667,1,1,0.00999999978,100,1000,nan,35.3125,1,step,66.6950022,-0.00499999989,step,3.93000007,0.00499999989,nan,nan,0.00499999989,nan,nan,0,2.21632201e-09,nan,nan,-2.21632201e-09,nan,nan,nan,nan,20,nan,/Users/chrisharing/Desktop/CCS_complex_coupled_systems/Repo/HardDisks/hspist3/experiments_energy_transfer/level1_Zwall_path_20260916/L35p3125/tr_9590.csv,nan,nan,0,"./00ALLINONE --mode=edmd --experiment=energy_transfer --headless --quiet --edmd-acc=0 --seed-drift-order=drift-first --energy-transfer-summary=experiments_energy_transfer/level1_Zwall_path_20260916/L35p3125/summary.csv --energy-transfer-trace=experiments_energy_transfer/level1_Zwall_path_20260916/L35p3125/tr_9590.csv --particles=100 --particles-boxes=50,50 --particle-radius=0.5 --l0=35.3125 --height=10 --num-walls=1 --wall-positions=35.3125 --wall-mass-factors=1000000000 --piston-right-protocol-mode=step --velocity-right-piston-step=0.005 --max-right-piston-travel=3.93 --auto-piston-step --wall-hold-steps=12000 --steps=10 --fixed-dt=0.4 --energy-measurement --eff-output=wall-ke --kbt1 --seed=9590",9590
2026-09-17 01:11:38,energy_transfer,edmd,10,12000,0.0166666669,35.3125,10,100,0.5,nan,0.11120682,0.11120682,1,35.3125,1e+09,50;50,1,0.0416666667,1,1,0.00999999978,100,1000,nan,35.3125,1,step,66.6950022,-0.00499999989,step,3.93000007,0.00499999989,nan,nan,0.00499999989,nan,nan,0,7.33802519e-10,nan,nan,-7.33802519e-10,nan,nan,nan,nan,20,nan,/Users/chrisharing/Desktop/CCS_complex_coupled_systems/Repo/HardDisks/hspist3/experiments_energy_transfer/level1_Zwall_path_20260916/L35p3125/tr_9591.csv,nan,nan,0,"./00ALLINONE --mode=edmd --experiment=energy_transfer --headless --quiet --edmd-acc=0 --seed-drift-order=drift-first --energy-transfer-summary=experiments_energy_transfer/level1_Zwall_path_20260916/L35p3125/summary.csv --energy-transfer-trace=experiments_energy_transfer/level1_Zwall_path_20260916/L35p3125/tr_9591.csv --particles=100 --particles-boxes=50,50 --particle-radius=0.5 --l0=35.3125 --height=10 --num-walls=1 --wall-positions=35.3125 --wall-mass-factors=1000000000 --piston-right-protocol-mode=step --velocity-right-piston-step=0.005 --max-right-piston-travel=3.93 --auto-piston-step --wall-hold-steps=12000 --steps=10 --fixed-dt=0.4 --energy-measurement --eff-output=wall-ke --kbt1 --seed=9591",9591
2026-09-17 01:11:38,energy_transfer,edmd,10,12000,0.0166666669,35.3125,10,100,0.5,nan,0.11120682,0.11120682,1,35.3125,1e+09,50;50,1,0.0416666667,1,1,0.00999999978,100,1000,nan,35.3125,1,step,66.6950022,-0.00499999989,step,3.93000007,0.00499999989,nan,nan,0.00499999989,nan,nan,0,0,nan,nan,0,nan,nan,nan,nan,20,nan,/Users/chrisharing/Desktop/CCS_complex_coupled_systems/Repo/HardDisks/hspist3/experiments_energy_transfer/level1_Zwall_path_20260916/L35p3125/tr_9592.csv,nan,nan,0,"./00ALLINONE --mode=edmd --experiment=energy_transfer --headless --quiet --edmd-acc=0 --seed-drift-order=drift-first --energy-transfer-summary=experiments_energy_transfer/level1_Zwall_path_20260916/L35p3125/summary.csv --energy-transfer-trace=experiments_energy_transfer/level1_Zwall_path_20260916/L35p3125/tr_9592.csv --particles=100 --particles-boxes=50,50 --particle-radius=0.5 --l0=35.3125 --height=10 --num-walls=1 --wall-positions=35.3125 --wall-mass-factors=1000000000 --piston-right-protocol-mode=step --velocity-right-piston-step=0.005 --max-right-piston-travel=3.93 --auto-piston-step --wall-hold-steps=12000 --steps=10 --fixed-dt=0.4 --energy-measurement --eff-output=wall-ke --kbt1 --seed=9592",9592
2026-09-17 01:11:38,energy_transfer,edmd,10,12000,0.0166666669,35.3125,10,100,0.5,nan,0.11120682,0.11120682,1,35.3125,1e+09,50;50,1,0.0416666667,1,1,0.00999999978,100,1000,nan,35.3125,1,step,66.6950022,-0.00499999989,step,3.93000007,0.00499999989,nan,nan,0.00499999989,nan,nan,0,2.10341988e-09,nan,nan,-2.10341988e-09,nan,nan,nan,nan,20,nan,/Users/chrisharing/Desktop/CCS_complex_coupled_systems/Repo/HardDisks/hspist3/experiments_energy_transfer/level1_Zwall_path_20260916/L35p3125/tr_9593.csv,nan,nan,0,"./00ALLINONE --mode=edmd --experiment=energy_transfer --headless --quiet --edmd-acc=0 --seed-drift-order=drift-first --energy-transfer-summary=experiments_energy_transfer/level1_Zwall_path_20260916/L35p3125/summary.csv --energy-transfer-trace=experiments_energy_transfer/level1_Zwall_path_20260916/L35p3125/tr_9593.csv --particles=100 --particles-boxes=50,50 --particle-radius=0.5 --l0=35.3125 --height=10 --num-walls=1 --wall-positions=35.3125 --wall-mass-factors=1000000000 --piston-right-protocol-mode=step --velocity-right-piston-step=0.005 --max-right-piston-travel=3.93 --auto-piston-step --wall-hold-steps=12000 --steps=10 --fixed-dt=0.4 --energy-measurement --eff-output=wall-ke --kbt1 --seed=9593",9593
2026-09-17 01:11:38,energy_transfer,edmd,10,12000,0.0166666669,35.3125,10,100,0.5,nan,0.11120682,0.11120682,1,35.3125,1e+09,50;50,1,0.0416666667,1,1,0.00999999978,100,1000,nan,35.3125,1,step,66.6950022,-0.00499999989,step,3.93000007,0.00499999989,nan,nan,0.00499999989,nan,nan,0,0,nan,nan,0,nan,nan,nan,nan,20,nan,/Users/chrisharing/Desktop/CCS_complex_coupled_systems/Repo/HardDisks/hspist3/experiments_energy_transfer/level1_Zwall_path_20260916/L35p3125/tr_9594.csv,nan,nan,0,"./00ALLINONE --mode=edmd --experiment=energy_transfer --headless --quiet --edmd-acc=0 --seed-drift-order=drift-first --energy-transfer-summary=experiments_energy_transfer/level1_Zwall_path_20260916/L35p3125/summary.csv --energy-transfer-trace=experiments_energy_transfer/level1_Zwall_path_20260916/L35p3125/tr_9594.csv --particles=100 --particles-boxes=50,50 --particle-radius=0.5 --l0=35.3125 --height=10 --num-walls=1 --wall-positions=35.3125 --wall-mass-factors=1000000000 --piston-right-protocol-mode=step --velocity-right-piston-step=0.005 --max-right-piston-travel=3.93 --auto-piston-step --wall-hold-steps=12000 --steps=10 --fixed-dt=0.4 --energy-measurement --eff-output=wall-ke --kbt1 --seed=9594",9594
2026-09-17 01:11:38,energy_transfer,edmd,10,12000,0.0166666669,35.3125,10,100,0.5,nan,0.11120682,0.11120682,1,35.3125,1e+09,50;50,1,0.0416666667,1,1,0.00999999978,100,1000,nan,35.3125,1,step,66.6950022,-0.00499999989,step,3.93000007,0.00499999989,nan,nan,0.00499999989,nan,nan,0,5.30689093e-09,nan,nan,-5.30689093e-09,nan,nan,nan,nan,20,nan,/Users/chrisharing/Desktop/CCS_complex_coupled_systems/Repo/HardDisks/hspist3/experiments_energy_transfer/level1_Zwall_path_20260916/L35p3125/tr_9595.csv,nan,nan,0,"./00ALLINONE --mode=edmd --experiment=energy_transfer --headless --quiet --edmd-acc=0 --seed-drift-order=drift-first --energy-transfer-summary=experiments_energy_transfer/level1_Zwall_path_20260916/L35p3125/summary.csv --energy-transfer-trace=experiments_energy_transfer/level1_Zwall_path_20260916/L35p3125/tr_9595.csv --particles=100 --particles-boxes=50,50 --particle-radius=0.5 --l0=35.3125 --height=10 --num-walls=1 --wall-positions=35.3125 --wall-mass-factors=1000000000 --piston-right-protocol-mode=step --velocity-right-piston-step=0.005 --max-right-piston-travel=3.93 --auto-piston-step --wall-hold-steps=12000 --steps=10 --fixed-dt=0.4 --energy-measurement --eff-output=wall-ke --kbt1 --seed=9595",9595
2026-09-17 01:11:39,energy_transfer,edmd,10,12000,0.0166666669,35.3125,10,100,0.5,nan,0.11120682,0.11120682,1,35.3125,1e+09,50;50,1,0.0416666667,1,1,0.00999999978,100,1000,nan,35.3125,1,step,66.6950022,-0.00499999989,step,3.93000007,0.00499999989,nan,nan,0.00499999989,nan,nan,0,0,nan,nan,0,nan,nan,nan,nan,20,nan,/Users/chrisharing/Desktop/CCS_complex_coupled_systems/Repo/HardDisks/hspist3/experiments_energy_transfer/level1_Zwall_path_20260916/L35p3125/tr_9597.csv,nan,nan,0,"./00ALLINONE --mode=edmd --experiment=energy_transfer --headless --quiet --edmd-acc=0 --seed-drift-order=drift-first --energy-transfer-summary=experiments_energy_transfer/level1_Zwall_path_20260916/L35p3125/summary.csv --energy-transfer-trace=experiments_energy_transfer/level1_Zwall_path_20260916/L35p3125/tr_9597.csv --particles=100 --particles-boxes=50,50 --particle-radius=0.5 --l0=35.3125 --height=10 --num-walls=1 --wall-positions=35.3125 --wall-mass-factors=1000000000 --piston-right-protocol-mode=step --velocity-right-piston-step=0.005 --max-right-piston-travel=3.93 --auto-piston-step --wall-hold-steps=12000 --steps=10 --fixed-dt=0.4 --energy-measurement --eff-output=wall-ke --kbt1 --seed=9597",9597
2026-09-17 01:11:39,energy_transfer,edmd,10,12000,0.0166666669,35.3125,10,100,0.5,nan,0.11120682,0.11120682,1,35.3125,1e+09,50;50,1,0.0416666667,1,1,0.00999999978,100,1000,nan,35.3125,1,step,66.6950022,-0.00499999989,step,3.93000007,0.00499999989,nan,nan,0.00499999989,nan,nan,0,0,nan,nan,0,nan,nan,nan,nan,20,nan,/Users/chrisharing/Desktop/CCS_complex_coupled_systems/Repo/HardDisks/hspist3/experiments_energy_transfer/level1_Zwall_path_20260916/L35p3125/tr_9596.csv,nan,nan,0,"./00ALLINONE --mode=edmd --experiment=energy_transfer --headless --quiet --edmd-acc=0 --seed-drift-order=drift-first --energy-transfer-summary=experiments_energy_transfer/level1_Zwall_path_20260916/L35p3125/summary.csv --energy-transfer-trace=experiments_energy_transfer/level1_Zwall_path_20260916/L35p3125/tr_9596.csv --particles=100 --particles-boxes=50,50 --particle-radius=0.5 --l0=35.3125 --height=10 --num-walls=1 --wall-positions=35.3125 --wall-mass-factors=1000000000 --piston-right-protocol-mode=step --velocity-right-piston-step=0.005 --max-right-piston-travel=3.93 --auto-piston-step --wall-hold-steps=12000 --steps=10 --fixed-dt=0.4 --energy-measurement --eff-output=wall-ke --kbt1 --seed=9596",9596
2026-09-17 01:11:39,energy_transfer,edmd,10,12000,0.0166666669,35.3125,10,100,0.5,nan,0.11120682,0.11120682,1,35.3125,1e+09,50;50,1,0.0416666667,1,1,0.00999999978,100,1000,nan,35.3125,1,step,66.6950022,-0.00499999989,step,3.93000007,0.00499999989,nan,nan,0.00499999989,nan,nan,0,9.6682351e-10,nan,nan,-9.6682351e-10,nan,nan,nan,nan,20,nan,/Users/chrisharing/Desktop/CCS_complex_coupled_systems/Repo/HardDisks/hspist3/experiments_energy_transfer/level1_Zwall_path_20260916/L35p3125/tr_9598.csv,nan,nan,0,"./00ALLINONE --mode=edmd --experiment=energy_transfer --headless --quiet --edmd-acc=0 --seed-drift-order=drift-first --energy-transfer-summary=experiments_energy_transfer/level1_Zwall_path_20260916/L35p3125/summary.csv --energy-transfer-trace=experiments_energy_transfer/level1_Zwall_path_20260916/L35p3125/tr_9598.csv --particles=100 --particles-boxes=50,50 --particle-radius=0.5 --l0=35.3125 --height=10 --num-walls=1 --wall-positions=35.3125 --wall-mass-factors=1000000000 --piston-right-protocol-mode=step --velocity-right-piston-step=0.005 --max-right-piston-travel=3.93 --auto-piston-step --wall-hold-steps=12000 --steps=10 --fixed-dt=0.4 --energy-measurement --eff-output=wall-ke --kbt1 --seed=9598",9598
2026-09-17 01:11:39,energy_transfer,edmd,10,12000,0.0166666669,35.3125,10,100,0.5,nan,0.11120682,0.11120682,1,35.3125,1e+09,50;50,1,0.0416666667,1,1,0.00999999978,100,1000,nan,35.3125,1,step,66.6950022,-0.00499999989,step,3.93000007,0.00499999989,nan,nan,0.00499999989,nan,nan,0,0,nan,nan,0,nan,nan,nan,nan,20,nan,/Users/chrisharing/Desktop/CCS_complex_coupled_systems/Repo/HardDisks/hspist3/experiments_energy_transfer/level1_Zwall_path_20260916/L35p3125/tr_9599.csv,nan,nan,0,"./00ALLINONE --mode=edmd --experiment=energy_transfer --headless --quiet --edmd-acc=0 --seed-drift-order=drift-first --energy-transfer-summary=experiments_energy_transfer/level1_Zwall_path_20260916/L35p3125/summary.csv --energy-transfer-trace=experiments_energy_transfer/level1_Zwall_path_20260916/L35p3125/tr_9599.csv --particles=100 --particles-boxes=50,50 --particle-radius=0.5 --l0=35.3125 --height=10 --num-walls=1 --wall-positions=35.3125 --wall-mass-factors=1000000000 --piston-right-protocol-mode=step --velocity-right-piston-step=0.005 --max-right-piston-travel=3.93 --auto-piston-step --wall-hold-steps=12000 --steps=10 --fixed-dt=0.4 --energy-measurement --eff-output=wall-ke --kbt1 --seed=9599",9599
