timestamp,mode,sim_mode,steps_after_release,wall_hold_steps,dt_sigma,L0,height,particles_total,radius_sigma,eta_input,eta_nominal,eta_particles_region,num_walls,wall_positions_cli,wall_mass_factors_cli,particles_boxes_cli,wall_thickness_sigma,wall_thickness_vis_sigma,kbt1,kBT,kB_effective,temperature_runtime,spring_k,spring_eq_sigma,spring_eq_sigma_effective,piston_auto,piston_protocol,piston_target_sigma,piston_speed_px,piston_right_protocol_mode,piston_right_travel_sigma,piston_right_v_step_constant,piston_right_v0,piston_right_v_gradient,piston_right_vmax,piston_right_duration,piston_right_sigmoid_steepness,W_in_max,W_out_max,ratio,loss_fraction,total_loss,springE_stop,springE_peak_win,W_out_peak_win,ratio_win,eff_window_T,piston_stop_t_rel,trace_path,spring_peak_t_rel,spring_peak_dt,spring_peak_near_end,command,seed
2026-09-18 13:26:06,energy_transfer,edmd,12500,12000,0.0166666669,39.25,10,100,0.5,nan,0.100050721,0.100050721,1,39.25,1e+09,50;50,1,0.0416666667,1,1,0.00999999978,100,1000,nan,39.25,1,step,75.5,-10,step,3,10,nan,nan,10,nan,nan,363.781767,0.00405913778,1.11581672e-05,0.999988842,363.777707,3.10913767e-10,4.29272077e-05,4.29268968e-05,1.18001782e-07,20,0.349990845,/Users/chrisharing/Desktop/CCS_complex_coupled_systems/Repo/HardDisks/hspist3/experiments_energy_transfer/level2_fastdx_20260918/dx3/tr_9201.csv,20.1666565,19.8166656,1,"./00ALLINONE_ramp --mode=edmd --experiment=energy_transfer --headless --quiet --edmd-acc=0 --seed-drift-order=drift-first --energy-transfer-summary=experiments_energy_transfer/level2_fastdx_20260918/dx3/summary.csv --energy-transfer-trace=experiments_energy_transfer/level2_fastdx_20260918/dx3/tr_9201.csv --particles=100 --particles-boxes=50,50 --particle-radius=0.5 --l0=39.25 --height=10 --num-walls=1 --wall-positions=39.25 --wall-mass-factors=1000000000 --piston-right-protocol-mode=step --velocity-right-piston-step=10 --max-right-piston-travel=3 --auto-piston-step --wall-hold-steps=12000 --steps=12500 --fixed-dt=0.4 --energy-measurement --eff-output=wall-ke --kbt1 --seed=9201",9201
2026-09-18 13:26:06,energy_transfer,edmd,12500,12000,0.0166666669,39.25,10,100,0.5,nan,0.100050721,0.100050721,1,39.25,1e+09,50;50,1,0.0416666667,1,1,0.00999999978,100,1000,nan,39.25,1,step,75.5,-10,step,3,10,nan,nan,10,nan,nan,609.001943,0.0110867033,1.82047092e-05,0.999981795,608.990857,0,0.000115384049,0.000115384049,1.89464173e-07,20,0.349990845,/Users/chrisharing/Desktop/CCS_complex_coupled_systems/Repo/HardDisks/hspist3/experiments_energy_transfer/level2_fastdx_20260918/dx3/tr_9200.csv,20.2499847,19.8999939,1,"./00ALLINONE_ramp --mode=edmd --experiment=energy_transfer --headless --quiet --edmd-acc=0 --seed-drift-order=drift-first --energy-transfer-summary=experiments_energy_transfer/level2_fastdx_20260918/dx3/summary.csv --energy-transfer-trace=experiments_energy_transfer/level2_fastdx_20260918/dx3/tr_9200.csv --particles=100 --particles-boxes=50,50 --particle-radius=0.5 --l0=39.25 --height=10 --num-walls=1 --wall-positions=39.25 --wall-mass-factors=1000000000 --piston-right-protocol-mode=step --velocity-right-piston-step=10 --max-right-piston-travel=3 --auto-piston-step --wall-hold-steps=12000 --steps=12500 --fixed-dt=0.4 --energy-measurement --eff-output=wall-ke --kbt1 --seed=9200",9200
2026-09-18 13:26:06,energy_transfer,edmd,12500,12000,0.0166666669,39.25,10,100,0.5,nan,0.100050721,0.100050721,1,39.25,1e+09,50;50,1,0.0416666667,1,1,0.00999999978,100,1000,nan,39.25,1,step,75.5,-10,step,3,10,nan,nan,10,nan,nan,208.438704,0.00126974005,6.0916712e-06,0.999993908,208.437435,0,1.33235872e-05,1.33235872e-05,6.39208883e-08,20,0.349990845,/Users/chrisharing/Desktop/CCS_complex_coupled_systems/Repo/HardDisks/hspist3/experiments_energy_transfer/level2_fastdx_20260918/dx3/tr_9207.csv,19.8833313,19.5333405,1,"./00ALLINONE_ramp --mode=edmd --experiment=energy_transfer --headless --quiet --edmd-acc=0 --seed-drift-order=drift-first --energy-transfer-summary=experiments_energy_transfer/level2_fastdx_20260918/dx3/summary.csv --energy-transfer-trace=experiments_energy_transfer/level2_fastdx_20260918/dx3/tr_9207.csv --particles=100 --particles-boxes=50,50 --particle-radius=0.5 --l0=39.25 --height=10 --num-walls=1 --wall-positions=39.25 --wall-mass-factors=1000000000 --piston-right-protocol-mode=step --velocity-right-piston-step=10 --max-right-piston-travel=3 --auto-piston-step --wall-hold-steps=12000 --steps=12500 --fixed-dt=0.4 --energy-measurement --eff-output=wall-ke --kbt1 --seed=9207",9207
2026-09-18 13:26:06,energy_transfer,edmd,12500,12000,0.0166666669,39.25,10,100,0.5,nan,0.100050721,0.100050721,1,39.25,1e+09,50;50,1,0.0416666667,1,1,0.00999999978,100,1000,nan,39.25,1,step,75.5,-10,step,3,10,nan,nan,10,nan,nan,718.17907,0.0157620534,2.1947247e-05,0.999978053,718.163308,0,0.000175822162,0.000175822162,2.44816606e-07,20,0.349990845,/Users/chrisharing/Desktop/CCS_complex_coupled_systems/Repo/HardDisks/hspist3/experiments_energy_transfer/level2_fastdx_20260918/dx3/tr_9202.csv,20.3166656,19.9666748,1,"./00ALLINONE_ramp --mode=edmd --experiment=energy_transfer --headless --quiet --edmd-acc=0 --seed-drift-order=drift-first --energy-transfer-summary=experiments_energy_transfer/level2_fastdx_20260918/dx3/summary.csv --energy-transfer-trace=experiments_energy_transfer/level2_fastdx_20260918/dx3/tr_9202.csv --particles=100 --particles-boxes=50,50 --particle-radius=0.5 --l0=39.25 --height=10 --num-walls=1 --wall-positions=39.25 --wall-mass-factors=1000000000 --piston-right-protocol-mode=step --velocity-right-piston-step=10 --max-right-piston-travel=3 --auto-piston-step --wall-hold-steps=12000 --steps=12500 --fixed-dt=0.4 --energy-measurement --eff-output=wall-ke --kbt1 --seed=9202",9202
2026-09-18 13:26:06,energy_transfer,edmd,12500,12000,0.0166666669,39.25,10,100,0.5,nan,0.100050721,0.100050721,1,39.25,1e+09,50;50,1,0.0416666667,1,1,0.00999999978,100,1000,nan,39.25,1,step,75.5,-10,step,3,10,nan,nan,10,nan,nan,697.143601,0.0149054034,2.13806787e-05,0.999978619,697.128695,3.26908604e-11,0.000135471142,0.000135471109,1.94323105e-07,20,0.349990845,/Users/chrisharing/Desktop/CCS_complex_coupled_systems/Repo/HardDisks/hspist3/experiments_energy_transfer/level2_fastdx_20260918/dx3/tr_9203.csv,18.9499969,18.6000061,1,"./00ALLINONE_ramp --mode=edmd --experiment=energy_transfer --headless --quiet --edmd-acc=0 --seed-drift-order=drift-first --energy-transfer-summary=experiments_energy_transfer/level2_fastdx_20260918/dx3/summary.csv --energy-transfer-trace=experiments_energy_transfer/level2_fastdx_20260918/dx3/tr_9203.csv --particles=100 --particles-boxes=50,50 --particle-radius=0.5 --l0=39.25 --height=10 --num-walls=1 --wall-positions=39.25 --wall-mass-factors=1000000000 --piston-right-protocol-mode=step --velocity-right-piston-step=10 --max-right-piston-travel=3 --auto-piston-step --wall-hold-steps=12000 --steps=12500 --fixed-dt=0.4 --energy-measurement --eff-output=wall-ke --kbt1 --seed=9203",9203
2026-09-18 13:26:06,energy_transfer,edmd,12500,12000,0.0166666669,39.25,10,100,0.5,nan,0.100050721,0.100050721,1,39.25,1e+09,50;50,1,0.0416666667,1,1,0.00999999978,100,1000,nan,39.25,1,step,75.5,-10,step,3,10,nan,nan,10,nan,nan,631.706675,0.0116122589,1.8382359e-05,0.999981618,631.695063,5.96805627e-09,0.000103687969,0.000103682001,1.64129976e-07,20,0.349990845,/Users/chrisharing/Desktop/CCS_complex_coupled_systems/Repo/HardDisks/hspist3/experiments_energy_transfer/level2_fastdx_20260918/dx3/tr_9205.csv,19.3999939,19.0500031,1,"./00ALLINONE_ramp --mode=edmd --experiment=energy_transfer --headless --quiet --edmd-acc=0 --seed-drift-order=drift-first --energy-transfer-summary=experiments_energy_transfer/level2_fastdx_20260918/dx3/summary.csv --energy-transfer-trace=experiments_energy_transfer/level2_fastdx_20260918/dx3/tr_9205.csv --particles=100 --particles-boxes=50,50 --particle-radius=0.5 --l0=39.25 --height=10 --num-walls=1 --wall-positions=39.25 --wall-mass-factors=1000000000 --piston-right-protocol-mode=step --velocity-right-piston-step=10 --max-right-piston-travel=3 --auto-piston-step --wall-hold-steps=12000 --steps=12500 --fixed-dt=0.4 --energy-measurement --eff-output=wall-ke --kbt1 --seed=9205",9205
2026-09-18 13:26:06,energy_transfer,edmd,12500,12000,0.0166666669,39.25,10,100,0.5,nan,0.100050721,0.100050721,1,39.25,1e+09,50;50,1,0.0416666667,1,1,0.00999999978,100,1000,nan,39.25,1,step,75.5,-10,step,3,10,nan,nan,10,nan,nan,756.500705,0.0168884583,2.23244449e-05,0.999977676,756.483817,0,0.000164922807,0.000164922807,2.18007473e-07,20,0.349990845,/Users/chrisharing/Desktop/CCS_complex_coupled_systems/Repo/HardDisks/hspist3/experiments_energy_transfer/level2_fastdx_20260918/dx3/tr_9208.csv,19.3999939,19.0500031,1,"./00ALLINONE_ramp --mode=edmd --experiment=energy_transfer --headless --quiet --edmd-acc=0 --seed-drift-order=drift-first --energy-transfer-summary=experiments_energy_transfer/level2_fastdx_20260918/dx3/summary.csv --energy-transfer-trace=experiments_energy_transfer/level2_fastdx_20260918/dx3/tr_9208.csv --particles=100 --particles-boxes=50,50 --particle-radius=0.5 --l0=39.25 --height=10 --num-walls=1 --wall-positions=39.25 --wall-mass-factors=1000000000 --piston-right-protocol-mode=step --velocity-right-piston-step=10 --max-right-piston-travel=3 --auto-piston-step --wall-hold-steps=12000 --steps=12500 --fixed-dt=0.4 --energy-measurement --eff-output=wall-ke --kbt1 --seed=9208",9208
2026-09-18 13:26:06,energy_transfer,edmd,12500,12000,0.0166666669,39.25,10,100,0.5,nan,0.100050721,0.100050721,1,39.25,1e+09,50;50,1,0.0416666667,1,1,0.00999999978,100,1000,nan,39.25,1,step,75.5,-10,step,3,10,nan,nan,10,nan,nan,1075.09371,0.0342175886,3.18275406e-05,0.999968172,1075.05949,0,0.000312836084,0.000312836084,2.90984946e-07,20,0.349990845,/Users/chrisharing/Desktop/CCS_complex_coupled_systems/Repo/HardDisks/hspist3/experiments_energy_transfer/level2_fastdx_20260918/dx3/tr_9206.csv,19.8499908,19.5,1,"./00ALLINONE_ramp --mode=edmd --experiment=energy_transfer --headless --quiet --edmd-acc=0 --seed-drift-order=drift-first --energy-transfer-summary=experiments_energy_transfer/level2_fastdx_20260918/dx3/summary.csv --energy-transfer-trace=experiments_energy_transfer/level2_fastdx_20260918/dx3/tr_9206.csv --particles=100 --particles-boxes=50,50 --particle-radius=0.5 --l0=39.25 --height=10 --num-walls=1 --wall-positions=39.25 --wall-mass-factors=1000000000 --piston-right-protocol-mode=step --velocity-right-piston-step=10 --max-right-piston-travel=3 --auto-piston-step --wall-hold-steps=12000 --steps=12500 --fixed-dt=0.4 --energy-measurement --eff-output=wall-ke --kbt1 --seed=9206",9206
2026-09-18 13:26:06,energy_transfer,edmd,12500,12000,0.0166666669,39.25,10,100,0.5,nan,0.100050721,0.100050721,1,39.25,1e+09,50;50,1,0.0416666667,1,1,0.00999999978,100,1000,nan,39.25,1,step,75.5,-10,step,3,10,nan,nan,10,nan,nan,1102.78108,0.0358906314,3.25455633e-05,0.999967454,1102.74519,0,0.000351869676,0.000351869676,3.19074822e-07,20,0.349990845,/Users/chrisharing/Desktop/CCS_complex_coupled_systems/Repo/HardDisks/hspist3/experiments_energy_transfer/level2_fastdx_20260918/dx3/tr_9204.csv,20.1999969,19.8500061,1,"./00ALLINONE_ramp --mode=edmd --experiment=energy_transfer --headless --quiet --edmd-acc=0 --seed-drift-order=drift-first --energy-transfer-summary=experiments_energy_transfer/level2_fastdx_20260918/dx3/summary.csv --energy-transfer-trace=experiments_energy_transfer/level2_fastdx_20260918/dx3/tr_9204.csv --particles=100 --particles-boxes=50,50 --particle-radius=0.5 --l0=39.25 --height=10 --num-walls=1 --wall-positions=39.25 --wall-mass-factors=1000000000 --piston-right-protocol-mode=step --velocity-right-piston-step=10 --max-right-piston-travel=3 --auto-piston-step --wall-hold-steps=12000 --steps=12500 --fixed-dt=0.4 --energy-measurement --eff-output=wall-ke --kbt1 --seed=9204",9204
2026-09-18 13:26:07,energy_transfer,edmd,12500,12000,0.0166666669,39.25,10,100,0.5,nan,0.100050721,0.100050721,1,39.25,1e+09,50;50,1,0.0416666667,1,1,0.00999999978,100,1000,nan,39.25,1,step,75.5,-10,step,3,10,nan,nan,10,nan,nan,447.687431,0.00596001884,1.33129019e-05,0.999986687,447.681471,7.54767859e-10,5.64662332e-05,5.64654785e-05,1.26127013e-07,20,0.349990845,/Users/chrisharing/Desktop/CCS_complex_coupled_systems/Repo/HardDisks/hspist3/experiments_energy_transfer/level2_fastdx_20260918/dx3/tr_9209.csv,20.3499908,20,1,"./00ALLINONE_ramp --mode=edmd --experiment=energy_transfer --headless --quiet --edmd-acc=0 --seed-drift-order=drift-first --energy-transfer-summary=experiments_energy_transfer/level2_fastdx_20260918/dx3/summary.csv --energy-transfer-trace=experiments_energy_transfer/level2_fastdx_20260918/dx3/tr_9209.csv --particles=100 --particles-boxes=50,50 --particle-radius=0.5 --l0=39.25 --height=10 --num-walls=1 --wall-positions=39.25 --wall-mass-factors=1000000000 --piston-right-protocol-mode=step --velocity-right-piston-step=10 --max-right-piston-travel=3 --auto-piston-step --wall-hold-steps=12000 --steps=12500 --fixed-dt=0.4 --energy-measurement --eff-output=wall-ke --kbt1 --seed=9209",9209
2026-09-18 13:26:07,energy_transfer,edmd,12500,12000,0.0166666669,39.25,10,100,0.5,nan,0.100050721,0.100050721,1,39.25,1e+09,50;50,1,0.0416666667,1,1,0.00999999978,100,1000,nan,39.25,1,step,75.5,-10,step,3,10,nan,nan,10,nan,nan,180.022095,0.00102301559,5.68272237e-06,0.999994317,180.021072,1.70229331e-10,9.9828485e-06,9.98267827e-06,5.54525168e-08,20,0.349990845,/Users/chrisharing/Desktop/CCS_complex_coupled_systems/Repo/HardDisks/hspist3/experiments_energy_transfer/level2_fastdx_20260918/dx3/tr_9213.csv,20.3499908,20,1,"./00ALLINONE_ramp --mode=edmd --experiment=energy_transfer --headless --quiet --edmd-acc=0 --seed-drift-order=drift-first --energy-transfer-summary=experiments_energy_transfer/level2_fastdx_20260918/dx3/summary.csv --energy-transfer-trace=experiments_energy_transfer/level2_fastdx_20260918/dx3/tr_9213.csv --particles=100 --particles-boxes=50,50 --particle-radius=0.5 --l0=39.25 --height=10 --num-walls=1 --wall-positions=39.25 --wall-mass-factors=1000000000 --piston-right-protocol-mode=step --velocity-right-piston-step=10 --max-right-piston-travel=3 --auto-piston-step --wall-hold-steps=12000 --steps=12500 --fixed-dt=0.4 --energy-measurement --eff-output=wall-ke --kbt1 --seed=9213",9213
2026-09-18 13:26:07,energy_transfer,edmd,12500,12000,0.0166666669,39.25,10,100,0.5,nan,0.100050721,0.100050721,1,39.25,1e+09,50;50,1,0.0416666667,1,1,0.00999999978,100,1000,nan,39.25,1,step,75.5,-10,step,3,10,nan,nan,10,nan,nan,227.843556,0.00158794376,6.96944775e-06,0.999993031,227.841968,1.25408861e-09,1.4861932e-05,1.48606779e-05,6.52231652e-08,20,0.349990845,/Users/chrisharing/Desktop/CCS_complex_coupled_systems/Repo/HardDisks/hspist3/experiments_energy_transfer/level2_fastdx_20260918/dx3/tr_9214.csv,20.3499908,20,1,"./00ALLINONE_ramp --mode=edmd --experiment=energy_transfer --headless --quiet --edmd-acc=0 --seed-drift-order=drift-first --energy-transfer-summary=experiments_energy_transfer/level2_fastdx_20260918/dx3/summary.csv --energy-transfer-trace=experiments_energy_transfer/level2_fastdx_20260918/dx3/tr_9214.csv --particles=100 --particles-boxes=50,50 --particle-radius=0.5 --l0=39.25 --height=10 --num-walls=1 --wall-positions=39.25 --wall-mass-factors=1000000000 --piston-right-protocol-mode=step --velocity-right-piston-step=10 --max-right-piston-travel=3 --auto-piston-step --wall-hold-steps=12000 --steps=12500 --fixed-dt=0.4 --energy-measurement --eff-output=wall-ke --kbt1 --seed=9214",9214
2026-09-18 13:26:07,energy_transfer,edmd,12500,12000,0.0166666669,39.25,10,100,0.5,nan,0.100050721,0.100050721,1,39.25,1e+09,50;50,1,0.0416666667,1,1,0.00999999978,100,1000,nan,39.25,1,step,75.5,-10,step,3,10,nan,nan,10,nan,nan,630.871858,0.0121102277,1.91960183e-05,0.999980804,630.859748,0,0.000128794185,0.000128794185,2.04152687e-07,20,0.349990845,/Users/chrisharing/Desktop/CCS_complex_coupled_systems/Repo/HardDisks/hspist3/experiments_energy_transfer/level2_fastdx_20260918/dx3/tr_9211.csv,20.2499847,19.8999939,1,"./00ALLINONE_ramp --mode=edmd --experiment=energy_transfer --headless --quiet --edmd-acc=0 --seed-drift-order=drift-first --energy-transfer-summary=experiments_energy_transfer/level2_fastdx_20260918/dx3/summary.csv --energy-transfer-trace=experiments_energy_transfer/level2_fastdx_20260918/dx3/tr_9211.csv --particles=100 --particles-boxes=50,50 --particle-radius=0.5 --l0=39.25 --height=10 --num-walls=1 --wall-positions=39.25 --wall-mass-factors=1000000000 --piston-right-protocol-mode=step --velocity-right-piston-step=10 --max-right-piston-travel=3 --auto-piston-step --wall-hold-steps=12000 --steps=12500 --fixed-dt=0.4 --energy-measurement --eff-output=wall-ke --kbt1 --seed=9211",9211
2026-09-18 13:26:07,energy_transfer,edmd,12500,12000,0.0166666669,39.25,10,100,0.5,nan,0.100050721,0.100050721,1,39.25,1e+09,50;50,1,0.0416666667,1,1,0.00999999978,100,1000,nan,39.25,1,step,75.5,-10,step,3,10,nan,nan,10,nan,nan,621.828588,0.0120355375,1.93550727e-05,0.999980645,621.816552,0,0.000135779555,0.000135779555,2.1835528e-07,20,0.349990845,/Users/chrisharing/Desktop/CCS_complex_coupled_systems/Repo/HardDisks/hspist3/experiments_energy_transfer/level2_fastdx_20260918/dx3/tr_9212.csv,19.9999847,19.6499939,1,"./00ALLINONE_ramp --mode=edmd --experiment=energy_transfer --headless --quiet --edmd-acc=0 --seed-drift-order=drift-first --energy-transfer-summary=experiments_energy_transfer/level2_fastdx_20260918/dx3/summary.csv --energy-transfer-trace=experiments_energy_transfer/level2_fastdx_20260918/dx3/tr_9212.csv --particles=100 --particles-boxes=50,50 --particle-radius=0.5 --l0=39.25 --height=10 --num-walls=1 --wall-positions=39.25 --wall-mass-factors=1000000000 --piston-right-protocol-mode=step --velocity-right-piston-step=10 --max-right-piston-travel=3 --auto-piston-step --wall-hold-steps=12000 --steps=12500 --fixed-dt=0.4 --energy-measurement --eff-output=wall-ke --kbt1 --seed=9212",9212
2026-09-18 13:26:07,energy_transfer,edmd,12500,12000,0.0166666669,39.25,10,100,0.5,nan,0.100050721,0.100050721,1,39.25,1e+09,50;50,1,0.0416666667,1,1,0.00999999978,100,1000,nan,39.25,1,step,75.5,-10,step,3,10,nan,nan,10,nan,nan,440.203682,0.00597766973,1.3579327e-05,0.999986421,440.197704,0,6.01237407e-05,6.01237407e-05,1.3658164e-07,20,0.349990845,/Users/chrisharing/Desktop/CCS_complex_coupled_systems/Repo/HardDisks/hspist3/experiments_energy_transfer/level2_fastdx_20260918/dx3/tr_9215.csv,20.2333221,19.8833313,1,"./00ALLINONE_ramp --mode=edmd --experiment=energy_transfer --headless --quiet --edmd-acc=0 --seed-drift-order=drift-first --energy-transfer-summary=experiments_energy_transfer/level2_fastdx_20260918/dx3/summary.csv --energy-transfer-trace=experiments_energy_transfer/level2_fastdx_20260918/dx3/tr_9215.csv --particles=100 --particles-boxes=50,50 --particle-radius=0.5 --l0=39.25 --height=10 --num-walls=1 --wall-positions=39.25 --wall-mass-factors=1000000000 --piston-right-protocol-mode=step --velocity-right-piston-step=10 --max-right-piston-travel=3 --auto-piston-step --wall-hold-steps=12000 --steps=12500 --fixed-dt=0.4 --energy-measurement --eff-output=wall-ke --kbt1 --seed=9215",9215
2026-09-18 13:26:07,energy_transfer,edmd,12500,12000,0.0166666669,39.25,10,100,0.5,nan,0.100050721,0.100050721,1,39.25,1e+09,50;50,1,0.0416666667,1,1,0.00999999978,100,1000,nan,39.25,1,step,75.5,-10,step,3,10,nan,nan,10,nan,nan,1414.76944,0.0601526536,4.2517637e-05,0.999957482,1414.70929,0,0.000654811913,0.000654811913,4.62840017e-07,20,0.349990845,/Users/chrisharing/Desktop/CCS_complex_coupled_systems/Repo/HardDisks/hspist3/experiments_energy_transfer/level2_fastdx_20260918/dx3/tr_9210.csv,20.2666626,19.9166718,1,"./00ALLINONE_ramp --mode=edmd --experiment=energy_transfer --headless --quiet --edmd-acc=0 --seed-drift-order=drift-first --energy-transfer-summary=experiments_energy_transfer/level2_fastdx_20260918/dx3/summary.csv --energy-transfer-trace=experiments_energy_transfer/level2_fastdx_20260918/dx3/tr_9210.csv --particles=100 --particles-boxes=50,50 --particle-radius=0.5 --l0=39.25 --height=10 --num-walls=1 --wall-positions=39.25 --wall-mass-factors=1000000000 --piston-right-protocol-mode=step --velocity-right-piston-step=10 --max-right-piston-travel=3 --auto-piston-step --wall-hold-steps=12000 --steps=12500 --fixed-dt=0.4 --energy-measurement --eff-output=wall-ke --kbt1 --seed=9210",9210
2026-09-18 13:26:07,energy_transfer,edmd,12500,12000,0.0166666669,39.25,10,100,0.5,nan,0.100050721,0.100050721,1,39.25,1e+09,50;50,1,0.0416666667,1,1,0.00999999978,100,1000,nan,39.25,1,step,75.5,-10,step,3,10,nan,nan,10,nan,nan,773.233948,0.0176712275,2.28536622e-05,0.999977146,773.216276,0,0.00015454978,0.00015454978,1.9987454e-07,20,0.349990845,/Users/chrisharing/Desktop/CCS_complex_coupled_systems/Repo/HardDisks/hspist3/experiments_energy_transfer/level2_fastdx_20260918/dx3/tr_9218.csv,19.8833313,19.5333405,1,"./00ALLINONE_ramp --mode=edmd --experiment=energy_transfer --headless --quiet --edmd-acc=0 --seed-drift-order=drift-first --energy-transfer-summary=experiments_energy_transfer/level2_fastdx_20260918/dx3/summary.csv --energy-transfer-trace=experiments_energy_transfer/level2_fastdx_20260918/dx3/tr_9218.csv --particles=100 --particles-boxes=50,50 --particle-radius=0.5 --l0=39.25 --height=10 --num-walls=1 --wall-positions=39.25 --wall-mass-factors=1000000000 --piston-right-protocol-mode=step --velocity-right-piston-step=10 --max-right-piston-travel=3 --auto-piston-step --wall-hold-steps=12000 --steps=12500 --fixed-dt=0.4 --energy-measurement --eff-output=wall-ke --kbt1 --seed=9218",9218
2026-09-18 13:26:07,energy_transfer,edmd,12500,12000,0.0166666669,39.25,10,100,0.5,nan,0.100050721,0.100050721,1,39.25,1e+09,50;50,1,0.0416666667,1,1,0.00999999978,100,1000,nan,39.25,1,step,75.5,-10,step,3,10,nan,nan,10,nan,nan,916.312075,0.0249446202,2.72228435e-05,0.999972777,916.28713,0,0.000243669449,0.000243669449,2.65924083e-07,20,0.349990845,/Users/chrisharing/Desktop/CCS_complex_coupled_systems/Repo/HardDisks/hspist3/experiments_energy_transfer/level2_fastdx_20260918/dx3/tr_9216.csv,20.3333282,19.9833374,1,"./00ALLINONE_ramp --mode=edmd --experiment=energy_transfer --headless --quiet --edmd-acc=0 --seed-drift-order=drift-first --energy-transfer-summary=experiments_energy_transfer/level2_fastdx_20260918/dx3/summary.csv --energy-transfer-trace=experiments_energy_transfer/level2_fastdx_20260918/dx3/tr_9216.csv --particles=100 --particles-boxes=50,50 --particle-radius=0.5 --l0=39.25 --height=10 --num-walls=1 --wall-positions=39.25 --wall-mass-factors=1000000000 --piston-right-protocol-mode=step --velocity-right-piston-step=10 --max-right-piston-travel=3 --auto-piston-step --wall-hold-steps=12000 --steps=12500 --fixed-dt=0.4 --energy-measurement --eff-output=wall-ke --kbt1 --seed=9216",9216
2026-09-18 13:26:07,energy_transfer,edmd,12500,12000,0.0166666669,39.25,10,100,0.5,nan,0.100050721,0.100050721,1,39.25,1e+09,50;50,1,0.0416666667,1,1,0.00999999978,100,1000,nan,39.25,1,step,75.5,-10,step,3,10,nan,nan,10,nan,nan,1303.15756,0.0513010249,3.93667093e-05,0.999960633,1303.10626,2.1301641e-10,0.000485972909,0.000485972696,3.7291937e-07,20,0.349990845,/Users/chrisharing/Desktop/CCS_complex_coupled_systems/Repo/HardDisks/hspist3/experiments_energy_transfer/level2_fastdx_20260918/dx3/tr_9217.csv,20.0999908,19.75,1,"./00ALLINONE_ramp --mode=edmd --experiment=energy_transfer --headless --quiet --edmd-acc=0 --seed-drift-order=drift-first --energy-transfer-summary=experiments_energy_transfer/level2_fastdx_20260918/dx3/summary.csv --energy-transfer-trace=experiments_energy_transfer/level2_fastdx_20260918/dx3/tr_9217.csv --particles=100 --particles-boxes=50,50 --particle-radius=0.5 --l0=39.25 --height=10 --num-walls=1 --wall-positions=39.25 --wall-mass-factors=1000000000 --piston-right-protocol-mode=step --velocity-right-piston-step=10 --max-right-piston-travel=3 --auto-piston-step --wall-hold-steps=12000 --steps=12500 --fixed-dt=0.4 --energy-measurement --eff-output=wall-ke --kbt1 --seed=9217",9217
2026-09-18 13:26:07,energy_transfer,edmd,12500,12000,0.0166666669,39.25,10,100,0.5,nan,0.100050721,0.100050721,1,39.25,1e+09,50;50,1,0.0416666667,1,1,0.00999999978,100,1000,nan,39.25,1,step,75.5,-10,step,3,10,nan,nan,10,nan,nan,574.532925,0.0099006705,1.72325555e-05,0.999982767,574.523025,0,9.52003174e-05,9.52003174e-05,1.65700368e-07,20,0.349990845,/Users/chrisharing/Desktop/CCS_complex_coupled_systems/Repo/HardDisks/hspist3/experiments_energy_transfer/level2_fastdx_20260918/dx3/tr_9221.csv,20.3333282,19.9833374,1,"./00ALLINONE_ramp --mode=edmd --experiment=energy_transfer --headless --quiet --edmd-acc=0 --seed-drift-order=drift-first --energy-transfer-summary=experiments_energy_transfer/level2_fastdx_20260918/dx3/summary.csv --energy-transfer-trace=experiments_energy_transfer/level2_fastdx_20260918/dx3/tr_9221.csv --particles=100 --particles-boxes=50,50 --particle-radius=0.5 --l0=39.25 --height=10 --num-walls=1 --wall-positions=39.25 --wall-mass-factors=1000000000 --piston-right-protocol-mode=step --velocity-right-piston-step=10 --max-right-piston-travel=3 --auto-piston-step --wall-hold-steps=12000 --steps=12500 --fixed-dt=0.4 --energy-measurement --eff-output=wall-ke --kbt1 --seed=9221",9221
2026-09-18 13:26:07,energy_transfer,edmd,12500,12000,0.0166666669,39.25,10,100,0.5,nan,0.100050721,0.100050721,1,39.25,1e+09,50;50,1,0.0416666667,1,1,0.00999999978,100,1000,nan,39.25,1,step,75.5,-10,step,3,10,nan,nan,10,nan,nan,831.794536,0.0207223743,2.49128522e-05,0.999975087,831.773814,7.48307283e-09,0.000191602943,0.00019159546,2.30339888e-07,20,0.349990845,/Users/chrisharing/Desktop/CCS_complex_coupled_systems/Repo/HardDisks/hspist3/experiments_energy_transfer/level2_fastdx_20260918/dx3/tr_9219.csv,19.7833252,19.4333344,1,"./00ALLINONE_ramp --mode=edmd --experiment=energy_transfer --headless --quiet --edmd-acc=0 --seed-drift-order=drift-first --energy-transfer-summary=experiments_energy_transfer/level2_fastdx_20260918/dx3/summary.csv --energy-transfer-trace=experiments_energy_transfer/level2_fastdx_20260918/dx3/tr_9219.csv --particles=100 --particles-boxes=50,50 --particle-radius=0.5 --l0=39.25 --height=10 --num-walls=1 --wall-positions=39.25 --wall-mass-factors=1000000000 --piston-right-protocol-mode=step --velocity-right-piston-step=10 --max-right-piston-travel=3 --auto-piston-step --wall-hold-steps=12000 --steps=12500 --fixed-dt=0.4 --energy-measurement --eff-output=wall-ke --kbt1 --seed=9219",9219
2026-09-18 13:26:07,energy_transfer,edmd,12500,12000,0.0166666669,39.25,10,100,0.5,nan,0.100050721,0.100050721,1,39.25,1e+09,50;50,1,0.0416666667,1,1,0.00999999978,100,1000,nan,39.25,1,step,75.5,-10,step,3,10,nan,nan,10,nan,nan,561.336857,0.0100496346,1.79030372e-05,0.999982097,561.326808,7.96475064e-09,9.77845411e-05,9.77765764e-05,1.74185206e-07,20,0.349990845,/Users/chrisharing/Desktop/CCS_complex_coupled_systems/Repo/HardDisks/hspist3/experiments_energy_transfer/level2_fastdx_20260918/dx3/tr_9222.csv,20.0166626,19.6666718,1,"./00ALLINONE_ramp --mode=edmd --experiment=energy_transfer --headless --quiet --edmd-acc=0 --seed-drift-order=drift-first --energy-transfer-summary=experiments_energy_transfer/level2_fastdx_20260918/dx3/summary.csv --energy-transfer-trace=experiments_energy_transfer/level2_fastdx_20260918/dx3/tr_9222.csv --particles=100 --particles-boxes=50,50 --particle-radius=0.5 --l0=39.25 --height=10 --num-walls=1 --wall-positions=39.25 --wall-mass-factors=1000000000 --piston-right-protocol-mode=step --velocity-right-piston-step=10 --max-right-piston-travel=3 --auto-piston-step --wall-hold-steps=12000 --steps=12500 --fixed-dt=0.4 --energy-measurement --eff-output=wall-ke --kbt1 --seed=9222",9222
2026-09-18 13:26:07,energy_transfer,edmd,12500,12000,0.0166666669,39.25,10,100,0.5,nan,0.100050721,0.100050721,1,39.25,1e+09,50;50,1,0.0416666667,1,1,0.00999999978,100,1000,nan,39.25,1,step,75.5,-10,step,3,10,nan,nan,10,nan,nan,509.673356,0.00801444799,1.57246752e-05,0.999984275,509.665341,1.65276304e-09,8.84672554e-05,8.84656026e-05,1.73573136e-07,20,0.349990845,/Users/chrisharing/Desktop/CCS_complex_coupled_systems/Repo/HardDisks/hspist3/experiments_energy_transfer/level2_fastdx_20260918/dx3/tr_9224.csv,20.1166534,19.7666626,1,"./00ALLINONE_ramp --mode=edmd --experiment=energy_transfer --headless --quiet --edmd-acc=0 --seed-drift-order=drift-first --energy-transfer-summary=experiments_energy_transfer/level2_fastdx_20260918/dx3/summary.csv --energy-transfer-trace=experiments_energy_transfer/level2_fastdx_20260918/dx3/tr_9224.csv --particles=100 --particles-boxes=50,50 --particle-radius=0.5 --l0=39.25 --height=10 --num-walls=1 --wall-positions=39.25 --wall-mass-factors=1000000000 --piston-right-protocol-mode=step --velocity-right-piston-step=10 --max-right-piston-travel=3 --auto-piston-step --wall-hold-steps=12000 --steps=12500 --fixed-dt=0.4 --energy-measurement --eff-output=wall-ke --kbt1 --seed=9224",9224
2026-09-18 13:26:07,energy_transfer,edmd,12500,12000,0.0166666669,39.25,10,100,0.5,nan,0.100050721,0.100050721,1,39.25,1e+09,50;50,1,0.0416666667,1,1,0.00999999978,100,1000,nan,39.25,1,step,75.5,-10,step,3,10,nan,nan,10,nan,nan,862.203948,0.0223913826,2.59699375e-05,0.99997403,862.181557,0,0.000213129315,0.000213129315,2.471913e-07,20,0.349990845,/Users/chrisharing/Desktop/CCS_complex_coupled_systems/Repo/HardDisks/hspist3/experiments_energy_transfer/level2_fastdx_20260918/dx3/tr_9220.csv,20.1499939,19.8000031,1,"./00ALLINONE_ramp --mode=edmd --experiment=energy_transfer --headless --quiet --edmd-acc=0 --seed-drift-order=drift-first --energy-transfer-summary=experiments_energy_transfer/level2_fastdx_20260918/dx3/summary.csv --energy-transfer-trace=experiments_energy_transfer/level2_fastdx_20260918/dx3/tr_9220.csv --particles=100 --particles-boxes=50,50 --particle-radius=0.5 --l0=39.25 --height=10 --num-walls=1 --wall-positions=39.25 --wall-mass-factors=1000000000 --piston-right-protocol-mode=step --velocity-right-piston-step=10 --max-right-piston-travel=3 --auto-piston-step --wall-hold-steps=12000 --steps=12500 --fixed-dt=0.4 --energy-measurement --eff-output=wall-ke --kbt1 --seed=9220",9220
2026-09-18 13:26:07,energy_transfer,edmd,12500,12000,0.0166666669,39.25,10,100,0.5,nan,0.100050721,0.100050721,1,39.25,1e+09,50;50,1,0.0416666667,1,1,0.00999999978,100,1000,nan,39.25,1,step,75.5,-10,step,3,10,nan,nan,10,nan,nan,498.330232,0.00742352707,1.48968025e-05,0.999985103,498.322809,3.46004336e-09,6.51492228e-05,6.51457627e-05,1.30728097e-07,20,0.349990845,/Users/chrisharing/Desktop/CCS_complex_coupled_systems/Repo/HardDisks/hspist3/experiments_energy_transfer/level2_fastdx_20260918/dx3/tr_9227.csv,18.8999939,18.5500031,1,"./00ALLINONE_ramp --mode=edmd --experiment=energy_transfer --headless --quiet --edmd-acc=0 --seed-drift-order=drift-first --energy-transfer-summary=experiments_energy_transfer/level2_fastdx_20260918/dx3/summary.csv --energy-transfer-trace=experiments_energy_transfer/level2_fastdx_20260918/dx3/tr_9227.csv --particles=100 --particles-boxes=50,50 --particle-radius=0.5 --l0=39.25 --height=10 --num-walls=1 --wall-positions=39.25 --wall-mass-factors=1000000000 --piston-right-protocol-mode=step --velocity-right-piston-step=10 --max-right-piston-travel=3 --auto-piston-step --wall-hold-steps=12000 --steps=12500 --fixed-dt=0.4 --energy-measurement --eff-output=wall-ke --kbt1 --seed=9227",9227
2026-09-18 13:26:07,energy_transfer,edmd,12500,12000,0.0166666669,39.25,10,100,0.5,nan,0.100050721,0.100050721,1,39.25,1e+09,50;50,1,0.0416666667,1,1,0.00999999978,100,1000,nan,39.25,1,step,75.5,-10,step,3,10,nan,nan,10,nan,nan,776.351525,0.0181149133,2.33333904e-05,0.999976667,776.33341,0,0.000176986199,0.000176986199,2.27971729e-07,20,0.349990845,/Users/chrisharing/Desktop/CCS_complex_coupled_systems/Repo/HardDisks/hspist3/experiments_energy_transfer/level2_fastdx_20260918/dx3/tr_9226.csv,20.3499908,20,1,"./00ALLINONE_ramp --mode=edmd --experiment=energy_transfer --headless --quiet --edmd-acc=0 --seed-drift-order=drift-first --energy-transfer-summary=experiments_energy_transfer/level2_fastdx_20260918/dx3/summary.csv --energy-transfer-trace=experiments_energy_transfer/level2_fastdx_20260918/dx3/tr_9226.csv --particles=100 --particles-boxes=50,50 --particle-radius=0.5 --l0=39.25 --height=10 --num-walls=1 --wall-positions=39.25 --wall-mass-factors=1000000000 --piston-right-protocol-mode=step --velocity-right-piston-step=10 --max-right-piston-travel=3 --auto-piston-step --wall-hold-steps=12000 --steps=12500 --fixed-dt=0.4 --energy-measurement --eff-output=wall-ke --kbt1 --seed=9226",9226
2026-09-18 13:26:07,energy_transfer,edmd,12500,12000,0.0166666669,39.25,10,100,0.5,nan,0.100050721,0.100050721,1,39.25,1e+09,50;50,1,0.0416666667,1,1,0.00999999978,100,1000,nan,39.25,1,step,75.5,-10,step,3,10,nan,nan,10,nan,nan,890.549622,0.023985792,2.6933695e-05,0.999973066,890.525637,0,0.000231258047,0.000231258047,2.59680136e-07,20,0.349990845,/Users/chrisharing/Desktop/CCS_complex_coupled_systems/Repo/HardDisks/hspist3/experiments_energy_transfer/level2_fastdx_20260918/dx3/tr_9225.csv,19.7666626,19.4166718,1,"./00ALLINONE_ramp --mode=edmd --experiment=energy_transfer --headless --quiet --edmd-acc=0 --seed-drift-order=drift-first --energy-transfer-summary=experiments_energy_transfer/level2_fastdx_20260918/dx3/summary.csv --energy-transfer-trace=experiments_energy_transfer/level2_fastdx_20260918/dx3/tr_9225.csv --particles=100 --particles-boxes=50,50 --particle-radius=0.5 --l0=39.25 --height=10 --num-walls=1 --wall-positions=39.25 --wall-mass-factors=1000000000 --piston-right-protocol-mode=step --velocity-right-piston-step=10 --max-right-piston-travel=3 --auto-piston-step --wall-hold-steps=12000 --steps=12500 --fixed-dt=0.4 --energy-measurement --eff-output=wall-ke --kbt1 --seed=9225",9225
2026-09-18 13:26:07,energy_transfer,edmd,12500,12000,0.0166666669,39.25,10,100,0.5,nan,0.100050721,0.100050721,1,39.25,1e+09,50;50,1,0.0416666667,1,1,0.00999999978,100,1000,nan,39.25,1,step,75.5,-10,step,3,10,nan,nan,10,nan,nan,1101.62769,0.0363313034,3.29796571e-05,0.99996702,1101.59136,0,0.00035118626,0.00035118626,3.18788519e-07,20,0.349990845,/Users/chrisharing/Desktop/CCS_complex_coupled_systems/Repo/HardDisks/hspist3/experiments_energy_transfer/level2_fastdx_20260918/dx3/tr_9223.csv,20.1999969,19.8500061,1,"./00ALLINONE_ramp --mode=edmd --experiment=energy_transfer --headless --quiet --edmd-acc=0 --seed-drift-order=drift-first --energy-transfer-summary=experiments_energy_transfer/level2_fastdx_20260918/dx3/summary.csv --energy-transfer-trace=experiments_energy_transfer/level2_fastdx_20260918/dx3/tr_9223.csv --particles=100 --particles-boxes=50,50 --particle-radius=0.5 --l0=39.25 --height=10 --num-walls=1 --wall-positions=39.25 --wall-mass-factors=1000000000 --piston-right-protocol-mode=step --velocity-right-piston-step=10 --max-right-piston-travel=3 --auto-piston-step --wall-hold-steps=12000 --steps=12500 --fixed-dt=0.4 --energy-measurement --eff-output=wall-ke --kbt1 --seed=9223",9223
2026-09-18 13:26:07,energy_transfer,edmd,12500,12000,0.0166666669,39.25,10,100,0.5,nan,0.100050721,0.100050721,1,39.25,1e+09,50;50,1,0.0416666667,1,1,0.00999999978,100,1000,nan,39.25,1,step,75.5,-10,step,3,10,nan,nan,10,nan,nan,827.481507,0.0209633559,2.53339268e-05,0.999974666,827.460544,8.54481197e-09,0.000199906775,0.000199898231,2.41574257e-07,20,0.349990845,/Users/chrisharing/Desktop/CCS_complex_coupled_systems/Repo/HardDisks/hspist3/experiments_energy_transfer/level2_fastdx_20260918/dx3/tr_9228.csv,19.7666626,19.4166718,1,"./00ALLINONE_ramp --mode=edmd --experiment=energy_transfer --headless --quiet --edmd-acc=0 --seed-drift-order=drift-first --energy-transfer-summary=experiments_energy_transfer/level2_fastdx_20260918/dx3/summary.csv --energy-transfer-trace=experiments_energy_transfer/level2_fastdx_20260918/dx3/tr_9228.csv --particles=100 --particles-boxes=50,50 --particle-radius=0.5 --l0=39.25 --height=10 --num-walls=1 --wall-positions=39.25 --wall-mass-factors=1000000000 --piston-right-protocol-mode=step --velocity-right-piston-step=10 --max-right-piston-travel=3 --auto-piston-step --wall-hold-steps=12000 --steps=12500 --fixed-dt=0.4 --energy-measurement --eff-output=wall-ke --kbt1 --seed=9228",9228
2026-09-18 13:26:07,energy_transfer,edmd,12500,12000,0.0166666669,39.25,10,100,0.5,nan,0.100050721,0.100050721,1,39.25,1e+09,50;50,1,0.0416666667,1,1,0.00999999978,100,1000,nan,39.25,1,step,75.5,-10,step,3,10,nan,nan,10,nan,nan,707.106672,0.0149930622,2.12033952e-05,0.999978797,707.091679,0,0.000141549506,0.000141549506,2.00181262e-07,20,0.349990845,/Users/chrisharing/Desktop/CCS_complex_coupled_systems/Repo/HardDisks/hspist3/experiments_energy_transfer/level2_fastdx_20260918/dx3/tr_9229.csv,20.0999908,19.75,1,"./00ALLINONE_ramp --mode=edmd --experiment=energy_transfer --headless --quiet --edmd-acc=0 --seed-drift-order=drift-first --energy-transfer-summary=experiments_energy_transfer/level2_fastdx_20260918/dx3/summary.csv --energy-transfer-trace=experiments_energy_transfer/level2_fastdx_20260918/dx3/tr_9229.csv --particles=100 --particles-boxes=50,50 --particle-radius=0.5 --l0=39.25 --height=10 --num-walls=1 --wall-positions=39.25 --wall-mass-factors=1000000000 --piston-right-protocol-mode=step --velocity-right-piston-step=10 --max-right-piston-travel=3 --auto-piston-step --wall-hold-steps=12000 --steps=12500 --fixed-dt=0.4 --energy-measurement --eff-output=wall-ke --kbt1 --seed=9229",9229
2026-09-18 13:26:07,energy_transfer,edmd,12500,12000,0.0166666669,39.25,10,100,0.5,nan,0.100050721,0.100050721,1,39.25,1e+09,50;50,1,0.0416666667,1,1,0.00999999978,100,1000,nan,39.25,1,step,75.5,-10,step,3,10,nan,nan,10,nan,nan,367.471721,0.00416641077,1.13380446e-05,0.999988662,367.467555,6.96987534e-09,4.04027924e-05,4.03958225e-05,1.09929064e-07,20,0.349990845,/Users/chrisharing/Desktop/CCS_complex_coupled_systems/Repo/HardDisks/hspist3/experiments_energy_transfer/level2_fastdx_20260918/dx3/tr_9234.csv,20.2999878,19.9499969,1,"./00ALLINONE_ramp --mode=edmd --experiment=energy_transfer --headless --quiet --edmd-acc=0 --seed-drift-order=drift-first --energy-transfer-summary=experiments_energy_transfer/level2_fastdx_20260918/dx3/summary.csv --energy-transfer-trace=experiments_energy_transfer/level2_fastdx_20260918/dx3/tr_9234.csv --particles=100 --particles-boxes=50,50 --particle-radius=0.5 --l0=39.25 --height=10 --num-walls=1 --wall-positions=39.25 --wall-mass-factors=1000000000 --piston-right-protocol-mode=step --velocity-right-piston-step=10 --max-right-piston-travel=3 --auto-piston-step --wall-hold-steps=12000 --steps=12500 --fixed-dt=0.4 --energy-measurement --eff-output=wall-ke --kbt1 --seed=9234",9234
2026-09-18 13:26:07,energy_transfer,edmd,12500,12000,0.0166666669,39.25,10,100,0.5,nan,0.100050721,0.100050721,1,39.25,1e+09,50;50,1,0.0416666667,1,1,0.00999999978,100,1000,nan,39.25,1,step,75.5,-10,step,3,10,nan,nan,10,nan,nan,646.046159,0.0123908622,1.91795308e-05,0.99998082,646.033768,0,0.000123961567,0.000123961567,1.9187726e-07,20,0.349990845,/Users/chrisharing/Desktop/CCS_complex_coupled_systems/Repo/HardDisks/hspist3/experiments_energy_transfer/level2_fastdx_20260918/dx3/tr_9232.csv,20.2333221,19.8833313,1,"./00ALLINONE_ramp --mode=edmd --experiment=energy_transfer --headless --quiet --edmd-acc=0 --seed-drift-order=drift-first --energy-transfer-summary=experiments_energy_transfer/level2_fastdx_20260918/dx3/summary.csv --energy-transfer-trace=experiments_energy_transfer/level2_fastdx_20260918/dx3/tr_9232.csv --particles=100 --particles-boxes=50,50 --particle-radius=0.5 --l0=39.25 --height=10 --num-walls=1 --wall-positions=39.25 --wall-mass-factors=1000000000 --piston-right-protocol-mode=step --velocity-right-piston-step=10 --max-right-piston-travel=3 --auto-piston-step --wall-hold-steps=12000 --steps=12500 --fixed-dt=0.4 --energy-measurement --eff-output=wall-ke --kbt1 --seed=9232",9232
2026-09-18 13:26:07,energy_transfer,edmd,12500,12000,0.0166666669,39.25,10,100,0.5,nan,0.100050721,0.100050721,1,39.25,1e+09,50;50,1,0.0416666667,1,1,0.00999999978,100,1000,nan,39.25,1,step,75.5,-10,step,3,10,nan,nan,10,nan,nan,532.990454,0.00872625969,1.63722626e-05,0.999983628,532.981728,5.00943553e-09,7.90384001e-05,7.90333907e-05,1.48282938e-07,20,0.349990845,/Users/chrisharing/Desktop/CCS_complex_coupled_systems/Repo/HardDisks/hspist3/experiments_energy_transfer/level2_fastdx_20260918/dx3/tr_9233.csv,19.0166626,18.6666718,1,"./00ALLINONE_ramp --mode=edmd --experiment=energy_transfer --headless --quiet --edmd-acc=0 --seed-drift-order=drift-first --energy-transfer-summary=experiments_energy_transfer/level2_fastdx_20260918/dx3/summary.csv --energy-transfer-trace=experiments_energy_transfer/level2_fastdx_20260918/dx3/tr_9233.csv --particles=100 --particles-boxes=50,50 --particle-radius=0.5 --l0=39.25 --height=10 --num-walls=1 --wall-positions=39.25 --wall-mass-factors=1000000000 --piston-right-protocol-mode=step --velocity-right-piston-step=10 --max-right-piston-travel=3 --auto-piston-step --wall-hold-steps=12000 --steps=12500 --fixed-dt=0.4 --energy-measurement --eff-output=wall-ke --kbt1 --seed=9233",9233
2026-09-18 13:26:07,energy_transfer,edmd,12500,12000,0.0166666669,39.25,10,100,0.5,nan,0.100050721,0.100050721,1,39.25,1e+09,50;50,1,0.0416666667,1,1,0.00999999978,100,1000,nan,39.25,1,step,75.5,-10,step,3,10,nan,nan,10,nan,nan,961.548257,0.027554119,2.86559918e-05,0.999971344,961.520703,1.21891808e-09,0.00026829532,0.000268294101,2.79023023e-07,20,0.349990845,/Users/chrisharing/Desktop/CCS_complex_coupled_systems/Repo/HardDisks/hspist3/experiments_energy_transfer/level2_fastdx_20260918/dx3/tr_9231.csv,19.9166565,19.5666656,1,"./00ALLINONE_ramp --mode=edmd --experiment=energy_transfer --headless --quiet --edmd-acc=0 --seed-drift-order=drift-first --energy-transfer-summary=experiments_energy_transfer/level2_fastdx_20260918/dx3/summary.csv --energy-transfer-trace=experiments_energy_transfer/level2_fastdx_20260918/dx3/tr_9231.csv --particles=100 --particles-boxes=50,50 --particle-radius=0.5 --l0=39.25 --height=10 --num-walls=1 --wall-positions=39.25 --wall-mass-factors=1000000000 --piston-right-protocol-mode=step --velocity-right-piston-step=10 --max-right-piston-travel=3 --auto-piston-step --wall-hold-steps=12000 --steps=12500 --fixed-dt=0.4 --energy-measurement --eff-output=wall-ke --kbt1 --seed=9231",9231
2026-09-18 13:26:07,energy_transfer,edmd,12500,12000,0.0166666669,39.25,10,100,0.5,nan,0.100050721,0.100050721,1,39.25,1e+09,50;50,1,0.0416666667,1,1,0.00999999978,100,1000,nan,39.25,1,step,75.5,-10,step,3,10,nan,nan,10,nan,nan,1222.55451,0.0441143736,3.60837682e-05,0.999963916,1222.5104,0,0.000478230184,0.000478230184,3.91172892e-07,20,0.349990845,/Users/chrisharing/Desktop/CCS_complex_coupled_systems/Repo/HardDisks/hspist3/experiments_energy_transfer/level2_fastdx_20260918/dx3/tr_9230.csv,20.1999969,19.8500061,1,"./00ALLINONE_ramp --mode=edmd --experiment=energy_transfer --headless --quiet --edmd-acc=0 --seed-drift-order=drift-first --energy-transfer-summary=experiments_energy_transfer/level2_fastdx_20260918/dx3/summary.csv --energy-transfer-trace=experiments_energy_transfer/level2_fastdx_20260918/dx3/tr_9230.csv --particles=100 --particles-boxes=50,50 --particle-radius=0.5 --l0=39.25 --height=10 --num-walls=1 --wall-positions=39.25 --wall-mass-factors=1000000000 --piston-right-protocol-mode=step --velocity-right-piston-step=10 --max-right-piston-travel=3 --auto-piston-step --wall-hold-steps=12000 --steps=12500 --fixed-dt=0.4 --energy-measurement --eff-output=wall-ke --kbt1 --seed=9230",9230
2026-09-18 13:26:07,energy_transfer,edmd,12500,12000,0.0166666669,39.25,10,100,0.5,nan,0.100050721,0.100050721,1,39.25,1e+09,50;50,1,0.0416666667,1,1,0.00999999978,100,1000,nan,39.25,1,step,75.5,-10,step,3,10,nan,nan,10,nan,nan,1008.29067,0.0302459858,2.99972881e-05,0.999970003,1008.26043,6.99105607e-10,0.000266590825,0.000266590126,2.64398088e-07,20,0.349990845,/Users/chrisharing/Desktop/CCS_complex_coupled_systems/Repo/HardDisks/hspist3/experiments_energy_transfer/level2_fastdx_20260918/dx3/tr_9235.csv,19.3166656,18.9666748,1,"./00ALLINONE_ramp --mode=edmd --experiment=energy_transfer --headless --quiet --edmd-acc=0 --seed-drift-order=drift-first --energy-transfer-summary=experiments_energy_transfer/level2_fastdx_20260918/dx3/summary.csv --energy-transfer-trace=experiments_energy_transfer/level2_fastdx_20260918/dx3/tr_9235.csv --particles=100 --particles-boxes=50,50 --particle-radius=0.5 --l0=39.25 --height=10 --num-walls=1 --wall-positions=39.25 --wall-mass-factors=1000000000 --piston-right-protocol-mode=step --velocity-right-piston-step=10 --max-right-piston-travel=3 --auto-piston-step --wall-hold-steps=12000 --steps=12500 --fixed-dt=0.4 --energy-measurement --eff-output=wall-ke --kbt1 --seed=9235",9235
2026-09-18 13:26:07,energy_transfer,edmd,12500,12000,0.0166666669,39.25,10,100,0.5,nan,0.100050721,0.100050721,1,39.25,1e+09,50;50,1,0.0416666667,1,1,0.00999999978,100,1000,nan,39.25,1,step,75.5,-10,step,3,10,nan,nan,10,nan,nan,798.985308,0.018986227,2.37629238e-05,0.999976237,798.966322,0,0.000203390824,0.000203390824,2.54561407e-07,20,0.349990845,/Users/chrisharing/Desktop/CCS_complex_coupled_systems/Repo/HardDisks/hspist3/experiments_energy_transfer/level2_fastdx_20260918/dx3/tr_9238.csv,20.1333313,19.7833405,1,"./00ALLINONE_ramp --mode=edmd --experiment=energy_transfer --headless --quiet --edmd-acc=0 --seed-drift-order=drift-first --energy-transfer-summary=experiments_energy_transfer/level2_fastdx_20260918/dx3/summary.csv --energy-transfer-trace=experiments_energy_transfer/level2_fastdx_20260918/dx3/tr_9238.csv --particles=100 --particles-boxes=50,50 --particle-radius=0.5 --l0=39.25 --height=10 --num-walls=1 --wall-positions=39.25 --wall-mass-factors=1000000000 --piston-right-protocol-mode=step --velocity-right-piston-step=10 --max-right-piston-travel=3 --auto-piston-step --wall-hold-steps=12000 --steps=12500 --fixed-dt=0.4 --energy-measurement --eff-output=wall-ke --kbt1 --seed=9238",9238
2026-09-18 13:26:07,energy_transfer,edmd,12500,12000,0.0166666669,39.25,10,100,0.5,nan,0.100050721,0.100050721,1,39.25,1e+09,50;50,1,0.0416666667,1,1,0.00999999978,100,1000,nan,39.25,1,step,75.5,-10,step,3,10,nan,nan,10,nan,nan,1063.08314,0.0330968201,3.11328615e-05,0.999968867,1063.05004,6.28725561e-09,0.000270558143,0.000270551856,2.54497363e-07,20,0.349990845,/Users/chrisharing/Desktop/CCS_complex_coupled_systems/Repo/HardDisks/hspist3/experiments_energy_transfer/level2_fastdx_20260918/dx3/tr_9236.csv,20.3499908,20,1,"./00ALLINONE_ramp --mode=edmd --experiment=energy_transfer --headless --quiet --edmd-acc=0 --seed-drift-order=drift-first --energy-transfer-summary=experiments_energy_transfer/level2_fastdx_20260918/dx3/summary.csv --energy-transfer-trace=experiments_energy_transfer/level2_fastdx_20260918/dx3/tr_9236.csv --particles=100 --particles-boxes=50,50 --particle-radius=0.5 --l0=39.25 --height=10 --num-walls=1 --wall-positions=39.25 --wall-mass-factors=1000000000 --piston-right-protocol-mode=step --velocity-right-piston-step=10 --max-right-piston-travel=3 --auto-piston-step --wall-hold-steps=12000 --steps=12500 --fixed-dt=0.4 --energy-measurement --eff-output=wall-ke --kbt1 --seed=9236",9236
2026-09-18 13:26:07,energy_transfer,edmd,12500,12000,0.0166666669,39.25,10,100,0.5,nan,0.100050721,0.100050721,1,39.25,1e+09,50;50,1,0.0416666667,1,1,0.00999999978,100,1000,nan,39.25,1,step,75.5,-10,step,3,10,nan,nan,10,nan,nan,963.70859,0.0275226254,2.85590745e-05,0.999971441,963.681067,0,0.00028801689,0.00028801689,2.98863052e-07,20,0.349990845,/Users/chrisharing/Desktop/CCS_complex_coupled_systems/Repo/HardDisks/hspist3/experiments_energy_transfer/level2_fastdx_20260918/dx3/tr_9237.csv,20.3166656,19.9666748,1,"./00ALLINONE_ramp --mode=edmd --experiment=energy_transfer --headless --quiet --edmd-acc=0 --seed-drift-order=drift-first --energy-transfer-summary=experiments_energy_transfer/level2_fastdx_20260918/dx3/summary.csv --energy-transfer-trace=experiments_energy_transfer/level2_fastdx_20260918/dx3/tr_9237.csv --particles=100 --particles-boxes=50,50 --particle-radius=0.5 --l0=39.25 --height=10 --num-walls=1 --wall-positions=39.25 --wall-mass-factors=1000000000 --piston-right-protocol-mode=step --velocity-right-piston-step=10 --max-right-piston-travel=3 --auto-piston-step --wall-hold-steps=12000 --steps=12500 --fixed-dt=0.4 --energy-measurement --eff-output=wall-ke --kbt1 --seed=9237",9237
2026-09-18 13:26:08,energy_transfer,edmd,12500,12000,0.0166666669,39.25,10,100,0.5,nan,0.100050721,0.100050721,1,39.25,1e+09,50;50,1,0.0416666667,1,1,0.00999999978,100,1000,nan,39.25,1,step,75.5,-10,step,3,10,nan,nan,10,nan,nan,650.885914,0.0124056153,1.90595848e-05,0.99998094,650.873509,0,0.000140323056,0.000140323056,2.15587791e-07,20,0.349990845,/Users/chrisharing/Desktop/CCS_complex_coupled_systems/Repo/HardDisks/hspist3/experiments_energy_transfer/level2_fastdx_20260918/dx3/tr_9241.csv,20.1166534,19.7666626,1,"./00ALLINONE_ramp --mode=edmd --experiment=energy_transfer --headless --quiet --edmd-acc=0 --seed-drift-order=drift-first --energy-transfer-summary=experiments_energy_transfer/level2_fastdx_20260918/dx3/summary.csv --energy-transfer-trace=experiments_energy_transfer/level2_fastdx_20260918/dx3/tr_9241.csv --particles=100 --particles-boxes=50,50 --particle-radius=0.5 --l0=39.25 --height=10 --num-walls=1 --wall-positions=39.25 --wall-mass-factors=1000000000 --piston-right-protocol-mode=step --velocity-right-piston-step=10 --max-right-piston-travel=3 --auto-piston-step --wall-hold-steps=12000 --steps=12500 --fixed-dt=0.4 --energy-measurement --eff-output=wall-ke --kbt1 --seed=9241",9241
2026-09-18 13:26:08,energy_transfer,edmd,12500,12000,0.0166666669,39.25,10,100,0.5,nan,0.100050721,0.100050721,1,39.25,1e+09,50;50,1,0.0416666667,1,1,0.00999999978,100,1000,nan,39.25,1,step,75.5,-10,step,3,10,nan,nan,10,nan,nan,667.162846,0.0130985891,1.96332713e-05,0.999980367,667.149747,6.21977181e-09,0.000130153814,0.000130147594,1.95076202e-07,20,0.349990845,/Users/chrisharing/Desktop/CCS_complex_coupled_systems/Repo/HardDisks/hspist3/experiments_energy_transfer/level2_fastdx_20260918/dx3/tr_9242.csv,19.5666656,19.2166748,1,"./00ALLINONE_ramp --mode=edmd --experiment=energy_transfer --headless --quiet --edmd-acc=0 --seed-drift-order=drift-first --energy-transfer-summary=experiments_energy_transfer/level2_fastdx_20260918/dx3/summary.csv --energy-transfer-trace=experiments_energy_transfer/level2_fastdx_20260918/dx3/tr_9242.csv --particles=100 --particles-boxes=50,50 --particle-radius=0.5 --l0=39.25 --height=10 --num-walls=1 --wall-positions=39.25 --wall-mass-factors=1000000000 --piston-right-protocol-mode=step --velocity-right-piston-step=10 --max-right-piston-travel=3 --auto-piston-step --wall-hold-steps=12000 --steps=12500 --fixed-dt=0.4 --energy-measurement --eff-output=wall-ke --kbt1 --seed=9242",9242
2026-09-18 13:26:08,energy_transfer,edmd,12500,12000,0.0166666669,39.25,10,100,0.5,nan,0.100050721,0.100050721,1,39.25,1e+09,50;50,1,0.0416666667,1,1,0.00999999978,100,1000,nan,39.25,1,step,75.5,-10,step,3,10,nan,nan,10,nan,nan,1052.85895,0.0329654776,3.13104406e-05,0.99996869,1052.82598,3.52053853e-09,0.000369939109,0.000369935589,3.51362915e-07,20,0.349990845,/Users/chrisharing/Desktop/CCS_complex_coupled_systems/Repo/HardDisks/hspist3/experiments_energy_transfer/level2_fastdx_20260918/dx3/tr_9239.csv,20.1833191,19.8333282,1,"./00ALLINONE_ramp --mode=edmd --experiment=energy_transfer --headless --quiet --edmd-acc=0 --seed-drift-order=drift-first --energy-transfer-summary=experiments_energy_transfer/level2_fastdx_20260918/dx3/summary.csv --energy-transfer-trace=experiments_energy_transfer/level2_fastdx_20260918/dx3/tr_9239.csv --particles=100 --particles-boxes=50,50 --particle-radius=0.5 --l0=39.25 --height=10 --num-walls=1 --wall-positions=39.25 --wall-mass-factors=1000000000 --piston-right-protocol-mode=step --velocity-right-piston-step=10 --max-right-piston-travel=3 --auto-piston-step --wall-hold-steps=12000 --steps=12500 --fixed-dt=0.4 --energy-measurement --eff-output=wall-ke --kbt1 --seed=9239",9239
2026-09-18 13:26:08,energy_transfer,edmd,12500,12000,0.0166666669,39.25,10,100,0.5,nan,0.100050721,0.100050721,1,39.25,1e+09,50;50,1,0.0416666667,1,1,0.00999999978,100,1000,nan,39.25,1,step,75.5,-10,step,3,10,nan,nan,10,nan,nan,649.023359,0.0129460925,1.99470363e-05,0.999980053,649.010413,0,0.000118132826,0.000118132826,1.82016293e-07,20,0.349990845,/Users/chrisharing/Desktop/CCS_complex_coupled_systems/Repo/HardDisks/hspist3/experiments_energy_transfer/level2_fastdx_20260918/dx3/tr_9246.csv,20.2499847,19.8999939,1,"./00ALLINONE_ramp --mode=edmd --experiment=energy_transfer --headless --quiet --edmd-acc=0 --seed-drift-order=drift-first --energy-transfer-summary=experiments_energy_transfer/level2_fastdx_20260918/dx3/summary.csv --energy-transfer-trace=experiments_energy_transfer/level2_fastdx_20260918/dx3/tr_9246.csv --particles=100 --particles-boxes=50,50 --particle-radius=0.5 --l0=39.25 --height=10 --num-walls=1 --wall-positions=39.25 --wall-mass-factors=1000000000 --piston-right-protocol-mode=step --velocity-right-piston-step=10 --max-right-piston-travel=3 --auto-piston-step --wall-hold-steps=12000 --steps=12500 --fixed-dt=0.4 --energy-measurement --eff-output=wall-ke --kbt1 --seed=9246",9246
2026-09-18 13:26:08,energy_transfer,edmd,12500,12000,0.0166666669,39.25,10,100,0.5,nan,0.100050721,0.100050721,1,39.25,1e+09,50;50,1,0.0416666667,1,1,0.00999999978,100,1000,nan,39.25,1,step,75.5,-10,step,3,10,nan,nan,10,nan,nan,892.820928,0.0244205985,2.73521798e-05,0.999972648,892.796507,1.40766565e-09,0.000253737933,0.000253736526,2.84196436e-07,20,0.349990845,/Users/chrisharing/Desktop/CCS_complex_coupled_systems/Repo/HardDisks/hspist3/experiments_energy_transfer/level2_fastdx_20260918/dx3/tr_9243.csv,20.2499847,19.8999939,1,"./00ALLINONE_ramp --mode=edmd --experiment=energy_transfer --headless --quiet --edmd-acc=0 --seed-drift-order=drift-first --energy-transfer-summary=experiments_energy_transfer/level2_fastdx_20260918/dx3/summary.csv --energy-transfer-trace=experiments_energy_transfer/level2_fastdx_20260918/dx3/tr_9243.csv --particles=100 --particles-boxes=50,50 --particle-radius=0.5 --l0=39.25 --height=10 --num-walls=1 --wall-positions=39.25 --wall-mass-factors=1000000000 --piston-right-protocol-mode=step --velocity-right-piston-step=10 --max-right-piston-travel=3 --auto-piston-step --wall-hold-steps=12000 --steps=12500 --fixed-dt=0.4 --energy-measurement --eff-output=wall-ke --kbt1 --seed=9243",9243
2026-09-18 13:26:08,energy_transfer,edmd,12500,12000,0.0166666669,39.25,10,100,0.5,nan,0.100050721,0.100050721,1,39.25,1e+09,50;50,1,0.0416666667,1,1,0.00999999978,100,1000,nan,39.25,1,step,75.5,-10,step,3,10,nan,nan,10,nan,nan,887.659725,0.0233458243,2.63004208e-05,0.9999737,887.636379,0,0.000231500613,0.000231500613,2.60798825e-07,20,0.349990845,/Users/chrisharing/Desktop/CCS_complex_coupled_systems/Repo/HardDisks/hspist3/experiments_energy_transfer/level2_fastdx_20260918/dx3/tr_9245.csv,19.7333221,19.3833313,1,"./00ALLINONE_ramp --mode=edmd --experiment=energy_transfer --headless --quiet --edmd-acc=0 --seed-drift-order=drift-first --energy-transfer-summary=experiments_energy_transfer/level2_fastdx_20260918/dx3/summary.csv --energy-transfer-trace=experiments_energy_transfer/level2_fastdx_20260918/dx3/tr_9245.csv --particles=100 --particles-boxes=50,50 --particle-radius=0.5 --l0=39.25 --height=10 --num-walls=1 --wall-positions=39.25 --wall-mass-factors=1000000000 --piston-right-protocol-mode=step --velocity-right-piston-step=10 --max-right-piston-travel=3 --auto-piston-step --wall-hold-steps=12000 --steps=12500 --fixed-dt=0.4 --energy-measurement --eff-output=wall-ke --kbt1 --seed=9245",9245
2026-09-18 13:26:08,energy_transfer,edmd,12500,12000,0.0166666669,39.25,10,100,0.5,nan,0.100050721,0.100050721,1,39.25,1e+09,50;50,1,0.0416666667,1,1,0.00999999978,100,1000,nan,39.25,1,step,75.5,-10,step,3,10,nan,nan,10,nan,nan,1303.22798,0.0493302047,3.78523216e-05,0.999962148,1303.17865,1.3318866e-08,0.000460970012,0.000460956693,3.53703802e-07,20,0.349990845,/Users/chrisharing/Desktop/CCS_complex_coupled_systems/Repo/HardDisks/hspist3/experiments_energy_transfer/level2_fastdx_20260918/dx3/tr_9240.csv,20.2666626,19.9166718,1,"./00ALLINONE_ramp --mode=edmd --experiment=energy_transfer --headless --quiet --edmd-acc=0 --seed-drift-order=drift-first --energy-transfer-summary=experiments_energy_transfer/level2_fastdx_20260918/dx3/summary.csv --energy-transfer-trace=experiments_energy_transfer/level2_fastdx_20260918/dx3/tr_9240.csv --particles=100 --particles-boxes=50,50 --particle-radius=0.5 --l0=39.25 --height=10 --num-walls=1 --wall-positions=39.25 --wall-mass-factors=1000000000 --piston-right-protocol-mode=step --velocity-right-piston-step=10 --max-right-piston-travel=3 --auto-piston-step --wall-hold-steps=12000 --steps=12500 --fixed-dt=0.4 --energy-measurement --eff-output=wall-ke --kbt1 --seed=9240",9240
2026-09-18 13:26:08,energy_transfer,edmd,12500,12000,0.0166666669,39.25,10,100,0.5,nan,0.100050721,0.100050721,1,39.25,1e+09,50;50,1,0.0416666667,1,1,0.00999999978,100,1000,nan,39.25,1,step,75.5,-10,step,3,10,nan,nan,10,nan,nan,770.827283,0.0178673752,2.31794794e-05,0.999976821,770.809416,0,0.000167765582,0.000167765582,2.17643544e-07,20,0.349990845,/Users/chrisharing/Desktop/CCS_complex_coupled_systems/Repo/HardDisks/hspist3/experiments_energy_transfer/level2_fastdx_20260918/dx3/tr_9248.csv,20.1999969,19.8500061,1,"./00ALLINONE_ramp --mode=edmd --experiment=energy_transfer --headless --quiet --edmd-acc=0 --seed-drift-order=drift-first --energy-transfer-summary=experiments_energy_transfer/level2_fastdx_20260918/dx3/summary.csv --energy-transfer-trace=experiments_energy_transfer/level2_fastdx_20260918/dx3/tr_9248.csv --particles=100 --particles-boxes=50,50 --particle-radius=0.5 --l0=39.25 --height=10 --num-walls=1 --wall-positions=39.25 --wall-mass-factors=1000000000 --piston-right-protocol-mode=step --velocity-right-piston-step=10 --max-right-piston-travel=3 --auto-piston-step --wall-hold-steps=12000 --steps=12500 --fixed-dt=0.4 --energy-measurement --eff-output=wall-ke --kbt1 --seed=9248",9248
2026-09-18 13:26:08,energy_transfer,edmd,12500,12000,0.0166666669,39.25,10,100,0.5,nan,0.100050721,0.100050721,1,39.25,1e+09,50;50,1,0.0416666667,1,1,0.00999999978,100,1000,nan,39.25,1,step,75.5,-10,step,3,10,nan,nan,10,nan,nan,941.178863,0.0261242297,2.77569235e-05,0.999972243,941.152738,3.26444249e-09,0.000275722734,0.000275719469,2.92951192e-07,20,0.349990845,/Users/chrisharing/Desktop/CCS_complex_coupled_systems/Repo/HardDisks/hspist3/experiments_energy_transfer/level2_fastdx_20260918/dx3/tr_9247.csv,19.6166534,19.2666626,1,"./00ALLINONE_ramp --mode=edmd --experiment=energy_transfer --headless --quiet --edmd-acc=0 --seed-drift-order=drift-first --energy-transfer-summary=experiments_energy_transfer/level2_fastdx_20260918/dx3/summary.csv --energy-transfer-trace=experiments_energy_transfer/level2_fastdx_20260918/dx3/tr_9247.csv --particles=100 --particles-boxes=50,50 --particle-radius=0.5 --l0=39.25 --height=10 --num-walls=1 --wall-positions=39.25 --wall-mass-factors=1000000000 --piston-right-protocol-mode=step --velocity-right-piston-step=10 --max-right-piston-travel=3 --auto-piston-step --wall-hold-steps=12000 --steps=12500 --fixed-dt=0.4 --energy-measurement --eff-output=wall-ke --kbt1 --seed=9247",9247
2026-09-18 13:26:08,energy_transfer,edmd,12500,12000,0.0166666669,39.25,10,100,0.5,nan,0.100050721,0.100050721,1,39.25,1e+09,50;50,1,0.0416666667,1,1,0.00999999978,100,1000,nan,39.25,1,step,75.5,-10,step,3,10,nan,nan,10,nan,nan,1401.05292,0.0584721938,4.17344647e-05,0.999958266,1400.99445,0,0.000609570823,0.000609570823,4.35080512e-07,20,0.349990845,/Users/chrisharing/Desktop/CCS_complex_coupled_systems/Repo/HardDisks/hspist3/experiments_energy_transfer/level2_fastdx_20260918/dx3/tr_9244.csv,20.0999908,19.75,1,"./00ALLINONE_ramp --mode=edmd --experiment=energy_transfer --headless --quiet --edmd-acc=0 --seed-drift-order=drift-first --energy-transfer-summary=experiments_energy_transfer/level2_fastdx_20260918/dx3/summary.csv --energy-transfer-trace=experiments_energy_transfer/level2_fastdx_20260918/dx3/tr_9244.csv --particles=100 --particles-boxes=50,50 --particle-radius=0.5 --l0=39.25 --height=10 --num-walls=1 --wall-positions=39.25 --wall-mass-factors=1000000000 --piston-right-protocol-mode=step --velocity-right-piston-step=10 --max-right-piston-travel=3 --auto-piston-step --wall-hold-steps=12000 --steps=12500 --fixed-dt=0.4 --energy-measurement --eff-output=wall-ke --kbt1 --seed=9244",9244
2026-09-18 13:26:08,energy_transfer,edmd,12500,12000,0.0166666669,39.25,10,100,0.5,nan,0.100050721,0.100050721,1,39.25,1e+09,50;50,1,0.0416666667,1,1,0.00999999978,100,1000,nan,39.25,1,step,75.5,-10,step,3,10,nan,nan,10,nan,nan,444.588507,0.00626451569,1.4090593e-05,0.999985909,444.582242,1.93588368e-09,5.77149949e-05,5.7713059e-05,1.29812305e-07,20,0.349990845,/Users/chrisharing/Desktop/CCS_complex_coupled_systems/Repo/HardDisks/hspist3/experiments_energy_transfer/level2_fastdx_20260918/dx3/tr_9254.csv,19.9833221,19.6333313,1,"./00ALLINONE_ramp --mode=edmd --experiment=energy_transfer --headless --quiet --edmd-acc=0 --seed-drift-order=drift-first --energy-transfer-summary=experiments_energy_transfer/level2_fastdx_20260918/dx3/summary.csv --energy-transfer-trace=experiments_energy_transfer/level2_fastdx_20260918/dx3/tr_9254.csv --particles=100 --particles-boxes=50,50 --particle-radius=0.5 --l0=39.25 --height=10 --num-walls=1 --wall-positions=39.25 --wall-mass-factors=1000000000 --piston-right-protocol-mode=step --velocity-right-piston-step=10 --max-right-piston-travel=3 --auto-piston-step --wall-hold-steps=12000 --steps=12500 --fixed-dt=0.4 --energy-measurement --eff-output=wall-ke --kbt1 --seed=9254",9254
2026-09-18 13:26:08,energy_transfer,edmd,12500,12000,0.0166666669,39.25,10,100,0.5,nan,0.100050721,0.100050721,1,39.25,1e+09,50;50,1,0.0416666667,1,1,0.00999999978,100,1000,nan,39.25,1,step,75.5,-10,step,3,10,nan,nan,10,nan,nan,791.826493,0.0188637152,2.38230413e-05,0.999976177,791.80763,2.49992516e-09,0.000190083796,0.000190081296,2.40054226e-07,20,0.349990845,/Users/chrisharing/Desktop/CCS_complex_coupled_systems/Repo/HardDisks/hspist3/experiments_energy_transfer/level2_fastdx_20260918/dx3/tr_9251.csv,20.1166534,19.7666626,1,"./00ALLINONE_ramp --mode=edmd --experiment=energy_transfer --headless --quiet --edmd-acc=0 --seed-drift-order=drift-first --energy-transfer-summary=experiments_energy_transfer/level2_fastdx_20260918/dx3/summary.csv --energy-transfer-trace=experiments_energy_transfer/level2_fastdx_20260918/dx3/tr_9251.csv --particles=100 --particles-boxes=50,50 --particle-radius=0.5 --l0=39.25 --height=10 --num-walls=1 --wall-positions=39.25 --wall-mass-factors=1000000000 --piston-right-protocol-mode=step --velocity-right-piston-step=10 --max-right-piston-travel=3 --auto-piston-step --wall-hold-steps=12000 --steps=12500 --fixed-dt=0.4 --energy-measurement --eff-output=wall-ke --kbt1 --seed=9251",9251
2026-09-18 13:26:08,energy_transfer,edmd,12500,12000,0.0166666669,39.25,10,100,0.5,nan,0.100050721,0.100050721,1,39.25,1e+09,50;50,1,0.0416666667,1,1,0.00999999978,100,1000,nan,39.25,1,step,75.5,-10,step,3,10,nan,nan,10,nan,nan,968.712612,0.0280622244,2.89685754e-05,0.999971031,968.68455,0,0.000280687091,0.000280687091,2.89752696e-07,20,0.349990845,/Users/chrisharing/Desktop/CCS_complex_coupled_systems/Repo/HardDisks/hspist3/experiments_energy_transfer/level2_fastdx_20260918/dx3/tr_9249.csv,19.4999847,19.1499939,1,"./00ALLINONE_ramp --mode=edmd --experiment=energy_transfer --headless --quiet --edmd-acc=0 --seed-drift-order=drift-first --energy-transfer-summary=experiments_energy_transfer/level2_fastdx_20260918/dx3/summary.csv --energy-transfer-trace=experiments_energy_transfer/level2_fastdx_20260918/dx3/tr_9249.csv --particles=100 --particles-boxes=50,50 --particle-radius=0.5 --l0=39.25 --height=10 --num-walls=1 --wall-positions=39.25 --wall-mass-factors=1000000000 --piston-right-protocol-mode=step --velocity-right-piston-step=10 --max-right-piston-travel=3 --auto-piston-step --wall-hold-steps=12000 --steps=12500 --fixed-dt=0.4 --energy-measurement --eff-output=wall-ke --kbt1 --seed=9249",9249
2026-09-18 13:26:08,energy_transfer,edmd,12500,12000,0.0166666669,39.25,10,100,0.5,nan,0.100050721,0.100050721,1,39.25,1e+09,50;50,1,0.0416666667,1,1,0.00999999978,100,1000,nan,39.25,1,step,75.5,-10,step,3,10,nan,nan,10,nan,nan,423.263283,0.00539902085,1.27557033e-05,0.999987244,423.257884,0,5.8300775e-05,5.8300775e-05,1.37741159e-07,20,0.349990845,/Users/chrisharing/Desktop/CCS_complex_coupled_systems/Repo/HardDisks/hspist3/experiments_energy_transfer/level2_fastdx_20260918/dx3/tr_9258.csv,19.8999939,19.5500031,1,"./00ALLINONE_ramp --mode=edmd --experiment=energy_transfer --headless --quiet --edmd-acc=0 --seed-drift-order=drift-first --energy-transfer-summary=experiments_energy_transfer/level2_fastdx_20260918/dx3/summary.csv --energy-transfer-trace=experiments_energy_transfer/level2_fastdx_20260918/dx3/tr_9258.csv --particles=100 --particles-boxes=50,50 --particle-radius=0.5 --l0=39.25 --height=10 --num-walls=1 --wall-positions=39.25 --wall-mass-factors=1000000000 --piston-right-protocol-mode=step --velocity-right-piston-step=10 --max-right-piston-travel=3 --auto-piston-step --wall-hold-steps=12000 --steps=12500 --fixed-dt=0.4 --energy-measurement --eff-output=wall-ke --kbt1 --seed=9258",9258
2026-09-18 13:26:08,energy_transfer,edmd,12500,12000,0.0166666669,39.25,10,100,0.5,nan,0.100050721,0.100050721,1,39.25,1e+09,50;50,1,0.0416666667,1,1,0.00999999978,100,1000,nan,39.25,1,step,75.5,-10,step,3,10,nan,nan,10,nan,nan,759.621829,0.0173550323,2.28469373e-05,0.999977153,759.604474,6.30336938e-09,0.000168465747,0.000168459444,2.21767513e-07,20,0.349990845,/Users/chrisharing/Desktop/CCS_complex_coupled_systems/Repo/HardDisks/hspist3/experiments_energy_transfer/level2_fastdx_20260918/dx3/tr_9253.csv,20.3333282,19.9833374,1,"./00ALLINONE_ramp --mode=edmd --experiment=energy_transfer --headless --quiet --edmd-acc=0 --seed-drift-order=drift-first --energy-transfer-summary=experiments_energy_transfer/level2_fastdx_20260918/dx3/summary.csv --energy-transfer-trace=experiments_energy_transfer/level2_fastdx_20260918/dx3/tr_9253.csv --particles=100 --particles-boxes=50,50 --particle-radius=0.5 --l0=39.25 --height=10 --num-walls=1 --wall-positions=39.25 --wall-mass-factors=1000000000 --piston-right-protocol-mode=step --velocity-right-piston-step=10 --max-right-piston-travel=3 --auto-piston-step --wall-hold-steps=12000 --steps=12500 --fixed-dt=0.4 --energy-measurement --eff-output=wall-ke --kbt1 --seed=9253",9253
2026-09-18 13:26:08,energy_transfer,edmd,12500,12000,0.0166666669,39.25,10,100,0.5,nan,0.100050721,0.100050721,1,39.25,1e+09,50;50,1,0.0416666667,1,1,0.00999999978,100,1000,nan,39.25,1,step,75.5,-10,step,3,10,nan,nan,10,nan,nan,713.771816,0.0144497175,2.02441693e-05,0.999979756,713.757366,0,0.000140535674,0.000140535674,1.96891599e-07,20,0.349990845,/Users/chrisharing/Desktop/CCS_complex_coupled_systems/Repo/HardDisks/hspist3/experiments_energy_transfer/level2_fastdx_20260918/dx3/tr_9256.csv,20.3499908,20,1,"./00ALLINONE_ramp --mode=edmd --experiment=energy_transfer --headless --quiet --edmd-acc=0 --seed-drift-order=drift-first --energy-transfer-summary=experiments_energy_transfer/level2_fastdx_20260918/dx3/summary.csv --energy-transfer-trace=experiments_energy_transfer/level2_fastdx_20260918/dx3/tr_9256.csv --particles=100 --particles-boxes=50,50 --particle-radius=0.5 --l0=39.25 --height=10 --num-walls=1 --wall-positions=39.25 --wall-mass-factors=1000000000 --piston-right-protocol-mode=step --velocity-right-piston-step=10 --max-right-piston-travel=3 --auto-piston-step --wall-hold-steps=12000 --steps=12500 --fixed-dt=0.4 --energy-measurement --eff-output=wall-ke --kbt1 --seed=9256",9256
2026-09-18 13:26:08,energy_transfer,edmd,12500,12000,0.0166666669,39.25,10,100,0.5,nan,0.100050721,0.100050721,1,39.25,1e+09,50;50,1,0.0416666667,1,1,0.00999999978,100,1000,nan,39.25,1,step,75.5,-10,step,3,10,nan,nan,10,nan,nan,1228.72116,0.0459500477,3.73966439e-05,0.999962603,1228.67521,0,0.000465888181,0.000465888181,3.791651e-07,20,0.349990845,/Users/chrisharing/Desktop/CCS_complex_coupled_systems/Repo/HardDisks/hspist3/experiments_energy_transfer/level2_fastdx_20260918/dx3/tr_9250.csv,20.1499939,19.8000031,1,"./00ALLINONE_ramp --mode=edmd --experiment=energy_transfer --headless --quiet --edmd-acc=0 --seed-drift-order=drift-first --energy-transfer-summary=experiments_energy_transfer/level2_fastdx_20260918/dx3/summary.csv --energy-transfer-trace=experiments_energy_transfer/level2_fastdx_20260918/dx3/tr_9250.csv --particles=100 --particles-boxes=50,50 --particle-radius=0.5 --l0=39.25 --height=10 --num-walls=1 --wall-positions=39.25 --wall-mass-factors=1000000000 --piston-right-protocol-mode=step --velocity-right-piston-step=10 --max-right-piston-travel=3 --auto-piston-step --wall-hold-steps=12000 --steps=12500 --fixed-dt=0.4 --energy-measurement --eff-output=wall-ke --kbt1 --seed=9250",9250
2026-09-18 13:26:08,energy_transfer,edmd,12500,12000,0.0166666669,39.25,10,100,0.5,nan,0.100050721,0.100050721,1,39.25,1e+09,50;50,1,0.0416666667,1,1,0.00999999978,100,1000,nan,39.25,1,step,75.5,-10,step,3,10,nan,nan,10,nan,nan,1254.72451,0.0470289923,3.74815284e-05,0.999962518,1254.67748,0,0.000522286748,0.000522286748,4.16256113e-07,20,0.349990845,/Users/chrisharing/Desktop/CCS_complex_coupled_systems/Repo/HardDisks/hspist3/experiments_energy_transfer/level2_fastdx_20260918/dx3/tr_9252.csv,20.3166656,19.9666748,1,"./00ALLINONE_ramp --mode=edmd --experiment=energy_transfer --headless --quiet --edmd-acc=0 --seed-drift-order=drift-first --energy-transfer-summary=experiments_energy_transfer/level2_fastdx_20260918/dx3/summary.csv --energy-transfer-trace=experiments_energy_transfer/level2_fastdx_20260918/dx3/tr_9252.csv --particles=100 --particles-boxes=50,50 --particle-radius=0.5 --l0=39.25 --height=10 --num-walls=1 --wall-positions=39.25 --wall-mass-factors=1000000000 --piston-right-protocol-mode=step --velocity-right-piston-step=10 --max-right-piston-travel=3 --auto-piston-step --wall-hold-steps=12000 --steps=12500 --fixed-dt=0.4 --energy-measurement --eff-output=wall-ke --kbt1 --seed=9252",9252
2026-09-18 13:26:08,energy_transfer,edmd,12500,12000,0.0166666669,39.25,10,100,0.5,nan,0.100050721,0.100050721,1,39.25,1e+09,50;50,1,0.0416666667,1,1,0.00999999978,100,1000,nan,39.25,1,step,75.5,-10,step,3,10,nan,nan,10,nan,nan,922.35513,0.0255138054,2.76615857e-05,0.999972338,922.329616,0,0.000250513171,0.000250513171,2.71601645e-07,20,0.349990845,/Users/chrisharing/Desktop/CCS_complex_coupled_systems/Repo/HardDisks/hspist3/experiments_energy_transfer/level2_fastdx_20260918/dx3/tr_9255.csv,19.9833221,19.6333313,1,"./00ALLINONE_ramp --mode=edmd --experiment=energy_transfer --headless --quiet --edmd-acc=0 --seed-drift-order=drift-first --energy-transfer-summary=experiments_energy_transfer/level2_fastdx_20260918/dx3/summary.csv --energy-transfer-trace=experiments_energy_transfer/level2_fastdx_20260918/dx3/tr_9255.csv --particles=100 --particles-boxes=50,50 --particle-radius=0.5 --l0=39.25 --height=10 --num-walls=1 --wall-positions=39.25 --wall-mass-factors=1000000000 --piston-right-protocol-mode=step --velocity-right-piston-step=10 --max-right-piston-travel=3 --auto-piston-step --wall-hold-steps=12000 --steps=12500 --fixed-dt=0.4 --energy-measurement --eff-output=wall-ke --kbt1 --seed=9255",9255
2026-09-18 13:26:08,energy_transfer,edmd,12500,12000,0.0166666669,39.25,10,100,0.5,nan,0.100050721,0.100050721,1,39.25,1e+09,50;50,1,0.0416666667,1,1,0.00999999978,100,1000,nan,39.25,1,step,75.5,-10,step,3,10,nan,nan,10,nan,nan,1064.11414,0.0340316929,3.1981243e-05,0.999968019,1064.08011,0,0.000309269089,0.000309269089,2.9063526e-07,20,0.349990845,/Users/chrisharing/Desktop/CCS_complex_coupled_systems/Repo/HardDisks/hspist3/experiments_energy_transfer/level2_fastdx_20260918/dx3/tr_9257.csv,20.2166595,19.8666687,1,"./00ALLINONE_ramp --mode=edmd --experiment=energy_transfer --headless --quiet --edmd-acc=0 --seed-drift-order=drift-first --energy-transfer-summary=experiments_energy_transfer/level2_fastdx_20260918/dx3/summary.csv --energy-transfer-trace=experiments_energy_transfer/level2_fastdx_20260918/dx3/tr_9257.csv --particles=100 --particles-boxes=50,50 --particle-radius=0.5 --l0=39.25 --height=10 --num-walls=1 --wall-positions=39.25 --wall-mass-factors=1000000000 --piston-right-protocol-mode=step --velocity-right-piston-step=10 --max-right-piston-travel=3 --auto-piston-step --wall-hold-steps=12000 --steps=12500 --fixed-dt=0.4 --energy-measurement --eff-output=wall-ke --kbt1 --seed=9257",9257
2026-09-18 13:26:08,energy_transfer,edmd,12500,12000,0.0166666669,39.25,10,100,0.5,nan,0.100050721,0.100050721,1,39.25,1e+09,50;50,1,0.0416666667,1,1,0.00999999978,100,1000,nan,39.25,1,step,75.5,-10,step,3,10,nan,nan,10,nan,nan,618.14593,0.0113635426,1.83832686e-05,0.999981617,618.134566,0,0.000121021076,0.000121021076,1.95780753e-07,20,0.349990845,/Users/chrisharing/Desktop/CCS_complex_coupled_systems/Repo/HardDisks/hspist3/experiments_energy_transfer/level2_fastdx_20260918/dx3/tr_9259.csv,20.0333252,19.6833344,1,"./00ALLINONE_ramp --mode=edmd --experiment=energy_transfer --headless --quiet --edmd-acc=0 --seed-drift-order=drift-first --energy-transfer-summary=experiments_energy_transfer/level2_fastdx_20260918/dx3/summary.csv --energy-transfer-trace=experiments_energy_transfer/level2_fastdx_20260918/dx3/tr_9259.csv --particles=100 --particles-boxes=50,50 --particle-radius=0.5 --l0=39.25 --height=10 --num-walls=1 --wall-positions=39.25 --wall-mass-factors=1000000000 --piston-right-protocol-mode=step --velocity-right-piston-step=10 --max-right-piston-travel=3 --auto-piston-step --wall-hold-steps=12000 --steps=12500 --fixed-dt=0.4 --energy-measurement --eff-output=wall-ke --kbt1 --seed=9259",9259
2026-09-18 13:26:08,energy_transfer,edmd,12500,12000,0.0166666669,39.25,10,100,0.5,nan,0.100050721,0.100050721,1,39.25,1e+09,50;50,1,0.0416666667,1,1,0.00999999978,100,1000,nan,39.25,1,step,75.5,-10,step,3,10,nan,nan,10,nan,nan,190.135735,0.00113900506,5.99048393e-06,0.99999401,190.134596,0,1.48811505e-05,1.48811505e-05,7.8265932e-08,20,0.349990845,/Users/chrisharing/Desktop/CCS_complex_coupled_systems/Repo/HardDisks/hspist3/experiments_energy_transfer/level2_fastdx_20260918/dx3/tr_9268.csv,20.0666656,19.7166748,1,"./00ALLINONE_ramp --mode=edmd --experiment=energy_transfer --headless --quiet --edmd-acc=0 --seed-drift-order=drift-first --energy-transfer-summary=experiments_energy_transfer/level2_fastdx_20260918/dx3/summary.csv --energy-transfer-trace=experiments_energy_transfer/level2_fastdx_20260918/dx3/tr_9268.csv --particles=100 --particles-boxes=50,50 --particle-radius=0.5 --l0=39.25 --height=10 --num-walls=1 --wall-positions=39.25 --wall-mass-factors=1000000000 --piston-right-protocol-mode=step --velocity-right-piston-step=10 --max-right-piston-travel=3 --auto-piston-step --wall-hold-steps=12000 --steps=12500 --fixed-dt=0.4 --energy-measurement --eff-output=wall-ke --kbt1 --seed=9268",9268
2026-09-18 13:26:08,energy_transfer,edmd,12500,12000,0.0166666669,39.25,10,100,0.5,nan,0.100050721,0.100050721,1,39.25,1e+09,50;50,1,0.0416666667,1,1,0.00999999978,100,1000,nan,39.25,1,step,75.5,-10,step,3,10,nan,nan,10,nan,nan,420.224041,0.0052529606,1.2500381e-05,0.9999875,420.218788,0,4.72940701e-05,4.72940701e-05,1.12544894e-07,20,0.349990845,/Users/chrisharing/Desktop/CCS_complex_coupled_systems/Repo/HardDisks/hspist3/experiments_energy_transfer/level2_fastdx_20260918/dx3/tr_9264.csv,18.6333313,18.2833405,1,"./00ALLINONE_ramp --mode=edmd --experiment=energy_transfer --headless --quiet --edmd-acc=0 --seed-drift-order=drift-first --energy-transfer-summary=experiments_energy_transfer/level2_fastdx_20260918/dx3/summary.csv --energy-transfer-trace=experiments_energy_transfer/level2_fastdx_20260918/dx3/tr_9264.csv --particles=100 --particles-boxes=50,50 --particle-radius=0.5 --l0=39.25 --height=10 --num-walls=1 --wall-positions=39.25 --wall-mass-factors=1000000000 --piston-right-protocol-mode=step --velocity-right-piston-step=10 --max-right-piston-travel=3 --auto-piston-step --wall-hold-steps=12000 --steps=12500 --fixed-dt=0.4 --energy-measurement --eff-output=wall-ke --kbt1 --seed=9264",9264
2026-09-18 13:26:08,energy_transfer,edmd,12500,12000,0.0166666669,39.25,10,100,0.5,nan,0.100050721,0.100050721,1,39.25,1e+09,50;50,1,0.0416666667,1,1,0.00999999978,100,1000,nan,39.25,1,step,75.5,-10,step,3,10,nan,nan,10,nan,nan,687.143733,0.0142872445,2.07922213e-05,0.999979208,687.129446,0,0.000135269962,0.000135269962,1.96858322e-07,20,0.349990845,/Users/chrisharing/Desktop/CCS_complex_coupled_systems/Repo/HardDisks/hspist3/experiments_energy_transfer/level2_fastdx_20260918/dx3/tr_9260.csv,20.1333313,19.7833405,1,"./00ALLINONE_ramp --mode=edmd --experiment=energy_transfer --headless --quiet --edmd-acc=0 --seed-drift-order=drift-first --energy-transfer-summary=experiments_energy_transfer/level2_fastdx_20260918/dx3/summary.csv --energy-transfer-trace=experiments_energy_transfer/level2_fastdx_20260918/dx3/tr_9260.csv --particles=100 --particles-boxes=50,50 --particle-radius=0.5 --l0=39.25 --height=10 --num-walls=1 --wall-positions=39.25 --wall-mass-factors=1000000000 --piston-right-protocol-mode=step --velocity-right-piston-step=10 --max-right-piston-travel=3 --auto-piston-step --wall-hold-steps=12000 --steps=12500 --fixed-dt=0.4 --energy-measurement --eff-output=wall-ke --kbt1 --seed=9260",9260
2026-09-18 13:26:08,energy_transfer,edmd,12500,12000,0.0166666669,39.25,10,100,0.5,nan,0.100050721,0.100050721,1,39.25,1e+09,50;50,1,0.0416666667,1,1,0.00999999978,100,1000,nan,39.25,1,step,75.5,-10,step,3,10,nan,nan,10,nan,nan,774.541035,0.0184349921,2.38011819e-05,0.999976199,774.5226,0,0.000198439317,0.000198439317,2.56202457e-07,20,0.349990845,/Users/chrisharing/Desktop/CCS_complex_coupled_systems/Repo/HardDisks/hspist3/experiments_energy_transfer/level2_fastdx_20260918/dx3/tr_9262.csv,20.3499908,20,1,"./00ALLINONE_ramp --mode=edmd --experiment=energy_transfer --headless --quiet --edmd-acc=0 --seed-drift-order=drift-first --energy-transfer-summary=experiments_energy_transfer/level2_fastdx_20260918/dx3/summary.csv --energy-transfer-trace=experiments_energy_transfer/level2_fastdx_20260918/dx3/tr_9262.csv --particles=100 --particles-boxes=50,50 --particle-radius=0.5 --l0=39.25 --height=10 --num-walls=1 --wall-positions=39.25 --wall-mass-factors=1000000000 --piston-right-protocol-mode=step --velocity-right-piston-step=10 --max-right-piston-travel=3 --auto-piston-step --wall-hold-steps=12000 --steps=12500 --fixed-dt=0.4 --energy-measurement --eff-output=wall-ke --kbt1 --seed=9262",9262
2026-09-18 13:26:08,energy_transfer,edmd,12500,12000,0.0166666669,39.25,10,100,0.5,nan,0.100050721,0.100050721,1,39.25,1e+09,50;50,1,0.0416666667,1,1,0.00999999978,100,1000,nan,39.25,1,step,75.5,-10,step,3,10,nan,nan,10,nan,nan,1099.26902,0.036621552,3.33144584e-05,0.999966686,1099.2324,9.14666742e-09,0.000333393895,0.000333384748,3.03278581e-07,20,0.349990845,/Users/chrisharing/Desktop/CCS_complex_coupled_systems/Repo/HardDisks/hspist3/experiments_energy_transfer/level2_fastdx_20260918/dx3/tr_9261.csv,20.3333282,19.9833374,1,"./00ALLINONE_ramp --mode=edmd --experiment=energy_transfer --headless --quiet --edmd-acc=0 --seed-drift-order=drift-first --energy-transfer-summary=experiments_energy_transfer/level2_fastdx_20260918/dx3/summary.csv --energy-transfer-trace=experiments_energy_transfer/level2_fastdx_20260918/dx3/tr_9261.csv --particles=100 --particles-boxes=50,50 --particle-radius=0.5 --l0=39.25 --height=10 --num-walls=1 --wall-positions=39.25 --wall-mass-factors=1000000000 --piston-right-protocol-mode=step --velocity-right-piston-step=10 --max-right-piston-travel=3 --auto-piston-step --wall-hold-steps=12000 --steps=12500 --fixed-dt=0.4 --energy-measurement --eff-output=wall-ke --kbt1 --seed=9261",9261
2026-09-18 13:26:08,energy_transfer,edmd,12500,12000,0.0166666669,39.25,10,100,0.5,nan,0.100050721,0.100050721,1,39.25,1e+09,50;50,1,0.0416666667,1,1,0.00999999978,100,1000,nan,39.25,1,step,75.5,-10,step,3,10,nan,nan,10,nan,nan,987.602073,0.0286079906,2.89671229e-05,0.999971033,987.573465,3.11273451e-09,0.000281746296,0.000281743183,2.85280064e-07,20,0.349990845,/Users/chrisharing/Desktop/CCS_complex_coupled_systems/Repo/HardDisks/hspist3/experiments_energy_transfer/level2_fastdx_20260918/dx3/tr_9263.csv,20.2333221,19.8833313,1,"./00ALLINONE_ramp --mode=edmd --experiment=energy_transfer --headless --quiet --edmd-acc=0 --seed-drift-order=drift-first --energy-transfer-summary=experiments_energy_transfer/level2_fastdx_20260918/dx3/summary.csv --energy-transfer-trace=experiments_energy_transfer/level2_fastdx_20260918/dx3/tr_9263.csv --particles=100 --particles-boxes=50,50 --particle-radius=0.5 --l0=39.25 --height=10 --num-walls=1 --wall-positions=39.25 --wall-mass-factors=1000000000 --piston-right-protocol-mode=step --velocity-right-piston-step=10 --max-right-piston-travel=3 --auto-piston-step --wall-hold-steps=12000 --steps=12500 --fixed-dt=0.4 --energy-measurement --eff-output=wall-ke --kbt1 --seed=9263",9263
2026-09-18 13:26:08,energy_transfer,edmd,12500,12000,0.0166666669,39.25,10,100,0.5,nan,0.100050721,0.100050721,1,39.25,1e+09,50;50,1,0.0416666667,1,1,0.00999999978,100,1000,nan,39.25,1,step,75.5,-10,step,3,10,nan,nan,10,nan,nan,820.220455,0.0195067599,2.37823378e-05,0.999976218,820.200948,0,0.000209547652,0.000209547652,2.55477233e-07,20,0.349990845,/Users/chrisharing/Desktop/CCS_complex_coupled_systems/Repo/HardDisks/hspist3/experiments_energy_transfer/level2_fastdx_20260918/dx3/tr_9267.csv,20.0499878,19.6999969,1,"./00ALLINONE_ramp --mode=edmd --experiment=energy_transfer --headless --quiet --edmd-acc=0 --seed-drift-order=drift-first --energy-transfer-summary=experiments_energy_transfer/level2_fastdx_20260918/dx3/summary.csv --energy-transfer-trace=experiments_energy_transfer/level2_fastdx_20260918/dx3/tr_9267.csv --particles=100 --particles-boxes=50,50 --particle-radius=0.5 --l0=39.25 --height=10 --num-walls=1 --wall-positions=39.25 --wall-mass-factors=1000000000 --piston-right-protocol-mode=step --velocity-right-piston-step=10 --max-right-piston-travel=3 --auto-piston-step --wall-hold-steps=12000 --steps=12500 --fixed-dt=0.4 --energy-measurement --eff-output=wall-ke --kbt1 --seed=9267",9267
2026-09-18 13:26:08,energy_transfer,edmd,12500,12000,0.0166666669,39.25,10,100,0.5,nan,0.100050721,0.100050721,1,39.25,1e+09,50;50,1,0.0416666667,1,1,0.00999999978,100,1000,nan,39.25,1,step,75.5,-10,step,3,10,nan,nan,10,nan,nan,1244.53685,0.0485081002,3.89768293e-05,0.999961023,1244.48834,5.44216627e-09,0.000560119865,0.000560114422,4.50058529e-07,20,0.349990845,/Users/chrisharing/Desktop/CCS_complex_coupled_systems/Repo/HardDisks/hspist3/experiments_energy_transfer/level2_fastdx_20260918/dx3/tr_9265.csv,20.2833252,19.9333344,1,"./00ALLINONE_ramp --mode=edmd --experiment=energy_transfer --headless --quiet --edmd-acc=0 --seed-drift-order=drift-first --energy-transfer-summary=experiments_energy_transfer/level2_fastdx_20260918/dx3/summary.csv --energy-transfer-trace=experiments_energy_transfer/level2_fastdx_20260918/dx3/tr_9265.csv --particles=100 --particles-boxes=50,50 --particle-radius=0.5 --l0=39.25 --height=10 --num-walls=1 --wall-positions=39.25 --wall-mass-factors=1000000000 --piston-right-protocol-mode=step --velocity-right-piston-step=10 --max-right-piston-travel=3 --auto-piston-step --wall-hold-steps=12000 --steps=12500 --fixed-dt=0.4 --energy-measurement --eff-output=wall-ke --kbt1 --seed=9265",9265
2026-09-18 13:26:08,energy_transfer,edmd,12500,12000,0.0166666669,39.25,10,100,0.5,nan,0.100050721,0.100050721,1,39.25,1e+09,50;50,1,0.0416666667,1,1,0.00999999978,100,1000,nan,39.25,1,step,75.5,-10,step,3,10,nan,nan,10,nan,nan,1242.65944,0.0476595946,3.83529011e-05,0.999961647,1242.61178,0,0.000538935419,0.000538935419,4.33695188e-07,20,0.349990845,/Users/chrisharing/Desktop/CCS_complex_coupled_systems/Repo/HardDisks/hspist3/experiments_energy_transfer/level2_fastdx_20260918/dx3/tr_9266.csv,20.2833252,19.9333344,1,"./00ALLINONE_ramp --mode=edmd --experiment=energy_transfer --headless --quiet --edmd-acc=0 --seed-drift-order=drift-first --energy-transfer-summary=experiments_energy_transfer/level2_fastdx_20260918/dx3/summary.csv --energy-transfer-trace=experiments_energy_transfer/level2_fastdx_20260918/dx3/tr_9266.csv --particles=100 --particles-boxes=50,50 --particle-radius=0.5 --l0=39.25 --height=10 --num-walls=1 --wall-positions=39.25 --wall-mass-factors=1000000000 --piston-right-protocol-mode=step --velocity-right-piston-step=10 --max-right-piston-travel=3 --auto-piston-step --wall-hold-steps=12000 --steps=12500 --fixed-dt=0.4 --energy-measurement --eff-output=wall-ke --kbt1 --seed=9266",9266
2026-09-18 13:26:09,energy_transfer,edmd,12500,12000,0.0166666669,39.25,10,100,0.5,nan,0.100050721,0.100050721,1,39.25,1e+09,50;50,1,0.0416666667,1,1,0.00999999978,100,1000,nan,39.25,1,step,75.5,-10,step,3,10,nan,nan,10,nan,nan,780.29773,0.0182320047,2.33654463e-05,0.999976635,780.279498,1.02853226e-09,0.000183945987,0.000183944959,2.35736888e-07,20,0.349990845,/Users/chrisharing/Desktop/CCS_complex_coupled_systems/Repo/HardDisks/hspist3/experiments_energy_transfer/level2_fastdx_20260918/dx3/tr_9270.csv,20.2499847,19.8999939,1,"./00ALLINONE_ramp --mode=edmd --experiment=energy_transfer --headless --quiet --edmd-acc=0 --seed-drift-order=drift-first --energy-transfer-summary=experiments_energy_transfer/level2_fastdx_20260918/dx3/summary.csv --energy-transfer-trace=experiments_energy_transfer/level2_fastdx_20260918/dx3/tr_9270.csv --particles=100 --particles-boxes=50,50 --particle-radius=0.5 --l0=39.25 --height=10 --num-walls=1 --wall-positions=39.25 --wall-mass-factors=1000000000 --piston-right-protocol-mode=step --velocity-right-piston-step=10 --max-right-piston-travel=3 --auto-piston-step --wall-hold-steps=12000 --steps=12500 --fixed-dt=0.4 --energy-measurement --eff-output=wall-ke --kbt1 --seed=9270",9270
2026-09-18 13:26:09,energy_transfer,edmd,12500,12000,0.0166666669,39.25,10,100,0.5,nan,0.100050721,0.100050721,1,39.25,1e+09,50;50,1,0.0416666667,1,1,0.00999999978,100,1000,nan,39.25,1,step,75.5,-10,step,3,10,nan,nan,10,nan,nan,774.005937,0.0179554895,2.31981288e-05,0.999976802,773.987982,0,0.000159787451,0.000159787451,2.06442151e-07,20,0.349990845,/Users/chrisharing/Desktop/CCS_complex_coupled_systems/Repo/HardDisks/hspist3/experiments_energy_transfer/level2_fastdx_20260918/dx3/tr_9272.csv,20.3333282,19.9833374,1,"./00ALLINONE_ramp --mode=edmd --experiment=energy_transfer --headless --quiet --edmd-acc=0 --seed-drift-order=drift-first --energy-transfer-summary=experiments_energy_transfer/level2_fastdx_20260918/dx3/summary.csv --energy-transfer-trace=experiments_energy_transfer/level2_fastdx_20260918/dx3/tr_9272.csv --particles=100 --particles-boxes=50,50 --particle-radius=0.5 --l0=39.25 --height=10 --num-walls=1 --wall-positions=39.25 --wall-mass-factors=1000000000 --piston-right-protocol-mode=step --velocity-right-piston-step=10 --max-right-piston-travel=3 --auto-piston-step --wall-hold-steps=12000 --steps=12500 --fixed-dt=0.4 --energy-measurement --eff-output=wall-ke --kbt1 --seed=9272",9272
2026-09-18 13:26:09,energy_transfer,edmd,12500,12000,0.0166666669,39.25,10,100,0.5,nan,0.100050721,0.100050721,1,39.25,1e+09,50;50,1,0.0416666667,1,1,0.00999999978,100,1000,nan,39.25,1,step,75.5,-10,step,3,10,nan,nan,10,nan,nan,543.972775,0.00901569892,1.65738054e-05,0.999983426,543.963759,0,8.55858598e-05,8.55858598e-05,1.57334822e-07,20,0.349990845,/Users/chrisharing/Desktop/CCS_complex_coupled_systems/Repo/HardDisks/hspist3/experiments_energy_transfer/level2_fastdx_20260918/dx3/tr_9277.csv,20.2833252,19.9333344,1,"./00ALLINONE_ramp --mode=edmd --experiment=energy_transfer --headless --quiet --edmd-acc=0 --seed-drift-order=drift-first --energy-transfer-summary=experiments_energy_transfer/level2_fastdx_20260918/dx3/summary.csv --energy-transfer-trace=experiments_energy_transfer/level2_fastdx_20260918/dx3/tr_9277.csv --particles=100 --particles-boxes=50,50 --particle-radius=0.5 --l0=39.25 --height=10 --num-walls=1 --wall-positions=39.25 --wall-mass-factors=1000000000 --piston-right-protocol-mode=step --velocity-right-piston-step=10 --max-right-piston-travel=3 --auto-piston-step --wall-hold-steps=12000 --steps=12500 --fixed-dt=0.4 --energy-measurement --eff-output=wall-ke --kbt1 --seed=9277",9277
2026-09-18 13:26:09,energy_transfer,edmd,12500,12000,0.0166666669,39.25,10,100,0.5,nan,0.100050721,0.100050721,1,39.25,1e+09,50;50,1,0.0416666667,1,1,0.00999999978,100,1000,nan,39.25,1,step,75.5,-10,step,3,10,nan,nan,10,nan,nan,885.096821,0.0232721642,2.62933541e-05,0.999973707,885.073549,4.44582282e-09,0.000219926253,0.000219921807,2.48472033e-07,20,0.349990845,/Users/chrisharing/Desktop/CCS_complex_coupled_systems/Repo/HardDisks/hspist3/experiments_energy_transfer/level2_fastdx_20260918/dx3/tr_9275.csv,20.0166626,19.6666718,1,"./00ALLINONE_ramp --mode=edmd --experiment=energy_transfer --headless --quiet --edmd-acc=0 --seed-drift-order=drift-first --energy-transfer-summary=experiments_energy_transfer/level2_fastdx_20260918/dx3/summary.csv --energy-transfer-trace=experiments_energy_transfer/level2_fastdx_20260918/dx3/tr_9275.csv --particles=100 --particles-boxes=50,50 --particle-radius=0.5 --l0=39.25 --height=10 --num-walls=1 --wall-positions=39.25 --wall-mass-factors=1000000000 --piston-right-protocol-mode=step --velocity-right-piston-step=10 --max-right-piston-travel=3 --auto-piston-step --wall-hold-steps=12000 --steps=12500 --fixed-dt=0.4 --energy-measurement --eff-output=wall-ke --kbt1 --seed=9275",9275
2026-09-18 13:26:09,energy_transfer,edmd,12500,12000,0.0166666669,39.25,10,100,0.5,nan,0.100050721,0.100050721,1,39.25,1e+09,50;50,1,0.0416666667,1,1,0.00999999978,100,1000,nan,39.25,1,step,75.5,-10,step,3,10,nan,nan,10,nan,nan,1229.03251,0.0445120037,3.62171083e-05,0.999963783,1228.988,0,0.000460800278,0.000460800278,3.74929283e-07,20,0.349990845,/Users/chrisharing/Desktop/CCS_complex_coupled_systems/Repo/HardDisks/hspist3/experiments_energy_transfer/level2_fastdx_20260918/dx3/tr_9271.csv,20.2333221,19.8833313,1,"./00ALLINONE_ramp --mode=edmd --experiment=energy_transfer --headless --quiet --edmd-acc=0 --seed-drift-order=drift-first --energy-transfer-summary=experiments_energy_transfer/level2_fastdx_20260918/dx3/summary.csv --energy-transfer-trace=experiments_energy_transfer/level2_fastdx_20260918/dx3/tr_9271.csv --particles=100 --particles-boxes=50,50 --particle-radius=0.5 --l0=39.25 --height=10 --num-walls=1 --wall-positions=39.25 --wall-mass-factors=1000000000 --piston-right-protocol-mode=step --velocity-right-piston-step=10 --max-right-piston-travel=3 --auto-piston-step --wall-hold-steps=12000 --steps=12500 --fixed-dt=0.4 --energy-measurement --eff-output=wall-ke --kbt1 --seed=9271",9271
2026-09-18 13:26:09,energy_transfer,edmd,12500,12000,0.0166666669,39.25,10,100,0.5,nan,0.100050721,0.100050721,1,39.25,1e+09,50;50,1,0.0416666667,1,1,0.00999999978,100,1000,nan,39.25,1,step,75.5,-10,step,3,10,nan,nan,10,nan,nan,1178.26852,0.0412051715,3.49709516e-05,0.999965029,1178.22732,0,0.000417158677,0.000417158677,3.5404381e-07,20,0.349990845,/Users/chrisharing/Desktop/CCS_complex_coupled_systems/Repo/HardDisks/hspist3/experiments_energy_transfer/level2_fastdx_20260918/dx3/tr_9273.csv,20.0166626,19.6666718,1,"./00ALLINONE_ramp --mode=edmd --experiment=energy_transfer --headless --quiet --edmd-acc=0 --seed-drift-order=drift-first --energy-transfer-summary=experiments_energy_transfer/level2_fastdx_20260918/dx3/summary.csv --energy-transfer-trace=experiments_energy_transfer/level2_fastdx_20260918/dx3/tr_9273.csv --particles=100 --particles-boxes=50,50 --particle-radius=0.5 --l0=39.25 --height=10 --num-walls=1 --wall-positions=39.25 --wall-mass-factors=1000000000 --piston-right-protocol-mode=step --velocity-right-piston-step=10 --max-right-piston-travel=3 --auto-piston-step --wall-hold-steps=12000 --steps=12500 --fixed-dt=0.4 --energy-measurement --eff-output=wall-ke --kbt1 --seed=9273",9273
2026-09-18 13:26:09,energy_transfer,edmd,12500,12000,0.0166666669,39.25,10,100,0.5,nan,0.100050721,0.100050721,1,39.25,1e+09,50;50,1,0.0416666667,1,1,0.00999999978,100,1000,nan,39.25,1,step,75.5,-10,step,3,10,nan,nan,10,nan,nan,1508.91658,0.0690181181,4.57401814e-05,0.99995426,1508.84756,0,0.00070499006,0.00070499006,4.6721606e-07,20,0.349990845,/Users/chrisharing/Desktop/CCS_complex_coupled_systems/Repo/HardDisks/hspist3/experiments_energy_transfer/level2_fastdx_20260918/dx3/tr_9269.csv,20.2833252,19.9333344,1,"./00ALLINONE_ramp --mode=edmd --experiment=energy_transfer --headless --quiet --edmd-acc=0 --seed-drift-order=drift-first --energy-transfer-summary=experiments_energy_transfer/level2_fastdx_20260918/dx3/summary.csv --energy-transfer-trace=experiments_energy_transfer/level2_fastdx_20260918/dx3/tr_9269.csv --particles=100 --particles-boxes=50,50 --particle-radius=0.5 --l0=39.25 --height=10 --num-walls=1 --wall-positions=39.25 --wall-mass-factors=1000000000 --piston-right-protocol-mode=step --velocity-right-piston-step=10 --max-right-piston-travel=3 --auto-piston-step --wall-hold-steps=12000 --steps=12500 --fixed-dt=0.4 --energy-measurement --eff-output=wall-ke --kbt1 --seed=9269",9269
2026-09-18 13:26:09,energy_transfer,edmd,12500,12000,0.0166666669,39.25,10,100,0.5,nan,0.100050721,0.100050721,1,39.25,1e+09,50;50,1,0.0416666667,1,1,0.00999999978,100,1000,nan,39.25,1,step,75.5,-10,step,3,10,nan,nan,10,nan,nan,1040.73593,0.0327738412,3.14910248e-05,0.999968509,1040.70316,0,0.000358858553,0.000358858553,3.44812302e-07,20,0.349990845,/Users/chrisharing/Desktop/CCS_complex_coupled_systems/Repo/HardDisks/hspist3/experiments_energy_transfer/level2_fastdx_20260918/dx3/tr_9276.csv,19.9666595,19.6166687,1,"./00ALLINONE_ramp --mode=edmd --experiment=energy_transfer --headless --quiet --edmd-acc=0 --seed-drift-order=drift-first --energy-transfer-summary=experiments_energy_transfer/level2_fastdx_20260918/dx3/summary.csv --energy-transfer-trace=experiments_energy_transfer/level2_fastdx_20260918/dx3/tr_9276.csv --particles=100 --particles-boxes=50,50 --particle-radius=0.5 --l0=39.25 --height=10 --num-walls=1 --wall-positions=39.25 --wall-mass-factors=1000000000 --piston-right-protocol-mode=step --velocity-right-piston-step=10 --max-right-piston-travel=3 --auto-piston-step --wall-hold-steps=12000 --steps=12500 --fixed-dt=0.4 --energy-measurement --eff-output=wall-ke --kbt1 --seed=9276",9276
2026-09-18 13:26:09,energy_transfer,edmd,12500,12000,0.0166666669,39.25,10,100,0.5,nan,0.100050721,0.100050721,1,39.25,1e+09,50;50,1,0.0416666667,1,1,0.00999999978,100,1000,nan,39.25,1,step,75.5,-10,step,3,10,nan,nan,10,nan,nan,1333.69872,0.0536022484,4.01906726e-05,0.999959809,1333.64511,0,0.000554232276,0.000554232276,4.15560328e-07,20,0.349990845,/Users/chrisharing/Desktop/CCS_complex_coupled_systems/Repo/HardDisks/hspist3/experiments_energy_transfer/level2_fastdx_20260918/dx3/tr_9274.csv,20.1833191,19.8333282,1,"./00ALLINONE_ramp --mode=edmd --experiment=energy_transfer --headless --quiet --edmd-acc=0 --seed-drift-order=drift-first --energy-transfer-summary=experiments_energy_transfer/level2_fastdx_20260918/dx3/summary.csv --energy-transfer-trace=experiments_energy_transfer/level2_fastdx_20260918/dx3/tr_9274.csv --particles=100 --particles-boxes=50,50 --particle-radius=0.5 --l0=39.25 --height=10 --num-walls=1 --wall-positions=39.25 --wall-mass-factors=1000000000 --piston-right-protocol-mode=step --velocity-right-piston-step=10 --max-right-piston-travel=3 --auto-piston-step --wall-hold-steps=12000 --steps=12500 --fixed-dt=0.4 --energy-measurement --eff-output=wall-ke --kbt1 --seed=9274",9274
2026-09-18 13:26:09,energy_transfer,edmd,12500,12000,0.0166666669,39.25,10,100,0.5,nan,0.100050721,0.100050721,1,39.25,1e+09,50;50,1,0.0416666667,1,1,0.00999999978,100,1000,nan,39.25,1,step,75.5,-10,step,3,10,nan,nan,10,nan,nan,1200.27417,0.0425551459,3.54545212e-05,0.999964545,1200.23161,7.86311072e-10,0.000410149398,0.000410148611,3.41712438e-07,20,0.349990845,/Users/chrisharing/Desktop/CCS_complex_coupled_systems/Repo/HardDisks/hspist3/experiments_energy_transfer/level2_fastdx_20260918/dx3/tr_9278.csv,20.3166656,19.9666748,1,"./00ALLINONE_ramp --mode=edmd --experiment=energy_transfer --headless --quiet --edmd-acc=0 --seed-drift-order=drift-first --energy-transfer-summary=experiments_energy_transfer/level2_fastdx_20260918/dx3/summary.csv --energy-transfer-trace=experiments_energy_transfer/level2_fastdx_20260918/dx3/tr_9278.csv --particles=100 --particles-boxes=50,50 --particle-radius=0.5 --l0=39.25 --height=10 --num-walls=1 --wall-positions=39.25 --wall-mass-factors=1000000000 --piston-right-protocol-mode=step --velocity-right-piston-step=10 --max-right-piston-travel=3 --auto-piston-step --wall-hold-steps=12000 --steps=12500 --fixed-dt=0.4 --energy-measurement --eff-output=wall-ke --kbt1 --seed=9278",9278
2026-09-18 13:26:09,energy_transfer,edmd,12500,12000,0.0166666669,39.25,10,100,0.5,nan,0.100050721,0.100050721,1,39.25,1e+09,50;50,1,0.0416666667,1,1,0.00999999978,100,1000,nan,39.25,1,step,75.5,-10,step,3,10,nan,nan,10,nan,nan,606.773317,0.0107359523,1.76935142e-05,0.999982306,606.762581,0,9.71451882e-05,9.71451882e-05,1.60101286e-07,20,0.349990845,/Users/chrisharing/Desktop/CCS_complex_coupled_systems/Repo/HardDisks/hspist3/experiments_energy_transfer/level2_fastdx_20260918/dx3/tr_9280.csv,19.7499847,19.3999939,1,"./00ALLINONE_ramp --mode=edmd --experiment=energy_transfer --headless --quiet --edmd-acc=0 --seed-drift-order=drift-first --energy-transfer-summary=experiments_energy_transfer/level2_fastdx_20260918/dx3/summary.csv --energy-transfer-trace=experiments_energy_transfer/level2_fastdx_20260918/dx3/tr_9280.csv --particles=100 --particles-boxes=50,50 --particle-radius=0.5 --l0=39.25 --height=10 --num-walls=1 --wall-positions=39.25 --wall-mass-factors=1000000000 --piston-right-protocol-mode=step --velocity-right-piston-step=10 --max-right-piston-travel=3 --auto-piston-step --wall-hold-steps=12000 --steps=12500 --fixed-dt=0.4 --energy-measurement --eff-output=wall-ke --kbt1 --seed=9280",9280
2026-09-18 13:26:09,energy_transfer,edmd,12500,12000,0.0166666669,39.25,10,100,0.5,nan,0.100050721,0.100050721,1,39.25,1e+09,50;50,1,0.0416666667,1,1,0.00999999978,100,1000,nan,39.25,1,step,75.5,-10,step,3,10,nan,nan,10,nan,nan,672.953379,0.0133753717,1.9875629e-05,0.999980124,672.940003,4.63442973e-09,0.000134817878,0.000134813243,2.00330732e-07,20,0.349990845,/Users/chrisharing/Desktop/CCS_complex_coupled_systems/Repo/HardDisks/hspist3/experiments_energy_transfer/level2_fastdx_20260918/dx3/tr_9279.csv,19.6333313,19.2833405,1,"./00ALLINONE_ramp --mode=edmd --experiment=energy_transfer --headless --quiet --edmd-acc=0 --seed-drift-order=drift-first --energy-transfer-summary=experiments_energy_transfer/level2_fastdx_20260918/dx3/summary.csv --energy-transfer-trace=experiments_energy_transfer/level2_fastdx_20260918/dx3/tr_9279.csv --particles=100 --particles-boxes=50,50 --particle-radius=0.5 --l0=39.25 --height=10 --num-walls=1 --wall-positions=39.25 --wall-mass-factors=1000000000 --piston-right-protocol-mode=step --velocity-right-piston-step=10 --max-right-piston-travel=3 --auto-piston-step --wall-hold-steps=12000 --steps=12500 --fixed-dt=0.4 --energy-measurement --eff-output=wall-ke --kbt1 --seed=9279",9279
2026-09-18 13:26:09,energy_transfer,edmd,12500,12000,0.0166666669,39.25,10,100,0.5,nan,0.100050721,0.100050721,1,39.25,1e+09,50;50,1,0.0416666667,1,1,0.00999999978,100,1000,nan,39.25,1,step,75.5,-10,step,3,10,nan,nan,10,nan,nan,843.406135,0.0214962438,2.54874169e-05,0.999974513,843.384639,0,0.000223853087,0.000223853087,2.65415531e-07,20,0.349990845,/Users/chrisharing/Desktop/CCS_complex_coupled_systems/Repo/HardDisks/hspist3/experiments_energy_transfer/level2_fastdx_20260918/dx3/tr_9281.csv,20.2666626,19.9166718,1,"./00ALLINONE_ramp --mode=edmd --experiment=energy_transfer --headless --quiet --edmd-acc=0 --seed-drift-order=drift-first --energy-transfer-summary=experiments_energy_transfer/level2_fastdx_20260918/dx3/summary.csv --energy-transfer-trace=experiments_energy_transfer/level2_fastdx_20260918/dx3/tr_9281.csv --particles=100 --particles-boxes=50,50 --particle-radius=0.5 --l0=39.25 --height=10 --num-walls=1 --wall-positions=39.25 --wall-mass-factors=1000000000 --piston-right-protocol-mode=step --velocity-right-piston-step=10 --max-right-piston-travel=3 --auto-piston-step --wall-hold-steps=12000 --steps=12500 --fixed-dt=0.4 --energy-measurement --eff-output=wall-ke --kbt1 --seed=9281",9281
2026-09-18 13:26:09,energy_transfer,edmd,12500,12000,0.0166666669,39.25,10,100,0.5,nan,0.100050721,0.100050721,1,39.25,1e+09,50;50,1,0.0416666667,1,1,0.00999999978,100,1000,nan,39.25,1,step,75.5,-10,step,3,10,nan,nan,10,nan,nan,805.343495,0.019013416,2.36090763e-05,0.999976391,805.324482,0,0.000204971962,0.000204971962,2.54514954e-07,20,0.349990845,/Users/chrisharing/Desktop/CCS_complex_coupled_systems/Repo/HardDisks/hspist3/experiments_energy_transfer/level2_fastdx_20260918/dx3/tr_9282.csv,20.2999878,19.9499969,1,"./00ALLINONE_ramp --mode=edmd --experiment=energy_transfer --headless --quiet --edmd-acc=0 --seed-drift-order=drift-first --energy-transfer-summary=experiments_energy_transfer/level2_fastdx_20260918/dx3/summary.csv --energy-transfer-trace=experiments_energy_transfer/level2_fastdx_20260918/dx3/tr_9282.csv --particles=100 --particles-boxes=50,50 --particle-radius=0.5 --l0=39.25 --height=10 --num-walls=1 --wall-positions=39.25 --wall-mass-factors=1000000000 --piston-right-protocol-mode=step --velocity-right-piston-step=10 --max-right-piston-travel=3 --auto-piston-step --wall-hold-steps=12000 --steps=12500 --fixed-dt=0.4 --energy-measurement --eff-output=wall-ke --kbt1 --seed=9282",9282
2026-09-18 13:26:09,energy_transfer,edmd,12500,12000,0.0166666669,39.25,10,100,0.5,nan,0.100050721,0.100050721,1,39.25,1e+09,50;50,1,0.0416666667,1,1,0.00999999978,100,1000,nan,39.25,1,step,75.5,-10,step,3,10,nan,nan,10,nan,nan,712.723982,0.0148811778,2.08792999e-05,0.999979121,712.709101,0,0.000130405198,0.000130405198,1.82967322e-07,20,0.349990845,/Users/chrisharing/Desktop/CCS_complex_coupled_systems/Repo/HardDisks/hspist3/experiments_energy_transfer/level2_fastdx_20260918/dx3/tr_9284.csv,20.1166534,19.7666626,1,"./00ALLINONE_ramp --mode=edmd --experiment=energy_transfer --headless --quiet --edmd-acc=0 --seed-drift-order=drift-first --energy-transfer-summary=experiments_energy_transfer/level2_fastdx_20260918/dx3/summary.csv --energy-transfer-trace=experiments_energy_transfer/level2_fastdx_20260918/dx3/tr_9284.csv --particles=100 --particles-boxes=50,50 --particle-radius=0.5 --l0=39.25 --height=10 --num-walls=1 --wall-positions=39.25 --wall-mass-factors=1000000000 --piston-right-protocol-mode=step --velocity-right-piston-step=10 --max-right-piston-travel=3 --auto-piston-step --wall-hold-steps=12000 --steps=12500 --fixed-dt=0.4 --energy-measurement --eff-output=wall-ke --kbt1 --seed=9284",9284
2026-09-18 13:26:09,energy_transfer,edmd,12500,12000,0.0166666669,39.25,10,100,0.5,nan,0.100050721,0.100050721,1,39.25,1e+09,50;50,1,0.0416666667,1,1,0.00999999978,100,1000,nan,39.25,1,step,75.5,-10,step,3,10,nan,nan,10,nan,nan,774.393895,0.0180917811,2.33625048e-05,0.999976637,774.375803,3.39690875e-09,0.000183006428,0.000183003032,2.36317761e-07,20,0.349990845,/Users/chrisharing/Desktop/CCS_complex_coupled_systems/Repo/HardDisks/hspist3/experiments_energy_transfer/level2_fastdx_20260918/dx3/tr_9283.csv,20.0666656,19.7166748,1,"./00ALLINONE_ramp --mode=edmd --experiment=energy_transfer --headless --quiet --edmd-acc=0 --seed-drift-order=drift-first --energy-transfer-summary=experiments_energy_transfer/level2_fastdx_20260918/dx3/summary.csv --energy-transfer-trace=experiments_energy_transfer/level2_fastdx_20260918/dx3/tr_9283.csv --particles=100 --particles-boxes=50,50 --particle-radius=0.5 --l0=39.25 --height=10 --num-walls=1 --wall-positions=39.25 --wall-mass-factors=1000000000 --piston-right-protocol-mode=step --velocity-right-piston-step=10 --max-right-piston-travel=3 --auto-piston-step --wall-hold-steps=12000 --steps=12500 --fixed-dt=0.4 --energy-measurement --eff-output=wall-ke --kbt1 --seed=9283",9283
2026-09-18 13:26:09,energy_transfer,edmd,12500,12000,0.0166666669,39.25,10,100,0.5,nan,0.100050721,0.100050721,1,39.25,1e+09,50;50,1,0.0416666667,1,1,0.00999999978,100,1000,nan,39.25,1,step,75.5,-10,step,3,10,nan,nan,10,nan,nan,785.944995,0.0185250118,2.35703668e-05,0.99997643,785.92647,0,0.000180226925,0.000180226925,2.2931239e-07,20,0.349990845,/Users/chrisharing/Desktop/CCS_complex_coupled_systems/Repo/HardDisks/hspist3/experiments_energy_transfer/level2_fastdx_20260918/dx3/tr_9285.csv,20.3166656,19.9666748,1,"./00ALLINONE_ramp --mode=edmd --experiment=energy_transfer --headless --quiet --edmd-acc=0 --seed-drift-order=drift-first --energy-transfer-summary=experiments_energy_transfer/level2_fastdx_20260918/dx3/summary.csv --energy-transfer-trace=experiments_energy_transfer/level2_fastdx_20260918/dx3/tr_9285.csv --particles=100 --particles-boxes=50,50 --particle-radius=0.5 --l0=39.25 --height=10 --num-walls=1 --wall-positions=39.25 --wall-mass-factors=1000000000 --piston-right-protocol-mode=step --velocity-right-piston-step=10 --max-right-piston-travel=3 --auto-piston-step --wall-hold-steps=12000 --steps=12500 --fixed-dt=0.4 --energy-measurement --eff-output=wall-ke --kbt1 --seed=9285",9285
2026-09-18 13:26:09,energy_transfer,edmd,12500,12000,0.0166666669,39.25,10,100,0.5,nan,0.100050721,0.100050721,1,39.25,1e+09,50;50,1,0.0416666667,1,1,0.00999999978,100,1000,nan,39.25,1,step,75.5,-10,step,3,10,nan,nan,10,nan,nan,869.825192,0.0228706617,2.62934e-05,0.999973707,869.802321,0,0.00023189545,0.00023189545,2.66600062e-07,20,0.349990845,/Users/chrisharing/Desktop/CCS_complex_coupled_systems/Repo/HardDisks/hspist3/experiments_energy_transfer/level2_fastdx_20260918/dx3/tr_9288.csv,20.0999908,19.75,1,"./00ALLINONE_ramp --mode=edmd --experiment=energy_transfer --headless --quiet --edmd-acc=0 --seed-drift-order=drift-first --energy-transfer-summary=experiments_energy_transfer/level2_fastdx_20260918/dx3/summary.csv --energy-transfer-trace=experiments_energy_transfer/level2_fastdx_20260918/dx3/tr_9288.csv --particles=100 --particles-boxes=50,50 --particle-radius=0.5 --l0=39.25 --height=10 --num-walls=1 --wall-positions=39.25 --wall-mass-factors=1000000000 --piston-right-protocol-mode=step --velocity-right-piston-step=10 --max-right-piston-travel=3 --auto-piston-step --wall-hold-steps=12000 --steps=12500 --fixed-dt=0.4 --energy-measurement --eff-output=wall-ke --kbt1 --seed=9288",9288
2026-09-18 13:26:09,energy_transfer,edmd,12500,12000,0.0166666669,39.25,10,100,0.5,nan,0.100050721,0.100050721,1,39.25,1e+09,50;50,1,0.0416666667,1,1,0.00999999978,100,1000,nan,39.25,1,step,75.5,-10,step,3,10,nan,nan,10,nan,nan,944.245358,0.0268851165,2.84725959e-05,0.999971527,944.218472,6.96186042e-09,0.000237803295,0.000237796333,2.5183744e-07,20,0.349990845,/Users/chrisharing/Desktop/CCS_complex_coupled_systems/Repo/HardDisks/hspist3/experiments_energy_transfer/level2_fastdx_20260918/dx3/tr_9287.csv,20.2999878,19.9499969,1,"./00ALLINONE_ramp --mode=edmd --experiment=energy_transfer --headless --quiet --edmd-acc=0 --seed-drift-order=drift-first --energy-transfer-summary=experiments_energy_transfer/level2_fastdx_20260918/dx3/summary.csv --energy-transfer-trace=experiments_energy_transfer/level2_fastdx_20260918/dx3/tr_9287.csv --particles=100 --particles-boxes=50,50 --particle-radius=0.5 --l0=39.25 --height=10 --num-walls=1 --wall-positions=39.25 --wall-mass-factors=1000000000 --piston-right-protocol-mode=step --velocity-right-piston-step=10 --max-right-piston-travel=3 --auto-piston-step --wall-hold-steps=12000 --steps=12500 --fixed-dt=0.4 --energy-measurement --eff-output=wall-ke --kbt1 --seed=9287",9287
2026-09-18 13:26:09,energy_transfer,edmd,12500,12000,0.0166666669,39.25,10,100,0.5,nan,0.100050721,0.100050721,1,39.25,1e+09,50;50,1,0.0416666667,1,1,0.00999999978,100,1000,nan,39.25,1,step,75.5,-10,step,3,10,nan,nan,10,nan,nan,1493.50435,0.0690682158,4.62457413e-05,0.999953754,1493.43528,0,0.000766221317,0.000766221317,5.1303588e-07,20,0.349990845,/Users/chrisharing/Desktop/CCS_complex_coupled_systems/Repo/HardDisks/hspist3/experiments_energy_transfer/level2_fastdx_20260918/dx3/tr_9286.csv,20.2999878,19.9499969,1,"./00ALLINONE_ramp --mode=edmd --experiment=energy_transfer --headless --quiet --edmd-acc=0 --seed-drift-order=drift-first --energy-transfer-summary=experiments_energy_transfer/level2_fastdx_20260918/dx3/summary.csv --energy-transfer-trace=experiments_energy_transfer/level2_fastdx_20260918/dx3/tr_9286.csv --particles=100 --particles-boxes=50,50 --particle-radius=0.5 --l0=39.25 --height=10 --num-walls=1 --wall-positions=39.25 --wall-mass-factors=1000000000 --piston-right-protocol-mode=step --velocity-right-piston-step=10 --max-right-piston-travel=3 --auto-piston-step --wall-hold-steps=12000 --steps=12500 --fixed-dt=0.4 --energy-measurement --eff-output=wall-ke --kbt1 --seed=9286",9286
2026-09-18 13:26:09,energy_transfer,edmd,12500,12000,0.0166666669,39.25,10,100,0.5,nan,0.100050721,0.100050721,1,39.25,1e+09,50;50,1,0.0416666667,1,1,0.00999999978,100,1000,nan,39.25,1,step,75.5,-10,step,3,10,nan,nan,10,nan,nan,458.952602,0.00632520951,1.3781836e-05,0.999986218,458.946277,1.0016227e-08,6.83030376e-05,6.82930213e-05,1.48801905e-07,20,0.349990845,/Users/chrisharing/Desktop/CCS_complex_coupled_systems/Repo/HardDisks/hspist3/experiments_energy_transfer/level2_fastdx_20260918/dx3/tr_9290.csv,20.1333313,19.7833405,1,"./00ALLINONE_ramp --mode=edmd --experiment=energy_transfer --headless --quiet --edmd-acc=0 --seed-drift-order=drift-first --energy-transfer-summary=experiments_energy_transfer/level2_fastdx_20260918/dx3/summary.csv --energy-transfer-trace=experiments_energy_transfer/level2_fastdx_20260918/dx3/tr_9290.csv --particles=100 --particles-boxes=50,50 --particle-radius=0.5 --l0=39.25 --height=10 --num-walls=1 --wall-positions=39.25 --wall-mass-factors=1000000000 --piston-right-protocol-mode=step --velocity-right-piston-step=10 --max-right-piston-travel=3 --auto-piston-step --wall-hold-steps=12000 --steps=12500 --fixed-dt=0.4 --energy-measurement --eff-output=wall-ke --kbt1 --seed=9290",9290
2026-09-18 13:26:09,energy_transfer,edmd,12500,12000,0.0166666669,39.25,10,100,0.5,nan,0.100050721,0.100050721,1,39.25,1e+09,50;50,1,0.0416666667,1,1,0.00999999978,100,1000,nan,39.25,1,step,75.5,-10,step,3,10,nan,nan,10,nan,nan,776.055383,0.0178817976,2.30419091e-05,0.999976958,776.037502,3.51014506e-09,0.000165335019,0.000165331509,2.13040863e-07,20,0.349990845,/Users/chrisharing/Desktop/CCS_complex_coupled_systems/Repo/HardDisks/hspist3/experiments_energy_transfer/level2_fastdx_20260918/dx3/tr_9289.csv,20.2666626,19.9166718,1,"./00ALLINONE_ramp --mode=edmd --experiment=energy_transfer --headless --quiet --edmd-acc=0 --seed-drift-order=drift-first --energy-transfer-summary=experiments_energy_transfer/level2_fastdx_20260918/dx3/summary.csv --energy-transfer-trace=experiments_energy_transfer/level2_fastdx_20260918/dx3/tr_9289.csv --particles=100 --particles-boxes=50,50 --particle-radius=0.5 --l0=39.25 --height=10 --num-walls=1 --wall-positions=39.25 --wall-mass-factors=1000000000 --piston-right-protocol-mode=step --velocity-right-piston-step=10 --max-right-piston-travel=3 --auto-piston-step --wall-hold-steps=12000 --steps=12500 --fixed-dt=0.4 --energy-measurement --eff-output=wall-ke --kbt1 --seed=9289",9289
2026-09-18 13:26:09,energy_transfer,edmd,12500,12000,0.0166666669,39.25,10,100,0.5,nan,0.100050721,0.100050721,1,39.25,1e+09,50;50,1,0.0416666667,1,1,0.00999999978,100,1000,nan,39.25,1,step,75.5,-10,step,3,10,nan,nan,10,nan,nan,571.060646,0.00985494815,1.72572707e-05,0.999982743,571.050791,0,0.000108243141,0.000108243141,1.89547541e-07,20,0.349990845,/Users/chrisharing/Desktop/CCS_complex_coupled_systems/Repo/HardDisks/hspist3/experiments_energy_transfer/level2_fastdx_20260918/dx3/tr_9296.csv,20.3333282,19.9833374,1,"./00ALLINONE_ramp --mode=edmd --experiment=energy_transfer --headless --quiet --edmd-acc=0 --seed-drift-order=drift-first --energy-transfer-summary=experiments_energy_transfer/level2_fastdx_20260918/dx3/summary.csv --energy-transfer-trace=experiments_energy_transfer/level2_fastdx_20260918/dx3/tr_9296.csv --particles=100 --particles-boxes=50,50 --particle-radius=0.5 --l0=39.25 --height=10 --num-walls=1 --wall-positions=39.25 --wall-mass-factors=1000000000 --piston-right-protocol-mode=step --velocity-right-piston-step=10 --max-right-piston-travel=3 --auto-piston-step --wall-hold-steps=12000 --steps=12500 --fixed-dt=0.4 --energy-measurement --eff-output=wall-ke --kbt1 --seed=9296",9296
2026-09-18 13:26:09,energy_transfer,edmd,12500,12000,0.0166666669,39.25,10,100,0.5,nan,0.100050721,0.100050721,1,39.25,1e+09,50;50,1,0.0416666667,1,1,0.00999999978,100,1000,nan,39.25,1,step,75.5,-10,step,3,10,nan,nan,10,nan,nan,975.572676,0.028706871,2.94256611e-05,0.999970574,975.543969,2.32474551e-09,0.000288110372,0.000288108047,2.95321973e-07,20,0.349990845,/Users/chrisharing/Desktop/CCS_complex_coupled_systems/Repo/HardDisks/hspist3/experiments_energy_transfer/level2_fastdx_20260918/dx3/tr_9293.csv,19.8833313,19.5333405,1,"./00ALLINONE_ramp --mode=edmd --experiment=energy_transfer --headless --quiet --edmd-acc=0 --seed-drift-order=drift-first --energy-transfer-summary=experiments_energy_transfer/level2_fastdx_20260918/dx3/summary.csv --energy-transfer-trace=experiments_energy_transfer/level2_fastdx_20260918/dx3/tr_9293.csv --particles=100 --particles-boxes=50,50 --particle-radius=0.5 --l0=39.25 --height=10 --num-walls=1 --wall-positions=39.25 --wall-mass-factors=1000000000 --piston-right-protocol-mode=step --velocity-right-piston-step=10 --max-right-piston-travel=3 --auto-piston-step --wall-hold-steps=12000 --steps=12500 --fixed-dt=0.4 --energy-measurement --eff-output=wall-ke --kbt1 --seed=9293",9293
2026-09-18 13:26:10,energy_transfer,edmd,12500,12000,0.0166666669,39.25,10,100,0.5,nan,0.100050721,0.100050721,1,39.25,1e+09,50;50,1,0.0416666667,1,1,0.00999999978,100,1000,nan,39.25,1,step,75.5,-10,step,3,10,nan,nan,10,nan,nan,794.189182,0.0191733576,2.41420534e-05,0.999975858,794.170009,1.4990168e-09,0.000182600605,0.000182599106,2.29918903e-07,20,0.349990845,/Users/chrisharing/Desktop/CCS_complex_coupled_systems/Repo/HardDisks/hspist3/experiments_energy_transfer/level2_fastdx_20260918/dx3/tr_9295.csv,20.3333282,19.9833374,1,"./00ALLINONE_ramp --mode=edmd --experiment=energy_transfer --headless --quiet --edmd-acc=0 --seed-drift-order=drift-first --energy-transfer-summary=experiments_energy_transfer/level2_fastdx_20260918/dx3/summary.csv --energy-transfer-trace=experiments_energy_transfer/level2_fastdx_20260918/dx3/tr_9295.csv --particles=100 --particles-boxes=50,50 --particle-radius=0.5 --l0=39.25 --height=10 --num-walls=1 --wall-positions=39.25 --wall-mass-factors=1000000000 --piston-right-protocol-mode=step --velocity-right-piston-step=10 --max-right-piston-travel=3 --auto-piston-step --wall-hold-steps=12000 --steps=12500 --fixed-dt=0.4 --energy-measurement --eff-output=wall-ke --kbt1 --seed=9295",9295
2026-09-18 13:26:10,energy_transfer,edmd,12500,12000,0.0166666669,39.25,10,100,0.5,nan,0.100050721,0.100050721,1,39.25,1e+09,50;50,1,0.0416666667,1,1,0.00999999978,100,1000,nan,39.25,1,step,75.5,-10,step,3,10,nan,nan,10,nan,nan,800.523606,0.0197420325,2.46613996e-05,0.999975339,800.503864,0,0.000192421692,0.000192421692,2.40369792e-07,20,0.349990845,/Users/chrisharing/Desktop/CCS_complex_coupled_systems/Repo/HardDisks/hspist3/experiments_energy_transfer/level2_fastdx_20260918/dx3/tr_9294.csv,20.0666656,19.7166748,1,"./00ALLINONE_ramp --mode=edmd --experiment=energy_transfer --headless --quiet --edmd-acc=0 --seed-drift-order=drift-first --energy-transfer-summary=experiments_energy_transfer/level2_fastdx_20260918/dx3/summary.csv --energy-transfer-trace=experiments_energy_transfer/level2_fastdx_20260918/dx3/tr_9294.csv --particles=100 --particles-boxes=50,50 --particle-radius=0.5 --l0=39.25 --height=10 --num-walls=1 --wall-positions=39.25 --wall-mass-factors=1000000000 --piston-right-protocol-mode=step --velocity-right-piston-step=10 --max-right-piston-travel=3 --auto-piston-step --wall-hold-steps=12000 --steps=12500 --fixed-dt=0.4 --energy-measurement --eff-output=wall-ke --kbt1 --seed=9294",9294
2026-09-18 13:26:10,energy_transfer,edmd,12500,12000,0.0166666669,39.25,10,100,0.5,nan,0.100050721,0.100050721,1,39.25,1e+09,50;50,1,0.0416666667,1,1,0.00999999978,100,1000,nan,39.25,1,step,75.5,-10,step,3,10,nan,nan,10,nan,nan,1185.64293,0.041998595,3.54226335e-05,0.999964577,1185.60093,0,0.000423173478,0.000423173478,3.56914773e-07,20,0.349990845,/Users/chrisharing/Desktop/CCS_complex_coupled_systems/Repo/HardDisks/hspist3/experiments_energy_transfer/level2_fastdx_20260918/dx3/tr_9291.csv,20.2833252,19.9333344,1,"./00ALLINONE_ramp --mode=edmd --experiment=energy_transfer --headless --quiet --edmd-acc=0 --seed-drift-order=drift-first --energy-transfer-summary=experiments_energy_transfer/level2_fastdx_20260918/dx3/summary.csv --energy-transfer-trace=experiments_energy_transfer/level2_fastdx_20260918/dx3/tr_9291.csv --particles=100 --particles-boxes=50,50 --particle-radius=0.5 --l0=39.25 --height=10 --num-walls=1 --wall-positions=39.25 --wall-mass-factors=1000000000 --piston-right-protocol-mode=step --velocity-right-piston-step=10 --max-right-piston-travel=3 --auto-piston-step --wall-hold-steps=12000 --steps=12500 --fixed-dt=0.4 --energy-measurement --eff-output=wall-ke --kbt1 --seed=9291",9291
2026-09-18 13:26:10,energy_transfer,edmd,12500,12000,0.0166666669,39.25,10,100,0.5,nan,0.100050721,0.100050721,1,39.25,1e+09,50;50,1,0.0416666667,1,1,0.00999999978,100,1000,nan,39.25,1,step,75.5,-10,step,3,10,nan,nan,10,nan,nan,1324.62578,0.0513705015,3.87811428e-05,0.999961219,1324.57441,0,0.000495304237,0.000495304237,3.73920125e-07,20,0.349990845,/Users/chrisharing/Desktop/CCS_complex_coupled_systems/Repo/HardDisks/hspist3/experiments_energy_transfer/level2_fastdx_20260918/dx3/tr_9292.csv,20.1666565,19.8166656,1,"./00ALLINONE_ramp --mode=edmd --experiment=energy_transfer --headless --quiet --edmd-acc=0 --seed-drift-order=drift-first --energy-transfer-summary=experiments_energy_transfer/level2_fastdx_20260918/dx3/summary.csv --energy-transfer-trace=experiments_energy_transfer/level2_fastdx_20260918/dx3/tr_9292.csv --particles=100 --particles-boxes=50,50 --particle-radius=0.5 --l0=39.25 --height=10 --num-walls=1 --wall-positions=39.25 --wall-mass-factors=1000000000 --piston-right-protocol-mode=step --velocity-right-piston-step=10 --max-right-piston-travel=3 --auto-piston-step --wall-hold-steps=12000 --steps=12500 --fixed-dt=0.4 --energy-measurement --eff-output=wall-ke --kbt1 --seed=9292",9292
2026-09-18 13:26:10,energy_transfer,edmd,12500,12000,0.0166666669,39.25,10,100,0.5,nan,0.100050721,0.100050721,1,39.25,1e+09,50;50,1,0.0416666667,1,1,0.00999999978,100,1000,nan,39.25,1,step,75.5,-10,step,3,10,nan,nan,10,nan,nan,927.415805,0.025348885,2.73328154e-05,0.999972667,927.390456,0,0.000275025028,0.000275025028,2.96549861e-07,20,0.349990845,/Users/chrisharing/Desktop/CCS_complex_coupled_systems/Repo/HardDisks/hspist3/experiments_energy_transfer/level2_fastdx_20260918/dx3/tr_9297.csv,20.1833191,19.8333282,1,"./00ALLINONE_ramp --mode=edmd --experiment=energy_transfer --headless --quiet --edmd-acc=0 --seed-drift-order=drift-first --energy-transfer-summary=experiments_energy_transfer/level2_fastdx_20260918/dx3/summary.csv --energy-transfer-trace=experiments_energy_transfer/level2_fastdx_20260918/dx3/tr_9297.csv --particles=100 --particles-boxes=50,50 --particle-radius=0.5 --l0=39.25 --height=10 --num-walls=1 --wall-positions=39.25 --wall-mass-factors=1000000000 --piston-right-protocol-mode=step --velocity-right-piston-step=10 --max-right-piston-travel=3 --auto-piston-step --wall-hold-steps=12000 --steps=12500 --fixed-dt=0.4 --energy-measurement --eff-output=wall-ke --kbt1 --seed=9297",9297
2026-09-18 13:26:10,energy_transfer,edmd,12500,12000,0.0166666669,39.25,10,100,0.5,nan,0.100050721,0.100050721,1,39.25,1e+09,50;50,1,0.0416666667,1,1,0.00999999978,100,1000,nan,39.25,1,step,75.5,-10,step,3,10,nan,nan,10,nan,nan,1027.42389,0.0314073227,3.05690019e-05,0.999969431,1027.39248,4.04021927e-09,0.000333483971,0.000333479931,3.24578721e-07,20,0.349990845,/Users/chrisharing/Desktop/CCS_complex_coupled_systems/Repo/HardDisks/hspist3/experiments_energy_transfer/level2_fastdx_20260918/dx3/tr_9298.csv,19.5833282,19.2333374,1,"./00ALLINONE_ramp --mode=edmd --experiment=energy_transfer --headless --quiet --edmd-acc=0 --seed-drift-order=drift-first --energy-transfer-summary=experiments_energy_transfer/level2_fastdx_20260918/dx3/summary.csv --energy-transfer-trace=experiments_energy_transfer/level2_fastdx_20260918/dx3/tr_9298.csv --particles=100 --particles-boxes=50,50 --particle-radius=0.5 --l0=39.25 --height=10 --num-walls=1 --wall-positions=39.25 --wall-mass-factors=1000000000 --piston-right-protocol-mode=step --velocity-right-piston-step=10 --max-right-piston-travel=3 --auto-piston-step --wall-hold-steps=12000 --steps=12500 --fixed-dt=0.4 --energy-measurement --eff-output=wall-ke --kbt1 --seed=9298",9298
2026-09-18 13:26:10,energy_transfer,edmd,12500,12000,0.0166666669,39.25,10,100,0.5,nan,0.100050721,0.100050721,1,39.25,1e+09,50;50,1,0.0416666667,1,1,0.00999999978,100,1000,nan,39.25,1,step,75.5,-10,step,3,10,nan,nan,10,nan,nan,1244.66803,0.0465315171,3.73846809e-05,0.999962615,1244.6215,6.81700529e-10,0.000487031211,0.00048703053,3.91293516e-07,20,0.349990845,/Users/chrisharing/Desktop/CCS_complex_coupled_systems/Repo/HardDisks/hspist3/experiments_energy_transfer/level2_fastdx_20260918/dx3/tr_9299.csv,20.1499939,19.8000031,1,"./00ALLINONE_ramp --mode=edmd --experiment=energy_transfer --headless --quiet --edmd-acc=0 --seed-drift-order=drift-first --energy-transfer-summary=experiments_energy_transfer/level2_fastdx_20260918/dx3/summary.csv --energy-transfer-trace=experiments_energy_transfer/level2_fastdx_20260918/dx3/tr_9299.csv --particles=100 --particles-boxes=50,50 --particle-radius=0.5 --l0=39.25 --height=10 --num-walls=1 --wall-positions=39.25 --wall-mass-factors=1000000000 --piston-right-protocol-mode=step --velocity-right-piston-step=10 --max-right-piston-travel=3 --auto-piston-step --wall-hold-steps=12000 --steps=12500 --fixed-dt=0.4 --energy-measurement --eff-output=wall-ke --kbt1 --seed=9299",9299
