timestamp,mode,sim_mode,steps_after_release,wall_hold_steps,dt_sigma,L0,height,particles_total,radius_sigma,eta_input,eta_nominal,eta_particles_region,num_walls,wall_positions_cli,wall_mass_factors_cli,particles_boxes_cli,wall_thickness_sigma,wall_thickness_vis_sigma,kbt1,kBT,kB_effective,temperature_runtime,spring_k,spring_eq_sigma,spring_eq_sigma_effective,piston_auto,piston_protocol,piston_target_sigma,piston_speed_px,piston_right_protocol_mode,piston_right_travel_sigma,piston_right_v_step_constant,piston_right_v0,piston_right_v_gradient,piston_right_vmax,piston_right_duration,piston_right_sigmoid_steepness,W_in_max,W_out_max,ratio,loss_fraction,total_loss,springE_stop,springE_peak_win,W_out_peak_win,ratio_win,eff_window_T,piston_stop_t_rel,trace_path,spring_peak_t_rel,spring_peak_dt,spring_peak_near_end,command,seed
2026-09-18 13:26:03,energy_transfer,edmd,12500,12000,0.0166666669,39.25,10,100,0.5,nan,0.100050721,0.100050721,1,39.25,1e+09,50;50,1,0.0416666667,1,1,0.00999999978,100,1000,nan,39.25,1,step,76.5,-10,step,2,10,nan,nan,10,nan,nan,208.438704,0.00123876601,5.94307095e-06,0.999994057,208.437466,0,1.18126973e-05,1.18126973e-05,5.66722831e-08,20,0.249984741,/Users/chrisharing/Desktop/CCS_complex_coupled_systems/Repo/HardDisks/hspist3/experiments_energy_transfer/level2_fastdx_20260918/dx2/tr_9207.csv,18.0999908,17.8500061,0,"./00ALLINONE_ramp --mode=edmd --experiment=energy_transfer --headless --quiet --edmd-acc=0 --seed-drift-order=drift-first --energy-transfer-summary=experiments_energy_transfer/level2_fastdx_20260918/dx2/summary.csv --energy-transfer-trace=experiments_energy_transfer/level2_fastdx_20260918/dx2/tr_9207.csv --particles=100 --particles-boxes=50,50 --particle-radius=0.5 --l0=39.25 --height=10 --num-walls=1 --wall-positions=39.25 --wall-mass-factors=1000000000 --piston-right-protocol-mode=step --velocity-right-piston-step=10 --max-right-piston-travel=2 --auto-piston-step --wall-hold-steps=12000 --steps=12500 --fixed-dt=0.4 --energy-measurement --eff-output=wall-ke --kbt1 --seed=9207",9207
2026-09-18 13:26:03,energy_transfer,edmd,12500,12000,0.0166666669,39.25,10,100,0.5,nan,0.100050721,0.100050721,1,39.25,1e+09,50;50,1,0.0416666667,1,1,0.00999999978,100,1000,nan,39.25,1,step,76.5,-10,step,2,10,nan,nan,10,nan,nan,210.90321,0.00130814093,6.20256528e-06,0.999993797,210.901902,0,1.28119782e-05,1.28119782e-05,6.07481422e-08,20,0.249984741,/Users/chrisharing/Desktop/CCS_complex_coupled_systems/Repo/HardDisks/hspist3/experiments_energy_transfer/level2_fastdx_20260918/dx2/tr_9200.csv,20.2333221,19.9833374,1,"./00ALLINONE_ramp --mode=edmd --experiment=energy_transfer --headless --quiet --edmd-acc=0 --seed-drift-order=drift-first --energy-transfer-summary=experiments_energy_transfer/level2_fastdx_20260918/dx2/summary.csv --energy-transfer-trace=experiments_energy_transfer/level2_fastdx_20260918/dx2/tr_9200.csv --particles=100 --particles-boxes=50,50 --particle-radius=0.5 --l0=39.25 --height=10 --num-walls=1 --wall-positions=39.25 --wall-mass-factors=1000000000 --piston-right-protocol-mode=step --velocity-right-piston-step=10 --max-right-piston-travel=2 --auto-piston-step --wall-hold-steps=12000 --steps=12500 --fixed-dt=0.4 --energy-measurement --eff-output=wall-ke --kbt1 --seed=9200",9200
2026-09-18 13:26:03,energy_transfer,edmd,12500,12000,0.0166666669,39.25,10,100,0.5,nan,0.100050721,0.100050721,1,39.25,1e+09,50;50,1,0.0416666667,1,1,0.00999999978,100,1000,nan,39.25,1,step,76.5,-10,step,2,10,nan,nan,10,nan,nan,447.687431,0.00554001657,1.23747423e-05,0.999987625,447.681891,0,5.2313655e-05,5.2313655e-05,1.1685308e-07,20,0.249984741,/Users/chrisharing/Desktop/CCS_complex_coupled_systems/Repo/HardDisks/hspist3/experiments_energy_transfer/level2_fastdx_20260918/dx2/tr_9209.csv,19.9166565,19.6666718,1,"./00ALLINONE_ramp --mode=edmd --experiment=energy_transfer --headless --quiet --edmd-acc=0 --seed-drift-order=drift-first --energy-transfer-summary=experiments_energy_transfer/level2_fastdx_20260918/dx2/summary.csv --energy-transfer-trace=experiments_energy_transfer/level2_fastdx_20260918/dx2/tr_9209.csv --particles=100 --particles-boxes=50,50 --particle-radius=0.5 --l0=39.25 --height=10 --num-walls=1 --wall-positions=39.25 --wall-mass-factors=1000000000 --piston-right-protocol-mode=step --velocity-right-piston-step=10 --max-right-piston-travel=2 --auto-piston-step --wall-hold-steps=12000 --steps=12500 --fixed-dt=0.4 --energy-measurement --eff-output=wall-ke --kbt1 --seed=9209",9209
2026-09-18 13:26:03,energy_transfer,edmd,12500,12000,0.0166666669,39.25,10,100,0.5,nan,0.100050721,0.100050721,1,39.25,1e+09,50;50,1,0.0416666667,1,1,0.00999999978,100,1000,nan,39.25,1,step,76.5,-10,step,2,10,nan,nan,10,nan,nan,363.781767,0.00375209446,1.03141356e-05,0.999989686,363.778014,0,3.92082184e-05,3.92082184e-05,1.07779504e-07,20,0.249984741,/Users/chrisharing/Desktop/CCS_complex_coupled_systems/Repo/HardDisks/hspist3/experiments_energy_transfer/level2_fastdx_20260918/dx2/tr_9201.csv,19.4999847,19.25,1,"./00ALLINONE_ramp --mode=edmd --experiment=energy_transfer --headless --quiet --edmd-acc=0 --seed-drift-order=drift-first --energy-transfer-summary=experiments_energy_transfer/level2_fastdx_20260918/dx2/summary.csv --energy-transfer-trace=experiments_energy_transfer/level2_fastdx_20260918/dx2/tr_9201.csv --particles=100 --particles-boxes=50,50 --particle-radius=0.5 --l0=39.25 --height=10 --num-walls=1 --wall-positions=39.25 --wall-mass-factors=1000000000 --piston-right-protocol-mode=step --velocity-right-piston-step=10 --max-right-piston-travel=2 --auto-piston-step --wall-hold-steps=12000 --steps=12500 --fixed-dt=0.4 --energy-measurement --eff-output=wall-ke --kbt1 --seed=9201",9201
2026-09-18 13:26:03,energy_transfer,edmd,12500,12000,0.0166666669,39.25,10,100,0.5,nan,0.100050721,0.100050721,1,39.25,1e+09,50;50,1,0.0416666667,1,1,0.00999999978,100,1000,nan,39.25,1,step,76.5,-10,step,2,10,nan,nan,10,nan,nan,366.557007,0.00379941007,1.03651274e-05,0.999989635,366.553207,0,3.47389105e-05,3.47389105e-05,9.47708265e-08,20,0.249984741,/Users/chrisharing/Desktop/CCS_complex_coupled_systems/Repo/HardDisks/hspist3/experiments_energy_transfer/level2_fastdx_20260918/dx2/tr_9202.csv,19.8499908,19.6000061,1,"./00ALLINONE_ramp --mode=edmd --experiment=energy_transfer --headless --quiet --edmd-acc=0 --seed-drift-order=drift-first --energy-transfer-summary=experiments_energy_transfer/level2_fastdx_20260918/dx2/summary.csv --energy-transfer-trace=experiments_energy_transfer/level2_fastdx_20260918/dx2/tr_9202.csv --particles=100 --particles-boxes=50,50 --particle-radius=0.5 --l0=39.25 --height=10 --num-walls=1 --wall-positions=39.25 --wall-mass-factors=1000000000 --piston-right-protocol-mode=step --velocity-right-piston-step=10 --max-right-piston-travel=2 --auto-piston-step --wall-hold-steps=12000 --steps=12500 --fixed-dt=0.4 --energy-measurement --eff-output=wall-ke --kbt1 --seed=9202",9202
2026-09-18 13:26:03,energy_transfer,edmd,12500,12000,0.0166666669,39.25,10,100,0.5,nan,0.100050721,0.100050721,1,39.25,1e+09,50;50,1,0.0416666667,1,1,0.00999999978,100,1000,nan,39.25,1,step,76.5,-10,step,2,10,nan,nan,10,nan,nan,429.020769,0.0052160765,1.21580979e-05,0.999987842,429.015553,5.96805627e-09,4.40257973e-05,4.40198292e-05,1.02605357e-07,20,0.249984741,/Users/chrisharing/Desktop/CCS_complex_coupled_systems/Repo/HardDisks/hspist3/experiments_energy_transfer/level2_fastdx_20260918/dx2/tr_9205.csv,20.0166626,19.7666779,1,"./00ALLINONE_ramp --mode=edmd --experiment=energy_transfer --headless --quiet --edmd-acc=0 --seed-drift-order=drift-first --energy-transfer-summary=experiments_energy_transfer/level2_fastdx_20260918/dx2/summary.csv --energy-transfer-trace=experiments_energy_transfer/level2_fastdx_20260918/dx2/tr_9205.csv --particles=100 --particles-boxes=50,50 --particle-radius=0.5 --l0=39.25 --height=10 --num-walls=1 --wall-positions=39.25 --wall-mass-factors=1000000000 --piston-right-protocol-mode=step --velocity-right-piston-step=10 --max-right-piston-travel=2 --auto-piston-step --wall-hold-steps=12000 --steps=12500 --fixed-dt=0.4 --energy-measurement --eff-output=wall-ke --kbt1 --seed=9205",9205
2026-09-18 13:26:03,energy_transfer,edmd,12500,12000,0.0166666669,39.25,10,100,0.5,nan,0.100050721,0.100050721,1,39.25,1e+09,50;50,1,0.0416666667,1,1,0.00999999978,100,1000,nan,39.25,1,step,76.5,-10,step,2,10,nan,nan,10,nan,nan,697.143601,0.0131776929,1.89024082e-05,0.999981098,697.130423,3.26908604e-11,0.000100792349,0.000100792317,1.44578988e-07,20,0.249984741,/Users/chrisharing/Desktop/CCS_complex_coupled_systems/Repo/HardDisks/hspist3/experiments_energy_transfer/level2_fastdx_20260918/dx2/tr_9203.csv,19.9166565,19.6666718,1,"./00ALLINONE_ramp --mode=edmd --experiment=energy_transfer --headless --quiet --edmd-acc=0 --seed-drift-order=drift-first --energy-transfer-summary=experiments_energy_transfer/level2_fastdx_20260918/dx2/summary.csv --energy-transfer-trace=experiments_energy_transfer/level2_fastdx_20260918/dx2/tr_9203.csv --particles=100 --particles-boxes=50,50 --particle-radius=0.5 --l0=39.25 --height=10 --num-walls=1 --wall-positions=39.25 --wall-mass-factors=1000000000 --piston-right-protocol-mode=step --velocity-right-piston-step=10 --max-right-piston-travel=2 --auto-piston-step --wall-hold-steps=12000 --steps=12500 --fixed-dt=0.4 --energy-measurement --eff-output=wall-ke --kbt1 --seed=9203",9203
2026-09-18 13:26:03,energy_transfer,edmd,12500,12000,0.0166666669,39.25,10,100,0.5,nan,0.100050721,0.100050721,1,39.25,1e+09,50;50,1,0.0416666667,1,1,0.00999999978,100,1000,nan,39.25,1,step,76.5,-10,step,2,10,nan,nan,10,nan,nan,756.500705,0.015935868,2.10652388e-05,0.999978935,756.48477,0,0.000151434215,0.000151434215,2.00177229e-07,20,0.249984741,/Users/chrisharing/Desktop/CCS_complex_coupled_systems/Repo/HardDisks/hspist3/experiments_energy_transfer/level2_fastdx_20260918/dx2/tr_9208.csv,20.2333221,19.9833374,1,"./00ALLINONE_ramp --mode=edmd --experiment=energy_transfer --headless --quiet --edmd-acc=0 --seed-drift-order=drift-first --energy-transfer-summary=experiments_energy_transfer/level2_fastdx_20260918/dx2/summary.csv --energy-transfer-trace=experiments_energy_transfer/level2_fastdx_20260918/dx2/tr_9208.csv --particles=100 --particles-boxes=50,50 --particle-radius=0.5 --l0=39.25 --height=10 --num-walls=1 --wall-positions=39.25 --wall-mass-factors=1000000000 --piston-right-protocol-mode=step --velocity-right-piston-step=10 --max-right-piston-travel=2 --auto-piston-step --wall-hold-steps=12000 --steps=12500 --fixed-dt=0.4 --energy-measurement --eff-output=wall-ke --kbt1 --seed=9208",9208
2026-09-18 13:26:03,energy_transfer,edmd,12500,12000,0.0166666669,39.25,10,100,0.5,nan,0.100050721,0.100050721,1,39.25,1e+09,50;50,1,0.0416666667,1,1,0.00999999978,100,1000,nan,39.25,1,step,76.5,-10,step,2,10,nan,nan,10,nan,nan,807.247927,0.0181128643,2.2437796e-05,0.999977562,807.229814,0,0.000163965859,0.000163965859,2.03117101e-07,20,0.249984741,/Users/chrisharing/Desktop/CCS_complex_coupled_systems/Repo/HardDisks/hspist3/experiments_energy_transfer/level2_fastdx_20260918/dx2/tr_9206.csv,20.1999969,19.9500122,1,"./00ALLINONE_ramp --mode=edmd --experiment=energy_transfer --headless --quiet --edmd-acc=0 --seed-drift-order=drift-first --energy-transfer-summary=experiments_energy_transfer/level2_fastdx_20260918/dx2/summary.csv --energy-transfer-trace=experiments_energy_transfer/level2_fastdx_20260918/dx2/tr_9206.csv --particles=100 --particles-boxes=50,50 --particle-radius=0.5 --l0=39.25 --height=10 --num-walls=1 --wall-positions=39.25 --wall-mass-factors=1000000000 --piston-right-protocol-mode=step --velocity-right-piston-step=10 --max-right-piston-travel=2 --auto-piston-step --wall-hold-steps=12000 --steps=12500 --fixed-dt=0.4 --energy-measurement --eff-output=wall-ke --kbt1 --seed=9206",9206
2026-09-18 13:26:03,energy_transfer,edmd,12500,12000,0.0166666669,39.25,10,100,0.5,nan,0.100050721,0.100050721,1,39.25,1e+09,50;50,1,0.0416666667,1,1,0.00999999978,100,1000,nan,39.25,1,step,76.5,-10,step,2,10,nan,nan,10,nan,nan,930.032347,0.0251236763,2.70137661e-05,0.999972986,930.007223,0,0.000257586187,0.000257586187,2.76964762e-07,20,0.249984741,/Users/chrisharing/Desktop/CCS_complex_coupled_systems/Repo/HardDisks/hspist3/experiments_energy_transfer/level2_fastdx_20260918/dx2/tr_9204.csv,19.5999908,19.3500061,1,"./00ALLINONE_ramp --mode=edmd --experiment=energy_transfer --headless --quiet --edmd-acc=0 --seed-drift-order=drift-first --energy-transfer-summary=experiments_energy_transfer/level2_fastdx_20260918/dx2/summary.csv --energy-transfer-trace=experiments_energy_transfer/level2_fastdx_20260918/dx2/tr_9204.csv --particles=100 --particles-boxes=50,50 --particle-radius=0.5 --l0=39.25 --height=10 --num-walls=1 --wall-positions=39.25 --wall-mass-factors=1000000000 --piston-right-protocol-mode=step --velocity-right-piston-step=10 --max-right-piston-travel=2 --auto-piston-step --wall-hold-steps=12000 --steps=12500 --fixed-dt=0.4 --energy-measurement --eff-output=wall-ke --kbt1 --seed=9204",9204
2026-09-18 13:26:03,energy_transfer,edmd,12500,12000,0.0166666669,39.25,10,100,0.5,nan,0.100050721,0.100050721,1,39.25,1e+09,50;50,1,0.0416666667,1,1,0.00999999978,100,1000,nan,39.25,1,step,76.5,-10,step,2,10,nan,nan,10,nan,nan,1.60007442e-16,9.57513521e-07,5.98418115e+09,-5.98418115e+09,-9.57513521e-07,1.25408861e-09,1.69324707e-07,1.68070619e-07,1.05039251e+09,20,0.249984741,/Users/chrisharing/Desktop/CCS_complex_coupled_systems/Repo/HardDisks/hspist3/experiments_energy_transfer/level2_fastdx_20260918/dx2/tr_9214.csv,20.2333221,19.9833374,1,"./00ALLINONE_ramp --mode=edmd --experiment=energy_transfer --headless --quiet --edmd-acc=0 --seed-drift-order=drift-first --energy-transfer-summary=experiments_energy_transfer/level2_fastdx_20260918/dx2/summary.csv --energy-transfer-trace=experiments_energy_transfer/level2_fastdx_20260918/dx2/tr_9214.csv --particles=100 --particles-boxes=50,50 --particle-radius=0.5 --l0=39.25 --height=10 --num-walls=1 --wall-positions=39.25 --wall-mass-factors=1000000000 --piston-right-protocol-mode=step --velocity-right-piston-step=10 --max-right-piston-travel=2 --auto-piston-step --wall-hold-steps=12000 --steps=12500 --fixed-dt=0.4 --energy-measurement --eff-output=wall-ke --kbt1 --seed=9214",9214
2026-09-18 13:26:03,energy_transfer,edmd,12500,12000,0.0166666669,39.25,10,100,0.5,nan,0.100050721,0.100050721,1,39.25,1e+09,50;50,1,0.0416666667,1,1,0.00999999978,100,1000,nan,39.25,1,step,76.5,-10,step,2,10,nan,nan,10,nan,nan,180.022095,0.000973213813,5.4060798e-06,0.999994594,180.021122,1.70229331e-10,9.59646877e-06,9.59629854e-06,5.33062262e-08,20,0.249984741,/Users/chrisharing/Desktop/CCS_complex_coupled_systems/Repo/HardDisks/hspist3/experiments_energy_transfer/level2_fastdx_20260918/dx2/tr_9213.csv,20.0999908,19.8500061,1,"./00ALLINONE_ramp --mode=edmd --experiment=energy_transfer --headless --quiet --edmd-acc=0 --seed-drift-order=drift-first --energy-transfer-summary=experiments_energy_transfer/level2_fastdx_20260918/dx2/summary.csv --energy-transfer-trace=experiments_energy_transfer/level2_fastdx_20260918/dx2/tr_9213.csv --particles=100 --particles-boxes=50,50 --particle-radius=0.5 --l0=39.25 --height=10 --num-walls=1 --wall-positions=39.25 --wall-mass-factors=1000000000 --piston-right-protocol-mode=step --velocity-right-piston-step=10 --max-right-piston-travel=2 --auto-piston-step --wall-hold-steps=12000 --steps=12500 --fixed-dt=0.4 --energy-measurement --eff-output=wall-ke --kbt1 --seed=9213",9213
2026-09-18 13:26:03,energy_transfer,edmd,12500,12000,0.0166666669,39.25,10,100,0.5,nan,0.100050721,0.100050721,1,39.25,1e+09,50;50,1,0.0416666667,1,1,0.00999999978,100,1000,nan,39.25,1,step,76.5,-10,step,2,10,nan,nan,10,nan,nan,213.952424,0.00130264251,6.08846814e-06,0.999993912,213.951121,0,1.14176482e-05,1.14176482e-05,5.33653606e-08,20,0.249984741,/Users/chrisharing/Desktop/CCS_complex_coupled_systems/Repo/HardDisks/hspist3/experiments_energy_transfer/level2_fastdx_20260918/dx2/tr_9211.csv,17.2999878,17.0500031,0,"./00ALLINONE_ramp --mode=edmd --experiment=energy_transfer --headless --quiet --edmd-acc=0 --seed-drift-order=drift-first --energy-transfer-summary=experiments_energy_transfer/level2_fastdx_20260918/dx2/summary.csv --energy-transfer-trace=experiments_energy_transfer/level2_fastdx_20260918/dx2/tr_9211.csv --particles=100 --particles-boxes=50,50 --particle-radius=0.5 --l0=39.25 --height=10 --num-walls=1 --wall-positions=39.25 --wall-mass-factors=1000000000 --piston-right-protocol-mode=step --velocity-right-piston-step=10 --max-right-piston-travel=2 --auto-piston-step --wall-hold-steps=12000 --steps=12500 --fixed-dt=0.4 --energy-measurement --eff-output=wall-ke --kbt1 --seed=9211",9211
2026-09-18 13:26:03,energy_transfer,edmd,12500,12000,0.0166666669,39.25,10,100,0.5,nan,0.100050721,0.100050721,1,39.25,1e+09,50;50,1,0.0416666667,1,1,0.00999999978,100,1000,nan,39.25,1,step,76.5,-10,step,2,10,nan,nan,10,nan,nan,430.544708,0.00528666889,1.22790242e-05,0.999987721,430.539421,0,4.27359446e-05,4.27359446e-05,9.92601786e-08,20,0.249984741,/Users/chrisharing/Desktop/CCS_complex_coupled_systems/Repo/HardDisks/hspist3/experiments_energy_transfer/level2_fastdx_20260918/dx2/tr_9210.csv,20.0333252,19.7833405,1,"./00ALLINONE_ramp --mode=edmd --experiment=energy_transfer --headless --quiet --edmd-acc=0 --seed-drift-order=drift-first --energy-transfer-summary=experiments_energy_transfer/level2_fastdx_20260918/dx2/summary.csv --energy-transfer-trace=experiments_energy_transfer/level2_fastdx_20260918/dx2/tr_9210.csv --particles=100 --particles-boxes=50,50 --particle-radius=0.5 --l0=39.25 --height=10 --num-walls=1 --wall-positions=39.25 --wall-mass-factors=1000000000 --piston-right-protocol-mode=step --velocity-right-piston-step=10 --max-right-piston-travel=2 --auto-piston-step --wall-hold-steps=12000 --steps=12500 --fixed-dt=0.4 --energy-measurement --eff-output=wall-ke --kbt1 --seed=9210",9210
2026-09-18 13:26:03,energy_transfer,edmd,12500,12000,0.0166666669,39.25,10,100,0.5,nan,0.100050721,0.100050721,1,39.25,1e+09,50;50,1,0.0416666667,1,1,0.00999999978,100,1000,nan,39.25,1,step,76.5,-10,step,2,10,nan,nan,10,nan,nan,621.828588,0.0112681668,1.81210177e-05,0.999981879,621.81732,0,0.000118566415,0.000118566415,1.90673792e-07,20,0.249984741,/Users/chrisharing/Desktop/CCS_complex_coupled_systems/Repo/HardDisks/hspist3/experiments_energy_transfer/level2_fastdx_20260918/dx2/tr_9212.csv,19.5499878,19.3000031,1,"./00ALLINONE_ramp --mode=edmd --experiment=energy_transfer --headless --quiet --edmd-acc=0 --seed-drift-order=drift-first --energy-transfer-summary=experiments_energy_transfer/level2_fastdx_20260918/dx2/summary.csv --energy-transfer-trace=experiments_energy_transfer/level2_fastdx_20260918/dx2/tr_9212.csv --particles=100 --particles-boxes=50,50 --particle-radius=0.5 --l0=39.25 --height=10 --num-walls=1 --wall-positions=39.25 --wall-mass-factors=1000000000 --piston-right-protocol-mode=step --velocity-right-piston-step=10 --max-right-piston-travel=2 --auto-piston-step --wall-hold-steps=12000 --steps=12500 --fixed-dt=0.4 --energy-measurement --eff-output=wall-ke --kbt1 --seed=9212",9212
2026-09-18 13:26:03,energy_transfer,edmd,12500,12000,0.0166666669,39.25,10,100,0.5,nan,0.100050721,0.100050721,1,39.25,1e+09,50;50,1,0.0416666667,1,1,0.00999999978,100,1000,nan,39.25,1,step,76.5,-10,step,2,10,nan,nan,10,nan,nan,440.203682,0.00553134549,1.25654231e-05,0.999987435,440.19815,0,5.75621416e-05,5.75621416e-05,1.30762517e-07,20,0.249984741,/Users/chrisharing/Desktop/CCS_complex_coupled_systems/Repo/HardDisks/hspist3/experiments_energy_transfer/level2_fastdx_20260918/dx2/tr_9215.csv,19.8333282,19.5833435,1,"./00ALLINONE_ramp --mode=edmd --experiment=energy_transfer --headless --quiet --edmd-acc=0 --seed-drift-order=drift-first --energy-transfer-summary=experiments_energy_transfer/level2_fastdx_20260918/dx2/summary.csv --energy-transfer-trace=experiments_energy_transfer/level2_fastdx_20260918/dx2/tr_9215.csv --particles=100 --particles-boxes=50,50 --particle-radius=0.5 --l0=39.25 --height=10 --num-walls=1 --wall-positions=39.25 --wall-mass-factors=1000000000 --piston-right-protocol-mode=step --velocity-right-piston-step=10 --max-right-piston-travel=2 --auto-piston-step --wall-hold-steps=12000 --steps=12500 --fixed-dt=0.4 --energy-measurement --eff-output=wall-ke --kbt1 --seed=9215",9215
2026-09-18 13:26:03,energy_transfer,edmd,12500,12000,0.0166666669,39.25,10,100,0.5,nan,0.100050721,0.100050721,1,39.25,1e+09,50;50,1,0.0416666667,1,1,0.00999999978,100,1000,nan,39.25,1,step,76.5,-10,step,2,10,nan,nan,10,nan,nan,403.731231,0.00460415101,1.14040001e-05,0.999988596,403.726626,0,4.39822907e-05,4.39822907e-05,1.0893953e-07,20,0.249984741,/Users/chrisharing/Desktop/CCS_complex_coupled_systems/Repo/HardDisks/hspist3/experiments_energy_transfer/level2_fastdx_20260918/dx2/tr_9218.csv,19.7499847,19.5,1,"./00ALLINONE_ramp --mode=edmd --experiment=energy_transfer --headless --quiet --edmd-acc=0 --seed-drift-order=drift-first --energy-transfer-summary=experiments_energy_transfer/level2_fastdx_20260918/dx2/summary.csv --energy-transfer-trace=experiments_energy_transfer/level2_fastdx_20260918/dx2/tr_9218.csv --particles=100 --particles-boxes=50,50 --particle-radius=0.5 --l0=39.25 --height=10 --num-walls=1 --wall-positions=39.25 --wall-mass-factors=1000000000 --piston-right-protocol-mode=step --velocity-right-piston-step=10 --max-right-piston-travel=2 --auto-piston-step --wall-hold-steps=12000 --steps=12500 --fixed-dt=0.4 --energy-measurement --eff-output=wall-ke --kbt1 --seed=9218",9218
2026-09-18 13:26:03,energy_transfer,edmd,12500,12000,0.0166666669,39.25,10,100,0.5,nan,0.100050721,0.100050721,1,39.25,1e+09,50;50,1,0.0416666667,1,1,0.00999999978,100,1000,nan,39.25,1,step,76.5,-10,step,2,10,nan,nan,10,nan,nan,729.648133,0.014808205,2.02949947e-05,0.999979705,729.633324,0,0.000129963679,0.000129963679,1.78118292e-07,20,0.249984741,/Users/chrisharing/Desktop/CCS_complex_coupled_systems/Repo/HardDisks/hspist3/experiments_energy_transfer/level2_fastdx_20260918/dx2/tr_9216.csv,19.6499939,19.4000092,1,"./00ALLINONE_ramp --mode=edmd --experiment=energy_transfer --headless --quiet --edmd-acc=0 --seed-drift-order=drift-first --energy-transfer-summary=experiments_energy_transfer/level2_fastdx_20260918/dx2/summary.csv --energy-transfer-trace=experiments_energy_transfer/level2_fastdx_20260918/dx2/tr_9216.csv --particles=100 --particles-boxes=50,50 --particle-radius=0.5 --l0=39.25 --height=10 --num-walls=1 --wall-positions=39.25 --wall-mass-factors=1000000000 --piston-right-protocol-mode=step --velocity-right-piston-step=10 --max-right-piston-travel=2 --auto-piston-step --wall-hold-steps=12000 --steps=12500 --fixed-dt=0.4 --energy-measurement --eff-output=wall-ke --kbt1 --seed=9216",9216
2026-09-18 13:26:03,energy_transfer,edmd,12500,12000,0.0166666669,39.25,10,100,0.5,nan,0.100050721,0.100050721,1,39.25,1e+09,50;50,1,0.0416666667,1,1,0.00999999978,100,1000,nan,39.25,1,step,76.5,-10,step,2,10,nan,nan,10,nan,nan,658.912273,0.0123481276,1.87401693e-05,0.99998126,658.899924,2.1301641e-10,0.000115884053,0.00011588384,1.75871425e-07,20,0.249984741,/Users/chrisharing/Desktop/CCS_complex_coupled_systems/Repo/HardDisks/hspist3/experiments_energy_transfer/level2_fastdx_20260918/dx2/tr_9217.csv,19.9833221,19.7333374,1,"./00ALLINONE_ramp --mode=edmd --experiment=energy_transfer --headless --quiet --edmd-acc=0 --seed-drift-order=drift-first --energy-transfer-summary=experiments_energy_transfer/level2_fastdx_20260918/dx2/summary.csv --energy-transfer-trace=experiments_energy_transfer/level2_fastdx_20260918/dx2/tr_9217.csv --particles=100 --particles-boxes=50,50 --particle-radius=0.5 --l0=39.25 --height=10 --num-walls=1 --wall-positions=39.25 --wall-mass-factors=1000000000 --piston-right-protocol-mode=step --velocity-right-piston-step=10 --max-right-piston-travel=2 --auto-piston-step --wall-hold-steps=12000 --steps=12500 --fixed-dt=0.4 --energy-measurement --eff-output=wall-ke --kbt1 --seed=9217",9217
2026-09-18 13:26:03,energy_transfer,edmd,12500,12000,0.0166666669,39.25,10,100,0.5,nan,0.100050721,0.100050721,1,39.25,1e+09,50;50,1,0.0416666667,1,1,0.00999999978,100,1000,nan,39.25,1,step,76.5,-10,step,2,10,nan,nan,10,nan,nan,831.794536,0.0189983044,2.28401409e-05,0.99997716,831.775538,7.48307283e-09,0.00018973391,0.000189726427,2.28092898e-07,20,0.249984741,/Users/chrisharing/Desktop/CCS_complex_coupled_systems/Repo/HardDisks/hspist3/experiments_energy_transfer/level2_fastdx_20260918/dx2/tr_9219.csv,20.2166595,19.9666748,1,"./00ALLINONE_ramp --mode=edmd --experiment=energy_transfer --headless --quiet --edmd-acc=0 --seed-drift-order=drift-first --energy-transfer-summary=experiments_energy_transfer/level2_fastdx_20260918/dx2/summary.csv --energy-transfer-trace=experiments_energy_transfer/level2_fastdx_20260918/dx2/tr_9219.csv --particles=100 --particles-boxes=50,50 --particle-radius=0.5 --l0=39.25 --height=10 --num-walls=1 --wall-positions=39.25 --wall-mass-factors=1000000000 --piston-right-protocol-mode=step --velocity-right-piston-step=10 --max-right-piston-travel=2 --auto-piston-step --wall-hold-steps=12000 --steps=12500 --fixed-dt=0.4 --energy-measurement --eff-output=wall-ke --kbt1 --seed=9219",9219
2026-09-18 13:26:04,energy_transfer,edmd,12500,12000,0.0166666669,39.25,10,100,0.5,nan,0.100050721,0.100050721,1,39.25,1e+09,50;50,1,0.0416666667,1,1,0.00999999978,100,1000,nan,39.25,1,step,76.5,-10,step,2,10,nan,nan,10,nan,nan,574.532925,0.0095388582,1.66028051e-05,0.999983397,574.523387,0,8.97129357e-05,8.97129357e-05,1.56149338e-07,20,0.249984741,/Users/chrisharing/Desktop/CCS_complex_coupled_systems/Repo/HardDisks/hspist3/experiments_energy_transfer/level2_fastdx_20260918/dx2/tr_9221.csv,20.2166595,19.9666748,1,"./00ALLINONE_ramp --mode=edmd --experiment=energy_transfer --headless --quiet --edmd-acc=0 --seed-drift-order=drift-first --energy-transfer-summary=experiments_energy_transfer/level2_fastdx_20260918/dx2/summary.csv --energy-transfer-trace=experiments_energy_transfer/level2_fastdx_20260918/dx2/tr_9221.csv --particles=100 --particles-boxes=50,50 --particle-radius=0.5 --l0=39.25 --height=10 --num-walls=1 --wall-positions=39.25 --wall-mass-factors=1000000000 --piston-right-protocol-mode=step --velocity-right-piston-step=10 --max-right-piston-travel=2 --auto-piston-step --wall-hold-steps=12000 --steps=12500 --fixed-dt=0.4 --energy-measurement --eff-output=wall-ke --kbt1 --seed=9221",9221
2026-09-18 13:26:04,energy_transfer,edmd,12500,12000,0.0166666669,39.25,10,100,0.5,nan,0.100050721,0.100050721,1,39.25,1e+09,50;50,1,0.0416666667,1,1,0.00999999978,100,1000,nan,39.25,1,step,76.5,-10,step,2,10,nan,nan,10,nan,nan,561.336857,0.00891600549,1.58835205e-05,0.999984116,561.327941,7.96475064e-09,9.82993806e-05,9.82914159e-05,1.75102373e-07,20,0.249984741,/Users/chrisharing/Desktop/CCS_complex_coupled_systems/Repo/HardDisks/hspist3/experiments_energy_transfer/level2_fastdx_20260918/dx2/tr_9222.csv,20.0666656,19.8166809,1,"./00ALLINONE_ramp --mode=edmd --experiment=energy_transfer --headless --quiet --edmd-acc=0 --seed-drift-order=drift-first --energy-transfer-summary=experiments_energy_transfer/level2_fastdx_20260918/dx2/summary.csv --energy-transfer-trace=experiments_energy_transfer/level2_fastdx_20260918/dx2/tr_9222.csv --particles=100 --particles-boxes=50,50 --particle-radius=0.5 --l0=39.25 --height=10 --num-walls=1 --wall-positions=39.25 --wall-mass-factors=1000000000 --piston-right-protocol-mode=step --velocity-right-piston-step=10 --max-right-piston-travel=2 --auto-piston-step --wall-hold-steps=12000 --steps=12500 --fixed-dt=0.4 --energy-measurement --eff-output=wall-ke --kbt1 --seed=9222",9222
2026-09-18 13:26:04,energy_transfer,edmd,12500,12000,0.0166666669,39.25,10,100,0.5,nan,0.100050721,0.100050721,1,39.25,1e+09,50;50,1,0.0416666667,1,1,0.00999999978,100,1000,nan,39.25,1,step,76.5,-10,step,2,10,nan,nan,10,nan,nan,755.193748,0.0158772636,2.1024093e-05,0.999978976,755.177871,0,0.00017022212,0.00017022212,2.25401919e-07,20,0.249984741,/Users/chrisharing/Desktop/CCS_complex_coupled_systems/Repo/HardDisks/hspist3/experiments_energy_transfer/level2_fastdx_20260918/dx2/tr_9220.csv,20.2333221,19.9833374,1,"./00ALLINONE_ramp --mode=edmd --experiment=energy_transfer --headless --quiet --edmd-acc=0 --seed-drift-order=drift-first --energy-transfer-summary=experiments_energy_transfer/level2_fastdx_20260918/dx2/summary.csv --energy-transfer-trace=experiments_energy_transfer/level2_fastdx_20260918/dx2/tr_9220.csv --particles=100 --particles-boxes=50,50 --particle-radius=0.5 --l0=39.25 --height=10 --num-walls=1 --wall-positions=39.25 --wall-mass-factors=1000000000 --piston-right-protocol-mode=step --velocity-right-piston-step=10 --max-right-piston-travel=2 --auto-piston-step --wall-hold-steps=12000 --steps=12500 --fixed-dt=0.4 --energy-measurement --eff-output=wall-ke --kbt1 --seed=9220",9220
2026-09-18 13:26:04,energy_transfer,edmd,12500,12000,0.0166666669,39.25,10,100,0.5,nan,0.100050721,0.100050721,1,39.25,1e+09,50;50,1,0.0416666667,1,1,0.00999999978,100,1000,nan,39.25,1,step,76.5,-10,step,2,10,nan,nan,10,nan,nan,431.288653,0.00528415665,1.22520187e-05,0.999987748,431.283369,0,5.21023867e-05,5.21023867e-05,1.20806301e-07,20,0.249984741,/Users/chrisharing/Desktop/CCS_complex_coupled_systems/Repo/HardDisks/hspist3/experiments_energy_transfer/level2_fastdx_20260918/dx2/tr_9225.csv,20.1666565,19.9166718,1,"./00ALLINONE_ramp --mode=edmd --experiment=energy_transfer --headless --quiet --edmd-acc=0 --seed-drift-order=drift-first --energy-transfer-summary=experiments_energy_transfer/level2_fastdx_20260918/dx2/summary.csv --energy-transfer-trace=experiments_energy_transfer/level2_fastdx_20260918/dx2/tr_9225.csv --particles=100 --particles-boxes=50,50 --particle-radius=0.5 --l0=39.25 --height=10 --num-walls=1 --wall-positions=39.25 --wall-mass-factors=1000000000 --piston-right-protocol-mode=step --velocity-right-piston-step=10 --max-right-piston-travel=2 --auto-piston-step --wall-hold-steps=12000 --steps=12500 --fixed-dt=0.4 --energy-measurement --eff-output=wall-ke --kbt1 --seed=9225",9225
2026-09-18 13:26:04,energy_transfer,edmd,12500,12000,0.0166666669,39.25,10,100,0.5,nan,0.100050721,0.100050721,1,39.25,1e+09,50;50,1,0.0416666667,1,1,0.00999999978,100,1000,nan,39.25,1,step,76.5,-10,step,2,10,nan,nan,10,nan,nan,509.673356,0.00720346533,1.4133494e-05,0.999985867,509.666152,1.65276304e-09,7.86580204e-05,7.86563676e-05,1.54327015e-07,20,0.249984741,/Users/chrisharing/Desktop/CCS_complex_coupled_systems/Repo/HardDisks/hspist3/experiments_energy_transfer/level2_fastdx_20260918/dx2/tr_9224.csv,19.6833191,19.4333344,1,"./00ALLINONE_ramp --mode=edmd --experiment=energy_transfer --headless --quiet --edmd-acc=0 --seed-drift-order=drift-first --energy-transfer-summary=experiments_energy_transfer/level2_fastdx_20260918/dx2/summary.csv --energy-transfer-trace=experiments_energy_transfer/level2_fastdx_20260918/dx2/tr_9224.csv --particles=100 --particles-boxes=50,50 --particle-radius=0.5 --l0=39.25 --height=10 --num-walls=1 --wall-positions=39.25 --wall-mass-factors=1000000000 --piston-right-protocol-mode=step --velocity-right-piston-step=10 --max-right-piston-travel=2 --auto-piston-step --wall-hold-steps=12000 --steps=12500 --fixed-dt=0.4 --energy-measurement --eff-output=wall-ke --kbt1 --seed=9224",9224
2026-09-18 13:26:04,energy_transfer,edmd,12500,12000,0.0166666669,39.25,10,100,0.5,nan,0.100050721,0.100050721,1,39.25,1e+09,50;50,1,0.0416666667,1,1,0.00999999978,100,1000,nan,39.25,1,step,76.5,-10,step,2,10,nan,nan,10,nan,nan,597.912349,0.0103692515,1.73424274e-05,0.999982658,597.90198,0,0.000109111686,0.000109111686,1.82487762e-07,20,0.249984741,/Users/chrisharing/Desktop/CCS_complex_coupled_systems/Repo/HardDisks/hspist3/experiments_energy_transfer/level2_fastdx_20260918/dx2/tr_9226.csv,20.0666656,19.8166809,1,"./00ALLINONE_ramp --mode=edmd --experiment=energy_transfer --headless --quiet --edmd-acc=0 --seed-drift-order=drift-first --energy-transfer-summary=experiments_energy_transfer/level2_fastdx_20260918/dx2/summary.csv --energy-transfer-trace=experiments_energy_transfer/level2_fastdx_20260918/dx2/tr_9226.csv --particles=100 --particles-boxes=50,50 --particle-radius=0.5 --l0=39.25 --height=10 --num-walls=1 --wall-positions=39.25 --wall-mass-factors=1000000000 --piston-right-protocol-mode=step --velocity-right-piston-step=10 --max-right-piston-travel=2 --auto-piston-step --wall-hold-steps=12000 --steps=12500 --fixed-dt=0.4 --energy-measurement --eff-output=wall-ke --kbt1 --seed=9226",9226
2026-09-18 13:26:04,energy_transfer,edmd,12500,12000,0.0166666669,39.25,10,100,0.5,nan,0.100050721,0.100050721,1,39.25,1e+09,50;50,1,0.0416666667,1,1,0.00999999978,100,1000,nan,39.25,1,step,76.5,-10,step,2,10,nan,nan,10,nan,nan,498.330232,0.00700467825,1.4056298e-05,0.999985944,498.323228,3.46004336e-09,7.18566807e-05,7.18532207e-05,1.44187962e-07,20,0.249984741,/Users/chrisharing/Desktop/CCS_complex_coupled_systems/Repo/HardDisks/hspist3/experiments_energy_transfer/level2_fastdx_20260918/dx2/tr_9227.csv,19.8666534,19.6166687,1,"./00ALLINONE_ramp --mode=edmd --experiment=energy_transfer --headless --quiet --edmd-acc=0 --seed-drift-order=drift-first --energy-transfer-summary=experiments_energy_transfer/level2_fastdx_20260918/dx2/summary.csv --energy-transfer-trace=experiments_energy_transfer/level2_fastdx_20260918/dx2/tr_9227.csv --particles=100 --particles-boxes=50,50 --particle-radius=0.5 --l0=39.25 --height=10 --num-walls=1 --wall-positions=39.25 --wall-mass-factors=1000000000 --piston-right-protocol-mode=step --velocity-right-piston-step=10 --max-right-piston-travel=2 --auto-piston-step --wall-hold-steps=12000 --steps=12500 --fixed-dt=0.4 --energy-measurement --eff-output=wall-ke --kbt1 --seed=9227",9227
2026-09-18 13:26:04,energy_transfer,edmd,12500,12000,0.0166666669,39.25,10,100,0.5,nan,0.100050721,0.100050721,1,39.25,1e+09,50;50,1,0.0416666667,1,1,0.00999999978,100,1000,nan,39.25,1,step,76.5,-10,step,2,10,nan,nan,10,nan,nan,665.533928,0.0121047143,1.81879748e-05,0.999981812,665.521823,0,0.000112085901,0.000112085901,1.68415008e-07,20,0.249984741,/Users/chrisharing/Desktop/CCS_complex_coupled_systems/Repo/HardDisks/hspist3/experiments_energy_transfer/level2_fastdx_20260918/dx2/tr_9228.csv,18.1833191,17.9333344,0,"./00ALLINONE_ramp --mode=edmd --experiment=energy_transfer --headless --quiet --edmd-acc=0 --seed-drift-order=drift-first --energy-transfer-summary=experiments_energy_transfer/level2_fastdx_20260918/dx2/summary.csv --energy-transfer-trace=experiments_energy_transfer/level2_fastdx_20260918/dx2/tr_9228.csv --particles=100 --particles-boxes=50,50 --particle-radius=0.5 --l0=39.25 --height=10 --num-walls=1 --wall-positions=39.25 --wall-mass-factors=1000000000 --piston-right-protocol-mode=step --velocity-right-piston-step=10 --max-right-piston-travel=2 --auto-piston-step --wall-hold-steps=12000 --steps=12500 --fixed-dt=0.4 --energy-measurement --eff-output=wall-ke --kbt1 --seed=9228",9228
2026-09-18 13:26:04,energy_transfer,edmd,12500,12000,0.0166666669,39.25,10,100,0.5,nan,0.100050721,0.100050721,1,39.25,1e+09,50;50,1,0.0416666667,1,1,0.00999999978,100,1000,nan,39.25,1,step,76.5,-10,step,2,10,nan,nan,10,nan,nan,971.991622,0.0259688403,2.67171442e-05,0.999973283,971.965654,0,0.000245568895,0.000245568895,2.52645074e-07,20,0.249984741,/Users/chrisharing/Desktop/CCS_complex_coupled_systems/Repo/HardDisks/hspist3/experiments_energy_transfer/level2_fastdx_20260918/dx2/tr_9223.csv,20.0333252,19.7833405,1,"./00ALLINONE_ramp --mode=edmd --experiment=energy_transfer --headless --quiet --edmd-acc=0 --seed-drift-order=drift-first --energy-transfer-summary=experiments_energy_transfer/level2_fastdx_20260918/dx2/summary.csv --energy-transfer-trace=experiments_energy_transfer/level2_fastdx_20260918/dx2/tr_9223.csv --particles=100 --particles-boxes=50,50 --particle-radius=0.5 --l0=39.25 --height=10 --num-walls=1 --wall-positions=39.25 --wall-mass-factors=1000000000 --piston-right-protocol-mode=step --velocity-right-piston-step=10 --max-right-piston-travel=2 --auto-piston-step --wall-hold-steps=12000 --steps=12500 --fixed-dt=0.4 --energy-measurement --eff-output=wall-ke --kbt1 --seed=9223",9223
2026-09-18 13:26:04,energy_transfer,edmd,12500,12000,0.0166666669,39.25,10,100,0.5,nan,0.100050721,0.100050721,1,39.25,1e+09,50;50,1,0.0416666667,1,1,0.00999999978,100,1000,nan,39.25,1,step,76.5,-10,step,2,10,nan,nan,10,nan,nan,208.262674,0.00124069862,5.9573739e-06,0.999994043,208.261434,0,1.49452117e-05,1.49452117e-05,7.17613548e-08,20,0.249984741,/Users/chrisharing/Desktop/CCS_complex_coupled_systems/Repo/HardDisks/hspist3/experiments_energy_transfer/level2_fastdx_20260918/dx2/tr_9229.csv,19.9666595,19.7166748,1,"./00ALLINONE_ramp --mode=edmd --experiment=energy_transfer --headless --quiet --edmd-acc=0 --seed-drift-order=drift-first --energy-transfer-summary=experiments_energy_transfer/level2_fastdx_20260918/dx2/summary.csv --energy-transfer-trace=experiments_energy_transfer/level2_fastdx_20260918/dx2/tr_9229.csv --particles=100 --particles-boxes=50,50 --particle-radius=0.5 --l0=39.25 --height=10 --num-walls=1 --wall-positions=39.25 --wall-mass-factors=1000000000 --piston-right-protocol-mode=step --velocity-right-piston-step=10 --max-right-piston-travel=2 --auto-piston-step --wall-hold-steps=12000 --steps=12500 --fixed-dt=0.4 --energy-measurement --eff-output=wall-ke --kbt1 --seed=9229",9229
2026-09-18 13:26:04,energy_transfer,edmd,12500,12000,0.0166666669,39.25,10,100,0.5,nan,0.100050721,0.100050721,1,39.25,1e+09,50;50,1,0.0416666667,1,1,0.00999999978,100,1000,nan,39.25,1,step,76.5,-10,step,2,10,nan,nan,10,nan,nan,188.461273,0.000997145195,5.29098194e-06,0.999994709,188.460276,0,8.05487161e-06,8.05487161e-06,4.27401952e-08,20,0.249984741,/Users/chrisharing/Desktop/CCS_complex_coupled_systems/Repo/HardDisks/hspist3/experiments_energy_transfer/level2_fastdx_20260918/dx2/tr_9232.csv,17.6333313,17.3833466,0,"./00ALLINONE_ramp --mode=edmd --experiment=energy_transfer --headless --quiet --edmd-acc=0 --seed-drift-order=drift-first --energy-transfer-summary=experiments_energy_transfer/level2_fastdx_20260918/dx2/summary.csv --energy-transfer-trace=experiments_energy_transfer/level2_fastdx_20260918/dx2/tr_9232.csv --particles=100 --particles-boxes=50,50 --particle-radius=0.5 --l0=39.25 --height=10 --num-walls=1 --wall-positions=39.25 --wall-mass-factors=1000000000 --piston-right-protocol-mode=step --velocity-right-piston-step=10 --max-right-piston-travel=2 --auto-piston-step --wall-hold-steps=12000 --steps=12500 --fixed-dt=0.4 --energy-measurement --eff-output=wall-ke --kbt1 --seed=9232",9232
2026-09-18 13:26:04,energy_transfer,edmd,12500,12000,0.0166666669,39.25,10,100,0.5,nan,0.100050721,0.100050721,1,39.25,1e+09,50;50,1,0.0416666667,1,1,0.00999999978,100,1000,nan,39.25,1,step,76.5,-10,step,2,10,nan,nan,10,nan,nan,322.165364,0.00286699133,8.8991296e-06,0.999991101,322.162497,0,2.01117255e-05,2.01117255e-05,6.24267152e-08,20,0.249984741,/Users/chrisharing/Desktop/CCS_complex_coupled_systems/Repo/HardDisks/hspist3/experiments_energy_transfer/level2_fastdx_20260918/dx2/tr_9233.csv,20.0833282,19.8333435,1,"./00ALLINONE_ramp --mode=edmd --experiment=energy_transfer --headless --quiet --edmd-acc=0 --seed-drift-order=drift-first --energy-transfer-summary=experiments_energy_transfer/level2_fastdx_20260918/dx2/summary.csv --energy-transfer-trace=experiments_energy_transfer/level2_fastdx_20260918/dx2/tr_9233.csv --particles=100 --particles-boxes=50,50 --particle-radius=0.5 --l0=39.25 --height=10 --num-walls=1 --wall-positions=39.25 --wall-mass-factors=1000000000 --piston-right-protocol-mode=step --velocity-right-piston-step=10 --max-right-piston-travel=2 --auto-piston-step --wall-hold-steps=12000 --steps=12500 --fixed-dt=0.4 --energy-measurement --eff-output=wall-ke --kbt1 --seed=9233",9233
2026-09-18 13:26:04,energy_transfer,edmd,12500,12000,0.0166666669,39.25,10,100,0.5,nan,0.100050721,0.100050721,1,39.25,1e+09,50;50,1,0.0416666667,1,1,0.00999999978,100,1000,nan,39.25,1,step,76.5,-10,step,2,10,nan,nan,10,nan,nan,367.471721,0.00390060735,1.06147143e-05,0.999989385,367.467821,6.96987534e-09,4.4141656e-05,4.41346861e-05,1.20103626e-07,20,0.249984741,/Users/chrisharing/Desktop/CCS_complex_coupled_systems/Repo/HardDisks/hspist3/experiments_energy_transfer/level2_fastdx_20260918/dx2/tr_9234.csv,20.1499939,19.9000092,1,"./00ALLINONE_ramp --mode=edmd --experiment=energy_transfer --headless --quiet --edmd-acc=0 --seed-drift-order=drift-first --energy-transfer-summary=experiments_energy_transfer/level2_fastdx_20260918/dx2/summary.csv --energy-transfer-trace=experiments_energy_transfer/level2_fastdx_20260918/dx2/tr_9234.csv --particles=100 --particles-boxes=50,50 --particle-radius=0.5 --l0=39.25 --height=10 --num-walls=1 --wall-positions=39.25 --wall-mass-factors=1000000000 --piston-right-protocol-mode=step --velocity-right-piston-step=10 --max-right-piston-travel=2 --auto-piston-step --wall-hold-steps=12000 --steps=12500 --fixed-dt=0.4 --energy-measurement --eff-output=wall-ke --kbt1 --seed=9234",9234
2026-09-18 13:26:04,energy_transfer,edmd,12500,12000,0.0166666669,39.25,10,100,0.5,nan,0.100050721,0.100050721,1,39.25,1e+09,50;50,1,0.0416666667,1,1,0.00999999978,100,1000,nan,39.25,1,step,76.5,-10,step,2,10,nan,nan,10,nan,nan,794.357464,0.0172636546,2.17328538e-05,0.999978267,794.340201,1.21891808e-09,0.000152380497,0.000152379278,1.91827086e-07,20,0.249984741,/Users/chrisharing/Desktop/CCS_complex_coupled_systems/Repo/HardDisks/hspist3/experiments_energy_transfer/level2_fastdx_20260918/dx2/tr_9231.csv,20.0833282,19.8333435,1,"./00ALLINONE_ramp --mode=edmd --experiment=energy_transfer --headless --quiet --edmd-acc=0 --seed-drift-order=drift-first --energy-transfer-summary=experiments_energy_transfer/level2_fastdx_20260918/dx2/summary.csv --energy-transfer-trace=experiments_energy_transfer/level2_fastdx_20260918/dx2/tr_9231.csv --particles=100 --particles-boxes=50,50 --particle-radius=0.5 --l0=39.25 --height=10 --num-walls=1 --wall-positions=39.25 --wall-mass-factors=1000000000 --piston-right-protocol-mode=step --velocity-right-piston-step=10 --max-right-piston-travel=2 --auto-piston-step --wall-hold-steps=12000 --steps=12500 --fixed-dt=0.4 --energy-measurement --eff-output=wall-ke --kbt1 --seed=9231",9231
2026-09-18 13:26:04,energy_transfer,edmd,12500,12000,0.0166666669,39.25,10,100,0.5,nan,0.100050721,0.100050721,1,39.25,1e+09,50;50,1,0.0416666667,1,1,0.00999999978,100,1000,nan,39.25,1,step,76.5,-10,step,2,10,nan,nan,10,nan,nan,1038.9571,0.0297193248,2.86049586e-05,0.999971395,1038.92738,0,0.000288386451,0.000288386451,2.77573012e-07,20,0.249984741,/Users/chrisharing/Desktop/CCS_complex_coupled_systems/Repo/HardDisks/hspist3/experiments_energy_transfer/level2_fastdx_20260918/dx2/tr_9230.csv,20.0666656,19.8166809,1,"./00ALLINONE_ramp --mode=edmd --experiment=energy_transfer --headless --quiet --edmd-acc=0 --seed-drift-order=drift-first --energy-transfer-summary=experiments_energy_transfer/level2_fastdx_20260918/dx2/summary.csv --energy-transfer-trace=experiments_energy_transfer/level2_fastdx_20260918/dx2/tr_9230.csv --particles=100 --particles-boxes=50,50 --particle-radius=0.5 --l0=39.25 --height=10 --num-walls=1 --wall-positions=39.25 --wall-mass-factors=1000000000 --piston-right-protocol-mode=step --velocity-right-piston-step=10 --max-right-piston-travel=2 --auto-piston-step --wall-hold-steps=12000 --steps=12500 --fixed-dt=0.4 --energy-measurement --eff-output=wall-ke --kbt1 --seed=9230",9230
2026-09-18 13:26:04,energy_transfer,edmd,12500,12000,0.0166666669,39.25,10,100,0.5,nan,0.100050721,0.100050721,1,39.25,1e+09,50;50,1,0.0416666667,1,1,0.00999999978,100,1000,nan,39.25,1,step,76.5,-10,step,2,10,nan,nan,10,nan,nan,636.885808,0.0111846235,1.75614267e-05,0.999982439,636.874624,6.28725561e-09,0.00011649706,0.000116490773,1.82906843e-07,20,0.249984741,/Users/chrisharing/Desktop/CCS_complex_coupled_systems/Repo/HardDisks/hspist3/experiments_energy_transfer/level2_fastdx_20260918/dx2/tr_9236.csv,19.1166534,18.8666687,1,"./00ALLINONE_ramp --mode=edmd --experiment=energy_transfer --headless --quiet --edmd-acc=0 --seed-drift-order=drift-first --energy-transfer-summary=experiments_energy_transfer/level2_fastdx_20260918/dx2/summary.csv --energy-transfer-trace=experiments_energy_transfer/level2_fastdx_20260918/dx2/tr_9236.csv --particles=100 --particles-boxes=50,50 --particle-radius=0.5 --l0=39.25 --height=10 --num-walls=1 --wall-positions=39.25 --wall-mass-factors=1000000000 --piston-right-protocol-mode=step --velocity-right-piston-step=10 --max-right-piston-travel=2 --auto-piston-step --wall-hold-steps=12000 --steps=12500 --fixed-dt=0.4 --energy-measurement --eff-output=wall-ke --kbt1 --seed=9236",9236
2026-09-18 13:26:04,energy_transfer,edmd,12500,12000,0.0166666669,39.25,10,100,0.5,nan,0.100050721,0.100050721,1,39.25,1e+09,50;50,1,0.0416666667,1,1,0.00999999978,100,1000,nan,39.25,1,step,76.5,-10,step,2,10,nan,nan,10,nan,nan,907.545062,0.0223043039,2.4576525e-05,0.999975423,907.522758,6.99105607e-10,0.000230911857,0.000230911158,2.54434923e-07,20,0.249984741,/Users/chrisharing/Desktop/CCS_complex_coupled_systems/Repo/HardDisks/hspist3/experiments_energy_transfer/level2_fastdx_20260918/dx2/tr_9235.csv,20.0833282,19.8333435,1,"./00ALLINONE_ramp --mode=edmd --experiment=energy_transfer --headless --quiet --edmd-acc=0 --seed-drift-order=drift-first --energy-transfer-summary=experiments_energy_transfer/level2_fastdx_20260918/dx2/summary.csv --energy-transfer-trace=experiments_energy_transfer/level2_fastdx_20260918/dx2/tr_9235.csv --particles=100 --particles-boxes=50,50 --particle-radius=0.5 --l0=39.25 --height=10 --num-walls=1 --wall-positions=39.25 --wall-mass-factors=1000000000 --piston-right-protocol-mode=step --velocity-right-piston-step=10 --max-right-piston-travel=2 --auto-piston-step --wall-hold-steps=12000 --steps=12500 --fixed-dt=0.4 --energy-measurement --eff-output=wall-ke --kbt1 --seed=9235",9235
2026-09-18 13:26:04,energy_transfer,edmd,12500,12000,0.0166666669,39.25,10,100,0.5,nan,0.100050721,0.100050721,1,39.25,1e+09,50;50,1,0.0416666667,1,1,0.00999999978,100,1000,nan,39.25,1,step,76.5,-10,step,2,10,nan,nan,10,nan,nan,798.985308,0.0179707985,2.24920263e-05,0.999977508,798.967337,0,0.000177133013,0.000177133013,2.2169746e-07,20,0.249984741,/Users/chrisharing/Desktop/CCS_complex_coupled_systems/Repo/HardDisks/hspist3/experiments_energy_transfer/level2_fastdx_20260918/dx2/tr_9238.csv,19.9499969,19.7000122,1,"./00ALLINONE_ramp --mode=edmd --experiment=energy_transfer --headless --quiet --edmd-acc=0 --seed-drift-order=drift-first --energy-transfer-summary=experiments_energy_transfer/level2_fastdx_20260918/dx2/summary.csv --energy-transfer-trace=experiments_energy_transfer/level2_fastdx_20260918/dx2/tr_9238.csv --particles=100 --particles-boxes=50,50 --particle-radius=0.5 --l0=39.25 --height=10 --num-walls=1 --wall-positions=39.25 --wall-mass-factors=1000000000 --piston-right-protocol-mode=step --velocity-right-piston-step=10 --max-right-piston-travel=2 --auto-piston-step --wall-hold-steps=12000 --steps=12500 --fixed-dt=0.4 --energy-measurement --eff-output=wall-ke --kbt1 --seed=9238",9238
2026-09-18 13:26:04,energy_transfer,edmd,12500,12000,0.0166666669,39.25,10,100,0.5,nan,0.100050721,0.100050721,1,39.25,1e+09,50;50,1,0.0416666667,1,1,0.00999999978,100,1000,nan,39.25,1,step,76.5,-10,step,2,10,nan,nan,10,nan,nan,859.846482,0.0204672758,2.3803407e-05,0.999976197,859.826015,0,0.000210787737,0.000210787737,2.45145781e-07,20,0.249984741,/Users/chrisharing/Desktop/CCS_complex_coupled_systems/Repo/HardDisks/hspist3/experiments_energy_transfer/level2_fastdx_20260918/dx2/tr_9237.csv,20.1999969,19.9500122,1,"./00ALLINONE_ramp --mode=edmd --experiment=energy_transfer --headless --quiet --edmd-acc=0 --seed-drift-order=drift-first --energy-transfer-summary=experiments_energy_transfer/level2_fastdx_20260918/dx2/summary.csv --energy-transfer-trace=experiments_energy_transfer/level2_fastdx_20260918/dx2/tr_9237.csv --particles=100 --particles-boxes=50,50 --particle-radius=0.5 --l0=39.25 --height=10 --num-walls=1 --wall-positions=39.25 --wall-mass-factors=1000000000 --piston-right-protocol-mode=step --velocity-right-piston-step=10 --max-right-piston-travel=2 --auto-piston-step --wall-hold-steps=12000 --steps=12500 --fixed-dt=0.4 --energy-measurement --eff-output=wall-ke --kbt1 --seed=9237",9237
2026-09-18 13:26:04,energy_transfer,edmd,12500,12000,0.0166666669,39.25,10,100,0.5,nan,0.100050721,0.100050721,1,39.25,1e+09,50;50,1,0.0416666667,1,1,0.00999999978,100,1000,nan,39.25,1,step,76.5,-10,step,2,10,nan,nan,10,nan,nan,6.36175203e-16,5.97930523e-07,939883416,-939883415,-5.97930522e-07,0,9.21947034e-08,9.21947034e-08,144920303,20,0.249984741,/Users/chrisharing/Desktop/CCS_complex_coupled_systems/Repo/HardDisks/hspist3/experiments_energy_transfer/level2_fastdx_20260918/dx2/tr_9246.csv,6.98332214,6.7333374,0,"./00ALLINONE_ramp --mode=edmd --experiment=energy_transfer --headless --quiet --edmd-acc=0 --seed-drift-order=drift-first --energy-transfer-summary=experiments_energy_transfer/level2_fastdx_20260918/dx2/summary.csv --energy-transfer-trace=experiments_energy_transfer/level2_fastdx_20260918/dx2/tr_9246.csv --particles=100 --particles-boxes=50,50 --particle-radius=0.5 --l0=39.25 --height=10 --num-walls=1 --wall-positions=39.25 --wall-mass-factors=1000000000 --piston-right-protocol-mode=step --velocity-right-piston-step=10 --max-right-piston-travel=2 --auto-piston-step --wall-hold-steps=12000 --steps=12500 --fixed-dt=0.4 --energy-measurement --eff-output=wall-ke --kbt1 --seed=9246",9246
2026-09-18 13:26:04,energy_transfer,edmd,12500,12000,0.0166666669,39.25,10,100,0.5,nan,0.100050721,0.100050721,1,39.25,1e+09,50;50,1,0.0416666667,1,1,0.00999999978,100,1000,nan,39.25,1,step,76.5,-10,step,2,10,nan,nan,10,nan,nan,408.489587,0.00488330144,1.1954531e-05,0.999988045,408.484704,0,5.43629394e-05,5.43629394e-05,1.33082803e-07,20,0.249984741,/Users/chrisharing/Desktop/CCS_complex_coupled_systems/Repo/HardDisks/hspist3/experiments_energy_transfer/level2_fastdx_20260918/dx2/tr_9241.csv,20.1333313,19.8833466,1,"./00ALLINONE_ramp --mode=edmd --experiment=energy_transfer --headless --quiet --edmd-acc=0 --seed-drift-order=drift-first --energy-transfer-summary=experiments_energy_transfer/level2_fastdx_20260918/dx2/summary.csv --energy-transfer-trace=experiments_energy_transfer/level2_fastdx_20260918/dx2/tr_9241.csv --particles=100 --particles-boxes=50,50 --particle-radius=0.5 --l0=39.25 --height=10 --num-walls=1 --wall-positions=39.25 --wall-mass-factors=1000000000 --piston-right-protocol-mode=step --velocity-right-piston-step=10 --max-right-piston-travel=2 --auto-piston-step --wall-hold-steps=12000 --steps=12500 --fixed-dt=0.4 --energy-measurement --eff-output=wall-ke --kbt1 --seed=9241",9241
2026-09-18 13:26:04,energy_transfer,edmd,12500,12000,0.0166666669,39.25,10,100,0.5,nan,0.100050721,0.100050721,1,39.25,1e+09,50;50,1,0.0416666667,1,1,0.00999999978,100,1000,nan,39.25,1,step,76.5,-10,step,2,10,nan,nan,10,nan,nan,445.971299,0.00569756841,1.27756392e-05,0.999987224,445.965601,6.21977181e-09,6.03446533e-05,6.03384335e-05,1.35296674e-07,20,0.249984741,/Users/chrisharing/Desktop/CCS_complex_coupled_systems/Repo/HardDisks/hspist3/experiments_energy_transfer/level2_fastdx_20260918/dx2/tr_9242.csv,20.2333221,19.9833374,1,"./00ALLINONE_ramp --mode=edmd --experiment=energy_transfer --headless --quiet --edmd-acc=0 --seed-drift-order=drift-first --energy-transfer-summary=experiments_energy_transfer/level2_fastdx_20260918/dx2/summary.csv --energy-transfer-trace=experiments_energy_transfer/level2_fastdx_20260918/dx2/tr_9242.csv --particles=100 --particles-boxes=50,50 --particle-radius=0.5 --l0=39.25 --height=10 --num-walls=1 --wall-positions=39.25 --wall-mass-factors=1000000000 --piston-right-protocol-mode=step --velocity-right-piston-step=10 --max-right-piston-travel=2 --auto-piston-step --wall-hold-steps=12000 --steps=12500 --fixed-dt=0.4 --energy-measurement --eff-output=wall-ke --kbt1 --seed=9242",9242
2026-09-18 13:26:04,energy_transfer,edmd,12500,12000,0.0166666669,39.25,10,100,0.5,nan,0.100050721,0.100050721,1,39.25,1e+09,50;50,1,0.0416666667,1,1,0.00999999978,100,1000,nan,39.25,1,step,76.5,-10,step,2,10,nan,nan,10,nan,nan,617.666387,0.010686757,1.73018271e-05,0.999982698,617.6557,0,0.000118564138,0.000118564138,1.91954978e-07,20,0.249984741,/Users/chrisharing/Desktop/CCS_complex_coupled_systems/Repo/HardDisks/hspist3/experiments_energy_transfer/level2_fastdx_20260918/dx2/tr_9239.csv,19.6833191,19.4333344,1,"./00ALLINONE_ramp --mode=edmd --experiment=energy_transfer --headless --quiet --edmd-acc=0 --seed-drift-order=drift-first --energy-transfer-summary=experiments_energy_transfer/level2_fastdx_20260918/dx2/summary.csv --energy-transfer-trace=experiments_energy_transfer/level2_fastdx_20260918/dx2/tr_9239.csv --particles=100 --particles-boxes=50,50 --particle-radius=0.5 --l0=39.25 --height=10 --num-walls=1 --wall-positions=39.25 --wall-mass-factors=1000000000 --piston-right-protocol-mode=step --velocity-right-piston-step=10 --max-right-piston-travel=2 --auto-piston-step --wall-hold-steps=12000 --steps=12500 --fixed-dt=0.4 --energy-measurement --eff-output=wall-ke --kbt1 --seed=9239",9239
2026-09-18 13:26:04,energy_transfer,edmd,12500,12000,0.0166666669,39.25,10,100,0.5,nan,0.100050721,0.100050721,1,39.25,1e+09,50;50,1,0.0416666667,1,1,0.00999999978,100,1000,nan,39.25,1,step,76.5,-10,step,2,10,nan,nan,10,nan,nan,758.344118,0.0158942435,2.09591439e-05,0.999979041,758.328223,1.3318866e-08,0.000154011825,0.000153998506,2.03072065e-07,20,0.249984741,/Users/chrisharing/Desktop/CCS_complex_coupled_systems/Repo/HardDisks/hspist3/experiments_energy_transfer/level2_fastdx_20260918/dx2/tr_9240.csv,19.9166565,19.6666718,1,"./00ALLINONE_ramp --mode=edmd --experiment=energy_transfer --headless --quiet --edmd-acc=0 --seed-drift-order=drift-first --energy-transfer-summary=experiments_energy_transfer/level2_fastdx_20260918/dx2/summary.csv --energy-transfer-trace=experiments_energy_transfer/level2_fastdx_20260918/dx2/tr_9240.csv --particles=100 --particles-boxes=50,50 --particle-radius=0.5 --l0=39.25 --height=10 --num-walls=1 --wall-positions=39.25 --wall-mass-factors=1000000000 --piston-right-protocol-mode=step --velocity-right-piston-step=10 --max-right-piston-travel=2 --auto-piston-step --wall-hold-steps=12000 --steps=12500 --fixed-dt=0.4 --energy-measurement --eff-output=wall-ke --kbt1 --seed=9240",9240
2026-09-18 13:26:04,energy_transfer,edmd,12500,12000,0.0166666669,39.25,10,100,0.5,nan,0.100050721,0.100050721,1,39.25,1e+09,50;50,1,0.0416666667,1,1,0.00999999978,100,1000,nan,39.25,1,step,76.5,-10,step,2,10,nan,nan,10,nan,nan,453.87054,0.00571527984,1.25923129e-05,0.999987408,453.864824,0,5.80654851e-05,5.80654851e-05,1.27934025e-07,20,0.249984741,/Users/chrisharing/Desktop/CCS_complex_coupled_systems/Repo/HardDisks/hspist3/experiments_energy_transfer/level2_fastdx_20260918/dx2/tr_9245.csv,20.0999908,19.8500061,1,"./00ALLINONE_ramp --mode=edmd --experiment=energy_transfer --headless --quiet --edmd-acc=0 --seed-drift-order=drift-first --energy-transfer-summary=experiments_energy_transfer/level2_fastdx_20260918/dx2/summary.csv --energy-transfer-trace=experiments_energy_transfer/level2_fastdx_20260918/dx2/tr_9245.csv --particles=100 --particles-boxes=50,50 --particle-radius=0.5 --l0=39.25 --height=10 --num-walls=1 --wall-positions=39.25 --wall-mass-factors=1000000000 --piston-right-protocol-mode=step --velocity-right-piston-step=10 --max-right-piston-travel=2 --auto-piston-step --wall-hold-steps=12000 --steps=12500 --fixed-dt=0.4 --energy-measurement --eff-output=wall-ke --kbt1 --seed=9245",9245
2026-09-18 13:26:04,energy_transfer,edmd,12500,12000,0.0166666669,39.25,10,100,0.5,nan,0.100050721,0.100050721,1,39.25,1e+09,50;50,1,0.0416666667,1,1,0.00999999978,100,1000,nan,39.25,1,step,76.5,-10,step,2,10,nan,nan,10,nan,nan,602.301338,0.009881543,1.64063109e-05,0.999983594,602.291456,9.13326567e-11,9.64938226e-05,9.64937313e-05,1.60208396e-07,20,0.249984741,/Users/chrisharing/Desktop/CCS_complex_coupled_systems/Repo/HardDisks/hspist3/experiments_energy_transfer/level2_fastdx_20260918/dx2/tr_9243.csv,19.7166595,19.4666748,1,"./00ALLINONE_ramp --mode=edmd --experiment=energy_transfer --headless --quiet --edmd-acc=0 --seed-drift-order=drift-first --energy-transfer-summary=experiments_energy_transfer/level2_fastdx_20260918/dx2/summary.csv --energy-transfer-trace=experiments_energy_transfer/level2_fastdx_20260918/dx2/tr_9243.csv --particles=100 --particles-boxes=50,50 --particle-radius=0.5 --l0=39.25 --height=10 --num-walls=1 --wall-positions=39.25 --wall-mass-factors=1000000000 --piston-right-protocol-mode=step --velocity-right-piston-step=10 --max-right-piston-travel=2 --auto-piston-step --wall-hold-steps=12000 --steps=12500 --fixed-dt=0.4 --energy-measurement --eff-output=wall-ke --kbt1 --seed=9243",9243
2026-09-18 13:26:04,energy_transfer,edmd,12500,12000,0.0166666669,39.25,10,100,0.5,nan,0.100050721,0.100050721,1,39.25,1e+09,50;50,1,0.0416666667,1,1,0.00999999978,100,1000,nan,39.25,1,step,76.5,-10,step,2,10,nan,nan,10,nan,nan,538.676617,0.00789539609,1.4657024e-05,0.999985343,538.668721,0,7.36975271e-05,7.36975271e-05,1.36812189e-07,20,0.249984741,/Users/chrisharing/Desktop/CCS_complex_coupled_systems/Repo/HardDisks/hspist3/experiments_energy_transfer/level2_fastdx_20260918/dx2/tr_9244.csv,19.8833313,19.6333466,1,"./00ALLINONE_ramp --mode=edmd --experiment=energy_transfer --headless --quiet --edmd-acc=0 --seed-drift-order=drift-first --energy-transfer-summary=experiments_energy_transfer/level2_fastdx_20260918/dx2/summary.csv --energy-transfer-trace=experiments_energy_transfer/level2_fastdx_20260918/dx2/tr_9244.csv --particles=100 --particles-boxes=50,50 --particle-radius=0.5 --l0=39.25 --height=10 --num-walls=1 --wall-positions=39.25 --wall-mass-factors=1000000000 --piston-right-protocol-mode=step --velocity-right-piston-step=10 --max-right-piston-travel=2 --auto-piston-step --wall-hold-steps=12000 --steps=12500 --fixed-dt=0.4 --energy-measurement --eff-output=wall-ke --kbt1 --seed=9244",9244
2026-09-18 13:26:04,energy_transfer,edmd,12500,12000,0.0166666669,39.25,10,100,0.5,nan,0.100050721,0.100050721,1,39.25,1e+09,50;50,1,0.0416666667,1,1,0.00999999978,100,1000,nan,39.25,1,step,76.5,-10,step,2,10,nan,nan,10,nan,nan,590.927353,0.00936598331,1.58496358e-05,0.99998415,590.917987,3.26444249e-09,0.00010621165,0.000106208385,1.79731713e-07,20,0.249984741,/Users/chrisharing/Desktop/CCS_complex_coupled_systems/Repo/HardDisks/hspist3/experiments_energy_transfer/level2_fastdx_20260918/dx2/tr_9247.csv,20.2166595,19.9666748,1,"./00ALLINONE_ramp --mode=edmd --experiment=energy_transfer --headless --quiet --edmd-acc=0 --seed-drift-order=drift-first --energy-transfer-summary=experiments_energy_transfer/level2_fastdx_20260918/dx2/summary.csv --energy-transfer-trace=experiments_energy_transfer/level2_fastdx_20260918/dx2/tr_9247.csv --particles=100 --particles-boxes=50,50 --particle-radius=0.5 --l0=39.25 --height=10 --num-walls=1 --wall-positions=39.25 --wall-mass-factors=1000000000 --piston-right-protocol-mode=step --velocity-right-piston-step=10 --max-right-piston-travel=2 --auto-piston-step --wall-hold-steps=12000 --steps=12500 --fixed-dt=0.4 --energy-measurement --eff-output=wall-ke --kbt1 --seed=9247",9247
2026-09-18 13:26:04,energy_transfer,edmd,12500,12000,0.0166666669,39.25,10,100,0.5,nan,0.100050721,0.100050721,1,39.25,1e+09,50;50,1,0.0416666667,1,1,0.00999999978,100,1000,nan,39.25,1,step,76.5,-10,step,2,10,nan,nan,10,nan,nan,546.778516,0.0085061118,1.55567777e-05,0.999984443,546.77001,0,9.15657583e-05,9.15657583e-05,1.67464075e-07,20,0.249984741,/Users/chrisharing/Desktop/CCS_complex_coupled_systems/Repo/HardDisks/hspist3/experiments_energy_transfer/level2_fastdx_20260918/dx2/tr_9248.csv,19.0999908,18.8500061,1,"./00ALLINONE_ramp --mode=edmd --experiment=energy_transfer --headless --quiet --edmd-acc=0 --seed-drift-order=drift-first --energy-transfer-summary=experiments_energy_transfer/level2_fastdx_20260918/dx2/summary.csv --energy-transfer-trace=experiments_energy_transfer/level2_fastdx_20260918/dx2/tr_9248.csv --particles=100 --particles-boxes=50,50 --particle-radius=0.5 --l0=39.25 --height=10 --num-walls=1 --wall-positions=39.25 --wall-mass-factors=1000000000 --piston-right-protocol-mode=step --velocity-right-piston-step=10 --max-right-piston-travel=2 --auto-piston-step --wall-hold-steps=12000 --steps=12500 --fixed-dt=0.4 --energy-measurement --eff-output=wall-ke --kbt1 --seed=9248",9248
2026-09-18 13:26:05,energy_transfer,edmd,12500,12000,0.0166666669,39.25,10,100,0.5,nan,0.100050721,0.100050721,1,39.25,1e+09,50;50,1,0.0416666667,1,1,0.00999999978,100,1000,nan,39.25,1,step,76.5,-10,step,2,10,nan,nan,10,nan,nan,650.698395,0.011721448,1.80136422e-05,0.999981986,650.686673,0,0.000107928383,0.000107928383,1.65865451e-07,20,0.249984741,/Users/chrisharing/Desktop/CCS_complex_coupled_systems/Repo/HardDisks/hspist3/experiments_energy_transfer/level2_fastdx_20260918/dx2/tr_9250.csv,19.8499908,19.6000061,1,"./00ALLINONE_ramp --mode=edmd --experiment=energy_transfer --headless --quiet --edmd-acc=0 --seed-drift-order=drift-first --energy-transfer-summary=experiments_energy_transfer/level2_fastdx_20260918/dx2/summary.csv --energy-transfer-trace=experiments_energy_transfer/level2_fastdx_20260918/dx2/tr_9250.csv --particles=100 --particles-boxes=50,50 --particle-radius=0.5 --l0=39.25 --height=10 --num-walls=1 --wall-positions=39.25 --wall-mass-factors=1000000000 --piston-right-protocol-mode=step --velocity-right-piston-step=10 --max-right-piston-travel=2 --auto-piston-step --wall-hold-steps=12000 --steps=12500 --fixed-dt=0.4 --energy-measurement --eff-output=wall-ke --kbt1 --seed=9250",9250
2026-09-18 13:26:05,energy_transfer,edmd,12500,12000,0.0166666669,39.25,10,100,0.5,nan,0.100050721,0.100050721,1,39.25,1e+09,50;50,1,0.0416666667,1,1,0.00999999978,100,1000,nan,39.25,1,step,76.5,-10,step,2,10,nan,nan,10,nan,nan,592.104215,0.00965666119,1.63090567e-05,0.999983691,592.094558,0,8.84705296e-05,8.84705296e-05,1.49417159e-07,20,0.249984741,/Users/chrisharing/Desktop/CCS_complex_coupled_systems/Repo/HardDisks/hspist3/experiments_energy_transfer/level2_fastdx_20260918/dx2/tr_9251.csv,19.5333252,19.2833405,1,"./00ALLINONE_ramp --mode=edmd --experiment=energy_transfer --headless --quiet --edmd-acc=0 --seed-drift-order=drift-first --energy-transfer-summary=experiments_energy_transfer/level2_fastdx_20260918/dx2/summary.csv --energy-transfer-trace=experiments_energy_transfer/level2_fastdx_20260918/dx2/tr_9251.csv --particles=100 --particles-boxes=50,50 --particle-radius=0.5 --l0=39.25 --height=10 --num-walls=1 --wall-positions=39.25 --wall-mass-factors=1000000000 --piston-right-protocol-mode=step --velocity-right-piston-step=10 --max-right-piston-travel=2 --auto-piston-step --wall-hold-steps=12000 --steps=12500 --fixed-dt=0.4 --energy-measurement --eff-output=wall-ke --kbt1 --seed=9251",9251
2026-09-18 13:26:05,energy_transfer,edmd,12500,12000,0.0166666669,39.25,10,100,0.5,nan,0.100050721,0.100050721,1,39.25,1e+09,50;50,1,0.0416666667,1,1,0.00999999978,100,1000,nan,39.25,1,step,76.5,-10,step,2,10,nan,nan,10,nan,nan,763.259744,0.0159502644,2.08975575e-05,0.999979102,763.243794,0,0.000158867653,0.000158867653,2.08143629e-07,20,0.249984741,/Users/chrisharing/Desktop/CCS_complex_coupled_systems/Repo/HardDisks/hspist3/experiments_energy_transfer/level2_fastdx_20260918/dx2/tr_9249.csv,19.9166565,19.6666718,1,"./00ALLINONE_ramp --mode=edmd --experiment=energy_transfer --headless --quiet --edmd-acc=0 --seed-drift-order=drift-first --energy-transfer-summary=experiments_energy_transfer/level2_fastdx_20260918/dx2/summary.csv --energy-transfer-trace=experiments_energy_transfer/level2_fastdx_20260918/dx2/tr_9249.csv --particles=100 --particles-boxes=50,50 --particle-radius=0.5 --l0=39.25 --height=10 --num-walls=1 --wall-positions=39.25 --wall-mass-factors=1000000000 --piston-right-protocol-mode=step --velocity-right-piston-step=10 --max-right-piston-travel=2 --auto-piston-step --wall-hold-steps=12000 --steps=12500 --fixed-dt=0.4 --energy-measurement --eff-output=wall-ke --kbt1 --seed=9249",9249
2026-09-18 13:26:05,energy_transfer,edmd,12500,12000,0.0166666669,39.25,10,100,0.5,nan,0.100050721,0.100050721,1,39.25,1e+09,50;50,1,0.0416666667,1,1,0.00999999978,100,1000,nan,39.25,1,step,76.5,-10,step,2,10,nan,nan,10,nan,nan,444.588507,0.00569036882,1.27991811e-05,0.999987201,444.582817,1.93588368e-09,6.19565108e-05,6.19545749e-05,1.39352624e-07,20,0.249984741,/Users/chrisharing/Desktop/CCS_complex_coupled_systems/Repo/HardDisks/hspist3/experiments_energy_transfer/level2_fastdx_20260918/dx2/tr_9254.csv,19.6499939,19.4000092,1,"./00ALLINONE_ramp --mode=edmd --experiment=energy_transfer --headless --quiet --edmd-acc=0 --seed-drift-order=drift-first --energy-transfer-summary=experiments_energy_transfer/level2_fastdx_20260918/dx2/summary.csv --energy-transfer-trace=experiments_energy_transfer/level2_fastdx_20260918/dx2/tr_9254.csv --particles=100 --particles-boxes=50,50 --particle-radius=0.5 --l0=39.25 --height=10 --num-walls=1 --wall-positions=39.25 --wall-mass-factors=1000000000 --piston-right-protocol-mode=step --velocity-right-piston-step=10 --max-right-piston-travel=2 --auto-piston-step --wall-hold-steps=12000 --steps=12500 --fixed-dt=0.4 --energy-measurement --eff-output=wall-ke --kbt1 --seed=9254",9254
2026-09-18 13:26:05,energy_transfer,edmd,12500,12000,0.0166666669,39.25,10,100,0.5,nan,0.100050721,0.100050721,1,39.25,1e+09,50;50,1,0.0416666667,1,1,0.00999999978,100,1000,nan,39.25,1,step,76.5,-10,step,2,10,nan,nan,10,nan,nan,286.023516,0.00247539068,8.65450056e-06,0.999991345,286.02104,0,2.57686788e-05,2.57686788e-05,9.0092868e-08,20,0.249984741,/Users/chrisharing/Desktop/CCS_complex_coupled_systems/Repo/HardDisks/hspist3/experiments_energy_transfer/level2_fastdx_20260918/dx2/tr_9256.csv,18.7166595,18.4666748,1,"./00ALLINONE_ramp --mode=edmd --experiment=energy_transfer --headless --quiet --edmd-acc=0 --seed-drift-order=drift-first --energy-transfer-summary=experiments_energy_transfer/level2_fastdx_20260918/dx2/summary.csv --energy-transfer-trace=experiments_energy_transfer/level2_fastdx_20260918/dx2/tr_9256.csv --particles=100 --particles-boxes=50,50 --particle-radius=0.5 --l0=39.25 --height=10 --num-walls=1 --wall-positions=39.25 --wall-mass-factors=1000000000 --piston-right-protocol-mode=step --velocity-right-piston-step=10 --max-right-piston-travel=2 --auto-piston-step --wall-hold-steps=12000 --steps=12500 --fixed-dt=0.4 --energy-measurement --eff-output=wall-ke --kbt1 --seed=9256",9256
2026-09-18 13:26:05,energy_transfer,edmd,12500,12000,0.0166666669,39.25,10,100,0.5,nan,0.100050721,0.100050721,1,39.25,1e+09,50;50,1,0.0416666667,1,1,0.00999999978,100,1000,nan,39.25,1,step,76.5,-10,step,2,10,nan,nan,10,nan,nan,609.735773,0.0104392534,1.71209463e-05,0.999982879,609.725334,0,9.40418904e-05,9.40418904e-05,1.54233841e-07,20,0.249984741,/Users/chrisharing/Desktop/CCS_complex_coupled_systems/Repo/HardDisks/hspist3/experiments_energy_transfer/level2_fastdx_20260918/dx2/tr_9253.csv,18.6999969,18.4500122,1,"./00ALLINONE_ramp --mode=edmd --experiment=energy_transfer --headless --quiet --edmd-acc=0 --seed-drift-order=drift-first --energy-transfer-summary=experiments_energy_transfer/level2_fastdx_20260918/dx2/summary.csv --energy-transfer-trace=experiments_energy_transfer/level2_fastdx_20260918/dx2/tr_9253.csv --particles=100 --particles-boxes=50,50 --particle-radius=0.5 --l0=39.25 --height=10 --num-walls=1 --wall-positions=39.25 --wall-mass-factors=1000000000 --piston-right-protocol-mode=step --velocity-right-piston-step=10 --max-right-piston-travel=2 --auto-piston-step --wall-hold-steps=12000 --steps=12500 --fixed-dt=0.4 --energy-measurement --eff-output=wall-ke --kbt1 --seed=9253",9253
2026-09-18 13:26:05,energy_transfer,edmd,12500,12000,0.0166666669,39.25,10,100,0.5,nan,0.100050721,0.100050721,1,39.25,1e+09,50;50,1,0.0416666667,1,1,0.00999999978,100,1000,nan,39.25,1,step,76.5,-10,step,2,10,nan,nan,10,nan,nan,805.255938,0.0178938564,2.22213281e-05,0.999977779,805.238044,0,0.000189798404,0.000189798404,2.35699478e-07,20,0.249984741,/Users/chrisharing/Desktop/CCS_complex_coupled_systems/Repo/HardDisks/hspist3/experiments_energy_transfer/level2_fastdx_20260918/dx2/tr_9252.csv,20.1499939,19.9000092,1,"./00ALLINONE_ramp --mode=edmd --experiment=energy_transfer --headless --quiet --edmd-acc=0 --seed-drift-order=drift-first --energy-transfer-summary=experiments_energy_transfer/level2_fastdx_20260918/dx2/summary.csv --energy-transfer-trace=experiments_energy_transfer/level2_fastdx_20260918/dx2/tr_9252.csv --particles=100 --particles-boxes=50,50 --particle-radius=0.5 --l0=39.25 --height=10 --num-walls=1 --wall-positions=39.25 --wall-mass-factors=1000000000 --piston-right-protocol-mode=step --velocity-right-piston-step=10 --max-right-piston-travel=2 --auto-piston-step --wall-hold-steps=12000 --steps=12500 --fixed-dt=0.4 --energy-measurement --eff-output=wall-ke --kbt1 --seed=9252",9252
2026-09-18 13:26:05,energy_transfer,edmd,12500,12000,0.0166666669,39.25,10,100,0.5,nan,0.100050721,0.100050721,1,39.25,1e+09,50;50,1,0.0416666667,1,1,0.00999999978,100,1000,nan,39.25,1,step,76.5,-10,step,2,10,nan,nan,10,nan,nan,595.792591,0.00988059863,1.65839569e-05,0.999983416,595.78271,0,0.000105636725,0.000105636725,1.7730453e-07,20,0.249984741,/Users/chrisharing/Desktop/CCS_complex_coupled_systems/Repo/HardDisks/hspist3/experiments_energy_transfer/level2_fastdx_20260918/dx2/tr_9255.csv,19.4666595,19.2166748,1,"./00ALLINONE_ramp --mode=edmd --experiment=energy_transfer --headless --quiet --edmd-acc=0 --seed-drift-order=drift-first --energy-transfer-summary=experiments_energy_transfer/level2_fastdx_20260918/dx2/summary.csv --energy-transfer-trace=experiments_energy_transfer/level2_fastdx_20260918/dx2/tr_9255.csv --particles=100 --particles-boxes=50,50 --particle-radius=0.5 --l0=39.25 --height=10 --num-walls=1 --wall-positions=39.25 --wall-mass-factors=1000000000 --piston-right-protocol-mode=step --velocity-right-piston-step=10 --max-right-piston-travel=2 --auto-piston-step --wall-hold-steps=12000 --steps=12500 --fixed-dt=0.4 --energy-measurement --eff-output=wall-ke --kbt1 --seed=9255",9255
2026-09-18 13:26:05,energy_transfer,edmd,12500,12000,0.0166666669,39.25,10,100,0.5,nan,0.100050721,0.100050721,1,39.25,1e+09,50;50,1,0.0416666667,1,1,0.00999999978,100,1000,nan,39.25,1,step,76.5,-10,step,2,10,nan,nan,10,nan,nan,423.263283,0.00511940382,1.20950813e-05,0.999987905,423.258164,0,5.14984386e-05,5.14984386e-05,1.21669988e-07,20,0.249984741,/Users/chrisharing/Desktop/CCS_complex_coupled_systems/Repo/HardDisks/hspist3/experiments_energy_transfer/level2_fastdx_20260918/dx2/tr_9258.csv,19.9833221,19.7333374,1,"./00ALLINONE_ramp --mode=edmd --experiment=energy_transfer --headless --quiet --edmd-acc=0 --seed-drift-order=drift-first --energy-transfer-summary=experiments_energy_transfer/level2_fastdx_20260918/dx2/summary.csv --energy-transfer-trace=experiments_energy_transfer/level2_fastdx_20260918/dx2/tr_9258.csv --particles=100 --particles-boxes=50,50 --particle-radius=0.5 --l0=39.25 --height=10 --num-walls=1 --wall-positions=39.25 --wall-mass-factors=1000000000 --piston-right-protocol-mode=step --velocity-right-piston-step=10 --max-right-piston-travel=2 --auto-piston-step --wall-hold-steps=12000 --steps=12500 --fixed-dt=0.4 --energy-measurement --eff-output=wall-ke --kbt1 --seed=9258",9258
2026-09-18 13:26:05,energy_transfer,edmd,12500,12000,0.0166666669,39.25,10,100,0.5,nan,0.100050721,0.100050721,1,39.25,1e+09,50;50,1,0.0416666667,1,1,0.00999999978,100,1000,nan,39.25,1,step,76.5,-10,step,2,10,nan,nan,10,nan,nan,800.069362,0.017790636,2.22363671e-05,0.999977764,800.051572,0,0.000153599729,0.000153599729,1.91983016e-07,20,0.249984741,/Users/chrisharing/Desktop/CCS_complex_coupled_systems/Repo/HardDisks/hspist3/experiments_energy_transfer/level2_fastdx_20260918/dx2/tr_9257.csv,19.9499969,19.7000122,1,"./00ALLINONE_ramp --mode=edmd --experiment=energy_transfer --headless --quiet --edmd-acc=0 --seed-drift-order=drift-first --energy-transfer-summary=experiments_energy_transfer/level2_fastdx_20260918/dx2/summary.csv --energy-transfer-trace=experiments_energy_transfer/level2_fastdx_20260918/dx2/tr_9257.csv --particles=100 --particles-boxes=50,50 --particle-radius=0.5 --l0=39.25 --height=10 --num-walls=1 --wall-positions=39.25 --wall-mass-factors=1000000000 --piston-right-protocol-mode=step --velocity-right-piston-step=10 --max-right-piston-travel=2 --auto-piston-step --wall-hold-steps=12000 --steps=12500 --fixed-dt=0.4 --energy-measurement --eff-output=wall-ke --kbt1 --seed=9257",9257
2026-09-18 13:26:05,energy_transfer,edmd,12500,12000,0.0166666669,39.25,10,100,0.5,nan,0.100050721,0.100050721,1,39.25,1e+09,50;50,1,0.0416666667,1,1,0.00999999978,100,1000,nan,39.25,1,step,76.5,-10,step,2,10,nan,nan,10,nan,nan,387.467422,0.00406920072,1.05020461e-05,0.999989498,387.463352,0,4.5635039e-05,4.5635039e-05,1.17777745e-07,20,0.249984741,/Users/chrisharing/Desktop/CCS_complex_coupled_systems/Repo/HardDisks/hspist3/experiments_energy_transfer/level2_fastdx_20260918/dx2/tr_9259.csv,19.4499969,19.2000122,1,"./00ALLINONE_ramp --mode=edmd --experiment=energy_transfer --headless --quiet --edmd-acc=0 --seed-drift-order=drift-first --energy-transfer-summary=experiments_energy_transfer/level2_fastdx_20260918/dx2/summary.csv --energy-transfer-trace=experiments_energy_transfer/level2_fastdx_20260918/dx2/tr_9259.csv --particles=100 --particles-boxes=50,50 --particle-radius=0.5 --l0=39.25 --height=10 --num-walls=1 --wall-positions=39.25 --wall-mass-factors=1000000000 --piston-right-protocol-mode=step --velocity-right-piston-step=10 --max-right-piston-travel=2 --auto-piston-step --wall-hold-steps=12000 --steps=12500 --fixed-dt=0.4 --energy-measurement --eff-output=wall-ke --kbt1 --seed=9259",9259
2026-09-18 13:26:05,energy_transfer,edmd,12500,12000,0.0166666669,39.25,10,100,0.5,nan,0.100050721,0.100050721,1,39.25,1e+09,50;50,1,0.0416666667,1,1,0.00999999978,100,1000,nan,39.25,1,step,76.5,-10,step,2,10,nan,nan,10,nan,nan,384.667477,0.00389746577,1.01320387e-05,0.999989868,384.66358,0,4.42466771e-05,4.42466771e-05,1.15025781e-07,20,0.249984741,/Users/chrisharing/Desktop/CCS_complex_coupled_systems/Repo/HardDisks/hspist3/experiments_energy_transfer/level2_fastdx_20260918/dx2/tr_9262.csv,19.5833282,19.3333435,1,"./00ALLINONE_ramp --mode=edmd --experiment=energy_transfer --headless --quiet --edmd-acc=0 --seed-drift-order=drift-first --energy-transfer-summary=experiments_energy_transfer/level2_fastdx_20260918/dx2/summary.csv --energy-transfer-trace=experiments_energy_transfer/level2_fastdx_20260918/dx2/tr_9262.csv --particles=100 --particles-boxes=50,50 --particle-radius=0.5 --l0=39.25 --height=10 --num-walls=1 --wall-positions=39.25 --wall-mass-factors=1000000000 --piston-right-protocol-mode=step --velocity-right-piston-step=10 --max-right-piston-travel=2 --auto-piston-step --wall-hold-steps=12000 --steps=12500 --fixed-dt=0.4 --energy-measurement --eff-output=wall-ke --kbt1 --seed=9262",9262
2026-09-18 13:26:05,energy_transfer,edmd,12500,12000,0.0166666669,39.25,10,100,0.5,nan,0.100050721,0.100050721,1,39.25,1e+09,50;50,1,0.0416666667,1,1,0.00999999978,100,1000,nan,39.25,1,step,76.5,-10,step,2,10,nan,nan,10,nan,nan,190.135735,0.00101520284,5.33935844e-06,0.999994661,190.13472,0,9.9333065e-06,9.9333065e-06,5.22432383e-08,20,0.249984741,/Users/chrisharing/Desktop/CCS_complex_coupled_systems/Repo/HardDisks/hspist3/experiments_energy_transfer/level2_fastdx_20260918/dx2/tr_9268.csv,18.4666595,18.2166748,1,"./00ALLINONE_ramp --mode=edmd --experiment=energy_transfer --headless --quiet --edmd-acc=0 --seed-drift-order=drift-first --energy-transfer-summary=experiments_energy_transfer/level2_fastdx_20260918/dx2/summary.csv --energy-transfer-trace=experiments_energy_transfer/level2_fastdx_20260918/dx2/tr_9268.csv --particles=100 --particles-boxes=50,50 --particle-radius=0.5 --l0=39.25 --height=10 --num-walls=1 --wall-positions=39.25 --wall-mass-factors=1000000000 --piston-right-protocol-mode=step --velocity-right-piston-step=10 --max-right-piston-travel=2 --auto-piston-step --wall-hold-steps=12000 --steps=12500 --fixed-dt=0.4 --energy-measurement --eff-output=wall-ke --kbt1 --seed=9268",9268
2026-09-18 13:26:05,energy_transfer,edmd,12500,12000,0.0166666669,39.25,10,100,0.5,nan,0.100050721,0.100050721,1,39.25,1e+09,50;50,1,0.0416666667,1,1,0.00999999978,100,1000,nan,39.25,1,step,76.5,-10,step,2,10,nan,nan,10,nan,nan,630.663911,0.0110372528,1.75010059e-05,0.999982499,630.652874,9.14666742e-09,0.000106443076,0.00010643393,1.68764896e-07,20,0.249984741,/Users/chrisharing/Desktop/CCS_complex_coupled_systems/Repo/HardDisks/hspist3/experiments_energy_transfer/level2_fastdx_20260918/dx2/tr_9261.csv,19.8999939,19.6500092,1,"./00ALLINONE_ramp --mode=edmd --experiment=energy_transfer --headless --quiet --edmd-acc=0 --seed-drift-order=drift-first --energy-transfer-summary=experiments_energy_transfer/level2_fastdx_20260918/dx2/summary.csv --energy-transfer-trace=experiments_energy_transfer/level2_fastdx_20260918/dx2/tr_9261.csv --particles=100 --particles-boxes=50,50 --particle-radius=0.5 --l0=39.25 --height=10 --num-walls=1 --wall-positions=39.25 --wall-mass-factors=1000000000 --piston-right-protocol-mode=step --velocity-right-piston-step=10 --max-right-piston-travel=2 --auto-piston-step --wall-hold-steps=12000 --steps=12500 --fixed-dt=0.4 --energy-measurement --eff-output=wall-ke --kbt1 --seed=9261",9261
2026-09-18 13:26:05,energy_transfer,edmd,12500,12000,0.0166666669,39.25,10,100,0.5,nan,0.100050721,0.100050721,1,39.25,1e+09,50;50,1,0.0416666667,1,1,0.00999999978,100,1000,nan,39.25,1,step,76.5,-10,step,2,10,nan,nan,10,nan,nan,520.440204,0.00761076342,1.46237039e-05,0.999985376,520.432593,0,8.39878558e-05,8.39878558e-05,1.61378493e-07,20,0.249984741,/Users/chrisharing/Desktop/CCS_complex_coupled_systems/Repo/HardDisks/hspist3/experiments_energy_transfer/level2_fastdx_20260918/dx2/tr_9260.csv,19.9499969,19.7000122,1,"./00ALLINONE_ramp --mode=edmd --experiment=energy_transfer --headless --quiet --edmd-acc=0 --seed-drift-order=drift-first --energy-transfer-summary=experiments_energy_transfer/level2_fastdx_20260918/dx2/summary.csv --energy-transfer-trace=experiments_energy_transfer/level2_fastdx_20260918/dx2/tr_9260.csv --particles=100 --particles-boxes=50,50 --particle-radius=0.5 --l0=39.25 --height=10 --num-walls=1 --wall-positions=39.25 --wall-mass-factors=1000000000 --piston-right-protocol-mode=step --velocity-right-piston-step=10 --max-right-piston-travel=2 --auto-piston-step --wall-hold-steps=12000 --steps=12500 --fixed-dt=0.4 --energy-measurement --eff-output=wall-ke --kbt1 --seed=9260",9260
2026-09-18 13:26:05,energy_transfer,edmd,12500,12000,0.0166666669,39.25,10,100,0.5,nan,0.100050721,0.100050721,1,39.25,1e+09,50;50,1,0.0416666667,1,1,0.00999999978,100,1000,nan,39.25,1,step,76.5,-10,step,2,10,nan,nan,10,nan,nan,420.224041,0.00510257483,1.21425105e-05,0.999987857,420.218938,0,5.11455146e-05,5.11455146e-05,1.21710111e-07,20,0.249984741,/Users/chrisharing/Desktop/CCS_complex_coupled_systems/Repo/HardDisks/hspist3/experiments_energy_transfer/level2_fastdx_20260918/dx2/tr_9264.csv,18.6999969,18.4500122,1,"./00ALLINONE_ramp --mode=edmd --experiment=energy_transfer --headless --quiet --edmd-acc=0 --seed-drift-order=drift-first --energy-transfer-summary=experiments_energy_transfer/level2_fastdx_20260918/dx2/summary.csv --energy-transfer-trace=experiments_energy_transfer/level2_fastdx_20260918/dx2/tr_9264.csv --particles=100 --particles-boxes=50,50 --particle-radius=0.5 --l0=39.25 --height=10 --num-walls=1 --wall-positions=39.25 --wall-mass-factors=1000000000 --piston-right-protocol-mode=step --velocity-right-piston-step=10 --max-right-piston-travel=2 --auto-piston-step --wall-hold-steps=12000 --steps=12500 --fixed-dt=0.4 --energy-measurement --eff-output=wall-ke --kbt1 --seed=9264",9264
2026-09-18 13:26:05,energy_transfer,edmd,12500,12000,0.0166666669,39.25,10,100,0.5,nan,0.100050721,0.100050721,1,39.25,1e+09,50;50,1,0.0416666667,1,1,0.00999999978,100,1000,nan,39.25,1,step,76.5,-10,step,2,10,nan,nan,10,nan,nan,607.947611,0.0104621081,1.72088974e-05,0.999982791,607.937149,3.11273451e-09,9.73850183e-05,9.73819056e-05,1.6018141e-07,20,0.249984741,/Users/chrisharing/Desktop/CCS_complex_coupled_systems/Repo/HardDisks/hspist3/experiments_energy_transfer/level2_fastdx_20260918/dx2/tr_9263.csv,19.7999878,19.5500031,1,"./00ALLINONE_ramp --mode=edmd --experiment=energy_transfer --headless --quiet --edmd-acc=0 --seed-drift-order=drift-first --energy-transfer-summary=experiments_energy_transfer/level2_fastdx_20260918/dx2/summary.csv --energy-transfer-trace=experiments_energy_transfer/level2_fastdx_20260918/dx2/tr_9263.csv --particles=100 --particles-boxes=50,50 --particle-radius=0.5 --l0=39.25 --height=10 --num-walls=1 --wall-positions=39.25 --wall-mass-factors=1000000000 --piston-right-protocol-mode=step --velocity-right-piston-step=10 --max-right-piston-travel=2 --auto-piston-step --wall-hold-steps=12000 --steps=12500 --fixed-dt=0.4 --energy-measurement --eff-output=wall-ke --kbt1 --seed=9263",9263
2026-09-18 13:26:05,energy_transfer,edmd,12500,12000,0.0166666669,39.25,10,100,0.5,nan,0.100050721,0.100050721,1,39.25,1e+09,50;50,1,0.0416666667,1,1,0.00999999978,100,1000,nan,39.25,1,step,76.5,-10,step,2,10,nan,nan,10,nan,nan,561.364256,0.00926435459,1.65032855e-05,0.999983497,561.354992,0,7.73427237e-05,7.73427237e-05,1.3777636e-07,20,0.249984741,/Users/chrisharing/Desktop/CCS_complex_coupled_systems/Repo/HardDisks/hspist3/experiments_energy_transfer/level2_fastdx_20260918/dx2/tr_9267.csv,19.3833313,19.1333466,1,"./00ALLINONE_ramp --mode=edmd --experiment=energy_transfer --headless --quiet --edmd-acc=0 --seed-drift-order=drift-first --energy-transfer-summary=experiments_energy_transfer/level2_fastdx_20260918/dx2/summary.csv --energy-transfer-trace=experiments_energy_transfer/level2_fastdx_20260918/dx2/tr_9267.csv --particles=100 --particles-boxes=50,50 --particle-radius=0.5 --l0=39.25 --height=10 --num-walls=1 --wall-positions=39.25 --wall-mass-factors=1000000000 --piston-right-protocol-mode=step --velocity-right-piston-step=10 --max-right-piston-travel=2 --auto-piston-step --wall-hold-steps=12000 --steps=12500 --fixed-dt=0.4 --energy-measurement --eff-output=wall-ke --kbt1 --seed=9267",9267
2026-09-18 13:26:05,energy_transfer,edmd,12500,12000,0.0166666669,39.25,10,100,0.5,nan,0.100050721,0.100050721,1,39.25,1e+09,50;50,1,0.0416666667,1,1,0.00999999978,100,1000,nan,39.25,1,step,76.5,-10,step,2,10,nan,nan,10,nan,nan,597.213247,0.00996938255,1.66931705e-05,0.999983307,597.203277,0,9.47083536e-05,9.47083536e-05,1.58583813e-07,20,0.249984741,/Users/chrisharing/Desktop/CCS_complex_coupled_systems/Repo/HardDisks/hspist3/experiments_energy_transfer/level2_fastdx_20260918/dx2/tr_9266.csv,18.6999969,18.4500122,1,"./00ALLINONE_ramp --mode=edmd --experiment=energy_transfer --headless --quiet --edmd-acc=0 --seed-drift-order=drift-first --energy-transfer-summary=experiments_energy_transfer/level2_fastdx_20260918/dx2/summary.csv --energy-transfer-trace=experiments_energy_transfer/level2_fastdx_20260918/dx2/tr_9266.csv --particles=100 --particles-boxes=50,50 --particle-radius=0.5 --l0=39.25 --height=10 --num-walls=1 --wall-positions=39.25 --wall-mass-factors=1000000000 --piston-right-protocol-mode=step --velocity-right-piston-step=10 --max-right-piston-travel=2 --auto-piston-step --wall-hold-steps=12000 --steps=12500 --fixed-dt=0.4 --energy-measurement --eff-output=wall-ke --kbt1 --seed=9266",9266
2026-09-18 13:26:05,energy_transfer,edmd,12500,12000,0.0166666669,39.25,10,100,0.5,nan,0.100050721,0.100050721,1,39.25,1e+09,50;50,1,0.0416666667,1,1,0.00999999978,100,1000,nan,39.25,1,step,76.5,-10,step,2,10,nan,nan,10,nan,nan,1045.5558,0.0301641487,2.88498698e-05,0.99997115,1045.52563,0,0.000320385065,0.000320385065,3.06425602e-07,20,0.249984741,/Users/chrisharing/Desktop/CCS_complex_coupled_systems/Repo/HardDisks/hspist3/experiments_energy_transfer/level2_fastdx_20260918/dx2/tr_9265.csv,19.9333191,19.6833344,1,"./00ALLINONE_ramp --mode=edmd --experiment=energy_transfer --headless --quiet --edmd-acc=0 --seed-drift-order=drift-first --energy-transfer-summary=experiments_energy_transfer/level2_fastdx_20260918/dx2/summary.csv --energy-transfer-trace=experiments_energy_transfer/level2_fastdx_20260918/dx2/tr_9265.csv --particles=100 --particles-boxes=50,50 --particle-radius=0.5 --l0=39.25 --height=10 --num-walls=1 --wall-positions=39.25 --wall-mass-factors=1000000000 --piston-right-protocol-mode=step --velocity-right-piston-step=10 --max-right-piston-travel=2 --auto-piston-step --wall-hold-steps=12000 --steps=12500 --fixed-dt=0.4 --energy-measurement --eff-output=wall-ke --kbt1 --seed=9265",9265
2026-09-18 13:26:05,energy_transfer,edmd,12500,12000,0.0166666669,39.25,10,100,0.5,nan,0.100050721,0.100050721,1,39.25,1e+09,50;50,1,0.0416666667,1,1,0.00999999978,100,1000,nan,39.25,1,step,76.5,-10,step,2,10,nan,nan,10,nan,nan,226.143386,0.00139873149,6.1851532e-06,0.999993815,226.141988,0,1.35714063e-05,1.35714063e-05,6.00123952e-08,20,0.249984741,/Users/chrisharing/Desktop/CCS_complex_coupled_systems/Repo/HardDisks/hspist3/experiments_energy_transfer/level2_fastdx_20260918/dx2/tr_9270.csv,19.7999878,19.5500031,1,"./00ALLINONE_ramp --mode=edmd --experiment=energy_transfer --headless --quiet --edmd-acc=0 --seed-drift-order=drift-first --energy-transfer-summary=experiments_energy_transfer/level2_fastdx_20260918/dx2/summary.csv --energy-transfer-trace=experiments_energy_transfer/level2_fastdx_20260918/dx2/tr_9270.csv --particles=100 --particles-boxes=50,50 --particle-radius=0.5 --l0=39.25 --height=10 --num-walls=1 --wall-positions=39.25 --wall-mass-factors=1000000000 --piston-right-protocol-mode=step --velocity-right-piston-step=10 --max-right-piston-travel=2 --auto-piston-step --wall-hold-steps=12000 --steps=12500 --fixed-dt=0.4 --energy-measurement --eff-output=wall-ke --kbt1 --seed=9270",9270
2026-09-18 13:26:05,energy_transfer,edmd,12500,12000,0.0166666669,39.25,10,100,0.5,nan,0.100050721,0.100050721,1,39.25,1e+09,50;50,1,0.0416666667,1,1,0.00999999978,100,1000,nan,39.25,1,step,76.5,-10,step,2,10,nan,nan,10,nan,nan,356.334335,0.00361129106,1.01345582e-05,0.999989865,356.330723,0,3.59624501e-05,3.59624501e-05,1.00923337e-07,20,0.249984741,/Users/chrisharing/Desktop/CCS_complex_coupled_systems/Repo/HardDisks/hspist3/experiments_energy_transfer/level2_fastdx_20260918/dx2/tr_9277.csv,19.6166534,19.3666687,1,"./00ALLINONE_ramp --mode=edmd --experiment=energy_transfer --headless --quiet --edmd-acc=0 --seed-drift-order=drift-first --energy-transfer-summary=experiments_energy_transfer/level2_fastdx_20260918/dx2/summary.csv --energy-transfer-trace=experiments_energy_transfer/level2_fastdx_20260918/dx2/tr_9277.csv --particles=100 --particles-boxes=50,50 --particle-radius=0.5 --l0=39.25 --height=10 --num-walls=1 --wall-positions=39.25 --wall-mass-factors=1000000000 --piston-right-protocol-mode=step --velocity-right-piston-step=10 --max-right-piston-travel=2 --auto-piston-step --wall-hold-steps=12000 --steps=12500 --fixed-dt=0.4 --energy-measurement --eff-output=wall-ke --kbt1 --seed=9277",9277
2026-09-18 13:26:05,energy_transfer,edmd,12500,12000,0.0166666669,39.25,10,100,0.5,nan,0.100050721,0.100050721,1,39.25,1e+09,50;50,1,0.0416666667,1,1,0.00999999978,100,1000,nan,39.25,1,step,76.5,-10,step,2,10,nan,nan,10,nan,nan,610.133311,0.0105066253,1.72202125e-05,0.99998278,610.122804,0,0.000100381607,0.000100381607,1.64524056e-07,20,0.249984741,/Users/chrisharing/Desktop/CCS_complex_coupled_systems/Repo/HardDisks/hspist3/experiments_energy_transfer/level2_fastdx_20260918/dx2/tr_9275.csv,19.5999908,19.3500061,1,"./00ALLINONE_ramp --mode=edmd --experiment=energy_transfer --headless --quiet --edmd-acc=0 --seed-drift-order=drift-first --energy-transfer-summary=experiments_energy_transfer/level2_fastdx_20260918/dx2/summary.csv --energy-transfer-trace=experiments_energy_transfer/level2_fastdx_20260918/dx2/tr_9275.csv --particles=100 --particles-boxes=50,50 --particle-radius=0.5 --l0=39.25 --height=10 --num-walls=1 --wall-positions=39.25 --wall-mass-factors=1000000000 --piston-right-protocol-mode=step --velocity-right-piston-step=10 --max-right-piston-travel=2 --auto-piston-step --wall-hold-steps=12000 --steps=12500 --fixed-dt=0.4 --energy-measurement --eff-output=wall-ke --kbt1 --seed=9275",9275
2026-09-18 13:26:05,energy_transfer,edmd,12500,12000,0.0166666669,39.25,10,100,0.5,nan,0.100050721,0.100050721,1,39.25,1e+09,50;50,1,0.0416666667,1,1,0.00999999978,100,1000,nan,39.25,1,step,76.5,-10,step,2,10,nan,nan,10,nan,nan,816.06057,0.0181033332,2.21838107e-05,0.999977816,816.042466,0,0.000161953489,0.000161953489,1.98457682e-07,20,0.249984741,/Users/chrisharing/Desktop/CCS_complex_coupled_systems/Repo/HardDisks/hspist3/experiments_energy_transfer/level2_fastdx_20260918/dx2/tr_9271.csv,19.8166656,19.5666809,1,"./00ALLINONE_ramp --mode=edmd --experiment=energy_transfer --headless --quiet --edmd-acc=0 --seed-drift-order=drift-first --energy-transfer-summary=experiments_energy_transfer/level2_fastdx_20260918/dx2/summary.csv --energy-transfer-trace=experiments_energy_transfer/level2_fastdx_20260918/dx2/tr_9271.csv --particles=100 --particles-boxes=50,50 --particle-radius=0.5 --l0=39.25 --height=10 --num-walls=1 --wall-positions=39.25 --wall-mass-factors=1000000000 --piston-right-protocol-mode=step --velocity-right-piston-step=10 --max-right-piston-travel=2 --auto-piston-step --wall-hold-steps=12000 --steps=12500 --fixed-dt=0.4 --energy-measurement --eff-output=wall-ke --kbt1 --seed=9271",9271
2026-09-18 13:26:05,energy_transfer,edmd,12500,12000,0.0166666669,39.25,10,100,0.5,nan,0.100050721,0.100050721,1,39.25,1e+09,50;50,1,0.0416666667,1,1,0.00999999978,100,1000,nan,39.25,1,step,76.5,-10,step,2,10,nan,nan,10,nan,nan,774.005937,0.0168237556,2.17359516e-05,0.999978264,773.989114,0,0.000156736918,0.000156736918,2.02500925e-07,20,0.249984741,/Users/chrisharing/Desktop/CCS_complex_coupled_systems/Repo/HardDisks/hspist3/experiments_energy_transfer/level2_fastdx_20260918/dx2/tr_9272.csv,20.2499847,20,1,"./00ALLINONE_ramp --mode=edmd --experiment=energy_transfer --headless --quiet --edmd-acc=0 --seed-drift-order=drift-first --energy-transfer-summary=experiments_energy_transfer/level2_fastdx_20260918/dx2/summary.csv --energy-transfer-trace=experiments_energy_transfer/level2_fastdx_20260918/dx2/tr_9272.csv --particles=100 --particles-boxes=50,50 --particle-radius=0.5 --l0=39.25 --height=10 --num-walls=1 --wall-positions=39.25 --wall-mass-factors=1000000000 --piston-right-protocol-mode=step --velocity-right-piston-step=10 --max-right-piston-travel=2 --auto-piston-step --wall-hold-steps=12000 --steps=12500 --fixed-dt=0.4 --energy-measurement --eff-output=wall-ke --kbt1 --seed=9272",9272
2026-09-18 13:26:05,energy_transfer,edmd,12500,12000,0.0166666669,39.25,10,100,0.5,nan,0.100050721,0.100050721,1,39.25,1e+09,50;50,1,0.0416666667,1,1,0.00999999978,100,1000,nan,39.25,1,step,76.5,-10,step,2,10,nan,nan,10,nan,nan,1018.18859,0.0277360603,2.72405923e-05,0.999972759,1018.16086,0,0.000270255579,0.000270255579,2.65427821e-07,20,0.249984741,/Users/chrisharing/Desktop/CCS_complex_coupled_systems/Repo/HardDisks/hspist3/experiments_energy_transfer/level2_fastdx_20260918/dx2/tr_9269.csv,19.0999908,18.8500061,1,"./00ALLINONE_ramp --mode=edmd --experiment=energy_transfer --headless --quiet --edmd-acc=0 --seed-drift-order=drift-first --energy-transfer-summary=experiments_energy_transfer/level2_fastdx_20260918/dx2/summary.csv --energy-transfer-trace=experiments_energy_transfer/level2_fastdx_20260918/dx2/tr_9269.csv --particles=100 --particles-boxes=50,50 --particle-radius=0.5 --l0=39.25 --height=10 --num-walls=1 --wall-positions=39.25 --wall-mass-factors=1000000000 --piston-right-protocol-mode=step --velocity-right-piston-step=10 --max-right-piston-travel=2 --auto-piston-step --wall-hold-steps=12000 --steps=12500 --fixed-dt=0.4 --energy-measurement --eff-output=wall-ke --kbt1 --seed=9269",9269
2026-09-18 13:26:05,energy_transfer,edmd,12500,12000,0.0166666669,39.25,10,100,0.5,nan,0.100050721,0.100050721,1,39.25,1e+09,50;50,1,0.0416666667,1,1,0.00999999978,100,1000,nan,39.25,1,step,76.5,-10,step,2,10,nan,nan,10,nan,nan,809.375838,0.0181147903,2.23811849e-05,0.999977619,809.357723,0,0.00016698199,0.00016698199,2.06309581e-07,20,0.249984741,/Users/chrisharing/Desktop/CCS_complex_coupled_systems/Repo/HardDisks/hspist3/experiments_energy_transfer/level2_fastdx_20260918/dx2/tr_9274.csv,19.4833221,19.2333374,1,"./00ALLINONE_ramp --mode=edmd --experiment=energy_transfer --headless --quiet --edmd-acc=0 --seed-drift-order=drift-first --energy-transfer-summary=experiments_energy_transfer/level2_fastdx_20260918/dx2/summary.csv --energy-transfer-trace=experiments_energy_transfer/level2_fastdx_20260918/dx2/tr_9274.csv --particles=100 --particles-boxes=50,50 --particle-radius=0.5 --l0=39.25 --height=10 --num-walls=1 --wall-positions=39.25 --wall-mass-factors=1000000000 --piston-right-protocol-mode=step --velocity-right-piston-step=10 --max-right-piston-travel=2 --auto-piston-step --wall-hold-steps=12000 --steps=12500 --fixed-dt=0.4 --energy-measurement --eff-output=wall-ke --kbt1 --seed=9274",9274
2026-09-18 13:26:05,energy_transfer,edmd,12500,12000,0.0166666669,39.25,10,100,0.5,nan,0.100050721,0.100050721,1,39.25,1e+09,50;50,1,0.0416666667,1,1,0.00999999978,100,1000,nan,39.25,1,step,76.5,-10,step,2,10,nan,nan,10,nan,nan,759.784977,0.015804749,2.08016076e-05,0.999979198,759.769172,0,0.000157574192,0.000157574192,2.07393139e-07,20,0.249984741,/Users/chrisharing/Desktop/CCS_complex_coupled_systems/Repo/HardDisks/hspist3/experiments_energy_transfer/level2_fastdx_20260918/dx2/tr_9276.csv,20.0833282,19.8333435,1,"./00ALLINONE_ramp --mode=edmd --experiment=energy_transfer --headless --quiet --edmd-acc=0 --seed-drift-order=drift-first --energy-transfer-summary=experiments_energy_transfer/level2_fastdx_20260918/dx2/summary.csv --energy-transfer-trace=experiments_energy_transfer/level2_fastdx_20260918/dx2/tr_9276.csv --particles=100 --particles-boxes=50,50 --particle-radius=0.5 --l0=39.25 --height=10 --num-walls=1 --wall-positions=39.25 --wall-mass-factors=1000000000 --piston-right-protocol-mode=step --velocity-right-piston-step=10 --max-right-piston-travel=2 --auto-piston-step --wall-hold-steps=12000 --steps=12500 --fixed-dt=0.4 --energy-measurement --eff-output=wall-ke --kbt1 --seed=9276",9276
2026-09-18 13:26:05,energy_transfer,edmd,12500,12000,0.0166666669,39.25,10,100,0.5,nan,0.100050721,0.100050721,1,39.25,1e+09,50;50,1,0.0416666667,1,1,0.00999999978,100,1000,nan,39.25,1,step,76.5,-10,step,2,10,nan,nan,10,nan,nan,1005.31564,0.0285269078,2.83760709e-05,0.999971624,1005.28711,0,0.000275036233,0.000275036233,2.73581971e-07,20,0.249984741,/Users/chrisharing/Desktop/CCS_complex_coupled_systems/Repo/HardDisks/hspist3/experiments_energy_transfer/level2_fastdx_20260918/dx2/tr_9273.csv,20.0833282,19.8333435,1,"./00ALLINONE_ramp --mode=edmd --experiment=energy_transfer --headless --quiet --edmd-acc=0 --seed-drift-order=drift-first --energy-transfer-summary=experiments_energy_transfer/level2_fastdx_20260918/dx2/summary.csv --energy-transfer-trace=experiments_energy_transfer/level2_fastdx_20260918/dx2/tr_9273.csv --particles=100 --particles-boxes=50,50 --particle-radius=0.5 --l0=39.25 --height=10 --num-walls=1 --wall-positions=39.25 --wall-mass-factors=1000000000 --piston-right-protocol-mode=step --velocity-right-piston-step=10 --max-right-piston-travel=2 --auto-piston-step --wall-hold-steps=12000 --steps=12500 --fixed-dt=0.4 --energy-measurement --eff-output=wall-ke --kbt1 --seed=9273",9273
2026-09-18 13:26:05,energy_transfer,edmd,12500,12000,0.0166666669,39.25,10,100,0.5,nan,0.100050721,0.100050721,1,39.25,1e+09,50;50,1,0.0416666667,1,1,0.00999999978,100,1000,nan,39.25,1,step,76.5,-10,step,2,10,nan,nan,10,nan,nan,1030.49981,0.0302826967,2.93864167e-05,0.999970614,1030.46952,7.86311072e-10,0.000311943237,0.00031194245,3.02709858e-07,20,0.249984741,/Users/chrisharing/Desktop/CCS_complex_coupled_systems/Repo/HardDisks/hspist3/experiments_energy_transfer/level2_fastdx_20260918/dx2/tr_9278.csv,20.0333252,19.7833405,1,"./00ALLINONE_ramp --mode=edmd --experiment=energy_transfer --headless --quiet --edmd-acc=0 --seed-drift-order=drift-first --energy-transfer-summary=experiments_energy_transfer/level2_fastdx_20260918/dx2/summary.csv --energy-transfer-trace=experiments_energy_transfer/level2_fastdx_20260918/dx2/tr_9278.csv --particles=100 --particles-boxes=50,50 --particle-radius=0.5 --l0=39.25 --height=10 --num-walls=1 --wall-positions=39.25 --wall-mass-factors=1000000000 --piston-right-protocol-mode=step --velocity-right-piston-step=10 --max-right-piston-travel=2 --auto-piston-step --wall-hold-steps=12000 --steps=12500 --fixed-dt=0.4 --energy-measurement --eff-output=wall-ke --kbt1 --seed=9278",9278
2026-09-18 13:26:06,energy_transfer,edmd,12500,12000,0.0166666669,39.25,10,100,0.5,nan,0.100050721,0.100050721,1,39.25,1e+09,50;50,1,0.0416666667,1,1,0.00999999978,100,1000,nan,39.25,1,step,76.5,-10,step,2,10,nan,nan,10,nan,nan,557.565907,0.00871763472,1.56351646e-05,0.999984365,557.557189,4.63442973e-09,9.16662175e-05,9.16615831e-05,1.64395961e-07,20,0.249984741,/Users/chrisharing/Desktop/CCS_complex_coupled_systems/Repo/HardDisks/hspist3/experiments_energy_transfer/level2_fastdx_20260918/dx2/tr_9279.csv,20.1833191,19.9333344,1,"./00ALLINONE_ramp --mode=edmd --experiment=energy_transfer --headless --quiet --edmd-acc=0 --seed-drift-order=drift-first --energy-transfer-summary=experiments_energy_transfer/level2_fastdx_20260918/dx2/summary.csv --energy-transfer-trace=experiments_energy_transfer/level2_fastdx_20260918/dx2/tr_9279.csv --particles=100 --particles-boxes=50,50 --particle-radius=0.5 --l0=39.25 --height=10 --num-walls=1 --wall-positions=39.25 --wall-mass-factors=1000000000 --piston-right-protocol-mode=step --velocity-right-piston-step=10 --max-right-piston-travel=2 --auto-piston-step --wall-hold-steps=12000 --steps=12500 --fixed-dt=0.4 --energy-measurement --eff-output=wall-ke --kbt1 --seed=9279",9279
2026-09-18 13:26:06,energy_transfer,edmd,12500,12000,0.0166666669,39.25,10,100,0.5,nan,0.100050721,0.100050721,1,39.25,1e+09,50;50,1,0.0416666667,1,1,0.00999999978,100,1000,nan,39.25,1,step,76.5,-10,step,2,10,nan,nan,10,nan,nan,373.690349,0.00406338647,1.08736725e-05,0.999989126,373.686286,0,3.93022128e-05,3.93022128e-05,1.05173208e-07,20,0.249984741,/Users/chrisharing/Desktop/CCS_complex_coupled_systems/Repo/HardDisks/hspist3/experiments_energy_transfer/level2_fastdx_20260918/dx2/tr_9284.csv,20.1833191,19.9333344,1,"./00ALLINONE_ramp --mode=edmd --experiment=energy_transfer --headless --quiet --edmd-acc=0 --seed-drift-order=drift-first --energy-transfer-summary=experiments_energy_transfer/level2_fastdx_20260918/dx2/summary.csv --energy-transfer-trace=experiments_energy_transfer/level2_fastdx_20260918/dx2/tr_9284.csv --particles=100 --particles-boxes=50,50 --particle-radius=0.5 --l0=39.25 --height=10 --num-walls=1 --wall-positions=39.25 --wall-mass-factors=1000000000 --piston-right-protocol-mode=step --velocity-right-piston-step=10 --max-right-piston-travel=2 --auto-piston-step --wall-hold-steps=12000 --steps=12500 --fixed-dt=0.4 --energy-measurement --eff-output=wall-ke --kbt1 --seed=9284",9284
2026-09-18 13:26:06,energy_transfer,edmd,12500,12000,0.0166666669,39.25,10,100,0.5,nan,0.100050721,0.100050721,1,39.25,1e+09,50;50,1,0.0416666667,1,1,0.00999999978,100,1000,nan,39.25,1,step,76.5,-10,step,2,10,nan,nan,10,nan,nan,415.830675,0.00505946018,1.21671163e-05,0.999987833,415.825616,3.39690875e-09,5.96182181e-05,5.96148212e-05,1.43363212e-07,20,0.249984741,/Users/chrisharing/Desktop/CCS_complex_coupled_systems/Repo/HardDisks/hspist3/experiments_energy_transfer/level2_fastdx_20260918/dx2/tr_9283.csv,19.9666595,19.7166748,1,"./00ALLINONE_ramp --mode=edmd --experiment=energy_transfer --headless --quiet --edmd-acc=0 --seed-drift-order=drift-first --energy-transfer-summary=experiments_energy_transfer/level2_fastdx_20260918/dx2/summary.csv --energy-transfer-trace=experiments_energy_transfer/level2_fastdx_20260918/dx2/tr_9283.csv --particles=100 --particles-boxes=50,50 --particle-radius=0.5 --l0=39.25 --height=10 --num-walls=1 --wall-positions=39.25 --wall-mass-factors=1000000000 --piston-right-protocol-mode=step --velocity-right-piston-step=10 --max-right-piston-travel=2 --auto-piston-step --wall-hold-steps=12000 --steps=12500 --fixed-dt=0.4 --energy-measurement --eff-output=wall-ke --kbt1 --seed=9283",9283
2026-09-18 13:26:06,energy_transfer,edmd,12500,12000,0.0166666669,39.25,10,100,0.5,nan,0.100050721,0.100050721,1,39.25,1e+09,50;50,1,0.0416666667,1,1,0.00999999978,100,1000,nan,39.25,1,step,76.5,-10,step,2,10,nan,nan,10,nan,nan,606.773317,0.0102148503,1.68347058e-05,0.999983165,606.763102,0,0.000104909945,0.000104909945,1.72898085e-07,20,0.249984741,/Users/chrisharing/Desktop/CCS_complex_coupled_systems/Repo/HardDisks/hspist3/experiments_energy_transfer/level2_fastdx_20260918/dx2/tr_9280.csv,19.9499969,19.7000122,1,"./00ALLINONE_ramp --mode=edmd --experiment=energy_transfer --headless --quiet --edmd-acc=0 --seed-drift-order=drift-first --energy-transfer-summary=experiments_energy_transfer/level2_fastdx_20260918/dx2/summary.csv --energy-transfer-trace=experiments_energy_transfer/level2_fastdx_20260918/dx2/tr_9280.csv --particles=100 --particles-boxes=50,50 --particle-radius=0.5 --l0=39.25 --height=10 --num-walls=1 --wall-positions=39.25 --wall-mass-factors=1000000000 --piston-right-protocol-mode=step --velocity-right-piston-step=10 --max-right-piston-travel=2 --auto-piston-step --wall-hold-steps=12000 --steps=12500 --fixed-dt=0.4 --energy-measurement --eff-output=wall-ke --kbt1 --seed=9280",9280
2026-09-18 13:26:06,energy_transfer,edmd,12500,12000,0.0166666669,39.25,10,100,0.5,nan,0.100050721,0.100050721,1,39.25,1e+09,50;50,1,0.0416666667,1,1,0.00999999978,100,1000,nan,39.25,1,step,76.5,-10,step,2,10,nan,nan,10,nan,nan,733.083212,0.0143266777,1.95430442e-05,0.999980457,733.068886,0,0.000139963522,0.000139963522,1.90924468e-07,20,0.249984741,/Users/chrisharing/Desktop/CCS_complex_coupled_systems/Repo/HardDisks/hspist3/experiments_energy_transfer/level2_fastdx_20260918/dx2/tr_9281.csv,19.5999908,19.3500061,1,"./00ALLINONE_ramp --mode=edmd --experiment=energy_transfer --headless --quiet --edmd-acc=0 --seed-drift-order=drift-first --energy-transfer-summary=experiments_energy_transfer/level2_fastdx_20260918/dx2/summary.csv --energy-transfer-trace=experiments_energy_transfer/level2_fastdx_20260918/dx2/tr_9281.csv --particles=100 --particles-boxes=50,50 --particle-radius=0.5 --l0=39.25 --height=10 --num-walls=1 --wall-positions=39.25 --wall-mass-factors=1000000000 --piston-right-protocol-mode=step --velocity-right-piston-step=10 --max-right-piston-travel=2 --auto-piston-step --wall-hold-steps=12000 --steps=12500 --fixed-dt=0.4 --energy-measurement --eff-output=wall-ke --kbt1 --seed=9281",9281
2026-09-18 13:26:06,energy_transfer,edmd,12500,12000,0.0166666669,39.25,10,100,0.5,nan,0.100050721,0.100050721,1,39.25,1e+09,50;50,1,0.0416666667,1,1,0.00999999978,100,1000,nan,39.25,1,step,76.5,-10,step,2,10,nan,nan,10,nan,nan,805.343495,0.0178778991,2.21990979e-05,0.999977801,805.325618,0,0.000195203975,0.000195203975,2.42385983e-07,20,0.249984741,/Users/chrisharing/Desktop/CCS_complex_coupled_systems/Repo/HardDisks/hspist3/experiments_energy_transfer/level2_fastdx_20260918/dx2/tr_9282.csv,20.1333313,19.8833466,1,"./00ALLINONE_ramp --mode=edmd --experiment=energy_transfer --headless --quiet --edmd-acc=0 --seed-drift-order=drift-first --energy-transfer-summary=experiments_energy_transfer/level2_fastdx_20260918/dx2/summary.csv --energy-transfer-trace=experiments_energy_transfer/level2_fastdx_20260918/dx2/tr_9282.csv --particles=100 --particles-boxes=50,50 --particle-radius=0.5 --l0=39.25 --height=10 --num-walls=1 --wall-positions=39.25 --wall-mass-factors=1000000000 --piston-right-protocol-mode=step --velocity-right-piston-step=10 --max-right-piston-travel=2 --auto-piston-step --wall-hold-steps=12000 --steps=12500 --fixed-dt=0.4 --energy-measurement --eff-output=wall-ke --kbt1 --seed=9282",9282
2026-09-18 13:26:06,energy_transfer,edmd,12500,12000,0.0166666669,39.25,10,100,0.5,nan,0.100050721,0.100050721,1,39.25,1e+09,50;50,1,0.0416666667,1,1,0.00999999978,100,1000,nan,39.25,1,step,76.5,-10,step,2,10,nan,nan,10,nan,nan,594.794578,0.00957278628,1.60942729e-05,0.999983906,594.785005,0,9.05432389e-05,9.05432389e-05,1.52226066e-07,20,0.249984741,/Users/chrisharing/Desktop/CCS_complex_coupled_systems/Repo/HardDisks/hspist3/experiments_energy_transfer/level2_fastdx_20260918/dx2/tr_9285.csv,19.7333221,19.4833374,1,"./00ALLINONE_ramp --mode=edmd --experiment=energy_transfer --headless --quiet --edmd-acc=0 --seed-drift-order=drift-first --energy-transfer-summary=experiments_energy_transfer/level2_fastdx_20260918/dx2/summary.csv --energy-transfer-trace=experiments_energy_transfer/level2_fastdx_20260918/dx2/tr_9285.csv --particles=100 --particles-boxes=50,50 --particle-radius=0.5 --l0=39.25 --height=10 --num-walls=1 --wall-positions=39.25 --wall-mass-factors=1000000000 --piston-right-protocol-mode=step --velocity-right-piston-step=10 --max-right-piston-travel=2 --auto-piston-step --wall-hold-steps=12000 --steps=12500 --fixed-dt=0.4 --energy-measurement --eff-output=wall-ke --kbt1 --seed=9285",9285
2026-09-18 13:26:06,energy_transfer,edmd,12500,12000,0.0166666669,39.25,10,100,0.5,nan,0.100050721,0.100050721,1,39.25,1e+09,50;50,1,0.0416666667,1,1,0.00999999978,100,1000,nan,39.25,1,step,76.5,-10,step,2,10,nan,nan,10,nan,nan,693.317618,0.0137031432,1.97645969e-05,0.999980235,693.303915,0,0.000129927837,0.000129927837,1.87400167e-07,20,0.249984741,/Users/chrisharing/Desktop/CCS_complex_coupled_systems/Repo/HardDisks/hspist3/experiments_energy_transfer/level2_fastdx_20260918/dx2/tr_9288.csv,20.0833282,19.8333435,1,"./00ALLINONE_ramp --mode=edmd --experiment=energy_transfer --headless --quiet --edmd-acc=0 --seed-drift-order=drift-first --energy-transfer-summary=experiments_energy_transfer/level2_fastdx_20260918/dx2/summary.csv --energy-transfer-trace=experiments_energy_transfer/level2_fastdx_20260918/dx2/tr_9288.csv --particles=100 --particles-boxes=50,50 --particle-radius=0.5 --l0=39.25 --height=10 --num-walls=1 --wall-positions=39.25 --wall-mass-factors=1000000000 --piston-right-protocol-mode=step --velocity-right-piston-step=10 --max-right-piston-travel=2 --auto-piston-step --wall-hold-steps=12000 --steps=12500 --fixed-dt=0.4 --energy-measurement --eff-output=wall-ke --kbt1 --seed=9288",9288
2026-09-18 13:26:06,energy_transfer,edmd,12500,12000,0.0166666669,39.25,10,100,0.5,nan,0.100050721,0.100050721,1,39.25,1e+09,50;50,1,0.0416666667,1,1,0.00999999978,100,1000,nan,39.25,1,step,76.5,-10,step,2,10,nan,nan,10,nan,nan,944.245358,0.0254537426,2.6956704e-05,0.999973043,944.219904,0,0.000242753187,0.000242753187,2.5708698e-07,20,0.249984741,/Users/chrisharing/Desktop/CCS_complex_coupled_systems/Repo/HardDisks/hspist3/experiments_energy_transfer/level2_fastdx_20260918/dx2/tr_9287.csv,19.6833191,19.4333344,1,"./00ALLINONE_ramp --mode=edmd --experiment=energy_transfer --headless --quiet --edmd-acc=0 --seed-drift-order=drift-first --energy-transfer-summary=experiments_energy_transfer/level2_fastdx_20260918/dx2/summary.csv --energy-transfer-trace=experiments_energy_transfer/level2_fastdx_20260918/dx2/tr_9287.csv --particles=100 --particles-boxes=50,50 --particle-radius=0.5 --l0=39.25 --height=10 --num-walls=1 --wall-positions=39.25 --wall-mass-factors=1000000000 --piston-right-protocol-mode=step --velocity-right-piston-step=10 --max-right-piston-travel=2 --auto-piston-step --wall-hold-steps=12000 --steps=12500 --fixed-dt=0.4 --energy-measurement --eff-output=wall-ke --kbt1 --seed=9287",9287
2026-09-18 13:26:06,energy_transfer,edmd,12500,12000,0.0166666669,39.25,10,100,0.5,nan,0.100050721,0.100050721,1,39.25,1e+09,50;50,1,0.0416666667,1,1,0.00999999978,100,1000,nan,39.25,1,step,76.5,-10,step,2,10,nan,nan,10,nan,nan,938.648243,0.024122918,2.56996358e-05,0.9999743,938.624121,0,0.000208878599,0.000208878599,2.22531284e-07,20,0.249984741,/Users/chrisharing/Desktop/CCS_complex_coupled_systems/Repo/HardDisks/hspist3/experiments_energy_transfer/level2_fastdx_20260918/dx2/tr_9286.csv,19.9166565,19.6666718,1,"./00ALLINONE_ramp --mode=edmd --experiment=energy_transfer --headless --quiet --edmd-acc=0 --seed-drift-order=drift-first --energy-transfer-summary=experiments_energy_transfer/level2_fastdx_20260918/dx2/summary.csv --energy-transfer-trace=experiments_energy_transfer/level2_fastdx_20260918/dx2/tr_9286.csv --particles=100 --particles-boxes=50,50 --particle-radius=0.5 --l0=39.25 --height=10 --num-walls=1 --wall-positions=39.25 --wall-mass-factors=1000000000 --piston-right-protocol-mode=step --velocity-right-piston-step=10 --max-right-piston-travel=2 --auto-piston-step --wall-hold-steps=12000 --steps=12500 --fixed-dt=0.4 --energy-measurement --eff-output=wall-ke --kbt1 --seed=9286",9286
2026-09-18 13:26:06,energy_transfer,edmd,12500,12000,0.0166666669,39.25,10,100,0.5,nan,0.100050721,0.100050721,1,39.25,1e+09,50;50,1,0.0416666667,1,1,0.00999999978,100,1000,nan,39.25,1,step,76.5,-10,step,2,10,nan,nan,10,nan,nan,458.952602,0.0061394088,1.33769996e-05,0.999986623,458.946463,0,6.16955658e-05,6.16955658e-05,1.34426879e-07,20,0.249984741,/Users/chrisharing/Desktop/CCS_complex_coupled_systems/Repo/HardDisks/hspist3/experiments_energy_transfer/level2_fastdx_20260918/dx2/tr_9290.csv,19.6166534,19.3666687,1,"./00ALLINONE_ramp --mode=edmd --experiment=energy_transfer --headless --quiet --edmd-acc=0 --seed-drift-order=drift-first --energy-transfer-summary=experiments_energy_transfer/level2_fastdx_20260918/dx2/summary.csv --energy-transfer-trace=experiments_energy_transfer/level2_fastdx_20260918/dx2/tr_9290.csv --particles=100 --particles-boxes=50,50 --particle-radius=0.5 --l0=39.25 --height=10 --num-walls=1 --wall-positions=39.25 --wall-mass-factors=1000000000 --piston-right-protocol-mode=step --velocity-right-piston-step=10 --max-right-piston-travel=2 --auto-piston-step --wall-hold-steps=12000 --steps=12500 --fixed-dt=0.4 --energy-measurement --eff-output=wall-ke --kbt1 --seed=9290",9290
2026-09-18 13:26:06,energy_transfer,edmd,12500,12000,0.0166666669,39.25,10,100,0.5,nan,0.100050721,0.100050721,1,39.25,1e+09,50;50,1,0.0416666667,1,1,0.00999999978,100,1000,nan,39.25,1,step,76.5,-10,step,2,10,nan,nan,10,nan,nan,584.195162,0.00958974008,1.64153021e-05,0.999983585,584.185572,3.51014506e-09,0.000100106241,0.000100102731,1.71351523e-07,20,0.249984741,/Users/chrisharing/Desktop/CCS_complex_coupled_systems/Repo/HardDisks/hspist3/experiments_energy_transfer/level2_fastdx_20260918/dx2/tr_9289.csv,19.6999969,19.4500122,1,"./00ALLINONE_ramp --mode=edmd --experiment=energy_transfer --headless --quiet --edmd-acc=0 --seed-drift-order=drift-first --energy-transfer-summary=experiments_energy_transfer/level2_fastdx_20260918/dx2/summary.csv --energy-transfer-trace=experiments_energy_transfer/level2_fastdx_20260918/dx2/tr_9289.csv --particles=100 --particles-boxes=50,50 --particle-radius=0.5 --l0=39.25 --height=10 --num-walls=1 --wall-positions=39.25 --wall-mass-factors=1000000000 --piston-right-protocol-mode=step --velocity-right-piston-step=10 --max-right-piston-travel=2 --auto-piston-step --wall-hold-steps=12000 --steps=12500 --fixed-dt=0.4 --energy-measurement --eff-output=wall-ke --kbt1 --seed=9289",9289
2026-09-18 13:26:06,energy_transfer,edmd,12500,12000,0.0166666669,39.25,10,100,0.5,nan,0.100050721,0.100050721,1,39.25,1e+09,50;50,1,0.0416666667,1,1,0.00999999978,100,1000,nan,39.25,1,step,76.5,-10,step,2,10,nan,nan,10,nan,nan,374.456308,0.00399879692,1.06789413e-05,0.999989321,374.45231,0,3.00580286e-05,3.00580286e-05,8.02711237e-08,20,0.249984741,/Users/chrisharing/Desktop/CCS_complex_coupled_systems/Repo/HardDisks/hspist3/experiments_energy_transfer/level2_fastdx_20260918/dx2/tr_9295.csv,20.2499847,20,1,"./00ALLINONE_ramp --mode=edmd --experiment=energy_transfer --headless --quiet --edmd-acc=0 --seed-drift-order=drift-first --energy-transfer-summary=experiments_energy_transfer/level2_fastdx_20260918/dx2/summary.csv --energy-transfer-trace=experiments_energy_transfer/level2_fastdx_20260918/dx2/tr_9295.csv --particles=100 --particles-boxes=50,50 --particle-radius=0.5 --l0=39.25 --height=10 --num-walls=1 --wall-positions=39.25 --wall-mass-factors=1000000000 --piston-right-protocol-mode=step --velocity-right-piston-step=10 --max-right-piston-travel=2 --auto-piston-step --wall-hold-steps=12000 --steps=12500 --fixed-dt=0.4 --energy-measurement --eff-output=wall-ke --kbt1 --seed=9295",9295
2026-09-18 13:26:06,energy_transfer,edmd,12500,12000,0.0166666669,39.25,10,100,0.5,nan,0.100050721,0.100050721,1,39.25,1e+09,50;50,1,0.0416666667,1,1,0.00999999978,100,1000,nan,39.25,1,step,76.5,-10,step,2,10,nan,nan,10,nan,nan,626.338949,0.0106924027,1.70712722e-05,0.999982929,626.328257,0,8.86584021e-05,8.86584021e-05,1.41550198e-07,20,0.249984741,/Users/chrisharing/Desktop/CCS_complex_coupled_systems/Repo/HardDisks/hspist3/experiments_energy_transfer/level2_fastdx_20260918/dx2/tr_9294.csv,19.8999939,19.6500092,1,"./00ALLINONE_ramp --mode=edmd --experiment=energy_transfer --headless --quiet --edmd-acc=0 --seed-drift-order=drift-first --energy-transfer-summary=experiments_energy_transfer/level2_fastdx_20260918/dx2/summary.csv --energy-transfer-trace=experiments_energy_transfer/level2_fastdx_20260918/dx2/tr_9294.csv --particles=100 --particles-boxes=50,50 --particle-radius=0.5 --l0=39.25 --height=10 --num-walls=1 --wall-positions=39.25 --wall-mass-factors=1000000000 --piston-right-protocol-mode=step --velocity-right-piston-step=10 --max-right-piston-travel=2 --auto-piston-step --wall-hold-steps=12000 --steps=12500 --fixed-dt=0.4 --energy-measurement --eff-output=wall-ke --kbt1 --seed=9294",9294
2026-09-18 13:26:06,energy_transfer,edmd,12500,12000,0.0166666669,39.25,10,100,0.5,nan,0.100050721,0.100050721,1,39.25,1e+09,50;50,1,0.0416666667,1,1,0.00999999978,100,1000,nan,39.25,1,step,76.5,-10,step,2,10,nan,nan,10,nan,nan,811.056035,0.0189639479,2.33817974e-05,0.999976618,811.037071,0,0.000187141151,0.000187141151,2.30737635e-07,20,0.249984741,/Users/chrisharing/Desktop/CCS_complex_coupled_systems/Repo/HardDisks/hspist3/experiments_energy_transfer/level2_fastdx_20260918/dx2/tr_9291.csv,20.1333313,19.8833466,1,"./00ALLINONE_ramp --mode=edmd --experiment=energy_transfer --headless --quiet --edmd-acc=0 --seed-drift-order=drift-first --energy-transfer-summary=experiments_energy_transfer/level2_fastdx_20260918/dx2/summary.csv --energy-transfer-trace=experiments_energy_transfer/level2_fastdx_20260918/dx2/tr_9291.csv --particles=100 --particles-boxes=50,50 --particle-radius=0.5 --l0=39.25 --height=10 --num-walls=1 --wall-positions=39.25 --wall-mass-factors=1000000000 --piston-right-protocol-mode=step --velocity-right-piston-step=10 --max-right-piston-travel=2 --auto-piston-step --wall-hold-steps=12000 --steps=12500 --fixed-dt=0.4 --energy-measurement --eff-output=wall-ke --kbt1 --seed=9291",9291
2026-09-18 13:26:06,energy_transfer,edmd,12500,12000,0.0166666669,39.25,10,100,0.5,nan,0.100050721,0.100050721,1,39.25,1e+09,50;50,1,0.0416666667,1,1,0.00999999978,100,1000,nan,39.25,1,step,76.5,-10,step,2,10,nan,nan,10,nan,nan,445.593088,0.00547816744,1.22941033e-05,0.999987706,445.587609,0,5.0524839e-05,5.0524839e-05,1.13387843e-07,20,0.249984741,/Users/chrisharing/Desktop/CCS_complex_coupled_systems/Repo/HardDisks/hspist3/experiments_energy_transfer/level2_fastdx_20260918/dx2/tr_9296.csv,19.7833252,19.5333405,1,"./00ALLINONE_ramp --mode=edmd --experiment=energy_transfer --headless --quiet --edmd-acc=0 --seed-drift-order=drift-first --energy-transfer-summary=experiments_energy_transfer/level2_fastdx_20260918/dx2/summary.csv --energy-transfer-trace=experiments_energy_transfer/level2_fastdx_20260918/dx2/tr_9296.csv --particles=100 --particles-boxes=50,50 --particle-radius=0.5 --l0=39.25 --height=10 --num-walls=1 --wall-positions=39.25 --wall-mass-factors=1000000000 --piston-right-protocol-mode=step --velocity-right-piston-step=10 --max-right-piston-travel=2 --auto-piston-step --wall-hold-steps=12000 --steps=12500 --fixed-dt=0.4 --energy-measurement --eff-output=wall-ke --kbt1 --seed=9296",9296
2026-09-18 13:26:06,energy_transfer,edmd,12500,12000,0.0166666669,39.25,10,100,0.5,nan,0.100050721,0.100050721,1,39.25,1e+09,50;50,1,0.0416666667,1,1,0.00999999978,100,1000,nan,39.25,1,step,76.5,-10,step,2,10,nan,nan,10,nan,nan,909.131658,0.0230362769,2.53387688e-05,0.999974661,909.108622,0,0.000227119759,0.000227119759,2.49820537e-07,20,0.249984741,/Users/chrisharing/Desktop/CCS_complex_coupled_systems/Repo/HardDisks/hspist3/experiments_energy_transfer/level2_fastdx_20260918/dx2/tr_9292.csv,19.4333191,19.1833344,1,"./00ALLINONE_ramp --mode=edmd --experiment=energy_transfer --headless --quiet --edmd-acc=0 --seed-drift-order=drift-first --energy-transfer-summary=experiments_energy_transfer/level2_fastdx_20260918/dx2/summary.csv --energy-transfer-trace=experiments_energy_transfer/level2_fastdx_20260918/dx2/tr_9292.csv --particles=100 --particles-boxes=50,50 --particle-radius=0.5 --l0=39.25 --height=10 --num-walls=1 --wall-positions=39.25 --wall-mass-factors=1000000000 --piston-right-protocol-mode=step --velocity-right-piston-step=10 --max-right-piston-travel=2 --auto-piston-step --wall-hold-steps=12000 --steps=12500 --fixed-dt=0.4 --energy-measurement --eff-output=wall-ke --kbt1 --seed=9292",9292
2026-09-18 13:26:06,energy_transfer,edmd,12500,12000,0.0166666669,39.25,10,100,0.5,nan,0.100050721,0.100050721,1,39.25,1e+09,50;50,1,0.0416666667,1,1,0.00999999978,100,1000,nan,39.25,1,step,76.5,-10,step,2,10,nan,nan,10,nan,nan,728.974394,0.0150806401,2.06874757e-05,0.999979313,728.959313,2.32474551e-09,0.000157240254,0.00015723793,2.15697466e-07,20,0.249984741,/Users/chrisharing/Desktop/CCS_complex_coupled_systems/Repo/HardDisks/hspist3/experiments_energy_transfer/level2_fastdx_20260918/dx2/tr_9293.csv,19.9333191,19.6833344,1,"./00ALLINONE_ramp --mode=edmd --experiment=energy_transfer --headless --quiet --edmd-acc=0 --seed-drift-order=drift-first --energy-transfer-summary=experiments_energy_transfer/level2_fastdx_20260918/dx2/summary.csv --energy-transfer-trace=experiments_energy_transfer/level2_fastdx_20260918/dx2/tr_9293.csv --particles=100 --particles-boxes=50,50 --particle-radius=0.5 --l0=39.25 --height=10 --num-walls=1 --wall-positions=39.25 --wall-mass-factors=1000000000 --piston-right-protocol-mode=step --velocity-right-piston-step=10 --max-right-piston-travel=2 --auto-piston-step --wall-hold-steps=12000 --steps=12500 --fixed-dt=0.4 --energy-measurement --eff-output=wall-ke --kbt1 --seed=9293",9293
2026-09-18 13:26:06,energy_transfer,edmd,12500,12000,0.0166666669,39.25,10,100,0.5,nan,0.100050721,0.100050721,1,39.25,1e+09,50;50,1,0.0416666667,1,1,0.00999999978,100,1000,nan,39.25,1,step,76.5,-10,step,2,10,nan,nan,10,nan,nan,402.028225,0.00439472683,1.09313888e-05,0.999989069,402.02383,4.04021927e-09,4.38278548e-05,4.38238146e-05,1.09006811e-07,20,0.249984741,/Users/chrisharing/Desktop/CCS_complex_coupled_systems/Repo/HardDisks/hspist3/experiments_energy_transfer/level2_fastdx_20260918/dx2/tr_9298.csv,19.9333191,19.6833344,1,"./00ALLINONE_ramp --mode=edmd --experiment=energy_transfer --headless --quiet --edmd-acc=0 --seed-drift-order=drift-first --energy-transfer-summary=experiments_energy_transfer/level2_fastdx_20260918/dx2/summary.csv --energy-transfer-trace=experiments_energy_transfer/level2_fastdx_20260918/dx2/tr_9298.csv --particles=100 --particles-boxes=50,50 --particle-radius=0.5 --l0=39.25 --height=10 --num-walls=1 --wall-positions=39.25 --wall-mass-factors=1000000000 --piston-right-protocol-mode=step --velocity-right-piston-step=10 --max-right-piston-travel=2 --auto-piston-step --wall-hold-steps=12000 --steps=12500 --fixed-dt=0.4 --energy-measurement --eff-output=wall-ke --kbt1 --seed=9298",9298
2026-09-18 13:26:06,energy_transfer,edmd,12500,12000,0.0166666669,39.25,10,100,0.5,nan,0.100050721,0.100050721,1,39.25,1e+09,50;50,1,0.0416666667,1,1,0.00999999978,100,1000,nan,39.25,1,step,76.5,-10,step,2,10,nan,nan,10,nan,nan,803.861098,0.0180600863,2.24666753e-05,0.999977533,803.843038,0,0.00018471785,0.00018471785,2.29788269e-07,20,0.249984741,/Users/chrisharing/Desktop/CCS_complex_coupled_systems/Repo/HardDisks/hspist3/experiments_energy_transfer/level2_fastdx_20260918/dx2/tr_9297.csv,19.8499908,19.6000061,1,"./00ALLINONE_ramp --mode=edmd --experiment=energy_transfer --headless --quiet --edmd-acc=0 --seed-drift-order=drift-first --energy-transfer-summary=experiments_energy_transfer/level2_fastdx_20260918/dx2/summary.csv --energy-transfer-trace=experiments_energy_transfer/level2_fastdx_20260918/dx2/tr_9297.csv --particles=100 --particles-boxes=50,50 --particle-radius=0.5 --l0=39.25 --height=10 --num-walls=1 --wall-positions=39.25 --wall-mass-factors=1000000000 --piston-right-protocol-mode=step --velocity-right-piston-step=10 --max-right-piston-travel=2 --auto-piston-step --wall-hold-steps=12000 --steps=12500 --fixed-dt=0.4 --energy-measurement --eff-output=wall-ke --kbt1 --seed=9297",9297
2026-09-18 13:26:06,energy_transfer,edmd,12500,12000,0.0166666669,39.25,10,100,0.5,nan,0.100050721,0.100050721,1,39.25,1e+09,50;50,1,0.0416666667,1,1,0.00999999978,100,1000,nan,39.25,1,step,76.5,-10,step,2,10,nan,nan,10,nan,nan,604.336014,0.0105524836,1.74612854e-05,0.999982539,604.325461,6.81700529e-10,9.97931857e-05,9.9792504e-05,1.65127515e-07,20,0.249984741,/Users/chrisharing/Desktop/CCS_complex_coupled_systems/Repo/HardDisks/hspist3/experiments_energy_transfer/level2_fastdx_20260918/dx2/tr_9299.csv,19.3999939,19.1500092,1,"./00ALLINONE_ramp --mode=edmd --experiment=energy_transfer --headless --quiet --edmd-acc=0 --seed-drift-order=drift-first --energy-transfer-summary=experiments_energy_transfer/level2_fastdx_20260918/dx2/summary.csv --energy-transfer-trace=experiments_energy_transfer/level2_fastdx_20260918/dx2/tr_9299.csv --particles=100 --particles-boxes=50,50 --particle-radius=0.5 --l0=39.25 --height=10 --num-walls=1 --wall-positions=39.25 --wall-mass-factors=1000000000 --piston-right-protocol-mode=step --velocity-right-piston-step=10 --max-right-piston-travel=2 --auto-piston-step --wall-hold-steps=12000 --steps=12500 --fixed-dt=0.4 --energy-measurement --eff-output=wall-ke --kbt1 --seed=9299",9299
