timestamp,mode,sim_mode,steps_after_release,wall_hold_steps,dt_sigma,L0,height,particles_total,radius_sigma,eta_input,eta_nominal,eta_particles_region,num_walls,wall_positions_cli,wall_mass_factors_cli,particles_boxes_cli,wall_thickness_sigma,wall_thickness_vis_sigma,kbt1,kBT,kB_effective,temperature_runtime,spring_k,spring_eq_sigma,spring_eq_sigma_effective,piston_auto,piston_protocol,piston_target_sigma,piston_speed_px,piston_right_protocol_mode,piston_right_travel_sigma,piston_right_v_step_constant,piston_right_v0,piston_right_v_gradient,piston_right_vmax,piston_right_duration,piston_right_sigmoid_steepness,W_in_max,W_out_max,ratio,loss_fraction,total_loss,springE_stop,springE_peak_win,W_out_peak_win,ratio_win,eff_window_T,piston_stop_t_rel,trace_path,spring_peak_t_rel,spring_peak_dt,spring_peak_near_end,command,seed
2026-09-18 12:52:25,energy_transfer,edmd,12500,12000,0.0166666669,39.25,10,100,0.5,nan,0.100050721,0.100050721,1,39.25,1e+09,50;50,1,0.0416666667,1,1,0.00999999978,100,1000,nan,39.25,1,step,77.75,-5,step,0.75,5,nan,nan,5,nan,nan,1.06437178e-15,4.16213624e-07,391041581,-391041580,-4.16213623e-07,0,4.68401069e-08,4.68401069e-08,44007280,20,0.216659546,/Users/chrisharing/Desktop/CCS_complex_coupled_systems/Repo/HardDisks/hspist3/experiments_energy_transfer/level2_fast1sigma_20260918/u5/tr_9200.csv,5.61665344,5.3999939,0,"./00ALLINONE_ramp --mode=edmd --experiment=energy_transfer --headless --quiet --edmd-acc=0 --seed-drift-order=drift-first --energy-transfer-summary=experiments_energy_transfer/level2_fast1sigma_20260918/u5/summary.csv --energy-transfer-trace=experiments_energy_transfer/level2_fast1sigma_20260918/u5/tr_9200.csv --particles=100 --particles-boxes=50,50 --particle-radius=0.5 --l0=39.25 --height=10 --num-walls=1 --wall-positions=39.25 --wall-mass-factors=1000000000 --piston-right-protocol-mode=step --velocity-right-piston-step=5 --max-right-piston-travel=0.75 --auto-piston-step --wall-hold-steps=12000 --steps=12500 --fixed-dt=0.4 --energy-measurement --eff-output=wall-ke --kbt1 --seed=9200",9200
2026-09-18 12:52:25,energy_transfer,edmd,12500,12000,0.0166666669,39.25,10,100,0.5,nan,0.100050721,0.100050721,1,39.25,1e+09,50;50,1,0.0416666667,1,1,0.00999999978,100,1000,nan,39.25,1,step,77.75,-5,step,0.75,5,nan,nan,5,nan,nan,0,2.09439122e-07,nan,nan,-2.09439122e-07,3.26908604e-11,8.1689997e-08,8.16573061e-08,nan,20,0.216659546,/Users/chrisharing/Desktop/CCS_complex_coupled_systems/Repo/HardDisks/hspist3/experiments_energy_transfer/level2_fast1sigma_20260918/u5/tr_9203.csv,7.93331909,7.71665955,0,"./00ALLINONE_ramp --mode=edmd --experiment=energy_transfer --headless --quiet --edmd-acc=0 --seed-drift-order=drift-first --energy-transfer-summary=experiments_energy_transfer/level2_fast1sigma_20260918/u5/summary.csv --energy-transfer-trace=experiments_energy_transfer/level2_fast1sigma_20260918/u5/tr_9203.csv --particles=100 --particles-boxes=50,50 --particle-radius=0.5 --l0=39.25 --height=10 --num-walls=1 --wall-positions=39.25 --wall-mass-factors=1000000000 --piston-right-protocol-mode=step --velocity-right-piston-step=5 --max-right-piston-travel=0.75 --auto-piston-step --wall-hold-steps=12000 --steps=12500 --fixed-dt=0.4 --energy-measurement --eff-output=wall-ke --kbt1 --seed=9203",9203
2026-09-18 12:52:25,energy_transfer,edmd,12500,12000,0.0166666669,39.25,10,100,0.5,nan,0.100050721,0.100050721,1,39.25,1e+09,50;50,1,0.0416666667,1,1,0.00999999978,100,1000,nan,39.25,1,step,77.75,-5,step,0.75,5,nan,nan,5,nan,nan,51.5292823,8.00266935e-05,1.55303334e-06,0.999998447,51.5292023,0,8.29302508e-07,8.29302508e-07,1.60938106e-08,20,0.216659546,/Users/chrisharing/Desktop/CCS_complex_coupled_systems/Repo/HardDisks/hspist3/experiments_energy_transfer/level2_fast1sigma_20260918/u5/tr_9201.csv,16.5166626,16.3000031,0,"./00ALLINONE_ramp --mode=edmd --experiment=energy_transfer --headless --quiet --edmd-acc=0 --seed-drift-order=drift-first --energy-transfer-summary=experiments_energy_transfer/level2_fast1sigma_20260918/u5/summary.csv --energy-transfer-trace=experiments_energy_transfer/level2_fast1sigma_20260918/u5/tr_9201.csv --particles=100 --particles-boxes=50,50 --particle-radius=0.5 --l0=39.25 --height=10 --num-walls=1 --wall-positions=39.25 --wall-mass-factors=1000000000 --piston-right-protocol-mode=step --velocity-right-piston-step=5 --max-right-piston-travel=0.75 --auto-piston-step --wall-hold-steps=12000 --steps=12500 --fixed-dt=0.4 --energy-measurement --eff-output=wall-ke --kbt1 --seed=9201",9201
2026-09-18 12:52:25,energy_transfer,edmd,12500,12000,0.0166666669,39.25,10,100,0.5,nan,0.100050721,0.100050721,1,39.25,1e+09,50;50,1,0.0416666667,1,1,0.00999999978,100,1000,nan,39.25,1,step,77.75,-5,step,0.75,5,nan,nan,5,nan,nan,83.2785034,0.000201084986,2.41460854e-06,0.999997585,83.2783023,0,2.48947049e-06,2.48947049e-06,2.98933145e-08,20,0.216659546,/Users/chrisharing/Desktop/CCS_complex_coupled_systems/Repo/HardDisks/hspist3/experiments_energy_transfer/level2_fast1sigma_20260918/u5/tr_9202.csv,18.7333221,18.5166626,1,"./00ALLINONE_ramp --mode=edmd --experiment=energy_transfer --headless --quiet --edmd-acc=0 --seed-drift-order=drift-first --energy-transfer-summary=experiments_energy_transfer/level2_fast1sigma_20260918/u5/summary.csv --energy-transfer-trace=experiments_energy_transfer/level2_fast1sigma_20260918/u5/tr_9202.csv --particles=100 --particles-boxes=50,50 --particle-radius=0.5 --l0=39.25 --height=10 --num-walls=1 --wall-positions=39.25 --wall-mass-factors=1000000000 --piston-right-protocol-mode=step --velocity-right-piston-step=5 --max-right-piston-travel=0.75 --auto-piston-step --wall-hold-steps=12000 --steps=12500 --fixed-dt=0.4 --energy-measurement --eff-output=wall-ke --kbt1 --seed=9202",9202
2026-09-18 12:52:25,energy_transfer,edmd,12500,12000,0.0166666669,39.25,10,100,0.5,nan,0.100050721,0.100050721,1,39.25,1e+09,50;50,1,0.0416666667,1,1,0.00999999978,100,1000,nan,39.25,1,step,77.75,-5,step,0.75,5,nan,nan,5,nan,nan,1.87415865e-15,7.68935479e-07,410283024,-410283023,-7.68935477e-07,0,3.55553539e-07,3.55553539e-07,189713682,20,0.216659546,/Users/chrisharing/Desktop/CCS_complex_coupled_systems/Repo/HardDisks/hspist3/experiments_energy_transfer/level2_fast1sigma_20260918/u5/tr_9207.csv,15.9166565,15.6999969,0,"./00ALLINONE_ramp --mode=edmd --experiment=energy_transfer --headless --quiet --edmd-acc=0 --seed-drift-order=drift-first --energy-transfer-summary=experiments_energy_transfer/level2_fast1sigma_20260918/u5/summary.csv --energy-transfer-trace=experiments_energy_transfer/level2_fast1sigma_20260918/u5/tr_9207.csv --particles=100 --particles-boxes=50,50 --particle-radius=0.5 --l0=39.25 --height=10 --num-walls=1 --wall-positions=39.25 --wall-mass-factors=1000000000 --piston-right-protocol-mode=step --velocity-right-piston-step=5 --max-right-piston-travel=0.75 --auto-piston-step --wall-hold-steps=12000 --steps=12500 --fixed-dt=0.4 --energy-measurement --eff-output=wall-ke --kbt1 --seed=9207",9207
2026-09-18 12:52:25,energy_transfer,edmd,12500,12000,0.0166666669,39.25,10,100,0.5,nan,0.100050721,0.100050721,1,39.25,1e+09,50;50,1,0.0416666667,1,1,0.00999999978,100,1000,nan,39.25,1,step,77.75,-5,step,0.75,5,nan,nan,5,nan,nan,62.4464708,9.99383046e-05,1.60038355e-06,0.9999984,62.4463709,5.96805627e-09,1.20832658e-06,1.20235852e-06,1.9254227e-08,20,0.216659546,/Users/chrisharing/Desktop/CCS_complex_coupled_systems/Repo/HardDisks/hspist3/experiments_energy_transfer/level2_fast1sigma_20260918/u5/tr_9205.csv,19.9666595,19.75,1,"./00ALLINONE_ramp --mode=edmd --experiment=energy_transfer --headless --quiet --edmd-acc=0 --seed-drift-order=drift-first --energy-transfer-summary=experiments_energy_transfer/level2_fast1sigma_20260918/u5/summary.csv --energy-transfer-trace=experiments_energy_transfer/level2_fast1sigma_20260918/u5/tr_9205.csv --particles=100 --particles-boxes=50,50 --particle-radius=0.5 --l0=39.25 --height=10 --num-walls=1 --wall-positions=39.25 --wall-mass-factors=1000000000 --piston-right-protocol-mode=step --velocity-right-piston-step=5 --max-right-piston-travel=0.75 --auto-piston-step --wall-hold-steps=12000 --steps=12500 --fixed-dt=0.4 --energy-measurement --eff-output=wall-ke --kbt1 --seed=9205",9205
2026-09-18 12:52:25,energy_transfer,edmd,12500,12000,0.0166666669,39.25,10,100,0.5,nan,0.100050721,0.100050721,1,39.25,1e+09,50;50,1,0.0416666667,1,1,0.00999999978,100,1000,nan,39.25,1,step,77.75,-5,step,0.75,5,nan,nan,5,nan,nan,77.0992116,0.000166004189,2.15312434e-06,0.999997847,77.0990456,0,2.2473655e-06,2.2473655e-06,2.91490075e-08,20,0.216659546,/Users/chrisharing/Desktop/CCS_complex_coupled_systems/Repo/HardDisks/hspist3/experiments_energy_transfer/level2_fast1sigma_20260918/u5/tr_9204.csv,19.4833221,19.2666626,1,"./00ALLINONE_ramp --mode=edmd --experiment=energy_transfer --headless --quiet --edmd-acc=0 --seed-drift-order=drift-first --energy-transfer-summary=experiments_energy_transfer/level2_fast1sigma_20260918/u5/summary.csv --energy-transfer-trace=experiments_energy_transfer/level2_fast1sigma_20260918/u5/tr_9204.csv --particles=100 --particles-boxes=50,50 --particle-radius=0.5 --l0=39.25 --height=10 --num-walls=1 --wall-positions=39.25 --wall-mass-factors=1000000000 --piston-right-protocol-mode=step --velocity-right-piston-step=5 --max-right-piston-travel=0.75 --auto-piston-step --wall-hold-steps=12000 --steps=12500 --fixed-dt=0.4 --energy-measurement --eff-output=wall-ke --kbt1 --seed=9204",9204
2026-09-18 12:52:25,energy_transfer,edmd,12500,12000,0.0166666669,39.25,10,100,0.5,nan,0.100050721,0.100050721,1,39.25,1e+09,50;50,1,0.0416666667,1,1,0.00999999978,100,1000,nan,39.25,1,step,77.75,-5,step,0.75,5,nan,nan,5,nan,nan,9.340831e-16,1.73031154e-07,185241713,-185241712,-1.73031153e-07,0,3.59752725e-08,3.59752725e-08,38513995.7,20,0.216659546,/Users/chrisharing/Desktop/CCS_complex_coupled_systems/Repo/HardDisks/hspist3/experiments_energy_transfer/level2_fast1sigma_20260918/u5/tr_9209.csv,11.7999878,11.5833282,0,"./00ALLINONE_ramp --mode=edmd --experiment=energy_transfer --headless --quiet --edmd-acc=0 --seed-drift-order=drift-first --energy-transfer-summary=experiments_energy_transfer/level2_fast1sigma_20260918/u5/summary.csv --energy-transfer-trace=experiments_energy_transfer/level2_fast1sigma_20260918/u5/tr_9209.csv --particles=100 --particles-boxes=50,50 --particle-radius=0.5 --l0=39.25 --height=10 --num-walls=1 --wall-positions=39.25 --wall-mass-factors=1000000000 --piston-right-protocol-mode=step --velocity-right-piston-step=5 --max-right-piston-travel=0.75 --auto-piston-step --wall-hold-steps=12000 --steps=12500 --fixed-dt=0.4 --energy-measurement --eff-output=wall-ke --kbt1 --seed=9209",9209
2026-09-18 12:52:25,energy_transfer,edmd,12500,12000,0.0166666669,39.25,10,100,0.5,nan,0.100050721,0.100050721,1,39.25,1e+09,50;50,1,0.0416666667,1,1,0.00999999978,100,1000,nan,39.25,1,step,77.75,-5,step,0.75,5,nan,nan,5,nan,nan,64.4779576,9.37622681e-05,1.45417553e-06,0.999998546,64.4778638,0,2.89409712e-07,2.89409712e-07,4.4885062e-09,20,0.216659546,/Users/chrisharing/Desktop/CCS_complex_coupled_systems/Repo/HardDisks/hspist3/experiments_energy_transfer/level2_fast1sigma_20260918/u5/tr_9206.csv,19.3666534,19.1499939,1,"./00ALLINONE_ramp --mode=edmd --experiment=energy_transfer --headless --quiet --edmd-acc=0 --seed-drift-order=drift-first --energy-transfer-summary=experiments_energy_transfer/level2_fast1sigma_20260918/u5/summary.csv --energy-transfer-trace=experiments_energy_transfer/level2_fast1sigma_20260918/u5/tr_9206.csv --particles=100 --particles-boxes=50,50 --particle-radius=0.5 --l0=39.25 --height=10 --num-walls=1 --wall-positions=39.25 --wall-mass-factors=1000000000 --piston-right-protocol-mode=step --velocity-right-piston-step=5 --max-right-piston-travel=0.75 --auto-piston-step --wall-hold-steps=12000 --steps=12500 --fixed-dt=0.4 --energy-measurement --eff-output=wall-ke --kbt1 --seed=9206",9206
2026-09-18 12:52:25,energy_transfer,edmd,12500,12000,0.0166666669,39.25,10,100,0.5,nan,0.100050721,0.100050721,1,39.25,1e+09,50;50,1,0.0416666667,1,1,0.00999999978,100,1000,nan,39.25,1,step,77.75,-5,step,0.75,5,nan,nan,5,nan,nan,105.729922,0.000294841302,2.78862689e-06,0.999997211,105.729627,0,2.32564594e-06,2.32564594e-06,2.19961001e-08,20,0.216659546,/Users/chrisharing/Desktop/CCS_complex_coupled_systems/Repo/HardDisks/hspist3/experiments_energy_transfer/level2_fast1sigma_20260918/u5/tr_9208.csv,17.8166656,17.6000061,0,"./00ALLINONE_ramp --mode=edmd --experiment=energy_transfer --headless --quiet --edmd-acc=0 --seed-drift-order=drift-first --energy-transfer-summary=experiments_energy_transfer/level2_fast1sigma_20260918/u5/summary.csv --energy-transfer-trace=experiments_energy_transfer/level2_fast1sigma_20260918/u5/tr_9208.csv --particles=100 --particles-boxes=50,50 --particle-radius=0.5 --l0=39.25 --height=10 --num-walls=1 --wall-positions=39.25 --wall-mass-factors=1000000000 --piston-right-protocol-mode=step --velocity-right-piston-step=5 --max-right-piston-travel=0.75 --auto-piston-step --wall-hold-steps=12000 --steps=12500 --fixed-dt=0.4 --energy-measurement --eff-output=wall-ke --kbt1 --seed=9208",9208
2026-09-18 12:52:25,energy_transfer,edmd,12500,12000,0.0166666669,39.25,10,100,0.5,nan,0.100050721,0.100050721,1,39.25,1e+09,50;50,1,0.0416666667,1,1,0.00999999978,100,1000,nan,39.25,1,step,77.75,-5,step,0.75,5,nan,nan,5,nan,nan,56.9762118,8.85127374e-05,1.55350338e-06,0.999998446,56.9761233,0,1.40252894e-06,1.40252894e-06,2.4616044e-08,20,0.216659546,/Users/chrisharing/Desktop/CCS_complex_coupled_systems/Repo/HardDisks/hspist3/experiments_energy_transfer/level2_fast1sigma_20260918/u5/tr_9211.csv,19.8666534,19.6499939,1,"./00ALLINONE_ramp --mode=edmd --experiment=energy_transfer --headless --quiet --edmd-acc=0 --seed-drift-order=drift-first --energy-transfer-summary=experiments_energy_transfer/level2_fast1sigma_20260918/u5/summary.csv --energy-transfer-trace=experiments_energy_transfer/level2_fast1sigma_20260918/u5/tr_9211.csv --particles=100 --particles-boxes=50,50 --particle-radius=0.5 --l0=39.25 --height=10 --num-walls=1 --wall-positions=39.25 --wall-mass-factors=1000000000 --piston-right-protocol-mode=step --velocity-right-piston-step=5 --max-right-piston-travel=0.75 --auto-piston-step --wall-hold-steps=12000 --steps=12500 --fixed-dt=0.4 --energy-measurement --eff-output=wall-ke --kbt1 --seed=9211",9211
2026-09-18 12:52:25,energy_transfer,edmd,12500,12000,0.0166666669,39.25,10,100,0.5,nan,0.100050721,0.100050721,1,39.25,1e+09,50;50,1,0.0416666667,1,1,0.00999999978,100,1000,nan,39.25,1,step,77.75,-5,step,0.75,5,nan,nan,5,nan,nan,115.272354,0.000335741235,2.91259113e-06,0.999997087,115.272018,0,3.63992922e-06,3.63992922e-06,3.15767753e-08,20,0.216659546,/Users/chrisharing/Desktop/CCS_complex_coupled_systems/Repo/HardDisks/hspist3/experiments_energy_transfer/level2_fast1sigma_20260918/u5/tr_9210.csv,19.1166534,18.8999939,1,"./00ALLINONE_ramp --mode=edmd --experiment=energy_transfer --headless --quiet --edmd-acc=0 --seed-drift-order=drift-first --energy-transfer-summary=experiments_energy_transfer/level2_fast1sigma_20260918/u5/summary.csv --energy-transfer-trace=experiments_energy_transfer/level2_fast1sigma_20260918/u5/tr_9210.csv --particles=100 --particles-boxes=50,50 --particle-radius=0.5 --l0=39.25 --height=10 --num-walls=1 --wall-positions=39.25 --wall-mass-factors=1000000000 --piston-right-protocol-mode=step --velocity-right-piston-step=5 --max-right-piston-travel=0.75 --auto-piston-step --wall-hold-steps=12000 --steps=12500 --fixed-dt=0.4 --energy-measurement --eff-output=wall-ke --kbt1 --seed=9210",9210
2026-09-18 12:52:25,energy_transfer,edmd,12500,12000,0.0166666669,39.25,10,100,0.5,nan,0.100050721,0.100050721,1,39.25,1e+09,50;50,1,0.0416666667,1,1,0.00999999978,100,1000,nan,39.25,1,step,77.75,-5,step,0.75,5,nan,nan,5,nan,nan,40.0110477,4.42580058e-05,1.10614463e-06,0.999998894,40.0110035,1.70229331e-10,6.92270248e-07,6.92100019e-07,1.72977229e-08,20,0.216659546,/Users/chrisharing/Desktop/CCS_complex_coupled_systems/Repo/HardDisks/hspist3/experiments_energy_transfer/level2_fast1sigma_20260918/u5/tr_9213.csv,17.3999939,17.1833344,0,"./00ALLINONE_ramp --mode=edmd --experiment=energy_transfer --headless --quiet --edmd-acc=0 --seed-drift-order=drift-first --energy-transfer-summary=experiments_energy_transfer/level2_fast1sigma_20260918/u5/summary.csv --energy-transfer-trace=experiments_energy_transfer/level2_fast1sigma_20260918/u5/tr_9213.csv --particles=100 --particles-boxes=50,50 --particle-radius=0.5 --l0=39.25 --height=10 --num-walls=1 --wall-positions=39.25 --wall-mass-factors=1000000000 --piston-right-protocol-mode=step --velocity-right-piston-step=5 --max-right-piston-travel=0.75 --auto-piston-step --wall-hold-steps=12000 --steps=12500 --fixed-dt=0.4 --energy-measurement --eff-output=wall-ke --kbt1 --seed=9213",9213
2026-09-18 12:52:25,energy_transfer,edmd,12500,12000,0.0166666669,39.25,10,100,0.5,nan,0.100050721,0.100050721,1,39.25,1e+09,50;50,1,0.0416666667,1,1,0.00999999978,100,1000,nan,39.25,1,step,77.75,-5,step,0.75,5,nan,nan,5,nan,nan,1.25086554e-15,5.22303935e-07,417554019,-417554018,-5.22303934e-07,1.25408861e-09,1.62594915e-07,1.61340827e-07,128983349,20,0.216659546,/Users/chrisharing/Desktop/CCS_complex_coupled_systems/Repo/HardDisks/hspist3/experiments_energy_transfer/level2_fast1sigma_20260918/u5/tr_9214.csv,17.5666656,17.3500061,0,"./00ALLINONE_ramp --mode=edmd --experiment=energy_transfer --headless --quiet --edmd-acc=0 --seed-drift-order=drift-first --energy-transfer-summary=experiments_energy_transfer/level2_fast1sigma_20260918/u5/summary.csv --energy-transfer-trace=experiments_energy_transfer/level2_fast1sigma_20260918/u5/tr_9214.csv --particles=100 --particles-boxes=50,50 --particle-radius=0.5 --l0=39.25 --height=10 --num-walls=1 --wall-positions=39.25 --wall-mass-factors=1000000000 --piston-right-protocol-mode=step --velocity-right-piston-step=5 --max-right-piston-travel=0.75 --auto-piston-step --wall-hold-steps=12000 --steps=12500 --fixed-dt=0.4 --energy-measurement --eff-output=wall-ke --kbt1 --seed=9214",9214
2026-09-18 12:52:25,energy_transfer,edmd,12500,12000,0.0166666669,39.25,10,100,0.5,nan,0.100050721,0.100050721,1,39.25,1e+09,50;50,1,0.0416666667,1,1,0.00999999978,100,1000,nan,39.25,1,step,77.75,-5,step,0.75,5,nan,nan,5,nan,nan,46.6670761,6.59212892e-05,1.41258666e-06,0.999998587,46.6670102,0,4.54199238e-07,4.54199238e-07,9.73275543e-09,20,0.216659546,/Users/chrisharing/Desktop/CCS_complex_coupled_systems/Repo/HardDisks/hspist3/experiments_energy_transfer/level2_fast1sigma_20260918/u5/tr_9216.csv,19.5833282,19.3666687,1,"./00ALLINONE_ramp --mode=edmd --experiment=energy_transfer --headless --quiet --edmd-acc=0 --seed-drift-order=drift-first --energy-transfer-summary=experiments_energy_transfer/level2_fast1sigma_20260918/u5/summary.csv --energy-transfer-trace=experiments_energy_transfer/level2_fast1sigma_20260918/u5/tr_9216.csv --particles=100 --particles-boxes=50,50 --particle-radius=0.5 --l0=39.25 --height=10 --num-walls=1 --wall-positions=39.25 --wall-mass-factors=1000000000 --piston-right-protocol-mode=step --velocity-right-piston-step=5 --max-right-piston-travel=0.75 --auto-piston-step --wall-hold-steps=12000 --steps=12500 --fixed-dt=0.4 --energy-measurement --eff-output=wall-ke --kbt1 --seed=9216",9216
2026-09-18 12:52:25,energy_transfer,edmd,12500,12000,0.0166666669,39.25,10,100,0.5,nan,0.100050721,0.100050721,1,39.25,1e+09,50;50,1,0.0416666667,1,1,0.00999999978,100,1000,nan,39.25,1,step,77.75,-5,step,0.75,5,nan,nan,5,nan,nan,7.42351779e-17,2.22921969e-07,3.00291553e+09,-3.00291553e+09,-2.22921969e-07,0,5.64526204e-08,5.64526204e-08,760456457,20,0.216659546,/Users/chrisharing/Desktop/CCS_complex_coupled_systems/Repo/HardDisks/hspist3/experiments_energy_transfer/level2_fast1sigma_20260918/u5/tr_9218.csv,19.8999939,19.6833344,1,"./00ALLINONE_ramp --mode=edmd --experiment=energy_transfer --headless --quiet --edmd-acc=0 --seed-drift-order=drift-first --energy-transfer-summary=experiments_energy_transfer/level2_fast1sigma_20260918/u5/summary.csv --energy-transfer-trace=experiments_energy_transfer/level2_fast1sigma_20260918/u5/tr_9218.csv --particles=100 --particles-boxes=50,50 --particle-radius=0.5 --l0=39.25 --height=10 --num-walls=1 --wall-positions=39.25 --wall-mass-factors=1000000000 --piston-right-protocol-mode=step --velocity-right-piston-step=5 --max-right-piston-travel=0.75 --auto-piston-step --wall-hold-steps=12000 --steps=12500 --fixed-dt=0.4 --energy-measurement --eff-output=wall-ke --kbt1 --seed=9218",9218
2026-09-18 12:52:25,energy_transfer,edmd,12500,12000,0.0166666669,39.25,10,100,0.5,nan,0.100050721,0.100050721,1,39.25,1e+09,50;50,1,0.0416666667,1,1,0.00999999978,100,1000,nan,39.25,1,step,77.75,-5,step,0.75,5,nan,nan,5,nan,nan,62.5137547,0.000102972277,1.64719393e-06,0.999998353,62.5136518,0,1.12904343e-06,1.12904343e-06,1.80607201e-08,20,0.216659546,/Users/chrisharing/Desktop/CCS_complex_coupled_systems/Repo/HardDisks/hspist3/experiments_energy_transfer/level2_fast1sigma_20260918/u5/tr_9220.csv,18.6166534,18.3999939,1,"./00ALLINONE_ramp --mode=edmd --experiment=energy_transfer --headless --quiet --edmd-acc=0 --seed-drift-order=drift-first --energy-transfer-summary=experiments_energy_transfer/level2_fast1sigma_20260918/u5/summary.csv --energy-transfer-trace=experiments_energy_transfer/level2_fast1sigma_20260918/u5/tr_9220.csv --particles=100 --particles-boxes=50,50 --particle-radius=0.5 --l0=39.25 --height=10 --num-walls=1 --wall-positions=39.25 --wall-mass-factors=1000000000 --piston-right-protocol-mode=step --velocity-right-piston-step=5 --max-right-piston-travel=0.75 --auto-piston-step --wall-hold-steps=12000 --steps=12500 --fixed-dt=0.4 --energy-measurement --eff-output=wall-ke --kbt1 --seed=9220",9220
2026-09-18 12:52:25,energy_transfer,edmd,12500,12000,0.0166666669,39.25,10,100,0.5,nan,0.100050721,0.100050721,1,39.25,1e+09,50;50,1,0.0416666667,1,1,0.00999999978,100,1000,nan,39.25,1,step,77.75,-5,step,0.75,5,nan,nan,5,nan,nan,120.101841,0.000364161708,3.03210763e-06,0.999996968,120.101477,0,2.85114879e-06,2.85114879e-06,2.37394263e-08,20,0.216659546,/Users/chrisharing/Desktop/CCS_complex_coupled_systems/Repo/HardDisks/hspist3/experiments_energy_transfer/level2_fast1sigma_20260918/u5/tr_9215.csv,20.0666656,19.8500061,1,"./00ALLINONE_ramp --mode=edmd --experiment=energy_transfer --headless --quiet --edmd-acc=0 --seed-drift-order=drift-first --energy-transfer-summary=experiments_energy_transfer/level2_fast1sigma_20260918/u5/summary.csv --energy-transfer-trace=experiments_energy_transfer/level2_fast1sigma_20260918/u5/tr_9215.csv --particles=100 --particles-boxes=50,50 --particle-radius=0.5 --l0=39.25 --height=10 --num-walls=1 --wall-positions=39.25 --wall-mass-factors=1000000000 --piston-right-protocol-mode=step --velocity-right-piston-step=5 --max-right-piston-travel=0.75 --auto-piston-step --wall-hold-steps=12000 --steps=12500 --fixed-dt=0.4 --energy-measurement --eff-output=wall-ke --kbt1 --seed=9215",9215
2026-09-18 12:52:25,energy_transfer,edmd,12500,12000,0.0166666669,39.25,10,100,0.5,nan,0.100050721,0.100050721,1,39.25,1e+09,50;50,1,0.0416666667,1,1,0.00999999978,100,1000,nan,39.25,1,step,77.75,-5,step,0.75,5,nan,nan,5,nan,nan,122.681832,0.000343987165,2.80389655e-06,0.999997196,122.681488,2.1301641e-10,4.12088411e-06,4.1206711e-06,3.35882749e-08,20,0.216659546,/Users/chrisharing/Desktop/CCS_complex_coupled_systems/Repo/HardDisks/hspist3/experiments_energy_transfer/level2_fast1sigma_20260918/u5/tr_9217.csv,19.1999969,18.9833374,1,"./00ALLINONE_ramp --mode=edmd --experiment=energy_transfer --headless --quiet --edmd-acc=0 --seed-drift-order=drift-first --energy-transfer-summary=experiments_energy_transfer/level2_fast1sigma_20260918/u5/summary.csv --energy-transfer-trace=experiments_energy_transfer/level2_fast1sigma_20260918/u5/tr_9217.csv --particles=100 --particles-boxes=50,50 --particle-radius=0.5 --l0=39.25 --height=10 --num-walls=1 --wall-positions=39.25 --wall-mass-factors=1000000000 --piston-right-protocol-mode=step --velocity-right-piston-step=5 --max-right-piston-travel=0.75 --auto-piston-step --wall-hold-steps=12000 --steps=12500 --fixed-dt=0.4 --energy-measurement --eff-output=wall-ke --kbt1 --seed=9217",9217
2026-09-18 12:52:25,energy_transfer,edmd,12500,12000,0.0166666669,39.25,10,100,0.5,nan,0.100050721,0.100050721,1,39.25,1e+09,50;50,1,0.0416666667,1,1,0.00999999978,100,1000,nan,39.25,1,step,77.75,-5,step,0.75,5,nan,nan,5,nan,nan,40.8679564,4.42297787e-05,1.08226059e-06,0.999998918,40.8679121,0,7.93867684e-07,7.93867684e-07,1.94251867e-08,20,0.216659546,/Users/chrisharing/Desktop/CCS_complex_coupled_systems/Repo/HardDisks/hspist3/experiments_energy_transfer/level2_fast1sigma_20260918/u5/tr_9221.csv,19.9166565,19.6999969,1,"./00ALLINONE_ramp --mode=edmd --experiment=energy_transfer --headless --quiet --edmd-acc=0 --seed-drift-order=drift-first --energy-transfer-summary=experiments_energy_transfer/level2_fast1sigma_20260918/u5/summary.csv --energy-transfer-trace=experiments_energy_transfer/level2_fast1sigma_20260918/u5/tr_9221.csv --particles=100 --particles-boxes=50,50 --particle-radius=0.5 --l0=39.25 --height=10 --num-walls=1 --wall-positions=39.25 --wall-mass-factors=1000000000 --piston-right-protocol-mode=step --velocity-right-piston-step=5 --max-right-piston-travel=0.75 --auto-piston-step --wall-hold-steps=12000 --steps=12500 --fixed-dt=0.4 --energy-measurement --eff-output=wall-ke --kbt1 --seed=9221",9221
2026-09-18 12:52:25,energy_transfer,edmd,12500,12000,0.0166666669,39.25,10,100,0.5,nan,0.100050721,0.100050721,1,39.25,1e+09,50;50,1,0.0416666667,1,1,0.00999999978,100,1000,nan,39.25,1,step,77.75,-5,step,0.75,5,nan,nan,5,nan,nan,8.32656377e-16,3.09162118e-07,371296163,-371296162,-3.09162117e-07,7.96475064e-09,1.65175408e-07,1.57210657e-07,188806165,20,0.216659546,/Users/chrisharing/Desktop/CCS_complex_coupled_systems/Repo/HardDisks/hspist3/experiments_energy_transfer/level2_fast1sigma_20260918/u5/tr_9222.csv,11.3833313,11.1666718,0,"./00ALLINONE_ramp --mode=edmd --experiment=energy_transfer --headless --quiet --edmd-acc=0 --seed-drift-order=drift-first --energy-transfer-summary=experiments_energy_transfer/level2_fast1sigma_20260918/u5/summary.csv --energy-transfer-trace=experiments_energy_transfer/level2_fast1sigma_20260918/u5/tr_9222.csv --particles=100 --particles-boxes=50,50 --particle-radius=0.5 --l0=39.25 --height=10 --num-walls=1 --wall-positions=39.25 --wall-mass-factors=1000000000 --piston-right-protocol-mode=step --velocity-right-piston-step=5 --max-right-piston-travel=0.75 --auto-piston-step --wall-hold-steps=12000 --steps=12500 --fixed-dt=0.4 --energy-measurement --eff-output=wall-ke --kbt1 --seed=9222",9222
2026-09-18 12:52:25,energy_transfer,edmd,12500,12000,0.0166666669,39.25,10,100,0.5,nan,0.100050721,0.100050721,1,39.25,1e+09,50;50,1,0.0416666667,1,1,0.00999999978,100,1000,nan,39.25,1,step,77.75,-5,step,0.75,5,nan,nan,5,nan,nan,52.1080345,7.34238201e-05,1.40906908e-06,0.999998591,52.107961,7.48307283e-09,8.46349963e-07,8.3886689e-07,1.60986093e-08,20,0.216659546,/Users/chrisharing/Desktop/CCS_complex_coupled_systems/Repo/HardDisks/hspist3/experiments_energy_transfer/level2_fast1sigma_20260918/u5/tr_9219.csv,17.7499847,17.5333252,0,"./00ALLINONE_ramp --mode=edmd --experiment=energy_transfer --headless --quiet --edmd-acc=0 --seed-drift-order=drift-first --energy-transfer-summary=experiments_energy_transfer/level2_fast1sigma_20260918/u5/summary.csv --energy-transfer-trace=experiments_energy_transfer/level2_fast1sigma_20260918/u5/tr_9219.csv --particles=100 --particles-boxes=50,50 --particle-radius=0.5 --l0=39.25 --height=10 --num-walls=1 --wall-positions=39.25 --wall-mass-factors=1000000000 --piston-right-protocol-mode=step --velocity-right-piston-step=5 --max-right-piston-travel=0.75 --auto-piston-step --wall-hold-steps=12000 --steps=12500 --fixed-dt=0.4 --energy-measurement --eff-output=wall-ke --kbt1 --seed=9219",9219
2026-09-18 12:52:25,energy_transfer,edmd,12500,12000,0.0166666669,39.25,10,100,0.5,nan,0.100050721,0.100050721,1,39.25,1e+09,50;50,1,0.0416666667,1,1,0.00999999978,100,1000,nan,39.25,1,step,77.75,-5,step,0.75,5,nan,nan,5,nan,nan,4.25385415e-17,3.92872806e-07,9.23569056e+09,-9.23569056e+09,-3.92872806e-07,0,3.05307353e-08,3.05307353e-08,717719372,20,0.216659546,/Users/chrisharing/Desktop/CCS_complex_coupled_systems/Repo/HardDisks/hspist3/experiments_energy_transfer/level2_fast1sigma_20260918/u5/tr_9212.csv,19.6499939,19.4333344,1,"./00ALLINONE_ramp --mode=edmd --experiment=energy_transfer --headless --quiet --edmd-acc=0 --seed-drift-order=drift-first --energy-transfer-summary=experiments_energy_transfer/level2_fast1sigma_20260918/u5/summary.csv --energy-transfer-trace=experiments_energy_transfer/level2_fast1sigma_20260918/u5/tr_9212.csv --particles=100 --particles-boxes=50,50 --particle-radius=0.5 --l0=39.25 --height=10 --num-walls=1 --wall-positions=39.25 --wall-mass-factors=1000000000 --piston-right-protocol-mode=step --velocity-right-piston-step=5 --max-right-piston-travel=0.75 --auto-piston-step --wall-hold-steps=12000 --steps=12500 --fixed-dt=0.4 --energy-measurement --eff-output=wall-ke --kbt1 --seed=9212",9212
2026-09-18 12:52:26,energy_transfer,edmd,12500,12000,0.0166666669,39.25,10,100,0.5,nan,0.100050721,0.100050721,1,39.25,1e+09,50;50,1,0.0416666667,1,1,0.00999999978,100,1000,nan,39.25,1,step,77.75,-5,step,0.75,5,nan,nan,5,nan,nan,9.08114876e-16,6.5665273e-07,723094344,-723094343,-6.5665273e-07,0,9.48636156e-08,9.48636156e-08,104462132,20,0.216659546,/Users/chrisharing/Desktop/CCS_complex_coupled_systems/Repo/HardDisks/hspist3/experiments_energy_transfer/level2_fast1sigma_20260918/u5/tr_9225.csv,18.0833282,17.8666687,0,"./00ALLINONE_ramp --mode=edmd --experiment=energy_transfer --headless --quiet --edmd-acc=0 --seed-drift-order=drift-first --energy-transfer-summary=experiments_energy_transfer/level2_fast1sigma_20260918/u5/summary.csv --energy-transfer-trace=experiments_energy_transfer/level2_fast1sigma_20260918/u5/tr_9225.csv --particles=100 --particles-boxes=50,50 --particle-radius=0.5 --l0=39.25 --height=10 --num-walls=1 --wall-positions=39.25 --wall-mass-factors=1000000000 --piston-right-protocol-mode=step --velocity-right-piston-step=5 --max-right-piston-travel=0.75 --auto-piston-step --wall-hold-steps=12000 --steps=12500 --fixed-dt=0.4 --energy-measurement --eff-output=wall-ke --kbt1 --seed=9225",9225
2026-09-18 12:52:26,energy_transfer,edmd,12500,12000,0.0166666669,39.25,10,100,0.5,nan,0.100050721,0.100050721,1,39.25,1e+09,50;50,1,0.0416666667,1,1,0.00999999978,100,1000,nan,39.25,1,step,77.75,-5,step,0.75,5,nan,nan,5,nan,nan,116.266224,0.000323794375,2.78493927e-06,0.999997215,116.265901,0,2.47009325e-06,2.47009325e-06,2.12451489e-08,20,0.216659546,/Users/chrisharing/Desktop/CCS_complex_coupled_systems/Repo/HardDisks/hspist3/experiments_energy_transfer/level2_fast1sigma_20260918/u5/tr_9223.csv,17.3999939,17.1833344,0,"./00ALLINONE_ramp --mode=edmd --experiment=energy_transfer --headless --quiet --edmd-acc=0 --seed-drift-order=drift-first --energy-transfer-summary=experiments_energy_transfer/level2_fast1sigma_20260918/u5/summary.csv --energy-transfer-trace=experiments_energy_transfer/level2_fast1sigma_20260918/u5/tr_9223.csv --particles=100 --particles-boxes=50,50 --particle-radius=0.5 --l0=39.25 --height=10 --num-walls=1 --wall-positions=39.25 --wall-mass-factors=1000000000 --piston-right-protocol-mode=step --velocity-right-piston-step=5 --max-right-piston-travel=0.75 --auto-piston-step --wall-hold-steps=12000 --steps=12500 --fixed-dt=0.4 --energy-measurement --eff-output=wall-ke --kbt1 --seed=9223",9223
2026-09-18 12:52:26,energy_transfer,edmd,12500,12000,0.0166666669,39.25,10,100,0.5,nan,0.100050721,0.100050721,1,39.25,1e+09,50;50,1,0.0416666667,1,1,0.00999999978,100,1000,nan,39.25,1,step,77.75,-5,step,0.75,5,nan,nan,5,nan,nan,80.5504549,0.00016765928,2.08141941e-06,0.999997919,80.5502872,1.65276304e-09,2.31238641e-06,2.31073365e-06,2.86867859e-08,20,0.216659546,/Users/chrisharing/Desktop/CCS_complex_coupled_systems/Repo/HardDisks/hspist3/experiments_energy_transfer/level2_fast1sigma_20260918/u5/tr_9224.csv,16.6999969,16.4833374,0,"./00ALLINONE_ramp --mode=edmd --experiment=energy_transfer --headless --quiet --edmd-acc=0 --seed-drift-order=drift-first --energy-transfer-summary=experiments_energy_transfer/level2_fast1sigma_20260918/u5/summary.csv --energy-transfer-trace=experiments_energy_transfer/level2_fast1sigma_20260918/u5/tr_9224.csv --particles=100 --particles-boxes=50,50 --particle-radius=0.5 --l0=39.25 --height=10 --num-walls=1 --wall-positions=39.25 --wall-mass-factors=1000000000 --piston-right-protocol-mode=step --velocity-right-piston-step=5 --max-right-piston-travel=0.75 --auto-piston-step --wall-hold-steps=12000 --steps=12500 --fixed-dt=0.4 --energy-measurement --eff-output=wall-ke --kbt1 --seed=9224",9224
2026-09-18 12:52:26,energy_transfer,edmd,12500,12000,0.0166666669,39.25,10,100,0.5,nan,0.100050721,0.100050721,1,39.25,1e+09,50;50,1,0.0416666667,1,1,0.00999999978,100,1000,nan,39.25,1,step,77.75,-5,step,0.75,5,nan,nan,5,nan,nan,8.64985168e-16,6.12530357e-07,708139723,-708139722,-6.12530356e-07,0,5.10034575e-08,5.10034575e-08,58964545.7,20,0.216659546,/Users/chrisharing/Desktop/CCS_complex_coupled_systems/Repo/HardDisks/hspist3/experiments_energy_transfer/level2_fast1sigma_20260918/u5/tr_9226.csv,10.1499939,9.93333435,0,"./00ALLINONE_ramp --mode=edmd --experiment=energy_transfer --headless --quiet --edmd-acc=0 --seed-drift-order=drift-first --energy-transfer-summary=experiments_energy_transfer/level2_fast1sigma_20260918/u5/summary.csv --energy-transfer-trace=experiments_energy_transfer/level2_fast1sigma_20260918/u5/tr_9226.csv --particles=100 --particles-boxes=50,50 --particle-radius=0.5 --l0=39.25 --height=10 --num-walls=1 --wall-positions=39.25 --wall-mass-factors=1000000000 --piston-right-protocol-mode=step --velocity-right-piston-step=5 --max-right-piston-travel=0.75 --auto-piston-step --wall-hold-steps=12000 --steps=12500 --fixed-dt=0.4 --energy-measurement --eff-output=wall-ke --kbt1 --seed=9226",9226
2026-09-18 12:52:26,energy_transfer,edmd,12500,12000,0.0166666669,39.25,10,100,0.5,nan,0.100050721,0.100050721,1,39.25,1e+09,50;50,1,0.0416666667,1,1,0.00999999978,100,1000,nan,39.25,1,step,77.75,-5,step,0.75,5,nan,nan,5,nan,nan,2.26606431e-16,1.09867678e-07,484839186,-484839185,-1.09867677e-07,0,2.38170585e-08,2.38170585e-08,105103189,20,0.216659546,/Users/chrisharing/Desktop/CCS_complex_coupled_systems/Repo/HardDisks/hspist3/experiments_energy_transfer/level2_fast1sigma_20260918/u5/tr_9229.csv,14.9666595,14.75,0,"./00ALLINONE_ramp --mode=edmd --experiment=energy_transfer --headless --quiet --edmd-acc=0 --seed-drift-order=drift-first --energy-transfer-summary=experiments_energy_transfer/level2_fast1sigma_20260918/u5/summary.csv --energy-transfer-trace=experiments_energy_transfer/level2_fast1sigma_20260918/u5/tr_9229.csv --particles=100 --particles-boxes=50,50 --particle-radius=0.5 --l0=39.25 --height=10 --num-walls=1 --wall-positions=39.25 --wall-mass-factors=1000000000 --piston-right-protocol-mode=step --velocity-right-piston-step=5 --max-right-piston-travel=0.75 --auto-piston-step --wall-hold-steps=12000 --steps=12500 --fixed-dt=0.4 --energy-measurement --eff-output=wall-ke --kbt1 --seed=9229",9229
2026-09-18 12:52:26,energy_transfer,edmd,12500,12000,0.0166666669,39.25,10,100,0.5,nan,0.100050721,0.100050721,1,39.25,1e+09,50;50,1,0.0416666667,1,1,0.00999999978,100,1000,nan,39.25,1,step,77.75,-5,step,0.75,5,nan,nan,5,nan,nan,80.4137876,0.000174848348,2.17435783e-06,0.999997826,80.4136127,3.46004336e-09,2.35351831e-06,2.35005827e-06,2.92245688e-08,20,0.216659546,/Users/chrisharing/Desktop/CCS_complex_coupled_systems/Repo/HardDisks/hspist3/experiments_energy_transfer/level2_fast1sigma_20260918/u5/tr_9227.csv,18.6999969,18.4833374,1,"./00ALLINONE_ramp --mode=edmd --experiment=energy_transfer --headless --quiet --edmd-acc=0 --seed-drift-order=drift-first --energy-transfer-summary=experiments_energy_transfer/level2_fast1sigma_20260918/u5/summary.csv --energy-transfer-trace=experiments_energy_transfer/level2_fast1sigma_20260918/u5/tr_9227.csv --particles=100 --particles-boxes=50,50 --particle-radius=0.5 --l0=39.25 --height=10 --num-walls=1 --wall-positions=39.25 --wall-mass-factors=1000000000 --piston-right-protocol-mode=step --velocity-right-piston-step=5 --max-right-piston-travel=0.75 --auto-piston-step --wall-hold-steps=12000 --steps=12500 --fixed-dt=0.4 --energy-measurement --eff-output=wall-ke --kbt1 --seed=9227",9227
2026-09-18 12:52:26,energy_transfer,edmd,12500,12000,0.0166666669,39.25,10,100,0.5,nan,0.100050721,0.100050721,1,39.25,1e+09,50;50,1,0.0416666667,1,1,0.00999999978,100,1000,nan,39.25,1,step,77.75,-5,step,0.75,5,nan,nan,5,nan,nan,54.0601007,7.57440866e-05,1.40110887e-06,0.999998599,54.0600249,0,1.45859633e-06,1.45859633e-06,2.69810139e-08,20,0.216659546,/Users/chrisharing/Desktop/CCS_complex_coupled_systems/Repo/HardDisks/hspist3/experiments_energy_transfer/level2_fast1sigma_20260918/u5/tr_9228.csv,16.2666626,16.0500031,0,"./00ALLINONE_ramp --mode=edmd --experiment=energy_transfer --headless --quiet --edmd-acc=0 --seed-drift-order=drift-first --energy-transfer-summary=experiments_energy_transfer/level2_fast1sigma_20260918/u5/summary.csv --energy-transfer-trace=experiments_energy_transfer/level2_fast1sigma_20260918/u5/tr_9228.csv --particles=100 --particles-boxes=50,50 --particle-radius=0.5 --l0=39.25 --height=10 --num-walls=1 --wall-positions=39.25 --wall-mass-factors=1000000000 --piston-right-protocol-mode=step --velocity-right-piston-step=5 --max-right-piston-travel=0.75 --auto-piston-step --wall-hold-steps=12000 --steps=12500 --fixed-dt=0.4 --energy-measurement --eff-output=wall-ke --kbt1 --seed=9228",9228
2026-09-18 12:52:26,energy_transfer,edmd,12500,12000,0.0166666669,39.25,10,100,0.5,nan,0.100050721,0.100050721,1,39.25,1e+09,50;50,1,0.0416666667,1,1,0.00999999978,100,1000,nan,39.25,1,step,77.75,-5,step,0.75,5,nan,nan,5,nan,nan,58.7126386,9.86728046e-05,1.68060586e-06,0.999998319,58.7125399,0,2.72969328e-06,2.72969328e-06,4.64924307e-08,20,0.216659546,/Users/chrisharing/Desktop/CCS_complex_coupled_systems/Repo/HardDisks/hspist3/experiments_energy_transfer/level2_fast1sigma_20260918/u5/tr_9230.csv,19.5333252,19.3166656,1,"./00ALLINONE_ramp --mode=edmd --experiment=energy_transfer --headless --quiet --edmd-acc=0 --seed-drift-order=drift-first --energy-transfer-summary=experiments_energy_transfer/level2_fast1sigma_20260918/u5/summary.csv --energy-transfer-trace=experiments_energy_transfer/level2_fast1sigma_20260918/u5/tr_9230.csv --particles=100 --particles-boxes=50,50 --particle-radius=0.5 --l0=39.25 --height=10 --num-walls=1 --wall-positions=39.25 --wall-mass-factors=1000000000 --piston-right-protocol-mode=step --velocity-right-piston-step=5 --max-right-piston-travel=0.75 --auto-piston-step --wall-hold-steps=12000 --steps=12500 --fixed-dt=0.4 --energy-measurement --eff-output=wall-ke --kbt1 --seed=9230",9230
2026-09-18 12:52:26,energy_transfer,edmd,12500,12000,0.0166666669,39.25,10,100,0.5,nan,0.100050721,0.100050721,1,39.25,1e+09,50;50,1,0.0416666667,1,1,0.00999999978,100,1000,nan,39.25,1,step,77.75,-5,step,0.75,5,nan,nan,5,nan,nan,48.220177,6.98827571e-05,1.44924307e-06,0.999998551,48.2201071,0,5.72491047e-07,5.72491047e-07,1.18724377e-08,20,0.216659546,/Users/chrisharing/Desktop/CCS_complex_coupled_systems/Repo/HardDisks/hspist3/experiments_energy_transfer/level2_fast1sigma_20260918/u5/tr_9231.csv,14.2499847,14.0333252,0,"./00ALLINONE_ramp --mode=edmd --experiment=energy_transfer --headless --quiet --edmd-acc=0 --seed-drift-order=drift-first --energy-transfer-summary=experiments_energy_transfer/level2_fast1sigma_20260918/u5/summary.csv --energy-transfer-trace=experiments_energy_transfer/level2_fast1sigma_20260918/u5/tr_9231.csv --particles=100 --particles-boxes=50,50 --particle-radius=0.5 --l0=39.25 --height=10 --num-walls=1 --wall-positions=39.25 --wall-mass-factors=1000000000 --piston-right-protocol-mode=step --velocity-right-piston-step=5 --max-right-piston-travel=0.75 --auto-piston-step --wall-hold-steps=12000 --steps=12500 --fixed-dt=0.4 --energy-measurement --eff-output=wall-ke --kbt1 --seed=9231",9231
2026-09-18 12:52:26,energy_transfer,edmd,12500,12000,0.0166666669,39.25,10,100,0.5,nan,0.100050721,0.100050721,1,39.25,1e+09,50;50,1,0.0416666667,1,1,0.00999999978,100,1000,nan,39.25,1,step,77.75,-5,step,0.75,5,nan,nan,5,nan,nan,44.2306367,5.37045926e-05,1.21419443e-06,0.999998786,44.230583,0,6.54441351e-07,6.54441351e-07,1.47961097e-08,20,0.216659546,/Users/chrisharing/Desktop/CCS_complex_coupled_systems/Repo/HardDisks/hspist3/experiments_energy_transfer/level2_fast1sigma_20260918/u5/tr_9232.csv,15.0833282,14.8666687,0,"./00ALLINONE_ramp --mode=edmd --experiment=energy_transfer --headless --quiet --edmd-acc=0 --seed-drift-order=drift-first --energy-transfer-summary=experiments_energy_transfer/level2_fast1sigma_20260918/u5/summary.csv --energy-transfer-trace=experiments_energy_transfer/level2_fast1sigma_20260918/u5/tr_9232.csv --particles=100 --particles-boxes=50,50 --particle-radius=0.5 --l0=39.25 --height=10 --num-walls=1 --wall-positions=39.25 --wall-mass-factors=1000000000 --piston-right-protocol-mode=step --velocity-right-piston-step=5 --max-right-piston-travel=0.75 --auto-piston-step --wall-hold-steps=12000 --steps=12500 --fixed-dt=0.4 --energy-measurement --eff-output=wall-ke --kbt1 --seed=9232",9232
2026-09-18 12:52:26,energy_transfer,edmd,12500,12000,0.0166666669,39.25,10,100,0.5,nan,0.100050721,0.100050721,1,39.25,1e+09,50;50,1,0.0416666667,1,1,0.00999999978,100,1000,nan,39.25,1,step,77.75,-5,step,0.75,5,nan,nan,5,nan,nan,0,5.28315695e-07,nan,nan,-5.28315695e-07,6.96987534e-09,5.97034955e-08,5.27336201e-08,nan,20,0.216659546,/Users/chrisharing/Desktop/CCS_complex_coupled_systems/Repo/HardDisks/hspist3/experiments_energy_transfer/level2_fast1sigma_20260918/u5/tr_9234.csv,6.86665344,6.6499939,0,"./00ALLINONE_ramp --mode=edmd --experiment=energy_transfer --headless --quiet --edmd-acc=0 --seed-drift-order=drift-first --energy-transfer-summary=experiments_energy_transfer/level2_fast1sigma_20260918/u5/summary.csv --energy-transfer-trace=experiments_energy_transfer/level2_fast1sigma_20260918/u5/tr_9234.csv --particles=100 --particles-boxes=50,50 --particle-radius=0.5 --l0=39.25 --height=10 --num-walls=1 --wall-positions=39.25 --wall-mass-factors=1000000000 --piston-right-protocol-mode=step --velocity-right-piston-step=5 --max-right-piston-travel=0.75 --auto-piston-step --wall-hold-steps=12000 --steps=12500 --fixed-dt=0.4 --energy-measurement --eff-output=wall-ke --kbt1 --seed=9234",9234
2026-09-18 12:52:26,energy_transfer,edmd,12500,12000,0.0166666669,39.25,10,100,0.5,nan,0.100050721,0.100050721,1,39.25,1e+09,50;50,1,0.0416666667,1,1,0.00999999978,100,1000,nan,39.25,1,step,77.75,-5,step,0.75,5,nan,nan,5,nan,nan,72.8128229,0.000149328393,2.05085295e-06,0.999997949,72.8126736,0,5.45073817e-07,5.45073817e-07,7.48595914e-09,20,0.216659546,/Users/chrisharing/Desktop/CCS_complex_coupled_systems/Repo/HardDisks/hspist3/experiments_energy_transfer/level2_fast1sigma_20260918/u5/tr_9233.csv,6.86665344,6.6499939,0,"./00ALLINONE_ramp --mode=edmd --experiment=energy_transfer --headless --quiet --edmd-acc=0 --seed-drift-order=drift-first --energy-transfer-summary=experiments_energy_transfer/level2_fast1sigma_20260918/u5/summary.csv --energy-transfer-trace=experiments_energy_transfer/level2_fast1sigma_20260918/u5/tr_9233.csv --particles=100 --particles-boxes=50,50 --particle-radius=0.5 --l0=39.25 --height=10 --num-walls=1 --wall-positions=39.25 --wall-mass-factors=1000000000 --piston-right-protocol-mode=step --velocity-right-piston-step=5 --max-right-piston-travel=0.75 --auto-piston-step --wall-hold-steps=12000 --steps=12500 --fixed-dt=0.4 --energy-measurement --eff-output=wall-ke --kbt1 --seed=9233",9233
2026-09-18 12:52:26,energy_transfer,edmd,12500,12000,0.0166666669,39.25,10,100,0.5,nan,0.100050721,0.100050721,1,39.25,1e+09,50;50,1,0.0416666667,1,1,0.00999999978,100,1000,nan,39.25,1,step,77.75,-5,step,0.75,5,nan,nan,5,nan,nan,65.6926366,0.000114489449,1.74280489e-06,0.999998257,65.6925221,0,1.5271014e-06,1.5271014e-06,2.32461579e-08,20,0.216659546,/Users/chrisharing/Desktop/CCS_complex_coupled_systems/Repo/HardDisks/hspist3/experiments_energy_transfer/level2_fast1sigma_20260918/u5/tr_9235.csv,19.4499969,19.2333374,1,"./00ALLINONE_ramp --mode=edmd --experiment=energy_transfer --headless --quiet --edmd-acc=0 --seed-drift-order=drift-first --energy-transfer-summary=experiments_energy_transfer/level2_fast1sigma_20260918/u5/summary.csv --energy-transfer-trace=experiments_energy_transfer/level2_fast1sigma_20260918/u5/tr_9235.csv --particles=100 --particles-boxes=50,50 --particle-radius=0.5 --l0=39.25 --height=10 --num-walls=1 --wall-positions=39.25 --wall-mass-factors=1000000000 --piston-right-protocol-mode=step --velocity-right-piston-step=5 --max-right-piston-travel=0.75 --auto-piston-step --wall-hold-steps=12000 --steps=12500 --fixed-dt=0.4 --energy-measurement --eff-output=wall-ke --kbt1 --seed=9235",9235
2026-09-18 12:52:26,energy_transfer,edmd,12500,12000,0.0166666669,39.25,10,100,0.5,nan,0.100050721,0.100050721,1,39.25,1e+09,50;50,1,0.0416666667,1,1,0.00999999978,100,1000,nan,39.25,1,step,77.75,-5,step,0.75,5,nan,nan,5,nan,nan,4.89751597e-16,2.24435283e-07,458263504,-458263503,-2.24435282e-07,0,2.52817944e-08,2.52817944e-08,51621668.2,20,0.216659546,/Users/chrisharing/Desktop/CCS_complex_coupled_systems/Repo/HardDisks/hspist3/experiments_energy_transfer/level2_fast1sigma_20260918/u5/tr_9237.csv,18.0666656,17.8500061,0,"./00ALLINONE_ramp --mode=edmd --experiment=energy_transfer --headless --quiet --edmd-acc=0 --seed-drift-order=drift-first --energy-transfer-summary=experiments_energy_transfer/level2_fast1sigma_20260918/u5/summary.csv --energy-transfer-trace=experiments_energy_transfer/level2_fast1sigma_20260918/u5/tr_9237.csv --particles=100 --particles-boxes=50,50 --particle-radius=0.5 --l0=39.25 --height=10 --num-walls=1 --wall-positions=39.25 --wall-mass-factors=1000000000 --piston-right-protocol-mode=step --velocity-right-piston-step=5 --max-right-piston-travel=0.75 --auto-piston-step --wall-hold-steps=12000 --steps=12500 --fixed-dt=0.4 --energy-measurement --eff-output=wall-ke --kbt1 --seed=9237",9237
2026-09-18 12:52:26,energy_transfer,edmd,12500,12000,0.0166666669,39.25,10,100,0.5,nan,0.100050721,0.100050721,1,39.25,1e+09,50;50,1,0.0416666667,1,1,0.00999999978,100,1000,nan,39.25,1,step,77.75,-5,step,0.75,5,nan,nan,5,nan,nan,2.82534068e-16,3.65753749e-07,1.29454742e+09,-1.29454742e+09,-3.65753749e-07,0,1.5941562e-07,1.5941562e-07,564235037,20,0.216659546,/Users/chrisharing/Desktop/CCS_complex_coupled_systems/Repo/HardDisks/hspist3/experiments_energy_transfer/level2_fast1sigma_20260918/u5/tr_9239.csv,14.6499939,14.4333344,0,"./00ALLINONE_ramp --mode=edmd --experiment=energy_transfer --headless --quiet --edmd-acc=0 --seed-drift-order=drift-first --energy-transfer-summary=experiments_energy_transfer/level2_fast1sigma_20260918/u5/summary.csv --energy-transfer-trace=experiments_energy_transfer/level2_fast1sigma_20260918/u5/tr_9239.csv --particles=100 --particles-boxes=50,50 --particle-radius=0.5 --l0=39.25 --height=10 --num-walls=1 --wall-positions=39.25 --wall-mass-factors=1000000000 --piston-right-protocol-mode=step --velocity-right-piston-step=5 --max-right-piston-travel=0.75 --auto-piston-step --wall-hold-steps=12000 --steps=12500 --fixed-dt=0.4 --energy-measurement --eff-output=wall-ke --kbt1 --seed=9239",9239
2026-09-18 12:52:26,energy_transfer,edmd,12500,12000,0.0166666669,39.25,10,100,0.5,nan,0.100050721,0.100050721,1,39.25,1e+09,50;50,1,0.0416666667,1,1,0.00999999978,100,1000,nan,39.25,1,step,77.75,-5,step,0.75,5,nan,nan,5,nan,nan,46.6499754,4.24319733e-05,9.095819e-07,0.99999909,46.649933,0,5.79339542e-07,5.79339542e-07,1.24188606e-08,20,0.216659546,/Users/chrisharing/Desktop/CCS_complex_coupled_systems/Repo/HardDisks/hspist3/experiments_energy_transfer/level2_fast1sigma_20260918/u5/tr_9238.csv,19.6499939,19.4333344,1,"./00ALLINONE_ramp --mode=edmd --experiment=energy_transfer --headless --quiet --edmd-acc=0 --seed-drift-order=drift-first --energy-transfer-summary=experiments_energy_transfer/level2_fast1sigma_20260918/u5/summary.csv --energy-transfer-trace=experiments_energy_transfer/level2_fast1sigma_20260918/u5/tr_9238.csv --particles=100 --particles-boxes=50,50 --particle-radius=0.5 --l0=39.25 --height=10 --num-walls=1 --wall-positions=39.25 --wall-mass-factors=1000000000 --piston-right-protocol-mode=step --velocity-right-piston-step=5 --max-right-piston-travel=0.75 --auto-piston-step --wall-hold-steps=12000 --steps=12500 --fixed-dt=0.4 --energy-measurement --eff-output=wall-ke --kbt1 --seed=9238",9238
2026-09-18 12:52:26,energy_transfer,edmd,12500,12000,0.0166666669,39.25,10,100,0.5,nan,0.100050721,0.100050721,1,39.25,1e+09,50;50,1,0.0416666667,1,1,0.00999999978,100,1000,nan,39.25,1,step,77.75,-5,step,0.75,5,nan,nan,5,nan,nan,102.235495,0.000267201802,2.61359133e-06,0.999997386,102.235227,6.28725561e-09,3.49354855e-06,3.48726129e-06,3.41100839e-08,20,0.216659546,/Users/chrisharing/Desktop/CCS_complex_coupled_systems/Repo/HardDisks/hspist3/experiments_energy_transfer/level2_fast1sigma_20260918/u5/tr_9236.csv,17.4499969,17.2333374,0,"./00ALLINONE_ramp --mode=edmd --experiment=energy_transfer --headless --quiet --edmd-acc=0 --seed-drift-order=drift-first --energy-transfer-summary=experiments_energy_transfer/level2_fast1sigma_20260918/u5/summary.csv --energy-transfer-trace=experiments_energy_transfer/level2_fast1sigma_20260918/u5/tr_9236.csv --particles=100 --particles-boxes=50,50 --particle-radius=0.5 --l0=39.25 --height=10 --num-walls=1 --wall-positions=39.25 --wall-mass-factors=1000000000 --piston-right-protocol-mode=step --velocity-right-piston-step=5 --max-right-piston-travel=0.75 --auto-piston-step --wall-hold-steps=12000 --steps=12500 --fixed-dt=0.4 --energy-measurement --eff-output=wall-ke --kbt1 --seed=9236",9236
2026-09-18 12:52:26,energy_transfer,edmd,12500,12000,0.0166666669,39.25,10,100,0.5,nan,0.100050721,0.100050721,1,39.25,1e+09,50;50,1,0.0416666667,1,1,0.00999999978,100,1000,nan,39.25,1,step,77.75,-5,step,0.75,5,nan,nan,5,nan,nan,64.8706574,0.00011014683,1.69794533e-06,0.999998302,64.8705473,0,1.15412206e-06,1.15412206e-06,1.77911263e-08,20,0.216659546,/Users/chrisharing/Desktop/CCS_complex_coupled_systems/Repo/HardDisks/hspist3/experiments_energy_transfer/level2_fast1sigma_20260918/u5/tr_9241.csv,19.4833221,19.2666626,1,"./00ALLINONE_ramp --mode=edmd --experiment=energy_transfer --headless --quiet --edmd-acc=0 --seed-drift-order=drift-first --energy-transfer-summary=experiments_energy_transfer/level2_fast1sigma_20260918/u5/summary.csv --energy-transfer-trace=experiments_energy_transfer/level2_fast1sigma_20260918/u5/tr_9241.csv --particles=100 --particles-boxes=50,50 --particle-radius=0.5 --l0=39.25 --height=10 --num-walls=1 --wall-positions=39.25 --wall-mass-factors=1000000000 --piston-right-protocol-mode=step --velocity-right-piston-step=5 --max-right-piston-travel=0.75 --auto-piston-step --wall-hold-steps=12000 --steps=12500 --fixed-dt=0.4 --energy-measurement --eff-output=wall-ke --kbt1 --seed=9241",9241
2026-09-18 12:52:26,energy_transfer,edmd,12500,12000,0.0166666669,39.25,10,100,0.5,nan,0.100050721,0.100050721,1,39.25,1e+09,50;50,1,0.0416666667,1,1,0.00999999978,100,1000,nan,39.25,1,step,77.75,-5,step,0.75,5,nan,nan,5,nan,nan,9.96015798e-16,1.17818288e-07,118289578,-118289577,-1.17818287e-07,0,6.89065871e-08,6.89065871e-08,69182223,20,0.216659546,/Users/chrisharing/Desktop/CCS_complex_coupled_systems/Repo/HardDisks/hspist3/experiments_energy_transfer/level2_fast1sigma_20260918/u5/tr_9245.csv,4.18331909,3.96665955,0,"./00ALLINONE_ramp --mode=edmd --experiment=energy_transfer --headless --quiet --edmd-acc=0 --seed-drift-order=drift-first --energy-transfer-summary=experiments_energy_transfer/level2_fast1sigma_20260918/u5/summary.csv --energy-transfer-trace=experiments_energy_transfer/level2_fast1sigma_20260918/u5/tr_9245.csv --particles=100 --particles-boxes=50,50 --particle-radius=0.5 --l0=39.25 --height=10 --num-walls=1 --wall-positions=39.25 --wall-mass-factors=1000000000 --piston-right-protocol-mode=step --velocity-right-piston-step=5 --max-right-piston-travel=0.75 --auto-piston-step --wall-hold-steps=12000 --steps=12500 --fixed-dt=0.4 --energy-measurement --eff-output=wall-ke --kbt1 --seed=9245",9245
2026-09-18 12:52:26,energy_transfer,edmd,12500,12000,0.0166666669,39.25,10,100,0.5,nan,0.100050721,0.100050721,1,39.25,1e+09,50;50,1,0.0416666667,1,1,0.00999999978,100,1000,nan,39.25,1,step,77.75,-5,step,0.75,5,nan,nan,5,nan,nan,40.7631923,5.45011608e-05,1.33701895e-06,0.999998663,40.7631378,0,1.16358876e-06,1.16358876e-06,2.85450844e-08,20,0.216659546,/Users/chrisharing/Desktop/CCS_complex_coupled_systems/Repo/HardDisks/hspist3/experiments_energy_transfer/level2_fast1sigma_20260918/u5/tr_9242.csv,19.3666534,19.1499939,1,"./00ALLINONE_ramp --mode=edmd --experiment=energy_transfer --headless --quiet --edmd-acc=0 --seed-drift-order=drift-first --energy-transfer-summary=experiments_energy_transfer/level2_fast1sigma_20260918/u5/summary.csv --energy-transfer-trace=experiments_energy_transfer/level2_fast1sigma_20260918/u5/tr_9242.csv --particles=100 --particles-boxes=50,50 --particle-radius=0.5 --l0=39.25 --height=10 --num-walls=1 --wall-positions=39.25 --wall-mass-factors=1000000000 --piston-right-protocol-mode=step --velocity-right-piston-step=5 --max-right-piston-travel=0.75 --auto-piston-step --wall-hold-steps=12000 --steps=12500 --fixed-dt=0.4 --energy-measurement --eff-output=wall-ke --kbt1 --seed=9242",9242
2026-09-18 12:52:26,energy_transfer,edmd,12500,12000,0.0166666669,39.25,10,100,0.5,nan,0.100050721,0.100050721,1,39.25,1e+09,50;50,1,0.0416666667,1,1,0.00999999978,100,1000,nan,39.25,1,step,77.75,-5,step,0.75,5,nan,nan,5,nan,nan,116.660571,0.000359607453,3.08251065e-06,0.999996917,116.660212,1.3318866e-08,2.26992324e-06,2.25660438e-06,1.93433339e-08,20,0.216659546,/Users/chrisharing/Desktop/CCS_complex_coupled_systems/Repo/HardDisks/hspist3/experiments_energy_transfer/level2_fast1sigma_20260918/u5/tr_9240.csv,19.2666626,19.0500031,1,"./00ALLINONE_ramp --mode=edmd --experiment=energy_transfer --headless --quiet --edmd-acc=0 --seed-drift-order=drift-first --energy-transfer-summary=experiments_energy_transfer/level2_fast1sigma_20260918/u5/summary.csv --energy-transfer-trace=experiments_energy_transfer/level2_fast1sigma_20260918/u5/tr_9240.csv --particles=100 --particles-boxes=50,50 --particle-radius=0.5 --l0=39.25 --height=10 --num-walls=1 --wall-positions=39.25 --wall-mass-factors=1000000000 --piston-right-protocol-mode=step --velocity-right-piston-step=5 --max-right-piston-travel=0.75 --auto-piston-step --wall-hold-steps=12000 --steps=12500 --fixed-dt=0.4 --energy-measurement --eff-output=wall-ke --kbt1 --seed=9240",9240
2026-09-18 12:52:26,energy_transfer,edmd,12500,12000,0.0166666669,39.25,10,100,0.5,nan,0.100050721,0.100050721,1,39.25,1e+09,50;50,1,0.0416666667,1,1,0.00999999978,100,1000,nan,39.25,1,step,77.75,-5,step,0.75,5,nan,nan,5,nan,nan,56.5476012,8.31596481e-05,1.47061319e-06,0.999998529,56.5475181,0,7.36105051e-07,7.36105051e-07,1.30174408e-08,20,0.216659546,/Users/chrisharing/Desktop/CCS_complex_coupled_systems/Repo/HardDisks/hspist3/experiments_energy_transfer/level2_fast1sigma_20260918/u5/tr_9244.csv,17.6999969,17.4833374,0,"./00ALLINONE_ramp --mode=edmd --experiment=energy_transfer --headless --quiet --edmd-acc=0 --seed-drift-order=drift-first --energy-transfer-summary=experiments_energy_transfer/level2_fast1sigma_20260918/u5/summary.csv --energy-transfer-trace=experiments_energy_transfer/level2_fast1sigma_20260918/u5/tr_9244.csv --particles=100 --particles-boxes=50,50 --particle-radius=0.5 --l0=39.25 --height=10 --num-walls=1 --wall-positions=39.25 --wall-mass-factors=1000000000 --piston-right-protocol-mode=step --velocity-right-piston-step=5 --max-right-piston-travel=0.75 --auto-piston-step --wall-hold-steps=12000 --steps=12500 --fixed-dt=0.4 --energy-measurement --eff-output=wall-ke --kbt1 --seed=9244",9244
2026-09-18 12:52:26,energy_transfer,edmd,12500,12000,0.0166666669,39.25,10,100,0.5,nan,0.100050721,0.100050721,1,39.25,1e+09,50;50,1,0.0416666667,1,1,0.00999999978,100,1000,nan,39.25,1,step,77.75,-5,step,0.75,5,nan,nan,5,nan,nan,145.706565,0.000544656708,3.73803821e-06,0.999996262,145.70602,0,6.13841212e-06,6.13841212e-06,4.21285898e-08,20,0.216659546,/Users/chrisharing/Desktop/CCS_complex_coupled_systems/Repo/HardDisks/hspist3/experiments_energy_transfer/level2_fast1sigma_20260918/u5/tr_9243.csv,19.6333313,19.4166718,1,"./00ALLINONE_ramp --mode=edmd --experiment=energy_transfer --headless --quiet --edmd-acc=0 --seed-drift-order=drift-first --energy-transfer-summary=experiments_energy_transfer/level2_fast1sigma_20260918/u5/summary.csv --energy-transfer-trace=experiments_energy_transfer/level2_fast1sigma_20260918/u5/tr_9243.csv --particles=100 --particles-boxes=50,50 --particle-radius=0.5 --l0=39.25 --height=10 --num-walls=1 --wall-positions=39.25 --wall-mass-factors=1000000000 --piston-right-protocol-mode=step --velocity-right-piston-step=5 --max-right-piston-travel=0.75 --auto-piston-step --wall-hold-steps=12000 --steps=12500 --fixed-dt=0.4 --energy-measurement --eff-output=wall-ke --kbt1 --seed=9243",9243
2026-09-18 12:52:27,energy_transfer,edmd,12500,12000,0.0166666669,39.25,10,100,0.5,nan,0.100050721,0.100050721,1,39.25,1e+09,50;50,1,0.0416666667,1,1,0.00999999978,100,1000,nan,39.25,1,step,77.75,-5,step,0.75,5,nan,nan,5,nan,nan,3.01191638e-16,1.83435063e-07,609031060,-609031059,-1.83435062e-07,0,9.21947034e-08,9.21947034e-08,306099811,20,0.216659546,/Users/chrisharing/Desktop/CCS_complex_coupled_systems/Repo/HardDisks/hspist3/experiments_energy_transfer/level2_fast1sigma_20260918/u5/tr_9246.csv,6.98332214,6.7666626,0,"./00ALLINONE_ramp --mode=edmd --experiment=energy_transfer --headless --quiet --edmd-acc=0 --seed-drift-order=drift-first --energy-transfer-summary=experiments_energy_transfer/level2_fast1sigma_20260918/u5/summary.csv --energy-transfer-trace=experiments_energy_transfer/level2_fast1sigma_20260918/u5/tr_9246.csv --particles=100 --particles-boxes=50,50 --particle-radius=0.5 --l0=39.25 --height=10 --num-walls=1 --wall-positions=39.25 --wall-mass-factors=1000000000 --piston-right-protocol-mode=step --velocity-right-piston-step=5 --max-right-piston-travel=0.75 --auto-piston-step --wall-hold-steps=12000 --steps=12500 --fixed-dt=0.4 --energy-measurement --eff-output=wall-ke --kbt1 --seed=9246",9246
2026-09-18 12:52:27,energy_transfer,edmd,12500,12000,0.0166666669,39.25,10,100,0.5,nan,0.100050721,0.100050721,1,39.25,1e+09,50;50,1,0.0416666667,1,1,0.00999999978,100,1000,nan,39.25,1,step,77.75,-5,step,0.75,5,nan,nan,5,nan,nan,53.3680254,7.66843586e-05,1.43689706e-06,0.999998563,53.3679487,0,8.9873339e-07,8.9873339e-07,1.68402969e-08,20,0.216659546,/Users/chrisharing/Desktop/CCS_complex_coupled_systems/Repo/HardDisks/hspist3/experiments_energy_transfer/level2_fast1sigma_20260918/u5/tr_9248.csv,19.3333282,19.1166687,1,"./00ALLINONE_ramp --mode=edmd --experiment=energy_transfer --headless --quiet --edmd-acc=0 --seed-drift-order=drift-first --energy-transfer-summary=experiments_energy_transfer/level2_fast1sigma_20260918/u5/summary.csv --energy-transfer-trace=experiments_energy_transfer/level2_fast1sigma_20260918/u5/tr_9248.csv --particles=100 --particles-boxes=50,50 --particle-radius=0.5 --l0=39.25 --height=10 --num-walls=1 --wall-positions=39.25 --wall-mass-factors=1000000000 --piston-right-protocol-mode=step --velocity-right-piston-step=5 --max-right-piston-travel=0.75 --auto-piston-step --wall-hold-steps=12000 --steps=12500 --fixed-dt=0.4 --energy-measurement --eff-output=wall-ke --kbt1 --seed=9248",9248
2026-09-18 12:52:27,energy_transfer,edmd,12500,12000,0.0166666669,39.25,10,100,0.5,nan,0.100050721,0.100050721,1,39.25,1e+09,50;50,1,0.0416666667,1,1,0.00999999978,100,1000,nan,39.25,1,step,77.75,-5,step,0.75,5,nan,nan,5,nan,nan,27.5344167,2.07946214e-05,7.55222877e-07,0.999999245,27.5343959,0,3.63245732e-07,3.63245732e-07,1.31924252e-08,20,0.216659546,/Users/chrisharing/Desktop/CCS_complex_coupled_systems/Repo/HardDisks/hspist3/experiments_energy_transfer/level2_fast1sigma_20260918/u5/tr_9249.csv,18.7499847,18.5333252,1,"./00ALLINONE_ramp --mode=edmd --experiment=energy_transfer --headless --quiet --edmd-acc=0 --seed-drift-order=drift-first --energy-transfer-summary=experiments_energy_transfer/level2_fast1sigma_20260918/u5/summary.csv --energy-transfer-trace=experiments_energy_transfer/level2_fast1sigma_20260918/u5/tr_9249.csv --particles=100 --particles-boxes=50,50 --particle-radius=0.5 --l0=39.25 --height=10 --num-walls=1 --wall-positions=39.25 --wall-mass-factors=1000000000 --piston-right-protocol-mode=step --velocity-right-piston-step=5 --max-right-piston-travel=0.75 --auto-piston-step --wall-hold-steps=12000 --steps=12500 --fixed-dt=0.4 --energy-measurement --eff-output=wall-ke --kbt1 --seed=9249",9249
2026-09-18 12:52:27,energy_transfer,edmd,12500,12000,0.0166666669,39.25,10,100,0.5,nan,0.100050721,0.100050721,1,39.25,1e+09,50;50,1,0.0416666667,1,1,0.00999999978,100,1000,nan,39.25,1,step,77.75,-5,step,0.75,5,nan,nan,5,nan,nan,50.093255,6.07988331e-05,1.21371297e-06,0.999998786,50.0931942,0,6.24872598e-07,6.24872598e-07,1.24741864e-08,20,0.216659546,/Users/chrisharing/Desktop/CCS_complex_coupled_systems/Repo/HardDisks/hspist3/experiments_energy_transfer/level2_fast1sigma_20260918/u5/tr_9250.csv,14.1666565,13.9499969,0,"./00ALLINONE_ramp --mode=edmd --experiment=energy_transfer --headless --quiet --edmd-acc=0 --seed-drift-order=drift-first --energy-transfer-summary=experiments_energy_transfer/level2_fast1sigma_20260918/u5/summary.csv --energy-transfer-trace=experiments_energy_transfer/level2_fast1sigma_20260918/u5/tr_9250.csv --particles=100 --particles-boxes=50,50 --particle-radius=0.5 --l0=39.25 --height=10 --num-walls=1 --wall-positions=39.25 --wall-mass-factors=1000000000 --piston-right-protocol-mode=step --velocity-right-piston-step=5 --max-right-piston-travel=0.75 --auto-piston-step --wall-hold-steps=12000 --steps=12500 --fixed-dt=0.4 --energy-measurement --eff-output=wall-ke --kbt1 --seed=9250",9250
2026-09-18 12:52:27,energy_transfer,edmd,12500,12000,0.0166666669,39.25,10,100,0.5,nan,0.100050721,0.100050721,1,39.25,1e+09,50;50,1,0.0416666667,1,1,0.00999999978,100,1000,nan,39.25,1,step,77.75,-5,step,0.75,5,nan,nan,5,nan,nan,112.496539,0.000309435738,2.75062452e-06,0.999997249,112.496229,3.26444249e-09,3.27752309e-06,3.27425865e-06,2.91054168e-08,20,0.216659546,/Users/chrisharing/Desktop/CCS_complex_coupled_systems/Repo/HardDisks/hspist3/experiments_energy_transfer/level2_fast1sigma_20260918/u5/tr_9247.csv,19.6333313,19.4166718,1,"./00ALLINONE_ramp --mode=edmd --experiment=energy_transfer --headless --quiet --edmd-acc=0 --seed-drift-order=drift-first --energy-transfer-summary=experiments_energy_transfer/level2_fast1sigma_20260918/u5/summary.csv --energy-transfer-trace=experiments_energy_transfer/level2_fast1sigma_20260918/u5/tr_9247.csv --particles=100 --particles-boxes=50,50 --particle-radius=0.5 --l0=39.25 --height=10 --num-walls=1 --wall-positions=39.25 --wall-mass-factors=1000000000 --piston-right-protocol-mode=step --velocity-right-piston-step=5 --max-right-piston-travel=0.75 --auto-piston-step --wall-hold-steps=12000 --steps=12500 --fixed-dt=0.4 --energy-measurement --eff-output=wall-ke --kbt1 --seed=9247",9247
2026-09-18 12:52:27,energy_transfer,edmd,12500,12000,0.0166666669,39.25,10,100,0.5,nan,0.100050721,0.100050721,1,39.25,1e+09,50;50,1,0.0416666667,1,1,0.00999999978,100,1000,nan,39.25,1,step,77.75,-5,step,0.75,5,nan,nan,5,nan,nan,46.5499621,5.44510622e-05,1.16973376e-06,0.99999883,46.5499077,0,1.43903742e-06,1.43903742e-06,3.09138258e-08,20,0.216659546,/Users/chrisharing/Desktop/CCS_complex_coupled_systems/Repo/HardDisks/hspist3/experiments_energy_transfer/level2_fast1sigma_20260918/u5/tr_9251.csv,17.0499878,16.8333282,0,"./00ALLINONE_ramp --mode=edmd --experiment=energy_transfer --headless --quiet --edmd-acc=0 --seed-drift-order=drift-first --energy-transfer-summary=experiments_energy_transfer/level2_fast1sigma_20260918/u5/summary.csv --energy-transfer-trace=experiments_energy_transfer/level2_fast1sigma_20260918/u5/tr_9251.csv --particles=100 --particles-boxes=50,50 --particle-radius=0.5 --l0=39.25 --height=10 --num-walls=1 --wall-positions=39.25 --wall-mass-factors=1000000000 --piston-right-protocol-mode=step --velocity-right-piston-step=5 --max-right-piston-travel=0.75 --auto-piston-step --wall-hold-steps=12000 --steps=12500 --fixed-dt=0.4 --energy-measurement --eff-output=wall-ke --kbt1 --seed=9251",9251
2026-09-18 12:52:27,energy_transfer,edmd,12500,12000,0.0166666669,39.25,10,100,0.5,nan,0.100050721,0.100050721,1,39.25,1e+09,50;50,1,0.0416666667,1,1,0.00999999978,100,1000,nan,39.25,1,step,77.75,-5,step,0.75,5,nan,nan,5,nan,nan,59.9029432,9.37545992e-05,1.56510839e-06,0.999998435,59.9028495,0,1.60143929e-06,1.60143929e-06,2.67339e-08,20,0.216659546,/Users/chrisharing/Desktop/CCS_complex_coupled_systems/Repo/HardDisks/hspist3/experiments_energy_transfer/level2_fast1sigma_20260918/u5/tr_9252.csv,20.1666565,19.9499969,1,"./00ALLINONE_ramp --mode=edmd --experiment=energy_transfer --headless --quiet --edmd-acc=0 --seed-drift-order=drift-first --energy-transfer-summary=experiments_energy_transfer/level2_fast1sigma_20260918/u5/summary.csv --energy-transfer-trace=experiments_energy_transfer/level2_fast1sigma_20260918/u5/tr_9252.csv --particles=100 --particles-boxes=50,50 --particle-radius=0.5 --l0=39.25 --height=10 --num-walls=1 --wall-positions=39.25 --wall-mass-factors=1000000000 --piston-right-protocol-mode=step --velocity-right-piston-step=5 --max-right-piston-travel=0.75 --auto-piston-step --wall-hold-steps=12000 --steps=12500 --fixed-dt=0.4 --energy-measurement --eff-output=wall-ke --kbt1 --seed=9252",9252
2026-09-18 12:52:27,energy_transfer,edmd,12500,12000,0.0166666669,39.25,10,100,0.5,nan,0.100050721,0.100050721,1,39.25,1e+09,50;50,1,0.0416666667,1,1,0.00999999978,100,1000,nan,39.25,1,step,77.75,-5,step,0.75,5,nan,nan,5,nan,nan,5.74114194e-16,2.61149069e-07,454873040,-454873039,-2.61149068e-07,0,1.04294578e-07,1.04294578e-07,181661731,20,0.216659546,/Users/chrisharing/Desktop/CCS_complex_coupled_systems/Repo/HardDisks/hspist3/experiments_energy_transfer/level2_fast1sigma_20260918/u5/tr_9255.csv,13.6833191,13.4666595,0,"./00ALLINONE_ramp --mode=edmd --experiment=energy_transfer --headless --quiet --edmd-acc=0 --seed-drift-order=drift-first --energy-transfer-summary=experiments_energy_transfer/level2_fast1sigma_20260918/u5/summary.csv --energy-transfer-trace=experiments_energy_transfer/level2_fast1sigma_20260918/u5/tr_9255.csv --particles=100 --particles-boxes=50,50 --particle-radius=0.5 --l0=39.25 --height=10 --num-walls=1 --wall-positions=39.25 --wall-mass-factors=1000000000 --piston-right-protocol-mode=step --velocity-right-piston-step=5 --max-right-piston-travel=0.75 --auto-piston-step --wall-hold-steps=12000 --steps=12500 --fixed-dt=0.4 --energy-measurement --eff-output=wall-ke --kbt1 --seed=9255",9255
2026-09-18 12:52:27,energy_transfer,edmd,12500,12000,0.0166666669,39.25,10,100,0.5,nan,0.100050721,0.100050721,1,39.25,1e+09,50;50,1,0.0416666667,1,1,0.00999999978,100,1000,nan,39.25,1,step,77.75,-5,step,0.75,5,nan,nan,5,nan,nan,5.54045221e-17,2.44235935e-07,4.40823105e+09,-4.40823105e+09,-2.44235935e-07,0,3.73191611e-08,3.73191611e-08,673576085,20,0.216659546,/Users/chrisharing/Desktop/CCS_complex_coupled_systems/Repo/HardDisks/hspist3/experiments_energy_transfer/level2_fast1sigma_20260918/u5/tr_9256.csv,7.73332214,7.5166626,0,"./00ALLINONE_ramp --mode=edmd --experiment=energy_transfer --headless --quiet --edmd-acc=0 --seed-drift-order=drift-first --energy-transfer-summary=experiments_energy_transfer/level2_fast1sigma_20260918/u5/summary.csv --energy-transfer-trace=experiments_energy_transfer/level2_fast1sigma_20260918/u5/tr_9256.csv --particles=100 --particles-boxes=50,50 --particle-radius=0.5 --l0=39.25 --height=10 --num-walls=1 --wall-positions=39.25 --wall-mass-factors=1000000000 --piston-right-protocol-mode=step --velocity-right-piston-step=5 --max-right-piston-travel=0.75 --auto-piston-step --wall-hold-steps=12000 --steps=12500 --fixed-dt=0.4 --energy-measurement --eff-output=wall-ke --kbt1 --seed=9256",9256
2026-09-18 12:52:27,energy_transfer,edmd,12500,12000,0.0166666669,39.25,10,100,0.5,nan,0.100050721,0.100050721,1,39.25,1e+09,50;50,1,0.0416666667,1,1,0.00999999978,100,1000,nan,39.25,1,step,77.75,-5,step,0.75,5,nan,nan,5,nan,nan,5.47643216e-16,3.96644651e-07,724275659,-724275658,-3.96644651e-07,0,2.61339153e-07,2.61339153e-07,477206957,20,0.216659546,/Users/chrisharing/Desktop/CCS_complex_coupled_systems/Repo/HardDisks/hspist3/experiments_energy_transfer/level2_fast1sigma_20260918/u5/tr_9257.csv,19.0999908,18.8833313,1,"./00ALLINONE_ramp --mode=edmd --experiment=energy_transfer --headless --quiet --edmd-acc=0 --seed-drift-order=drift-first --energy-transfer-summary=experiments_energy_transfer/level2_fast1sigma_20260918/u5/summary.csv --energy-transfer-trace=experiments_energy_transfer/level2_fast1sigma_20260918/u5/tr_9257.csv --particles=100 --particles-boxes=50,50 --particle-radius=0.5 --l0=39.25 --height=10 --num-walls=1 --wall-positions=39.25 --wall-mass-factors=1000000000 --piston-right-protocol-mode=step --velocity-right-piston-step=5 --max-right-piston-travel=0.75 --auto-piston-step --wall-hold-steps=12000 --steps=12500 --fixed-dt=0.4 --energy-measurement --eff-output=wall-ke --kbt1 --seed=9257",9257
2026-09-18 12:52:27,energy_transfer,edmd,12500,12000,0.0166666669,39.25,10,100,0.5,nan,0.100050721,0.100050721,1,39.25,1e+09,50;50,1,0.0416666667,1,1,0.00999999978,100,1000,nan,39.25,1,step,77.75,-5,step,0.75,5,nan,nan,5,nan,nan,46.8590564,6.09966046e-05,1.30170365e-06,0.999998698,46.8589954,1.93588368e-09,1.47551987e-06,1.47358398e-06,3.14471544e-08,20,0.216659546,/Users/chrisharing/Desktop/CCS_complex_coupled_systems/Repo/HardDisks/hspist3/experiments_energy_transfer/level2_fast1sigma_20260918/u5/tr_9254.csv,19.1333313,18.9166718,1,"./00ALLINONE_ramp --mode=edmd --experiment=energy_transfer --headless --quiet --edmd-acc=0 --seed-drift-order=drift-first --energy-transfer-summary=experiments_energy_transfer/level2_fast1sigma_20260918/u5/summary.csv --energy-transfer-trace=experiments_energy_transfer/level2_fast1sigma_20260918/u5/tr_9254.csv --particles=100 --particles-boxes=50,50 --particle-radius=0.5 --l0=39.25 --height=10 --num-walls=1 --wall-positions=39.25 --wall-mass-factors=1000000000 --piston-right-protocol-mode=step --velocity-right-piston-step=5 --max-right-piston-travel=0.75 --auto-piston-step --wall-hold-steps=12000 --steps=12500 --fixed-dt=0.4 --energy-measurement --eff-output=wall-ke --kbt1 --seed=9254",9254
2026-09-18 12:52:27,energy_transfer,edmd,12500,12000,0.0166666669,39.25,10,100,0.5,nan,0.100050721,0.100050721,1,39.25,1e+09,50;50,1,0.0416666667,1,1,0.00999999978,100,1000,nan,39.25,1,step,77.75,-5,step,0.75,5,nan,nan,5,nan,nan,1.68247152e-15,2.82942608e-07,168170816,-168170815,-2.82942606e-07,0,6.49736123e-08,6.49736123e-08,38617956.7,20,0.216659546,/Users/chrisharing/Desktop/CCS_complex_coupled_systems/Repo/HardDisks/hspist3/experiments_energy_transfer/level2_fast1sigma_20260918/u5/tr_9259.csv,5.91665649,5.69999695,0,"./00ALLINONE_ramp --mode=edmd --experiment=energy_transfer --headless --quiet --edmd-acc=0 --seed-drift-order=drift-first --energy-transfer-summary=experiments_energy_transfer/level2_fast1sigma_20260918/u5/summary.csv --energy-transfer-trace=experiments_energy_transfer/level2_fast1sigma_20260918/u5/tr_9259.csv --particles=100 --particles-boxes=50,50 --particle-radius=0.5 --l0=39.25 --height=10 --num-walls=1 --wall-positions=39.25 --wall-mass-factors=1000000000 --piston-right-protocol-mode=step --velocity-right-piston-step=5 --max-right-piston-travel=0.75 --auto-piston-step --wall-hold-steps=12000 --steps=12500 --fixed-dt=0.4 --energy-measurement --eff-output=wall-ke --kbt1 --seed=9259",9259
2026-09-18 12:52:27,energy_transfer,edmd,12500,12000,0.0166666669,39.25,10,100,0.5,nan,0.100050721,0.100050721,1,39.25,1e+09,50;50,1,0.0416666667,1,1,0.00999999978,100,1000,nan,39.25,1,step,77.75,-5,step,0.75,5,nan,nan,5,nan,nan,42.8402434,5.67172101e-05,1.32392362e-06,0.999998676,42.8401867,0,1.19550225e-06,1.19550225e-06,2.79060564e-08,20,0.216659546,/Users/chrisharing/Desktop/CCS_complex_coupled_systems/Repo/HardDisks/hspist3/experiments_energy_transfer/level2_fast1sigma_20260918/u5/tr_9258.csv,16.7166595,16.5,0,"./00ALLINONE_ramp --mode=edmd --experiment=energy_transfer --headless --quiet --edmd-acc=0 --seed-drift-order=drift-first --energy-transfer-summary=experiments_energy_transfer/level2_fast1sigma_20260918/u5/summary.csv --energy-transfer-trace=experiments_energy_transfer/level2_fast1sigma_20260918/u5/tr_9258.csv --particles=100 --particles-boxes=50,50 --particle-radius=0.5 --l0=39.25 --height=10 --num-walls=1 --wall-positions=39.25 --wall-mass-factors=1000000000 --piston-right-protocol-mode=step --velocity-right-piston-step=5 --max-right-piston-travel=0.75 --auto-piston-step --wall-hold-steps=12000 --steps=12500 --fixed-dt=0.4 --energy-measurement --eff-output=wall-ke --kbt1 --seed=9258",9258
2026-09-18 12:52:27,energy_transfer,edmd,12500,12000,0.0166666669,39.25,10,100,0.5,nan,0.100050721,0.100050721,1,39.25,1e+09,50;50,1,0.0416666667,1,1,0.00999999978,100,1000,nan,39.25,1,step,77.75,-5,step,0.75,5,nan,nan,5,nan,nan,160.732277,0.00069468189,4.32198127e-06,0.999995678,160.731582,0,7.84705662e-06,7.84705662e-06,4.88206649e-08,20,0.216659546,/Users/chrisharing/Desktop/CCS_complex_coupled_systems/Repo/HardDisks/hspist3/experiments_energy_transfer/level2_fast1sigma_20260918/u5/tr_9253.csv,18.6166534,18.3999939,1,"./00ALLINONE_ramp --mode=edmd --experiment=energy_transfer --headless --quiet --edmd-acc=0 --seed-drift-order=drift-first --energy-transfer-summary=experiments_energy_transfer/level2_fast1sigma_20260918/u5/summary.csv --energy-transfer-trace=experiments_energy_transfer/level2_fast1sigma_20260918/u5/tr_9253.csv --particles=100 --particles-boxes=50,50 --particle-radius=0.5 --l0=39.25 --height=10 --num-walls=1 --wall-positions=39.25 --wall-mass-factors=1000000000 --piston-right-protocol-mode=step --velocity-right-piston-step=5 --max-right-piston-travel=0.75 --auto-piston-step --wall-hold-steps=12000 --steps=12500 --fixed-dt=0.4 --energy-measurement --eff-output=wall-ke --kbt1 --seed=9253",9253
2026-09-18 12:52:27,energy_transfer,edmd,12500,12000,0.0166666669,39.25,10,100,0.5,nan,0.100050721,0.100050721,1,39.25,1e+09,50;50,1,0.0416666667,1,1,0.00999999978,100,1000,nan,39.25,1,step,77.75,-5,step,0.75,5,nan,nan,5,nan,nan,46.356393,5.18178422e-05,1.11781437e-06,0.999998882,46.3563412,0,6.54670544e-07,6.54670544e-07,1.41225514e-08,20,0.216659546,/Users/chrisharing/Desktop/CCS_complex_coupled_systems/Repo/HardDisks/hspist3/experiments_energy_transfer/level2_fast1sigma_20260918/u5/tr_9260.csv,19.3833313,19.1666718,1,"./00ALLINONE_ramp --mode=edmd --experiment=energy_transfer --headless --quiet --edmd-acc=0 --seed-drift-order=drift-first --energy-transfer-summary=experiments_energy_transfer/level2_fast1sigma_20260918/u5/summary.csv --energy-transfer-trace=experiments_energy_transfer/level2_fast1sigma_20260918/u5/tr_9260.csv --particles=100 --particles-boxes=50,50 --particle-radius=0.5 --l0=39.25 --height=10 --num-walls=1 --wall-positions=39.25 --wall-mass-factors=1000000000 --piston-right-protocol-mode=step --velocity-right-piston-step=5 --max-right-piston-travel=0.75 --auto-piston-step --wall-hold-steps=12000 --steps=12500 --fixed-dt=0.4 --energy-measurement --eff-output=wall-ke --kbt1 --seed=9260",9260
2026-09-18 12:52:27,energy_transfer,edmd,12500,12000,0.0166666669,39.25,10,100,0.5,nan,0.100050721,0.100050721,1,39.25,1e+09,50;50,1,0.0416666667,1,1,0.00999999978,100,1000,nan,39.25,1,step,77.75,-5,step,0.75,5,nan,nan,5,nan,nan,7.32799784e-16,6.83534154e-07,932770681,-932770680,-6.83534153e-07,0,4.52354136e-08,4.52354136e-08,61729567.4,20,0.216659546,/Users/chrisharing/Desktop/CCS_complex_coupled_systems/Repo/HardDisks/hspist3/experiments_energy_transfer/level2_fast1sigma_20260918/u5/tr_9262.csv,20.1499939,19.9333344,1,"./00ALLINONE_ramp --mode=edmd --experiment=energy_transfer --headless --quiet --edmd-acc=0 --seed-drift-order=drift-first --energy-transfer-summary=experiments_energy_transfer/level2_fast1sigma_20260918/u5/summary.csv --energy-transfer-trace=experiments_energy_transfer/level2_fast1sigma_20260918/u5/tr_9262.csv --particles=100 --particles-boxes=50,50 --particle-radius=0.5 --l0=39.25 --height=10 --num-walls=1 --wall-positions=39.25 --wall-mass-factors=1000000000 --piston-right-protocol-mode=step --velocity-right-piston-step=5 --max-right-piston-travel=0.75 --auto-piston-step --wall-hold-steps=12000 --steps=12500 --fixed-dt=0.4 --energy-measurement --eff-output=wall-ke --kbt1 --seed=9262",9262
2026-09-18 12:52:27,energy_transfer,edmd,12500,12000,0.0166666669,39.25,10,100,0.5,nan,0.100050721,0.100050721,1,39.25,1e+09,50;50,1,0.0416666667,1,1,0.00999999978,100,1000,nan,39.25,1,step,77.75,-5,step,0.75,5,nan,nan,5,nan,nan,66.9578301,0.000112417671,1.6789324e-06,0.999998321,66.9577177,9.14666742e-09,5.74627791e-07,5.65481123e-07,8.44533227e-09,20,0.216659546,/Users/chrisharing/Desktop/CCS_complex_coupled_systems/Repo/HardDisks/hspist3/experiments_energy_transfer/level2_fast1sigma_20260918/u5/tr_9261.csv,15.5166626,15.3000031,0,"./00ALLINONE_ramp --mode=edmd --experiment=energy_transfer --headless --quiet --edmd-acc=0 --seed-drift-order=drift-first --energy-transfer-summary=experiments_energy_transfer/level2_fast1sigma_20260918/u5/summary.csv --energy-transfer-trace=experiments_energy_transfer/level2_fast1sigma_20260918/u5/tr_9261.csv --particles=100 --particles-boxes=50,50 --particle-radius=0.5 --l0=39.25 --height=10 --num-walls=1 --wall-positions=39.25 --wall-mass-factors=1000000000 --piston-right-protocol-mode=step --velocity-right-piston-step=5 --max-right-piston-travel=0.75 --auto-piston-step --wall-hold-steps=12000 --steps=12500 --fixed-dt=0.4 --energy-measurement --eff-output=wall-ke --kbt1 --seed=9261",9261
2026-09-18 12:52:27,energy_transfer,edmd,12500,12000,0.0166666669,39.25,10,100,0.5,nan,0.100050721,0.100050721,1,39.25,1e+09,50;50,1,0.0416666667,1,1,0.00999999978,100,1000,nan,39.25,1,step,77.75,-5,step,0.75,5,nan,nan,5,nan,nan,41.3795402,3.98372977e-05,9.62729346e-07,0.999999037,41.3795004,0,1.99550129e-07,1.99550129e-07,4.82243467e-09,20,0.216659546,/Users/chrisharing/Desktop/CCS_complex_coupled_systems/Repo/HardDisks/hspist3/experiments_energy_transfer/level2_fast1sigma_20260918/u5/tr_9264.csv,14.8999939,14.6833344,0,"./00ALLINONE_ramp --mode=edmd --experiment=energy_transfer --headless --quiet --edmd-acc=0 --seed-drift-order=drift-first --energy-transfer-summary=experiments_energy_transfer/level2_fast1sigma_20260918/u5/summary.csv --energy-transfer-trace=experiments_energy_transfer/level2_fast1sigma_20260918/u5/tr_9264.csv --particles=100 --particles-boxes=50,50 --particle-radius=0.5 --l0=39.25 --height=10 --num-walls=1 --wall-positions=39.25 --wall-mass-factors=1000000000 --piston-right-protocol-mode=step --velocity-right-piston-step=5 --max-right-piston-travel=0.75 --auto-piston-step --wall-hold-steps=12000 --steps=12500 --fixed-dt=0.4 --energy-measurement --eff-output=wall-ke --kbt1 --seed=9264",9264
2026-09-18 12:52:27,energy_transfer,edmd,12500,12000,0.0166666669,39.25,10,100,0.5,nan,0.100050721,0.100050721,1,39.25,1e+09,50;50,1,0.0416666667,1,1,0.00999999978,100,1000,nan,39.25,1,step,77.75,-5,step,0.75,5,nan,nan,5,nan,nan,112.967014,0.000317754311,2.81280615e-06,0.999997187,112.966696,3.11273451e-09,3.43434999e-06,3.43123726e-06,3.0373798e-08,20,0.216659546,/Users/chrisharing/Desktop/CCS_complex_coupled_systems/Repo/HardDisks/hspist3/experiments_energy_transfer/level2_fast1sigma_20260918/u5/tr_9263.csv,18.6833191,18.4666595,1,"./00ALLINONE_ramp --mode=edmd --experiment=energy_transfer --headless --quiet --edmd-acc=0 --seed-drift-order=drift-first --energy-transfer-summary=experiments_energy_transfer/level2_fast1sigma_20260918/u5/summary.csv --energy-transfer-trace=experiments_energy_transfer/level2_fast1sigma_20260918/u5/tr_9263.csv --particles=100 --particles-boxes=50,50 --particle-radius=0.5 --l0=39.25 --height=10 --num-walls=1 --wall-positions=39.25 --wall-mass-factors=1000000000 --piston-right-protocol-mode=step --velocity-right-piston-step=5 --max-right-piston-travel=0.75 --auto-piston-step --wall-hold-steps=12000 --steps=12500 --fixed-dt=0.4 --energy-measurement --eff-output=wall-ke --kbt1 --seed=9263",9263
2026-09-18 12:52:27,energy_transfer,edmd,12500,12000,0.0166666669,39.25,10,100,0.5,nan,0.100050721,0.100050721,1,39.25,1e+09,50;50,1,0.0416666667,1,1,0.00999999978,100,1000,nan,39.25,1,step,77.75,-5,step,0.75,5,nan,nan,5,nan,nan,1.32558095e-15,2.41133307e-07,181907643,-181907642,-2.41133306e-07,0,7.36955812e-08,7.36955812e-08,55594930.7,20,0.216659546,/Users/chrisharing/Desktop/CCS_complex_coupled_systems/Repo/HardDisks/hspist3/experiments_energy_transfer/level2_fast1sigma_20260918/u5/tr_9270.csv,13.6499939,13.4333344,0,"./00ALLINONE_ramp --mode=edmd --experiment=energy_transfer --headless --quiet --edmd-acc=0 --seed-drift-order=drift-first --energy-transfer-summary=experiments_energy_transfer/level2_fast1sigma_20260918/u5/summary.csv --energy-transfer-trace=experiments_energy_transfer/level2_fast1sigma_20260918/u5/tr_9270.csv --particles=100 --particles-boxes=50,50 --particle-radius=0.5 --l0=39.25 --height=10 --num-walls=1 --wall-positions=39.25 --wall-mass-factors=1000000000 --piston-right-protocol-mode=step --velocity-right-piston-step=5 --max-right-piston-travel=0.75 --auto-piston-step --wall-hold-steps=12000 --steps=12500 --fixed-dt=0.4 --energy-measurement --eff-output=wall-ke --kbt1 --seed=9270",9270
2026-09-18 12:52:27,energy_transfer,edmd,12500,12000,0.0166666669,39.25,10,100,0.5,nan,0.100050721,0.100050721,1,39.25,1e+09,50;50,1,0.0416666667,1,1,0.00999999978,100,1000,nan,39.25,1,step,77.75,-5,step,0.75,5,nan,nan,5,nan,nan,40.1461796,4.82630567e-05,1.20218305e-06,0.999998798,40.1461313,0,7.4479459e-07,7.4479459e-07,1.85520664e-08,20,0.216659546,/Users/chrisharing/Desktop/CCS_complex_coupled_systems/Repo/HardDisks/hspist3/experiments_energy_transfer/level2_fast1sigma_20260918/u5/tr_9267.csv,18.7333221,18.5166626,1,"./00ALLINONE_ramp --mode=edmd --experiment=energy_transfer --headless --quiet --edmd-acc=0 --seed-drift-order=drift-first --energy-transfer-summary=experiments_energy_transfer/level2_fast1sigma_20260918/u5/summary.csv --energy-transfer-trace=experiments_energy_transfer/level2_fast1sigma_20260918/u5/tr_9267.csv --particles=100 --particles-boxes=50,50 --particle-radius=0.5 --l0=39.25 --height=10 --num-walls=1 --wall-positions=39.25 --wall-mass-factors=1000000000 --piston-right-protocol-mode=step --velocity-right-piston-step=5 --max-right-piston-travel=0.75 --auto-piston-step --wall-hold-steps=12000 --steps=12500 --fixed-dt=0.4 --energy-measurement --eff-output=wall-ke --kbt1 --seed=9267",9267
2026-09-18 12:52:27,energy_transfer,edmd,12500,12000,0.0166666669,39.25,10,100,0.5,nan,0.100050721,0.100050721,1,39.25,1e+09,50;50,1,0.0416666667,1,1,0.00999999978,100,1000,nan,39.25,1,step,77.75,-5,step,0.75,5,nan,nan,5,nan,nan,97.0555271,0.000246008683,2.53472101e-06,0.999997465,97.0552811,0,4.78341917e-06,4.78341917e-06,4.92853866e-08,20,0.216659546,/Users/chrisharing/Desktop/CCS_complex_coupled_systems/Repo/HardDisks/hspist3/experiments_energy_transfer/level2_fast1sigma_20260918/u5/tr_9265.csv,19.5666656,19.3500061,1,"./00ALLINONE_ramp --mode=edmd --experiment=energy_transfer --headless --quiet --edmd-acc=0 --seed-drift-order=drift-first --energy-transfer-summary=experiments_energy_transfer/level2_fast1sigma_20260918/u5/summary.csv --energy-transfer-trace=experiments_energy_transfer/level2_fast1sigma_20260918/u5/tr_9265.csv --particles=100 --particles-boxes=50,50 --particle-radius=0.5 --l0=39.25 --height=10 --num-walls=1 --wall-positions=39.25 --wall-mass-factors=1000000000 --piston-right-protocol-mode=step --velocity-right-piston-step=5 --max-right-piston-travel=0.75 --auto-piston-step --wall-hold-steps=12000 --steps=12500 --fixed-dt=0.4 --energy-measurement --eff-output=wall-ke --kbt1 --seed=9265",9265
2026-09-18 12:52:27,energy_transfer,edmd,12500,12000,0.0166666669,39.25,10,100,0.5,nan,0.100050721,0.100050721,1,39.25,1e+09,50;50,1,0.0416666667,1,1,0.00999999978,100,1000,nan,39.25,1,step,77.75,-5,step,0.75,5,nan,nan,5,nan,nan,45.0678674,4.91780738e-05,1.09120037e-06,0.999998909,45.0678182,0,7.3142121e-07,7.3142121e-07,1.62293282e-08,20,0.216659546,/Users/chrisharing/Desktop/CCS_complex_coupled_systems/Repo/HardDisks/hspist3/experiments_energy_transfer/level2_fast1sigma_20260918/u5/tr_9268.csv,11.1499939,10.9333344,0,"./00ALLINONE_ramp --mode=edmd --experiment=energy_transfer --headless --quiet --edmd-acc=0 --seed-drift-order=drift-first --energy-transfer-summary=experiments_energy_transfer/level2_fast1sigma_20260918/u5/summary.csv --energy-transfer-trace=experiments_energy_transfer/level2_fast1sigma_20260918/u5/tr_9268.csv --particles=100 --particles-boxes=50,50 --particle-radius=0.5 --l0=39.25 --height=10 --num-walls=1 --wall-positions=39.25 --wall-mass-factors=1000000000 --piston-right-protocol-mode=step --velocity-right-piston-step=5 --max-right-piston-travel=0.75 --auto-piston-step --wall-hold-steps=12000 --steps=12500 --fixed-dt=0.4 --energy-measurement --eff-output=wall-ke --kbt1 --seed=9268",9268
2026-09-18 12:52:27,energy_transfer,edmd,12500,12000,0.0166666669,39.25,10,100,0.5,nan,0.100050721,0.100050721,1,39.25,1e+09,50;50,1,0.0416666667,1,1,0.00999999978,100,1000,nan,39.25,1,step,77.75,-5,step,0.75,5,nan,nan,5,nan,nan,156.323851,0.000587175484,3.75614778e-06,0.999996244,156.323263,0,5.39285884e-06,5.39285884e-06,3.44979913e-08,20,0.216659546,/Users/chrisharing/Desktop/CCS_complex_coupled_systems/Repo/HardDisks/hspist3/experiments_energy_transfer/level2_fast1sigma_20260918/u5/tr_9266.csv,18.8333282,18.6166687,1,"./00ALLINONE_ramp --mode=edmd --experiment=energy_transfer --headless --quiet --edmd-acc=0 --seed-drift-order=drift-first --energy-transfer-summary=experiments_energy_transfer/level2_fast1sigma_20260918/u5/summary.csv --energy-transfer-trace=experiments_energy_transfer/level2_fast1sigma_20260918/u5/tr_9266.csv --particles=100 --particles-boxes=50,50 --particle-radius=0.5 --l0=39.25 --height=10 --num-walls=1 --wall-positions=39.25 --wall-mass-factors=1000000000 --piston-right-protocol-mode=step --velocity-right-piston-step=5 --max-right-piston-travel=0.75 --auto-piston-step --wall-hold-steps=12000 --steps=12500 --fixed-dt=0.4 --energy-measurement --eff-output=wall-ke --kbt1 --seed=9266",9266
2026-09-18 12:52:27,energy_transfer,edmd,12500,12000,0.0166666669,39.25,10,100,0.5,nan,0.100050721,0.100050721,1,39.25,1e+09,50;50,1,0.0416666667,1,1,0.00999999978,100,1000,nan,39.25,1,step,77.75,-5,step,0.75,5,nan,nan,5,nan,nan,218.756774,0.00127150631,5.81242026e-06,0.999994188,218.755503,0,9.41153849e-06,9.41153849e-06,4.30228436e-08,20,0.216659546,/Users/chrisharing/Desktop/CCS_complex_coupled_systems/Repo/HardDisks/hspist3/experiments_energy_transfer/level2_fast1sigma_20260918/u5/tr_9269.csv,16.6666565,16.4499969,0,"./00ALLINONE_ramp --mode=edmd --experiment=energy_transfer --headless --quiet --edmd-acc=0 --seed-drift-order=drift-first --energy-transfer-summary=experiments_energy_transfer/level2_fast1sigma_20260918/u5/summary.csv --energy-transfer-trace=experiments_energy_transfer/level2_fast1sigma_20260918/u5/tr_9269.csv --particles=100 --particles-boxes=50,50 --particle-radius=0.5 --l0=39.25 --height=10 --num-walls=1 --wall-positions=39.25 --wall-mass-factors=1000000000 --piston-right-protocol-mode=step --velocity-right-piston-step=5 --max-right-piston-travel=0.75 --auto-piston-step --wall-hold-steps=12000 --steps=12500 --fixed-dt=0.4 --energy-measurement --eff-output=wall-ke --kbt1 --seed=9269",9269
2026-09-18 12:52:28,energy_transfer,edmd,12500,12000,0.0166666669,39.25,10,100,0.5,nan,0.100050721,0.100050721,1,39.25,1e+09,50;50,1,0.0416666667,1,1,0.00999999978,100,1000,nan,39.25,1,step,77.75,-5,step,0.75,5,nan,nan,5,nan,nan,7.29341299e-16,3.04444086e-07,417423347,-417423346,-3.04444085e-07,0,2.93517335e-08,2.93517335e-08,40244167.6,20,0.216659546,/Users/chrisharing/Desktop/CCS_complex_coupled_systems/Repo/HardDisks/hspist3/experiments_energy_transfer/level2_fast1sigma_20260918/u5/tr_9274.csv,4.19999695,3.9833374,0,"./00ALLINONE_ramp --mode=edmd --experiment=energy_transfer --headless --quiet --edmd-acc=0 --seed-drift-order=drift-first --energy-transfer-summary=experiments_energy_transfer/level2_fast1sigma_20260918/u5/summary.csv --energy-transfer-trace=experiments_energy_transfer/level2_fast1sigma_20260918/u5/tr_9274.csv --particles=100 --particles-boxes=50,50 --particle-radius=0.5 --l0=39.25 --height=10 --num-walls=1 --wall-positions=39.25 --wall-mass-factors=1000000000 --piston-right-protocol-mode=step --velocity-right-piston-step=5 --max-right-piston-travel=0.75 --auto-piston-step --wall-hold-steps=12000 --steps=12500 --fixed-dt=0.4 --energy-measurement --eff-output=wall-ke --kbt1 --seed=9274",9274
2026-09-18 12:52:28,energy_transfer,edmd,12500,12000,0.0166666669,39.25,10,100,0.5,nan,0.100050721,0.100050721,1,39.25,1e+09,50;50,1,0.0416666667,1,1,0.00999999978,100,1000,nan,39.25,1,step,77.75,-5,step,0.75,5,nan,nan,5,nan,nan,111.587304,0.000314815639,2.82124962e-06,0.999997179,111.586989,0,2.02106776e-06,2.02106776e-06,1.81119866e-08,20,0.216659546,/Users/chrisharing/Desktop/CCS_complex_coupled_systems/Repo/HardDisks/hspist3/experiments_energy_transfer/level2_fast1sigma_20260918/u5/tr_9271.csv,15.5166626,15.3000031,0,"./00ALLINONE_ramp --mode=edmd --experiment=energy_transfer --headless --quiet --edmd-acc=0 --seed-drift-order=drift-first --energy-transfer-summary=experiments_energy_transfer/level2_fast1sigma_20260918/u5/summary.csv --energy-transfer-trace=experiments_energy_transfer/level2_fast1sigma_20260918/u5/tr_9271.csv --particles=100 --particles-boxes=50,50 --particle-radius=0.5 --l0=39.25 --height=10 --num-walls=1 --wall-positions=39.25 --wall-mass-factors=1000000000 --piston-right-protocol-mode=step --velocity-right-piston-step=5 --max-right-piston-travel=0.75 --auto-piston-step --wall-hold-steps=12000 --steps=12500 --fixed-dt=0.4 --energy-measurement --eff-output=wall-ke --kbt1 --seed=9271",9271
2026-09-18 12:52:28,energy_transfer,edmd,12500,12000,0.0166666669,39.25,10,100,0.5,nan,0.100050721,0.100050721,1,39.25,1e+09,50;50,1,0.0416666667,1,1,0.00999999978,100,1000,nan,39.25,1,step,77.75,-5,step,0.75,5,nan,nan,5,nan,nan,1.4845727e-15,2.15734573e-07,145317621,-145317620,-2.15734572e-07,0,8.91950123e-08,8.91950123e-08,60081269.3,20,0.216659546,/Users/chrisharing/Desktop/CCS_complex_coupled_systems/Repo/HardDisks/hspist3/experiments_energy_transfer/level2_fast1sigma_20260918/u5/tr_9277.csv,15.1166534,14.8999939,0,"./00ALLINONE_ramp --mode=edmd --experiment=energy_transfer --headless --quiet --edmd-acc=0 --seed-drift-order=drift-first --energy-transfer-summary=experiments_energy_transfer/level2_fast1sigma_20260918/u5/summary.csv --energy-transfer-trace=experiments_energy_transfer/level2_fast1sigma_20260918/u5/tr_9277.csv --particles=100 --particles-boxes=50,50 --particle-radius=0.5 --l0=39.25 --height=10 --num-walls=1 --wall-positions=39.25 --wall-mass-factors=1000000000 --piston-right-protocol-mode=step --velocity-right-piston-step=5 --max-right-piston-travel=0.75 --auto-piston-step --wall-hold-steps=12000 --steps=12500 --fixed-dt=0.4 --energy-measurement --eff-output=wall-ke --kbt1 --seed=9277",9277
2026-09-18 12:52:28,energy_transfer,edmd,12500,12000,0.0166666669,39.25,10,100,0.5,nan,0.100050721,0.100050721,1,39.25,1e+09,50;50,1,0.0416666667,1,1,0.00999999978,100,1000,nan,39.25,1,step,77.75,-5,step,0.75,5,nan,nan,5,nan,nan,145.502864,0.000541518908,3.72170618e-06,0.999996278,145.502323,0,3.21545599e-06,3.21545599e-06,2.20989189e-08,20,0.216659546,/Users/chrisharing/Desktop/CCS_complex_coupled_systems/Repo/HardDisks/hspist3/experiments_energy_transfer/level2_fast1sigma_20260918/u5/tr_9272.csv,16.5666656,16.3500061,0,"./00ALLINONE_ramp --mode=edmd --experiment=energy_transfer --headless --quiet --edmd-acc=0 --seed-drift-order=drift-first --energy-transfer-summary=experiments_energy_transfer/level2_fast1sigma_20260918/u5/summary.csv --energy-transfer-trace=experiments_energy_transfer/level2_fast1sigma_20260918/u5/tr_9272.csv --particles=100 --particles-boxes=50,50 --particle-radius=0.5 --l0=39.25 --height=10 --num-walls=1 --wall-positions=39.25 --wall-mass-factors=1000000000 --piston-right-protocol-mode=step --velocity-right-piston-step=5 --max-right-piston-travel=0.75 --auto-piston-step --wall-hold-steps=12000 --steps=12500 --fixed-dt=0.4 --energy-measurement --eff-output=wall-ke --kbt1 --seed=9272",9272
2026-09-18 12:52:28,energy_transfer,edmd,12500,12000,0.0166666669,39.25,10,100,0.5,nan,0.100050721,0.100050721,1,39.25,1e+09,50;50,1,0.0416666667,1,1,0.00999999978,100,1000,nan,39.25,1,step,77.75,-5,step,0.75,5,nan,nan,5,nan,nan,108.035175,0.00031712107,2.93535018e-06,0.999997065,108.034858,0,6.83114104e-06,6.83114104e-06,6.3230712e-08,20,0.216659546,/Users/chrisharing/Desktop/CCS_complex_coupled_systems/Repo/HardDisks/hspist3/experiments_energy_transfer/level2_fast1sigma_20260918/u5/tr_9273.csv,18.9333191,18.7166595,1,"./00ALLINONE_ramp --mode=edmd --experiment=energy_transfer --headless --quiet --edmd-acc=0 --seed-drift-order=drift-first --energy-transfer-summary=experiments_energy_transfer/level2_fast1sigma_20260918/u5/summary.csv --energy-transfer-trace=experiments_energy_transfer/level2_fast1sigma_20260918/u5/tr_9273.csv --particles=100 --particles-boxes=50,50 --particle-radius=0.5 --l0=39.25 --height=10 --num-walls=1 --wall-positions=39.25 --wall-mass-factors=1000000000 --piston-right-protocol-mode=step --velocity-right-piston-step=5 --max-right-piston-travel=0.75 --auto-piston-step --wall-hold-steps=12000 --steps=12500 --fixed-dt=0.4 --energy-measurement --eff-output=wall-ke --kbt1 --seed=9273",9273
2026-09-18 12:52:28,energy_transfer,edmd,12500,12000,0.0166666669,39.25,10,100,0.5,nan,0.100050721,0.100050721,1,39.25,1e+09,50;50,1,0.0416666667,1,1,0.00999999978,100,1000,nan,39.25,1,step,77.75,-5,step,0.75,5,nan,nan,5,nan,nan,68.5520062,0.000121973528,1.77928458e-06,0.999998221,68.5518842,0,1.5561169e-06,1.5561169e-06,2.2699801e-08,20,0.216659546,/Users/chrisharing/Desktop/CCS_complex_coupled_systems/Repo/HardDisks/hspist3/experiments_energy_transfer/level2_fast1sigma_20260918/u5/tr_9275.csv,18.9833221,18.7666626,1,"./00ALLINONE_ramp --mode=edmd --experiment=energy_transfer --headless --quiet --edmd-acc=0 --seed-drift-order=drift-first --energy-transfer-summary=experiments_energy_transfer/level2_fast1sigma_20260918/u5/summary.csv --energy-transfer-trace=experiments_energy_transfer/level2_fast1sigma_20260918/u5/tr_9275.csv --particles=100 --particles-boxes=50,50 --particle-radius=0.5 --l0=39.25 --height=10 --num-walls=1 --wall-positions=39.25 --wall-mass-factors=1000000000 --piston-right-protocol-mode=step --velocity-right-piston-step=5 --max-right-piston-travel=0.75 --auto-piston-step --wall-hold-steps=12000 --steps=12500 --fixed-dt=0.4 --energy-measurement --eff-output=wall-ke --kbt1 --seed=9275",9275
2026-09-18 12:52:28,energy_transfer,edmd,12500,12000,0.0166666669,39.25,10,100,0.5,nan,0.100050721,0.100050721,1,39.25,1e+09,50;50,1,0.0416666667,1,1,0.00999999978,100,1000,nan,39.25,1,step,77.75,-5,step,0.75,5,nan,nan,5,nan,nan,52.1987574,7.29439635e-05,1.3974272e-06,0.999998603,52.1986844,0,1.53582573e-06,1.53582573e-06,2.94226493e-08,20,0.216659546,/Users/chrisharing/Desktop/CCS_complex_coupled_systems/Repo/HardDisks/hspist3/experiments_energy_transfer/level2_fast1sigma_20260918/u5/tr_9276.csv,19.4499969,19.2333374,1,"./00ALLINONE_ramp --mode=edmd --experiment=energy_transfer --headless --quiet --edmd-acc=0 --seed-drift-order=drift-first --energy-transfer-summary=experiments_energy_transfer/level2_fast1sigma_20260918/u5/summary.csv --energy-transfer-trace=experiments_energy_transfer/level2_fast1sigma_20260918/u5/tr_9276.csv --particles=100 --particles-boxes=50,50 --particle-radius=0.5 --l0=39.25 --height=10 --num-walls=1 --wall-positions=39.25 --wall-mass-factors=1000000000 --piston-right-protocol-mode=step --velocity-right-piston-step=5 --max-right-piston-travel=0.75 --auto-piston-step --wall-hold-steps=12000 --steps=12500 --fixed-dt=0.4 --energy-measurement --eff-output=wall-ke --kbt1 --seed=9276",9276
2026-09-18 12:52:28,energy_transfer,edmd,12500,12000,0.0166666669,39.25,10,100,0.5,nan,0.100050721,0.100050721,1,39.25,1e+09,50;50,1,0.0416666667,1,1,0.00999999978,100,1000,nan,39.25,1,step,77.75,-5,step,0.75,5,nan,nan,5,nan,nan,1.14247518e-16,1.98138636e-07,1.7342927e+09,-1.7342927e+09,-1.98138636e-07,0,1.55046862e-07,1.55046862e-07,1.35711362e+09,20,0.216659546,/Users/chrisharing/Desktop/CCS_complex_coupled_systems/Repo/HardDisks/hspist3/experiments_energy_transfer/level2_fast1sigma_20260918/u5/tr_9280.csv,20.1499939,19.9333344,1,"./00ALLINONE_ramp --mode=edmd --experiment=energy_transfer --headless --quiet --edmd-acc=0 --seed-drift-order=drift-first --energy-transfer-summary=experiments_energy_transfer/level2_fast1sigma_20260918/u5/summary.csv --energy-transfer-trace=experiments_energy_transfer/level2_fast1sigma_20260918/u5/tr_9280.csv --particles=100 --particles-boxes=50,50 --particle-radius=0.5 --l0=39.25 --height=10 --num-walls=1 --wall-positions=39.25 --wall-mass-factors=1000000000 --piston-right-protocol-mode=step --velocity-right-piston-step=5 --max-right-piston-travel=0.75 --auto-piston-step --wall-hold-steps=12000 --steps=12500 --fixed-dt=0.4 --energy-measurement --eff-output=wall-ke --kbt1 --seed=9280",9280
2026-09-18 12:52:28,energy_transfer,edmd,12500,12000,0.0166666669,39.25,10,100,0.5,nan,0.100050721,0.100050721,1,39.25,1e+09,50;50,1,0.0416666667,1,1,0.00999999978,100,1000,nan,39.25,1,step,77.75,-5,step,0.75,5,nan,nan,5,nan,nan,101.622846,0.000283749425,2.79218146e-06,0.999997208,101.622562,4.63442973e-09,4.19857133e-06,4.1939369e-06,4.12696267e-08,20,0.216659546,/Users/chrisharing/Desktop/CCS_complex_coupled_systems/Repo/HardDisks/hspist3/experiments_energy_transfer/level2_fast1sigma_20260918/u5/tr_9279.csv,18.7333221,18.5166626,1,"./00ALLINONE_ramp --mode=edmd --experiment=energy_transfer --headless --quiet --edmd-acc=0 --seed-drift-order=drift-first --energy-transfer-summary=experiments_energy_transfer/level2_fast1sigma_20260918/u5/summary.csv --energy-transfer-trace=experiments_energy_transfer/level2_fast1sigma_20260918/u5/tr_9279.csv --particles=100 --particles-boxes=50,50 --particle-radius=0.5 --l0=39.25 --height=10 --num-walls=1 --wall-positions=39.25 --wall-mass-factors=1000000000 --piston-right-protocol-mode=step --velocity-right-piston-step=5 --max-right-piston-travel=0.75 --auto-piston-step --wall-hold-steps=12000 --steps=12500 --fixed-dt=0.4 --energy-measurement --eff-output=wall-ke --kbt1 --seed=9279",9279
2026-09-18 12:52:28,energy_transfer,edmd,12500,12000,0.0166666669,39.25,10,100,0.5,nan,0.100050721,0.100050721,1,39.25,1e+09,50;50,1,0.0416666667,1,1,0.00999999978,100,1000,nan,39.25,1,step,77.75,-5,step,0.75,5,nan,nan,5,nan,nan,132.764883,0.000462783501,3.48573727e-06,0.999996514,132.76442,7.86311072e-10,5.66258905e-06,5.66180274e-06,4.26453337e-08,20,0.216659546,/Users/chrisharing/Desktop/CCS_complex_coupled_systems/Repo/HardDisks/hspist3/experiments_energy_transfer/level2_fast1sigma_20260918/u5/tr_9278.csv,19.4999847,19.2833252,1,"./00ALLINONE_ramp --mode=edmd --experiment=energy_transfer --headless --quiet --edmd-acc=0 --seed-drift-order=drift-first --energy-transfer-summary=experiments_energy_transfer/level2_fast1sigma_20260918/u5/summary.csv --energy-transfer-trace=experiments_energy_transfer/level2_fast1sigma_20260918/u5/tr_9278.csv --particles=100 --particles-boxes=50,50 --particle-radius=0.5 --l0=39.25 --height=10 --num-walls=1 --wall-positions=39.25 --wall-mass-factors=1000000000 --piston-right-protocol-mode=step --velocity-right-piston-step=5 --max-right-piston-travel=0.75 --auto-piston-step --wall-hold-steps=12000 --steps=12500 --fixed-dt=0.4 --energy-measurement --eff-output=wall-ke --kbt1 --seed=9278",9278
2026-09-18 12:52:28,energy_transfer,edmd,12500,12000,0.0166666669,39.25,10,100,0.5,nan,0.100050721,0.100050721,1,39.25,1e+09,50;50,1,0.0416666667,1,1,0.00999999978,100,1000,nan,39.25,1,step,77.75,-5,step,0.75,5,nan,nan,5,nan,nan,9.79360136e-16,2.23600239e-07,228312579,-228312578,-2.23600238e-07,0,1.13576924e-07,1.13576924e-07,115970540,20,0.216659546,/Users/chrisharing/Desktop/CCS_complex_coupled_systems/Repo/HardDisks/hspist3/experiments_energy_transfer/level2_fast1sigma_20260918/u5/tr_9283.csv,17.3666534,17.1499939,0,"./00ALLINONE_ramp --mode=edmd --experiment=energy_transfer --headless --quiet --edmd-acc=0 --seed-drift-order=drift-first --energy-transfer-summary=experiments_energy_transfer/level2_fast1sigma_20260918/u5/summary.csv --energy-transfer-trace=experiments_energy_transfer/level2_fast1sigma_20260918/u5/tr_9283.csv --particles=100 --particles-boxes=50,50 --particle-radius=0.5 --l0=39.25 --height=10 --num-walls=1 --wall-positions=39.25 --wall-mass-factors=1000000000 --piston-right-protocol-mode=step --velocity-right-piston-step=5 --max-right-piston-travel=0.75 --auto-piston-step --wall-hold-steps=12000 --steps=12500 --fixed-dt=0.4 --energy-measurement --eff-output=wall-ke --kbt1 --seed=9283",9283
2026-09-18 12:52:28,energy_transfer,edmd,12500,12000,0.0166666669,39.25,10,100,0.5,nan,0.100050721,0.100050721,1,39.25,1e+09,50;50,1,0.0416666667,1,1,0.00999999978,100,1000,nan,39.25,1,step,77.75,-5,step,0.75,5,nan,nan,5,nan,nan,1.04322418e-15,3.24282098e-07,310846032,-310846031,-3.24282097e-07,0,6.21028846e-08,6.21028846e-08,59529759.3,20,0.216659546,/Users/chrisharing/Desktop/CCS_complex_coupled_systems/Repo/HardDisks/hspist3/experiments_energy_transfer/level2_fast1sigma_20260918/u5/tr_9284.csv,10.3833313,10.1666718,0,"./00ALLINONE_ramp --mode=edmd --experiment=energy_transfer --headless --quiet --edmd-acc=0 --seed-drift-order=drift-first --energy-transfer-summary=experiments_energy_transfer/level2_fast1sigma_20260918/u5/summary.csv --energy-transfer-trace=experiments_energy_transfer/level2_fast1sigma_20260918/u5/tr_9284.csv --particles=100 --particles-boxes=50,50 --particle-radius=0.5 --l0=39.25 --height=10 --num-walls=1 --wall-positions=39.25 --wall-mass-factors=1000000000 --piston-right-protocol-mode=step --velocity-right-piston-step=5 --max-right-piston-travel=0.75 --auto-piston-step --wall-hold-steps=12000 --steps=12500 --fixed-dt=0.4 --energy-measurement --eff-output=wall-ke --kbt1 --seed=9284",9284
2026-09-18 12:52:28,energy_transfer,edmd,12500,12000,0.0166666669,39.25,10,100,0.5,nan,0.100050721,0.100050721,1,39.25,1e+09,50;50,1,0.0416666667,1,1,0.00999999978,100,1000,nan,39.25,1,step,77.75,-5,step,0.75,5,nan,nan,5,nan,nan,51.4921288,6.31780858e-05,1.22694647e-06,0.999998773,51.4920656,0,6.67501979e-07,6.67501979e-07,1.29631848e-08,20,0.216659546,/Users/chrisharing/Desktop/CCS_complex_coupled_systems/Repo/HardDisks/hspist3/experiments_energy_transfer/level2_fast1sigma_20260918/u5/tr_9282.csv,11.2999878,11.0833282,0,"./00ALLINONE_ramp --mode=edmd --experiment=energy_transfer --headless --quiet --edmd-acc=0 --seed-drift-order=drift-first --energy-transfer-summary=experiments_energy_transfer/level2_fast1sigma_20260918/u5/summary.csv --energy-transfer-trace=experiments_energy_transfer/level2_fast1sigma_20260918/u5/tr_9282.csv --particles=100 --particles-boxes=50,50 --particle-radius=0.5 --l0=39.25 --height=10 --num-walls=1 --wall-positions=39.25 --wall-mass-factors=1000000000 --piston-right-protocol-mode=step --velocity-right-piston-step=5 --max-right-piston-travel=0.75 --auto-piston-step --wall-hold-steps=12000 --steps=12500 --fixed-dt=0.4 --energy-measurement --eff-output=wall-ke --kbt1 --seed=9282",9282
2026-09-18 12:52:28,energy_transfer,edmd,12500,12000,0.0166666669,39.25,10,100,0.5,nan,0.100050721,0.100050721,1,39.25,1e+09,50;50,1,0.0416666667,1,1,0.00999999978,100,1000,nan,39.25,1,step,77.75,-5,step,0.75,5,nan,nan,5,nan,nan,87.6544307,0.000201657836,2.30060061e-06,0.999997699,87.654229,0,1.69382974e-06,1.69382974e-06,1.9323949e-08,20,0.216659546,/Users/chrisharing/Desktop/CCS_complex_coupled_systems/Repo/HardDisks/hspist3/experiments_energy_transfer/level2_fast1sigma_20260918/u5/tr_9281.csv,17.7166595,17.5,0,"./00ALLINONE_ramp --mode=edmd --experiment=energy_transfer --headless --quiet --edmd-acc=0 --seed-drift-order=drift-first --energy-transfer-summary=experiments_energy_transfer/level2_fast1sigma_20260918/u5/summary.csv --energy-transfer-trace=experiments_energy_transfer/level2_fast1sigma_20260918/u5/tr_9281.csv --particles=100 --particles-boxes=50,50 --particle-radius=0.5 --l0=39.25 --height=10 --num-walls=1 --wall-positions=39.25 --wall-mass-factors=1000000000 --piston-right-protocol-mode=step --velocity-right-piston-step=5 --max-right-piston-travel=0.75 --auto-piston-step --wall-hold-steps=12000 --steps=12500 --fixed-dt=0.4 --energy-measurement --eff-output=wall-ke --kbt1 --seed=9281",9281
2026-09-18 12:52:28,energy_transfer,edmd,12500,12000,0.0166666669,39.25,10,100,0.5,nan,0.100050721,0.100050721,1,39.25,1e+09,50;50,1,0.0416666667,1,1,0.00999999978,100,1000,nan,39.25,1,step,77.75,-5,step,0.75,5,nan,nan,5,nan,nan,8.84458821e-17,9.01879048e-07,1.01969592e+10,-1.01969592e+10,-9.01879048e-07,0,2.24816095e-08,2.24816095e-08,254184920,20,0.216659546,/Users/chrisharing/Desktop/CCS_complex_coupled_systems/Repo/HardDisks/hspist3/experiments_energy_transfer/level2_fast1sigma_20260918/u5/tr_9288.csv,4.21665955,4,0,"./00ALLINONE_ramp --mode=edmd --experiment=energy_transfer --headless --quiet --edmd-acc=0 --seed-drift-order=drift-first --energy-transfer-summary=experiments_energy_transfer/level2_fast1sigma_20260918/u5/summary.csv --energy-transfer-trace=experiments_energy_transfer/level2_fast1sigma_20260918/u5/tr_9288.csv --particles=100 --particles-boxes=50,50 --particle-radius=0.5 --l0=39.25 --height=10 --num-walls=1 --wall-positions=39.25 --wall-mass-factors=1000000000 --piston-right-protocol-mode=step --velocity-right-piston-step=5 --max-right-piston-travel=0.75 --auto-piston-step --wall-hold-steps=12000 --steps=12500 --fixed-dt=0.4 --energy-measurement --eff-output=wall-ke --kbt1 --seed=9288",9288
2026-09-18 12:52:28,energy_transfer,edmd,12500,12000,0.0166666669,39.25,10,100,0.5,nan,0.100050721,0.100050721,1,39.25,1e+09,50;50,1,0.0416666667,1,1,0.00999999978,100,1000,nan,39.25,1,step,77.75,-5,step,0.75,5,nan,nan,5,nan,nan,47.3552193,6.2662235e-05,1.3232382e-06,0.999998677,47.3551567,0,4.01230039e-07,4.01230039e-07,8.47277333e-09,20,0.216659546,/Users/chrisharing/Desktop/CCS_complex_coupled_systems/Repo/HardDisks/hspist3/experiments_energy_transfer/level2_fast1sigma_20260918/u5/tr_9285.csv,16.0333252,15.8166656,0,"./00ALLINONE_ramp --mode=edmd --experiment=energy_transfer --headless --quiet --edmd-acc=0 --seed-drift-order=drift-first --energy-transfer-summary=experiments_energy_transfer/level2_fast1sigma_20260918/u5/summary.csv --energy-transfer-trace=experiments_energy_transfer/level2_fast1sigma_20260918/u5/tr_9285.csv --particles=100 --particles-boxes=50,50 --particle-radius=0.5 --l0=39.25 --height=10 --num-walls=1 --wall-positions=39.25 --wall-mass-factors=1000000000 --piston-right-protocol-mode=step --velocity-right-piston-step=5 --max-right-piston-travel=0.75 --auto-piston-step --wall-hold-steps=12000 --steps=12500 --fixed-dt=0.4 --energy-measurement --eff-output=wall-ke --kbt1 --seed=9285",9285
2026-09-18 12:52:28,energy_transfer,edmd,12500,12000,0.0166666669,39.25,10,100,0.5,nan,0.100050721,0.100050721,1,39.25,1e+09,50;50,1,0.0416666667,1,1,0.00999999978,100,1000,nan,39.25,1,step,77.75,-5,step,0.75,5,nan,nan,5,nan,nan,64.4628563,0.000100413374,1.55769352e-06,0.999998442,64.4627559,0,1.60342938e-06,1.60342938e-06,2.48736943e-08,20,0.216659546,/Users/chrisharing/Desktop/CCS_complex_coupled_systems/Repo/HardDisks/hspist3/experiments_energy_transfer/level2_fast1sigma_20260918/u5/tr_9286.csv,15.8833313,15.6666718,0,"./00ALLINONE_ramp --mode=edmd --experiment=energy_transfer --headless --quiet --edmd-acc=0 --seed-drift-order=drift-first --energy-transfer-summary=experiments_energy_transfer/level2_fast1sigma_20260918/u5/summary.csv --energy-transfer-trace=experiments_energy_transfer/level2_fast1sigma_20260918/u5/tr_9286.csv --particles=100 --particles-boxes=50,50 --particle-radius=0.5 --l0=39.25 --height=10 --num-walls=1 --wall-positions=39.25 --wall-mass-factors=1000000000 --piston-right-protocol-mode=step --velocity-right-piston-step=5 --max-right-piston-travel=0.75 --auto-piston-step --wall-hold-steps=12000 --steps=12500 --fixed-dt=0.4 --energy-measurement --eff-output=wall-ke --kbt1 --seed=9286",9286
2026-09-18 12:52:28,energy_transfer,edmd,12500,12000,0.0166666669,39.25,10,100,0.5,nan,0.100050721,0.100050721,1,39.25,1e+09,50;50,1,0.0416666667,1,1,0.00999999978,100,1000,nan,39.25,1,step,77.75,-5,step,0.75,5,nan,nan,5,nan,nan,90.9181044,0.000210134385,2.31124908e-06,0.999997689,90.9178943,3.51014506e-09,1.95950474e-06,1.9559946e-06,2.15138075e-08,20,0.216659546,/Users/chrisharing/Desktop/CCS_complex_coupled_systems/Repo/HardDisks/hspist3/experiments_energy_transfer/level2_fast1sigma_20260918/u5/tr_9289.csv,19.9499969,19.7333374,1,"./00ALLINONE_ramp --mode=edmd --experiment=energy_transfer --headless --quiet --edmd-acc=0 --seed-drift-order=drift-first --energy-transfer-summary=experiments_energy_transfer/level2_fast1sigma_20260918/u5/summary.csv --energy-transfer-trace=experiments_energy_transfer/level2_fast1sigma_20260918/u5/tr_9289.csv --particles=100 --particles-boxes=50,50 --particle-radius=0.5 --l0=39.25 --height=10 --num-walls=1 --wall-positions=39.25 --wall-mass-factors=1000000000 --piston-right-protocol-mode=step --velocity-right-piston-step=5 --max-right-piston-travel=0.75 --auto-piston-step --wall-hold-steps=12000 --steps=12500 --fixed-dt=0.4 --energy-measurement --eff-output=wall-ke --kbt1 --seed=9289",9289
2026-09-18 12:52:28,energy_transfer,edmd,12500,12000,0.0166666669,39.25,10,100,0.5,nan,0.100050721,0.100050721,1,39.25,1e+09,50;50,1,0.0416666667,1,1,0.00999999978,100,1000,nan,39.25,1,step,77.75,-5,step,0.75,5,nan,nan,5,nan,nan,116.246655,0.000357504992,3.07540024e-06,0.999996925,116.246298,0,4.00616273e-06,4.00616273e-06,3.44626063e-08,20,0.216659546,/Users/chrisharing/Desktop/CCS_complex_coupled_systems/Repo/HardDisks/hspist3/experiments_energy_transfer/level2_fast1sigma_20260918/u5/tr_9287.csv,16.3833313,16.1666718,0,"./00ALLINONE_ramp --mode=edmd --experiment=energy_transfer --headless --quiet --edmd-acc=0 --seed-drift-order=drift-first --energy-transfer-summary=experiments_energy_transfer/level2_fast1sigma_20260918/u5/summary.csv --energy-transfer-trace=experiments_energy_transfer/level2_fast1sigma_20260918/u5/tr_9287.csv --particles=100 --particles-boxes=50,50 --particle-radius=0.5 --l0=39.25 --height=10 --num-walls=1 --wall-positions=39.25 --wall-mass-factors=1000000000 --piston-right-protocol-mode=step --velocity-right-piston-step=5 --max-right-piston-travel=0.75 --auto-piston-step --wall-hold-steps=12000 --steps=12500 --fixed-dt=0.4 --energy-measurement --eff-output=wall-ke --kbt1 --seed=9287",9287
2026-09-18 12:52:28,energy_transfer,edmd,12500,12000,0.0166666669,39.25,10,100,0.5,nan,0.100050721,0.100050721,1,39.25,1e+09,50;50,1,0.0416666667,1,1,0.00999999978,100,1000,nan,39.25,1,step,77.75,-5,step,0.75,5,nan,nan,5,nan,nan,129.476301,0.000438510586,3.38680192e-06,0.999996613,129.475863,0,4.12538839e-06,4.12538839e-06,3.18621118e-08,20,0.216659546,/Users/chrisharing/Desktop/CCS_complex_coupled_systems/Repo/HardDisks/hspist3/experiments_energy_transfer/level2_fast1sigma_20260918/u5/tr_9290.csv,19.8166656,19.6000061,1,"./00ALLINONE_ramp --mode=edmd --experiment=energy_transfer --headless --quiet --edmd-acc=0 --seed-drift-order=drift-first --energy-transfer-summary=experiments_energy_transfer/level2_fast1sigma_20260918/u5/summary.csv --energy-transfer-trace=experiments_energy_transfer/level2_fast1sigma_20260918/u5/tr_9290.csv --particles=100 --particles-boxes=50,50 --particle-radius=0.5 --l0=39.25 --height=10 --num-walls=1 --wall-positions=39.25 --wall-mass-factors=1000000000 --piston-right-protocol-mode=step --velocity-right-piston-step=5 --max-right-piston-travel=0.75 --auto-piston-step --wall-hold-steps=12000 --steps=12500 --fixed-dt=0.4 --energy-measurement --eff-output=wall-ke --kbt1 --seed=9290",9290
2026-09-18 12:52:28,energy_transfer,edmd,12500,12000,0.0166666669,39.25,10,100,0.5,nan,0.100050721,0.100050721,1,39.25,1e+09,50;50,1,0.0416666667,1,1,0.00999999978,100,1000,nan,39.25,1,step,77.75,-5,step,0.75,5,nan,nan,5,nan,nan,44.9133223,5.49950601e-05,1.22447099e-06,0.999998776,44.9132673,0,4.41255395e-07,4.41255395e-07,9.8245993e-09,20,0.216659546,/Users/chrisharing/Desktop/CCS_complex_coupled_systems/Repo/HardDisks/hspist3/experiments_energy_transfer/level2_fast1sigma_20260918/u5/tr_9291.csv,19.1333313,18.9166718,1,"./00ALLINONE_ramp --mode=edmd --experiment=energy_transfer --headless --quiet --edmd-acc=0 --seed-drift-order=drift-first --energy-transfer-summary=experiments_energy_transfer/level2_fast1sigma_20260918/u5/summary.csv --energy-transfer-trace=experiments_energy_transfer/level2_fast1sigma_20260918/u5/tr_9291.csv --particles=100 --particles-boxes=50,50 --particle-radius=0.5 --l0=39.25 --height=10 --num-walls=1 --wall-positions=39.25 --wall-mass-factors=1000000000 --piston-right-protocol-mode=step --velocity-right-piston-step=5 --max-right-piston-travel=0.75 --auto-piston-step --wall-hold-steps=12000 --steps=12500 --fixed-dt=0.4 --energy-measurement --eff-output=wall-ke --kbt1 --seed=9291",9291
2026-09-18 12:52:28,energy_transfer,edmd,12500,12000,0.0166666669,39.25,10,100,0.5,nan,0.100050721,0.100050721,1,39.25,1e+09,50;50,1,0.0416666667,1,1,0.00999999978,100,1000,nan,39.25,1,step,77.75,-5,step,0.75,5,nan,nan,5,nan,nan,7.93315097e-16,3.13152128e-07,394738647,-394738646,-3.13152127e-07,0,6.17570421e-08,6.17570421e-08,77846800.6,20,0.216659546,/Users/chrisharing/Desktop/CCS_complex_coupled_systems/Repo/HardDisks/hspist3/experiments_energy_transfer/level2_fast1sigma_20260918/u5/tr_9295.csv,19.8833313,19.6666718,1,"./00ALLINONE_ramp --mode=edmd --experiment=energy_transfer --headless --quiet --edmd-acc=0 --seed-drift-order=drift-first --energy-transfer-summary=experiments_energy_transfer/level2_fast1sigma_20260918/u5/summary.csv --energy-transfer-trace=experiments_energy_transfer/level2_fast1sigma_20260918/u5/tr_9295.csv --particles=100 --particles-boxes=50,50 --particle-radius=0.5 --l0=39.25 --height=10 --num-walls=1 --wall-positions=39.25 --wall-mass-factors=1000000000 --piston-right-protocol-mode=step --velocity-right-piston-step=5 --max-right-piston-travel=0.75 --auto-piston-step --wall-hold-steps=12000 --steps=12500 --fixed-dt=0.4 --energy-measurement --eff-output=wall-ke --kbt1 --seed=9295",9295
2026-09-18 12:52:29,energy_transfer,edmd,12500,12000,0.0166666669,39.25,10,100,0.5,nan,0.100050721,0.100050721,1,39.25,1e+09,50;50,1,0.0416666667,1,1,0.00999999978,100,1000,nan,39.25,1,step,77.75,-5,step,0.75,5,nan,nan,5,nan,nan,97.7664917,0.00025679433,2.62660883e-06,0.999997373,97.766235,0,2.61094533e-06,2.61094533e-06,2.67059325e-08,20,0.216659546,/Users/chrisharing/Desktop/CCS_complex_coupled_systems/Repo/HardDisks/hspist3/experiments_energy_transfer/level2_fast1sigma_20260918/u5/tr_9294.csv,13.8166656,13.6000061,0,"./00ALLINONE_ramp --mode=edmd --experiment=energy_transfer --headless --quiet --edmd-acc=0 --seed-drift-order=drift-first --energy-transfer-summary=experiments_energy_transfer/level2_fast1sigma_20260918/u5/summary.csv --energy-transfer-trace=experiments_energy_transfer/level2_fast1sigma_20260918/u5/tr_9294.csv --particles=100 --particles-boxes=50,50 --particle-radius=0.5 --l0=39.25 --height=10 --num-walls=1 --wall-positions=39.25 --wall-mass-factors=1000000000 --piston-right-protocol-mode=step --velocity-right-piston-step=5 --max-right-piston-travel=0.75 --auto-piston-step --wall-hold-steps=12000 --steps=12500 --fixed-dt=0.4 --energy-measurement --eff-output=wall-ke --kbt1 --seed=9294",9294
2026-09-18 12:52:29,energy_transfer,edmd,12500,12000,0.0166666669,39.25,10,100,0.5,nan,0.100050721,0.100050721,1,39.25,1e+09,50;50,1,0.0416666667,1,1,0.00999999978,100,1000,nan,39.25,1,step,77.75,-5,step,0.75,5,nan,nan,5,nan,nan,52.4773056,6.56668853e-05,1.25133874e-06,0.999998749,52.47724,0,7.82314828e-07,7.82314828e-07,1.4907679e-08,20,0.216659546,/Users/chrisharing/Desktop/CCS_complex_coupled_systems/Repo/HardDisks/hspist3/experiments_energy_transfer/level2_fast1sigma_20260918/u5/tr_9298.csv,14.6666565,14.4499969,0,"./00ALLINONE_ramp --mode=edmd --experiment=energy_transfer --headless --quiet --edmd-acc=0 --seed-drift-order=drift-first --energy-transfer-summary=experiments_energy_transfer/level2_fast1sigma_20260918/u5/summary.csv --energy-transfer-trace=experiments_energy_transfer/level2_fast1sigma_20260918/u5/tr_9298.csv --particles=100 --particles-boxes=50,50 --particle-radius=0.5 --l0=39.25 --height=10 --num-walls=1 --wall-positions=39.25 --wall-mass-factors=1000000000 --piston-right-protocol-mode=step --velocity-right-piston-step=5 --max-right-piston-travel=0.75 --auto-piston-step --wall-hold-steps=12000 --steps=12500 --fixed-dt=0.4 --energy-measurement --eff-output=wall-ke --kbt1 --seed=9298",9298
2026-09-18 12:52:29,energy_transfer,edmd,12500,12000,0.0166666669,39.25,10,100,0.5,nan,0.100050721,0.100050721,1,39.25,1e+09,50;50,1,0.0416666667,1,1,0.00999999978,100,1000,nan,39.25,1,step,77.75,-5,step,0.75,5,nan,nan,5,nan,nan,1.01760132e-15,7.74505395e-07,761108873,-761108872,-7.74505394e-07,0,3.20065219e-08,3.20065219e-08,31452909.1,20,0.216659546,/Users/chrisharing/Desktop/CCS_complex_coupled_systems/Repo/HardDisks/hspist3/experiments_energy_transfer/level2_fast1sigma_20260918/u5/tr_9296.csv,19.5833282,19.3666687,1,"./00ALLINONE_ramp --mode=edmd --experiment=energy_transfer --headless --quiet --edmd-acc=0 --seed-drift-order=drift-first --energy-transfer-summary=experiments_energy_transfer/level2_fast1sigma_20260918/u5/summary.csv --energy-transfer-trace=experiments_energy_transfer/level2_fast1sigma_20260918/u5/tr_9296.csv --particles=100 --particles-boxes=50,50 --particle-radius=0.5 --l0=39.25 --height=10 --num-walls=1 --wall-positions=39.25 --wall-mass-factors=1000000000 --piston-right-protocol-mode=step --velocity-right-piston-step=5 --max-right-piston-travel=0.75 --auto-piston-step --wall-hold-steps=12000 --steps=12500 --fixed-dt=0.4 --energy-measurement --eff-output=wall-ke --kbt1 --seed=9296",9296
2026-09-18 12:52:29,energy_transfer,edmd,12500,12000,0.0166666669,39.25,10,100,0.5,nan,0.100050721,0.100050721,1,39.25,1e+09,50;50,1,0.0416666667,1,1,0.00999999978,100,1000,nan,39.25,1,step,77.75,-5,step,0.75,5,nan,nan,5,nan,nan,189.330711,0.000945900043,4.99602013e-06,0.999995004,189.329765,0,9.97123334e-06,9.97123334e-06,5.26656943e-08,20,0.216659546,/Users/chrisharing/Desktop/CCS_complex_coupled_systems/Repo/HardDisks/hspist3/experiments_energy_transfer/level2_fast1sigma_20260918/u5/tr_9292.csv,20.1333313,19.9166718,1,"./00ALLINONE_ramp --mode=edmd --experiment=energy_transfer --headless --quiet --edmd-acc=0 --seed-drift-order=drift-first --energy-transfer-summary=experiments_energy_transfer/level2_fast1sigma_20260918/u5/summary.csv --energy-transfer-trace=experiments_energy_transfer/level2_fast1sigma_20260918/u5/tr_9292.csv --particles=100 --particles-boxes=50,50 --particle-radius=0.5 --l0=39.25 --height=10 --num-walls=1 --wall-positions=39.25 --wall-mass-factors=1000000000 --piston-right-protocol-mode=step --velocity-right-piston-step=5 --max-right-piston-travel=0.75 --auto-piston-step --wall-hold-steps=12000 --steps=12500 --fixed-dt=0.4 --energy-measurement --eff-output=wall-ke --kbt1 --seed=9292",9292
2026-09-18 12:52:29,energy_transfer,edmd,12500,12000,0.0166666669,39.25,10,100,0.5,nan,0.100050721,0.100050721,1,39.25,1e+09,50;50,1,0.0416666667,1,1,0.00999999978,100,1000,nan,39.25,1,step,77.75,-5,step,0.75,5,nan,nan,5,nan,nan,80.5273376,0.000152807392,1.89758405e-06,0.999998102,80.5271848,2.32474551e-09,1.33440869e-06,1.33208395e-06,1.65420091e-08,20,0.216659546,/Users/chrisharing/Desktop/CCS_complex_coupled_systems/Repo/HardDisks/hspist3/experiments_energy_transfer/level2_fast1sigma_20260918/u5/tr_9293.csv,20.0499878,19.8333282,1,"./00ALLINONE_ramp --mode=edmd --experiment=energy_transfer --headless --quiet --edmd-acc=0 --seed-drift-order=drift-first --energy-transfer-summary=experiments_energy_transfer/level2_fast1sigma_20260918/u5/summary.csv --energy-transfer-trace=experiments_energy_transfer/level2_fast1sigma_20260918/u5/tr_9293.csv --particles=100 --particles-boxes=50,50 --particle-radius=0.5 --l0=39.25 --height=10 --num-walls=1 --wall-positions=39.25 --wall-mass-factors=1000000000 --piston-right-protocol-mode=step --velocity-right-piston-step=5 --max-right-piston-travel=0.75 --auto-piston-step --wall-hold-steps=12000 --steps=12500 --fixed-dt=0.4 --energy-measurement --eff-output=wall-ke --kbt1 --seed=9293",9293
2026-09-18 12:52:29,energy_transfer,edmd,12500,12000,0.0166666669,39.25,10,100,0.5,nan,0.100050721,0.100050721,1,39.25,1e+09,50;50,1,0.0416666667,1,1,0.00999999978,100,1000,nan,39.25,1,step,77.75,-5,step,0.75,5,nan,nan,5,nan,nan,159.100858,0.000659458397,4.14490787e-06,0.999995855,159.100198,0,7.10694349e-06,7.10694349e-06,4.46694229e-08,20,0.216659546,/Users/chrisharing/Desktop/CCS_complex_coupled_systems/Repo/HardDisks/hspist3/experiments_energy_transfer/level2_fast1sigma_20260918/u5/tr_9297.csv,19.1666565,18.9499969,1,"./00ALLINONE_ramp --mode=edmd --experiment=energy_transfer --headless --quiet --edmd-acc=0 --seed-drift-order=drift-first --energy-transfer-summary=experiments_energy_transfer/level2_fast1sigma_20260918/u5/summary.csv --energy-transfer-trace=experiments_energy_transfer/level2_fast1sigma_20260918/u5/tr_9297.csv --particles=100 --particles-boxes=50,50 --particle-radius=0.5 --l0=39.25 --height=10 --num-walls=1 --wall-positions=39.25 --wall-mass-factors=1000000000 --piston-right-protocol-mode=step --velocity-right-piston-step=5 --max-right-piston-travel=0.75 --auto-piston-step --wall-hold-steps=12000 --steps=12500 --fixed-dt=0.4 --energy-measurement --eff-output=wall-ke --kbt1 --seed=9297",9297
2026-09-18 12:52:29,energy_transfer,edmd,12500,12000,0.0166666669,39.25,10,100,0.5,nan,0.100050721,0.100050721,1,39.25,1e+09,50;50,1,0.0416666667,1,1,0.00999999978,100,1000,nan,39.25,1,step,77.75,-5,step,0.75,5,nan,nan,5,nan,nan,61.3940065,8.36572872e-05,1.36262955e-06,0.999998637,61.3939228,1.66995118e-09,1.80523091e-06,1.80356096e-06,2.93768246e-08,20,0.216659546,/Users/chrisharing/Desktop/CCS_complex_coupled_systems/Repo/HardDisks/hspist3/experiments_energy_transfer/level2_fast1sigma_20260918/u5/tr_9299.csv,18.8499908,18.6333313,1,"./00ALLINONE_ramp --mode=edmd --experiment=energy_transfer --headless --quiet --edmd-acc=0 --seed-drift-order=drift-first --energy-transfer-summary=experiments_energy_transfer/level2_fast1sigma_20260918/u5/summary.csv --energy-transfer-trace=experiments_energy_transfer/level2_fast1sigma_20260918/u5/tr_9299.csv --particles=100 --particles-boxes=50,50 --particle-radius=0.5 --l0=39.25 --height=10 --num-walls=1 --wall-positions=39.25 --wall-mass-factors=1000000000 --piston-right-protocol-mode=step --velocity-right-piston-step=5 --max-right-piston-travel=0.75 --auto-piston-step --wall-hold-steps=12000 --steps=12500 --fixed-dt=0.4 --energy-measurement --eff-output=wall-ke --kbt1 --seed=9299",9299
