KE_particles,KE_wall,KE_total,T,S_v,F
KE_particles: 2.85829858e+02, KE_wall: 0.00000000e+00, KE_total: 2.85829858e+02, T: 9.85620200e-01, S_v: 0.00000000e+00, F: 1.99210052e+02
KE_particles: 2.85829858e+02, KE_wall: 0.00000000e+00, KE_total: 2.85829858e+02, T: 9.85620200e-01, S_v: 0.00000000e+00, F: 1.98902512e+02
KE_particles: 2.85829858e+02, KE_wall: 0.00000000e+00, KE_total: 2.85829858e+02, T: 9.85620200e-01, S_v: 0.00000000e+00, F: 1.99156082e+02
KE_particles: 2.85829858e+02, KE_wall: 0.00000000e+00, KE_total: 2.85829858e+02, T: 9.85620200e-01, S_v: 0.00000000e+00, F: 1.99372528e+02
KE_particles: 2.85829858e+02, KE_wall: 0.00000000e+00, KE_total: 2.85829858e+02, T: 9.85620200e-01, S_v: 0.00000000e+00, F: 1.99262558e+02
