timestamp,mode,sim_mode,steps_after_release,wall_hold_steps,dt_sigma,L0,height,particles_total,radius_sigma,eta_input,eta_nominal,eta_particles_region,num_walls,wall_positions_cli,wall_mass_factors_cli,particles_boxes_cli,wall_thickness_sigma,wall_thickness_vis_sigma,kbt1,kBT,kB_effective,temperature_runtime,spring_k,spring_eq_sigma,spring_eq_sigma_effective,piston_auto,piston_protocol,piston_target_sigma,piston_speed_px,piston_right_protocol_mode,piston_right_travel_sigma,piston_right_v_step_constant,piston_right_v0,piston_right_v_gradient,piston_right_vmax,piston_right_duration,piston_right_sigmoid_steepness,W_in_max,W_out_max,ratio,loss_fraction,total_loss,springE_stop,springE_peak_win,W_out_peak_win,ratio_win,eff_window_T,piston_stop_t_rel,trace_path,spring_peak_t_rel,spring_peak_dt,spring_peak_near_end,command,seed
2026-09-18 12:50:44,energy_transfer,edmd,12500,12000,0.0166666669,39.25,10,100,0.5,nan,0.100050721,0.100050721,1,39.25,1e+09,50;50,1,0.0416666667,1,1,0.00999999978,100,1000,nan,39.25,1,step,71.5700022,-5,step,6.92999983,5,nan,nan,5,nan,nan,239.859671,0.00252431072,1.05241149e-05,0.999989476,239.857146,1.44852974e-09,3.0071702e-05,3.00702535e-05,1.25366025e-07,20,1.46665955,/Users/chrisharing/Desktop/CCS_complex_coupled_systems/Repo/HardDisks/hspist3/experiments_energy_transfer/level2_fast_20260918/u5/tr_9201.csv,21.2666626,19.8000031,1,"./00ALLINONE_ramp --mode=edmd --experiment=energy_transfer --headless --quiet --edmd-acc=0 --seed-drift-order=drift-first --energy-transfer-summary=experiments_energy_transfer/level2_fast_20260918/u5/summary.csv --energy-transfer-trace=experiments_energy_transfer/level2_fast_20260918/u5/tr_9201.csv --particles=100 --particles-boxes=50,50 --particle-radius=0.5 --l0=39.25 --height=10 --num-walls=1 --wall-positions=39.25 --wall-mass-factors=1000000000 --piston-right-protocol-mode=step --velocity-right-piston-step=5 --max-right-piston-travel=6.93 --auto-piston-step --wall-hold-steps=12000 --steps=12500 --fixed-dt=0.4 --energy-measurement --eff-output=wall-ke --kbt1 --seed=9201",9201
2026-09-18 12:50:44,energy_transfer,edmd,12500,12000,0.0166666669,39.25,10,100,0.5,nan,0.100050721,0.100050721,1,39.25,1e+09,50;50,1,0.0416666667,1,1,0.00999999978,100,1000,nan,39.25,1,step,71.5700022,-5,step,6.92999983,5,nan,nan,5,nan,nan,414.043055,0.00722544966,1.74509621e-05,0.999982549,414.03583,2.54061633e-10,8.94324694e-05,8.94322153e-05,2.15997381e-07,20,1.46665955,/Users/chrisharing/Desktop/CCS_complex_coupled_systems/Repo/HardDisks/hspist3/experiments_energy_transfer/level2_fast_20260918/u5/tr_9200.csv,21.1499939,19.6833344,1,"./00ALLINONE_ramp --mode=edmd --experiment=energy_transfer --headless --quiet --edmd-acc=0 --seed-drift-order=drift-first --energy-transfer-summary=experiments_energy_transfer/level2_fast_20260918/u5/summary.csv --energy-transfer-trace=experiments_energy_transfer/level2_fast_20260918/u5/tr_9200.csv --particles=100 --particles-boxes=50,50 --particle-radius=0.5 --l0=39.25 --height=10 --num-walls=1 --wall-positions=39.25 --wall-mass-factors=1000000000 --piston-right-protocol-mode=step --velocity-right-piston-step=5 --max-right-piston-travel=6.93 --auto-piston-step --wall-hold-steps=12000 --steps=12500 --fixed-dt=0.4 --energy-measurement --eff-output=wall-ke --kbt1 --seed=9200",9200
2026-09-18 12:50:44,energy_transfer,edmd,12500,12000,0.0166666669,39.25,10,100,0.5,nan,0.100050721,0.100050721,1,39.25,1e+09,50;50,1,0.0416666667,1,1,0.00999999978,100,1000,nan,39.25,1,step,71.5700022,-5,step,6.92999983,5,nan,nan,5,nan,nan,385.35203,0.00630712416,1.63671751e-05,0.999983633,385.345723,3.40926132e-09,8.07860197e-05,8.07826104e-05,2.09633281e-07,20,1.46665955,/Users/chrisharing/Desktop/CCS_complex_coupled_systems/Repo/HardDisks/hspist3/experiments_energy_transfer/level2_fast_20260918/u5/tr_9202.csv,21.3999939,19.9333344,1,"./00ALLINONE_ramp --mode=edmd --experiment=energy_transfer --headless --quiet --edmd-acc=0 --seed-drift-order=drift-first --energy-transfer-summary=experiments_energy_transfer/level2_fast_20260918/u5/summary.csv --energy-transfer-trace=experiments_energy_transfer/level2_fast_20260918/u5/tr_9202.csv --particles=100 --particles-boxes=50,50 --particle-radius=0.5 --l0=39.25 --height=10 --num-walls=1 --wall-positions=39.25 --wall-mass-factors=1000000000 --piston-right-protocol-mode=step --velocity-right-piston-step=5 --max-right-piston-travel=6.93 --auto-piston-step --wall-hold-steps=12000 --steps=12500 --fixed-dt=0.4 --energy-measurement --eff-output=wall-ke --kbt1 --seed=9202",9202
2026-09-18 12:50:44,energy_transfer,edmd,12500,12000,0.0166666669,39.25,10,100,0.5,nan,0.100050721,0.100050721,1,39.25,1e+09,50;50,1,0.0416666667,1,1,0.00999999978,100,1000,nan,39.25,1,step,71.5700022,-5,step,6.92999983,5,nan,nan,5,nan,nan,402.16715,0.00689210044,1.71374028e-05,0.999982863,402.160258,5.46652112e-10,6.99758457e-05,6.9975299e-05,1.73995562e-07,20,1.46665955,/Users/chrisharing/Desktop/CCS_complex_coupled_systems/Repo/HardDisks/hspist3/experiments_energy_transfer/level2_fast_20260918/u5/tr_9203.csv,20.8166656,19.3500061,1,"./00ALLINONE_ramp --mode=edmd --experiment=energy_transfer --headless --quiet --edmd-acc=0 --seed-drift-order=drift-first --energy-transfer-summary=experiments_energy_transfer/level2_fast_20260918/u5/summary.csv --energy-transfer-trace=experiments_energy_transfer/level2_fast_20260918/u5/tr_9203.csv --particles=100 --particles-boxes=50,50 --particle-radius=0.5 --l0=39.25 --height=10 --num-walls=1 --wall-positions=39.25 --wall-mass-factors=1000000000 --piston-right-protocol-mode=step --velocity-right-piston-step=5 --max-right-piston-travel=6.93 --auto-piston-step --wall-hold-steps=12000 --steps=12500 --fixed-dt=0.4 --energy-measurement --eff-output=wall-ke --kbt1 --seed=9203",9203
2026-09-18 12:50:44,energy_transfer,edmd,12500,12000,0.0166666669,39.25,10,100,0.5,nan,0.100050721,0.100050721,1,39.25,1e+09,50;50,1,0.0416666667,1,1,0.00999999978,100,1000,nan,39.25,1,step,71.5700022,-5,step,6.92999983,5,nan,nan,5,nan,nan,345.669639,0.00545617566,1.57843647e-05,0.999984216,345.664183,3.10240189e-09,5.74522237e-05,5.74491213e-05,1.66196607e-07,20,1.46665955,/Users/chrisharing/Desktop/CCS_complex_coupled_systems/Repo/HardDisks/hspist3/experiments_energy_transfer/level2_fast_20260918/u5/tr_9205.csv,20.5833282,19.1166687,1,"./00ALLINONE_ramp --mode=edmd --experiment=energy_transfer --headless --quiet --edmd-acc=0 --seed-drift-order=drift-first --energy-transfer-summary=experiments_energy_transfer/level2_fast_20260918/u5/summary.csv --energy-transfer-trace=experiments_energy_transfer/level2_fast_20260918/u5/tr_9205.csv --particles=100 --particles-boxes=50,50 --particle-radius=0.5 --l0=39.25 --height=10 --num-walls=1 --wall-positions=39.25 --wall-mass-factors=1000000000 --piston-right-protocol-mode=step --velocity-right-piston-step=5 --max-right-piston-travel=6.93 --auto-piston-step --wall-hold-steps=12000 --steps=12500 --fixed-dt=0.4 --energy-measurement --eff-output=wall-ke --kbt1 --seed=9205",9205
2026-09-18 12:50:44,energy_transfer,edmd,12500,12000,0.0166666669,39.25,10,100,0.5,nan,0.100050721,0.100050721,1,39.25,1e+09,50;50,1,0.0416666667,1,1,0.00999999978,100,1000,nan,39.25,1,step,71.5700022,-5,step,6.92999983,5,nan,nan,5,nan,nan,561.459963,0.0132849449,2.36614288e-05,0.999976339,561.446678,6.97284452e-10,0.000150441876,0.000150441179,2.67946405e-07,20,1.46665955,/Users/chrisharing/Desktop/CCS_complex_coupled_systems/Repo/HardDisks/hspist3/experiments_energy_transfer/level2_fast_20260918/u5/tr_9204.csv,21.0333252,19.5666656,1,"./00ALLINONE_ramp --mode=edmd --experiment=energy_transfer --headless --quiet --edmd-acc=0 --seed-drift-order=drift-first --energy-transfer-summary=experiments_energy_transfer/level2_fast_20260918/u5/summary.csv --energy-transfer-trace=experiments_energy_transfer/level2_fast_20260918/u5/tr_9204.csv --particles=100 --particles-boxes=50,50 --particle-radius=0.5 --l0=39.25 --height=10 --num-walls=1 --wall-positions=39.25 --wall-mass-factors=1000000000 --piston-right-protocol-mode=step --velocity-right-piston-step=5 --max-right-piston-travel=6.93 --auto-piston-step --wall-hold-steps=12000 --steps=12500 --fixed-dt=0.4 --energy-measurement --eff-output=wall-ke --kbt1 --seed=9204",9204
2026-09-18 12:50:44,energy_transfer,edmd,12500,12000,0.0166666669,39.25,10,100,0.5,nan,0.100050721,0.100050721,1,39.25,1e+09,50;50,1,0.0416666667,1,1,0.00999999978,100,1000,nan,39.25,1,step,71.5700022,-5,step,6.92999983,5,nan,nan,5,nan,nan,265.661289,0.00306132063,1.15233975e-05,0.999988477,265.658228,5.30718525e-10,3.80813508e-05,3.80808201e-05,1.43343504e-07,20,1.46665955,/Users/chrisharing/Desktop/CCS_complex_coupled_systems/Repo/HardDisks/hspist3/experiments_energy_transfer/level2_fast_20260918/u5/tr_9208.csv,21.1833191,19.7166595,1,"./00ALLINONE_ramp --mode=edmd --experiment=energy_transfer --headless --quiet --edmd-acc=0 --seed-drift-order=drift-first --energy-transfer-summary=experiments_energy_transfer/level2_fast_20260918/u5/summary.csv --energy-transfer-trace=experiments_energy_transfer/level2_fast_20260918/u5/tr_9208.csv --particles=100 --particles-boxes=50,50 --particle-radius=0.5 --l0=39.25 --height=10 --num-walls=1 --wall-positions=39.25 --wall-mass-factors=1000000000 --piston-right-protocol-mode=step --velocity-right-piston-step=5 --max-right-piston-travel=6.93 --auto-piston-step --wall-hold-steps=12000 --steps=12500 --fixed-dt=0.4 --energy-measurement --eff-output=wall-ke --kbt1 --seed=9208",9208
2026-09-18 12:50:44,energy_transfer,edmd,12500,12000,0.0166666669,39.25,10,100,0.5,nan,0.100050721,0.100050721,1,39.25,1e+09,50;50,1,0.0416666667,1,1,0.00999999978,100,1000,nan,39.25,1,step,71.5700022,-5,step,6.92999983,5,nan,nan,5,nan,nan,450.210975,0.00849175733,1.88617288e-05,0.999981138,450.202483,0,9.54562274e-05,9.54562274e-05,2.12025545e-07,20,1.46665955,/Users/chrisharing/Desktop/CCS_complex_coupled_systems/Repo/HardDisks/hspist3/experiments_energy_transfer/level2_fast_20260918/u5/tr_9206.csv,21.4666595,20,1,"./00ALLINONE_ramp --mode=edmd --experiment=energy_transfer --headless --quiet --edmd-acc=0 --seed-drift-order=drift-first --energy-transfer-summary=experiments_energy_transfer/level2_fast_20260918/u5/summary.csv --energy-transfer-trace=experiments_energy_transfer/level2_fast_20260918/u5/tr_9206.csv --particles=100 --particles-boxes=50,50 --particle-radius=0.5 --l0=39.25 --height=10 --num-walls=1 --wall-positions=39.25 --wall-mass-factors=1000000000 --piston-right-protocol-mode=step --velocity-right-piston-step=5 --max-right-piston-travel=6.93 --auto-piston-step --wall-hold-steps=12000 --steps=12500 --fixed-dt=0.4 --energy-measurement --eff-output=wall-ke --kbt1 --seed=9206",9206
2026-09-18 12:50:44,energy_transfer,edmd,12500,12000,0.0166666669,39.25,10,100,0.5,nan,0.100050721,0.100050721,1,39.25,1e+09,50;50,1,0.0416666667,1,1,0.00999999978,100,1000,nan,39.25,1,step,71.5700022,-5,step,6.92999983,5,nan,nan,5,nan,nan,491.189642,0.00972691271,1.98027643e-05,0.999980197,491.179915,3.93870785e-08,0.000109305503,0.000109266116,2.22451996e-07,20,1.46665955,/Users/chrisharing/Desktop/CCS_complex_coupled_systems/Repo/HardDisks/hspist3/experiments_energy_transfer/level2_fast_20260918/u5/tr_9207.csv,21.2499847,19.7833252,1,"./00ALLINONE_ramp --mode=edmd --experiment=energy_transfer --headless --quiet --edmd-acc=0 --seed-drift-order=drift-first --energy-transfer-summary=experiments_energy_transfer/level2_fast_20260918/u5/summary.csv --energy-transfer-trace=experiments_energy_transfer/level2_fast_20260918/u5/tr_9207.csv --particles=100 --particles-boxes=50,50 --particle-radius=0.5 --l0=39.25 --height=10 --num-walls=1 --wall-positions=39.25 --wall-mass-factors=1000000000 --piston-right-protocol-mode=step --velocity-right-piston-step=5 --max-right-piston-travel=6.93 --auto-piston-step --wall-hold-steps=12000 --steps=12500 --fixed-dt=0.4 --energy-measurement --eff-output=wall-ke --kbt1 --seed=9207",9207
2026-09-18 12:50:44,energy_transfer,edmd,12500,12000,0.0166666669,39.25,10,100,0.5,nan,0.100050721,0.100050721,1,39.25,1e+09,50;50,1,0.0416666667,1,1,0.00999999978,100,1000,nan,39.25,1,step,71.5700022,-5,step,6.92999983,5,nan,nan,5,nan,nan,293.514587,0.0037164425,1.26618664e-05,0.999987338,293.510871,9.61991464e-09,4.55823356e-05,4.55727157e-05,1.5526559e-07,20,1.46665955,/Users/chrisharing/Desktop/CCS_complex_coupled_systems/Repo/HardDisks/hspist3/experiments_energy_transfer/level2_fast_20260918/u5/tr_9213.csv,21.4166565,19.9499969,1,"./00ALLINONE_ramp --mode=edmd --experiment=energy_transfer --headless --quiet --edmd-acc=0 --seed-drift-order=drift-first --energy-transfer-summary=experiments_energy_transfer/level2_fast_20260918/u5/summary.csv --energy-transfer-trace=experiments_energy_transfer/level2_fast_20260918/u5/tr_9213.csv --particles=100 --particles-boxes=50,50 --particle-radius=0.5 --l0=39.25 --height=10 --num-walls=1 --wall-positions=39.25 --wall-mass-factors=1000000000 --piston-right-protocol-mode=step --velocity-right-piston-step=5 --max-right-piston-travel=6.93 --auto-piston-step --wall-hold-steps=12000 --steps=12500 --fixed-dt=0.4 --energy-measurement --eff-output=wall-ke --kbt1 --seed=9213",9213
2026-09-18 12:50:44,energy_transfer,edmd,12500,12000,0.0166666669,39.25,10,100,0.5,nan,0.100050721,0.100050721,1,39.25,1e+09,50;50,1,0.0416666667,1,1,0.00999999978,100,1000,nan,39.25,1,step,71.5700022,-5,step,6.92999983,5,nan,nan,5,nan,nan,332.345786,0.00466781203,1.40450465e-05,0.999985955,332.341118,8.3538918e-09,4.75114939e-05,4.750314e-05,1.42932879e-07,20,1.46665955,/Users/chrisharing/Desktop/CCS_complex_coupled_systems/Repo/HardDisks/hspist3/experiments_energy_transfer/level2_fast_20260918/u5/tr_9211.csv,21.1833191,19.7166595,1,"./00ALLINONE_ramp --mode=edmd --experiment=energy_transfer --headless --quiet --edmd-acc=0 --seed-drift-order=drift-first --energy-transfer-summary=experiments_energy_transfer/level2_fast_20260918/u5/summary.csv --energy-transfer-trace=experiments_energy_transfer/level2_fast_20260918/u5/tr_9211.csv --particles=100 --particles-boxes=50,50 --particle-radius=0.5 --l0=39.25 --height=10 --num-walls=1 --wall-positions=39.25 --wall-mass-factors=1000000000 --piston-right-protocol-mode=step --velocity-right-piston-step=5 --max-right-piston-travel=6.93 --auto-piston-step --wall-hold-steps=12000 --steps=12500 --fixed-dt=0.4 --energy-measurement --eff-output=wall-ke --kbt1 --seed=9211",9211
2026-09-18 12:50:44,energy_transfer,edmd,12500,12000,0.0166666669,39.25,10,100,0.5,nan,0.100050721,0.100050721,1,39.25,1e+09,50;50,1,0.0416666667,1,1,0.00999999978,100,1000,nan,39.25,1,step,71.5700022,-5,step,6.92999983,5,nan,nan,5,nan,nan,295.83573,0.00369485514,1.248955e-05,0.99998751,295.832036,1.44283696e-10,4.7704576e-05,4.77044317e-05,1.6125311e-07,20,1.46665955,/Users/chrisharing/Desktop/CCS_complex_coupled_systems/Repo/HardDisks/hspist3/experiments_energy_transfer/level2_fast_20260918/u5/tr_9214.csv,21.3999939,19.9333344,1,"./00ALLINONE_ramp --mode=edmd --experiment=energy_transfer --headless --quiet --edmd-acc=0 --seed-drift-order=drift-first --energy-transfer-summary=experiments_energy_transfer/level2_fast_20260918/u5/summary.csv --energy-transfer-trace=experiments_energy_transfer/level2_fast_20260918/u5/tr_9214.csv --particles=100 --particles-boxes=50,50 --particle-radius=0.5 --l0=39.25 --height=10 --num-walls=1 --wall-positions=39.25 --wall-mass-factors=1000000000 --piston-right-protocol-mode=step --velocity-right-piston-step=5 --max-right-piston-travel=6.93 --auto-piston-step --wall-hold-steps=12000 --steps=12500 --fixed-dt=0.4 --energy-measurement --eff-output=wall-ke --kbt1 --seed=9214",9214
2026-09-18 12:50:44,energy_transfer,edmd,12500,12000,0.0166666669,39.25,10,100,0.5,nan,0.100050721,0.100050721,1,39.25,1e+09,50;50,1,0.0416666667,1,1,0.00999999978,100,1000,nan,39.25,1,step,71.5700022,-5,step,6.92999983,5,nan,nan,5,nan,nan,421.105222,0.00750881666,1.78312124e-05,0.999982169,421.097714,3.03311087e-09,8.9706562e-05,8.97035289e-05,2.13019274e-07,20,1.46665955,/Users/chrisharing/Desktop/CCS_complex_coupled_systems/Repo/HardDisks/hspist3/experiments_energy_transfer/level2_fast_20260918/u5/tr_9212.csv,21.3666534,19.8999939,1,"./00ALLINONE_ramp --mode=edmd --experiment=energy_transfer --headless --quiet --edmd-acc=0 --seed-drift-order=drift-first --energy-transfer-summary=experiments_energy_transfer/level2_fast_20260918/u5/summary.csv --energy-transfer-trace=experiments_energy_transfer/level2_fast_20260918/u5/tr_9212.csv --particles=100 --particles-boxes=50,50 --particle-radius=0.5 --l0=39.25 --height=10 --num-walls=1 --wall-positions=39.25 --wall-mass-factors=1000000000 --piston-right-protocol-mode=step --velocity-right-piston-step=5 --max-right-piston-travel=6.93 --auto-piston-step --wall-hold-steps=12000 --steps=12500 --fixed-dt=0.4 --energy-measurement --eff-output=wall-ke --kbt1 --seed=9212",9212
2026-09-18 12:50:44,energy_transfer,edmd,12500,12000,0.0166666669,39.25,10,100,0.5,nan,0.100050721,0.100050721,1,39.25,1e+09,50;50,1,0.0416666667,1,1,0.00999999978,100,1000,nan,39.25,1,step,71.5700022,-5,step,6.92999983,5,nan,nan,5,nan,nan,540.479494,0.012272479,2.27066506e-05,0.999977293,540.467221,8.23389065e-11,0.000131662804,0.000131662722,2.43603547e-07,20,1.46665955,/Users/chrisharing/Desktop/CCS_complex_coupled_systems/Repo/HardDisks/hspist3/experiments_energy_transfer/level2_fast_20260918/u5/tr_9209.csv,21.2833252,19.8166656,1,"./00ALLINONE_ramp --mode=edmd --experiment=energy_transfer --headless --quiet --edmd-acc=0 --seed-drift-order=drift-first --energy-transfer-summary=experiments_energy_transfer/level2_fast_20260918/u5/summary.csv --energy-transfer-trace=experiments_energy_transfer/level2_fast_20260918/u5/tr_9209.csv --particles=100 --particles-boxes=50,50 --particle-radius=0.5 --l0=39.25 --height=10 --num-walls=1 --wall-positions=39.25 --wall-mass-factors=1000000000 --piston-right-protocol-mode=step --velocity-right-piston-step=5 --max-right-piston-travel=6.93 --auto-piston-step --wall-hold-steps=12000 --steps=12500 --fixed-dt=0.4 --energy-measurement --eff-output=wall-ke --kbt1 --seed=9209",9209
2026-09-18 12:50:44,energy_transfer,edmd,12500,12000,0.0166666669,39.25,10,100,0.5,nan,0.100050721,0.100050721,1,39.25,1e+09,50;50,1,0.0416666667,1,1,0.00999999978,100,1000,nan,39.25,1,step,71.5700022,-5,step,6.92999983,5,nan,nan,5,nan,nan,650.24867,0.0172102433,2.64671718e-05,0.999973533,650.23146,8.32731306e-09,0.000192485168,0.00019247684,2.96004973e-07,20,1.46665955,/Users/chrisharing/Desktop/CCS_complex_coupled_systems/Repo/HardDisks/hspist3/experiments_energy_transfer/level2_fast_20260918/u5/tr_9210.csv,21.3499908,19.8833313,1,"./00ALLINONE_ramp --mode=edmd --experiment=energy_transfer --headless --quiet --edmd-acc=0 --seed-drift-order=drift-first --energy-transfer-summary=experiments_energy_transfer/level2_fast_20260918/u5/summary.csv --energy-transfer-trace=experiments_energy_transfer/level2_fast_20260918/u5/tr_9210.csv --particles=100 --particles-boxes=50,50 --particle-radius=0.5 --l0=39.25 --height=10 --num-walls=1 --wall-positions=39.25 --wall-mass-factors=1000000000 --piston-right-protocol-mode=step --velocity-right-piston-step=5 --max-right-piston-travel=6.93 --auto-piston-step --wall-hold-steps=12000 --steps=12500 --fixed-dt=0.4 --energy-measurement --eff-output=wall-ke --kbt1 --seed=9210",9210
2026-09-18 12:50:44,energy_transfer,edmd,12500,12000,0.0166666669,39.25,10,100,0.5,nan,0.100050721,0.100050721,1,39.25,1e+09,50;50,1,0.0416666667,1,1,0.00999999978,100,1000,nan,39.25,1,step,71.5700022,-5,step,6.92999983,5,nan,nan,5,nan,nan,348.729823,0.0050074514,1.43591143e-05,0.999985641,348.724816,1.97655226e-09,4.91069368e-05,4.91049602e-05,1.408109e-07,20,1.46665955,/Users/chrisharing/Desktop/CCS_complex_coupled_systems/Repo/HardDisks/hspist3/experiments_energy_transfer/level2_fast_20260918/u5/tr_9215.csv,20.7833252,19.3166656,1,"./00ALLINONE_ramp --mode=edmd --experiment=energy_transfer --headless --quiet --edmd-acc=0 --seed-drift-order=drift-first --energy-transfer-summary=experiments_energy_transfer/level2_fast_20260918/u5/summary.csv --energy-transfer-trace=experiments_energy_transfer/level2_fast_20260918/u5/tr_9215.csv --particles=100 --particles-boxes=50,50 --particle-radius=0.5 --l0=39.25 --height=10 --num-walls=1 --wall-positions=39.25 --wall-mass-factors=1000000000 --piston-right-protocol-mode=step --velocity-right-piston-step=5 --max-right-piston-travel=6.93 --auto-piston-step --wall-hold-steps=12000 --steps=12500 --fixed-dt=0.4 --energy-measurement --eff-output=wall-ke --kbt1 --seed=9215",9215
2026-09-18 12:50:45,energy_transfer,edmd,12500,12000,0.0166666669,39.25,10,100,0.5,nan,0.100050721,0.100050721,1,39.25,1e+09,50;50,1,0.0416666667,1,1,0.00999999978,100,1000,nan,39.25,1,step,71.5700022,-5,step,6.92999983,5,nan,nan,5,nan,nan,356.04887,0.00536794681,1.50764327e-05,0.999984924,356.043502,4.95448571e-09,5.50974946e-05,5.50925401e-05,1.54733085e-07,20,1.46665955,/Users/chrisharing/Desktop/CCS_complex_coupled_systems/Repo/HardDisks/hspist3/experiments_energy_transfer/level2_fast_20260918/u5/tr_9216.csv,21.4666595,20,1,"./00ALLINONE_ramp --mode=edmd --experiment=energy_transfer --headless --quiet --edmd-acc=0 --seed-drift-order=drift-first --energy-transfer-summary=experiments_energy_transfer/level2_fast_20260918/u5/summary.csv --energy-transfer-trace=experiments_energy_transfer/level2_fast_20260918/u5/tr_9216.csv --particles=100 --particles-boxes=50,50 --particle-radius=0.5 --l0=39.25 --height=10 --num-walls=1 --wall-positions=39.25 --wall-mass-factors=1000000000 --piston-right-protocol-mode=step --velocity-right-piston-step=5 --max-right-piston-travel=6.93 --auto-piston-step --wall-hold-steps=12000 --steps=12500 --fixed-dt=0.4 --energy-measurement --eff-output=wall-ke --kbt1 --seed=9216",9216
2026-09-18 12:50:45,energy_transfer,edmd,12500,12000,0.0166666669,39.25,10,100,0.5,nan,0.100050721,0.100050721,1,39.25,1e+09,50;50,1,0.0416666667,1,1,0.00999999978,100,1000,nan,39.25,1,step,71.5700022,-5,step,6.92999983,5,nan,nan,5,nan,nan,590.56777,0.0149937281,2.53886664e-05,0.999974611,590.552777,1.15411636e-09,0.000160181371,0.000160180217,2.71230881e-07,20,1.46665955,/Users/chrisharing/Desktop/CCS_complex_coupled_systems/Repo/HardDisks/hspist3/experiments_energy_transfer/level2_fast_20260918/u5/tr_9218.csv,21.3499908,19.8833313,1,"./00ALLINONE_ramp --mode=edmd --experiment=energy_transfer --headless --quiet --edmd-acc=0 --seed-drift-order=drift-first --energy-transfer-summary=experiments_energy_transfer/level2_fast_20260918/u5/summary.csv --energy-transfer-trace=experiments_energy_transfer/level2_fast_20260918/u5/tr_9218.csv --particles=100 --particles-boxes=50,50 --particle-radius=0.5 --l0=39.25 --height=10 --num-walls=1 --wall-positions=39.25 --wall-mass-factors=1000000000 --piston-right-protocol-mode=step --velocity-right-piston-step=5 --max-right-piston-travel=6.93 --auto-piston-step --wall-hold-steps=12000 --steps=12500 --fixed-dt=0.4 --energy-measurement --eff-output=wall-ke --kbt1 --seed=9218",9218
2026-09-18 12:50:45,energy_transfer,edmd,12500,12000,0.0166666669,39.25,10,100,0.5,nan,0.100050721,0.100050721,1,39.25,1e+09,50;50,1,0.0416666667,1,1,0.00999999978,100,1000,nan,39.25,1,step,71.5700022,-5,step,6.92999983,5,nan,nan,5,nan,nan,422.54619,0.00756079843,1.78934247e-05,0.999982107,422.538629,8.95871766e-10,9.05474008e-05,9.05465049e-05,2.14287827e-07,20,1.46665955,/Users/chrisharing/Desktop/CCS_complex_coupled_systems/Repo/HardDisks/hspist3/experiments_energy_transfer/level2_fast_20260918/u5/tr_9221.csv,21.0333252,19.5666656,1,"./00ALLINONE_ramp --mode=edmd --experiment=energy_transfer --headless --quiet --edmd-acc=0 --seed-drift-order=drift-first --energy-transfer-summary=experiments_energy_transfer/level2_fast_20260918/u5/summary.csv --energy-transfer-trace=experiments_energy_transfer/level2_fast_20260918/u5/tr_9221.csv --particles=100 --particles-boxes=50,50 --particle-radius=0.5 --l0=39.25 --height=10 --num-walls=1 --wall-positions=39.25 --wall-mass-factors=1000000000 --piston-right-protocol-mode=step --velocity-right-piston-step=5 --max-right-piston-travel=6.93 --auto-piston-step --wall-hold-steps=12000 --steps=12500 --fixed-dt=0.4 --energy-measurement --eff-output=wall-ke --kbt1 --seed=9221",9221
2026-09-18 12:50:45,energy_transfer,edmd,12500,12000,0.0166666669,39.25,10,100,0.5,nan,0.100050721,0.100050721,1,39.25,1e+09,50;50,1,0.0416666667,1,1,0.00999999978,100,1000,nan,39.25,1,step,71.5700022,-5,step,6.92999983,5,nan,nan,5,nan,nan,416.376507,0.00721788406,1.73349935e-05,0.999982665,416.36929,4.46976056e-09,7.50890395e-05,7.50845697e-05,1.80328545e-07,20,1.46665955,/Users/chrisharing/Desktop/CCS_complex_coupled_systems/Repo/HardDisks/hspist3/experiments_energy_transfer/level2_fast_20260918/u5/tr_9220.csv,20.9999847,19.5333252,1,"./00ALLINONE_ramp --mode=edmd --experiment=energy_transfer --headless --quiet --edmd-acc=0 --seed-drift-order=drift-first --energy-transfer-summary=experiments_energy_transfer/level2_fast_20260918/u5/summary.csv --energy-transfer-trace=experiments_energy_transfer/level2_fast_20260918/u5/tr_9220.csv --particles=100 --particles-boxes=50,50 --particle-radius=0.5 --l0=39.25 --height=10 --num-walls=1 --wall-positions=39.25 --wall-mass-factors=1000000000 --piston-right-protocol-mode=step --velocity-right-piston-step=5 --max-right-piston-travel=6.93 --auto-piston-step --wall-hold-steps=12000 --steps=12500 --fixed-dt=0.4 --energy-measurement --eff-output=wall-ke --kbt1 --seed=9220",9220
2026-09-18 12:50:45,energy_transfer,edmd,12500,12000,0.0166666669,39.25,10,100,0.5,nan,0.100050721,0.100050721,1,39.25,1e+09,50;50,1,0.0416666667,1,1,0.00999999978,100,1000,nan,39.25,1,step,71.5700022,-5,step,6.92999983,5,nan,nan,5,nan,nan,716.42377,0.0215695351,3.01072299e-05,0.999969893,716.402201,1.29811251e-09,0.00023413969,0.000234138392,3.26815499e-07,20,1.46665955,/Users/chrisharing/Desktop/CCS_complex_coupled_systems/Repo/HardDisks/hspist3/experiments_energy_transfer/level2_fast_20260918/u5/tr_9217.csv,21.3666534,19.8999939,1,"./00ALLINONE_ramp --mode=edmd --experiment=energy_transfer --headless --quiet --edmd-acc=0 --seed-drift-order=drift-first --energy-transfer-summary=experiments_energy_transfer/level2_fast_20260918/u5/summary.csv --energy-transfer-trace=experiments_energy_transfer/level2_fast_20260918/u5/tr_9217.csv --particles=100 --particles-boxes=50,50 --particle-radius=0.5 --l0=39.25 --height=10 --num-walls=1 --wall-positions=39.25 --wall-mass-factors=1000000000 --piston-right-protocol-mode=step --velocity-right-piston-step=5 --max-right-piston-travel=6.93 --auto-piston-step --wall-hold-steps=12000 --steps=12500 --fixed-dt=0.4 --energy-measurement --eff-output=wall-ke --kbt1 --seed=9217",9217
2026-09-18 12:50:45,energy_transfer,edmd,12500,12000,0.0166666669,39.25,10,100,0.5,nan,0.100050721,0.100050721,1,39.25,1e+09,50;50,1,0.0416666667,1,1,0.00999999978,100,1000,nan,39.25,1,step,71.5700022,-5,step,6.92999983,5,nan,nan,5,nan,nan,383.400951,0.00650723558,1.69724033e-05,0.999983028,383.394444,7.96475064e-09,6.39860809e-05,6.39781162e-05,1.66869999e-07,20,1.46665955,/Users/chrisharing/Desktop/CCS_complex_coupled_systems/Repo/HardDisks/hspist3/experiments_energy_transfer/level2_fast_20260918/u5/tr_9222.csv,20.6833191,19.2166595,1,"./00ALLINONE_ramp --mode=edmd --experiment=energy_transfer --headless --quiet --edmd-acc=0 --seed-drift-order=drift-first --energy-transfer-summary=experiments_energy_transfer/level2_fast_20260918/u5/summary.csv --energy-transfer-trace=experiments_energy_transfer/level2_fast_20260918/u5/tr_9222.csv --particles=100 --particles-boxes=50,50 --particle-radius=0.5 --l0=39.25 --height=10 --num-walls=1 --wall-positions=39.25 --wall-mass-factors=1000000000 --piston-right-protocol-mode=step --velocity-right-piston-step=5 --max-right-piston-travel=6.93 --auto-piston-step --wall-hold-steps=12000 --steps=12500 --fixed-dt=0.4 --energy-measurement --eff-output=wall-ke --kbt1 --seed=9222",9222
2026-09-18 12:50:45,energy_transfer,edmd,12500,12000,0.0166666669,39.25,10,100,0.5,nan,0.100050721,0.100050721,1,39.25,1e+09,50;50,1,0.0416666667,1,1,0.00999999978,100,1000,nan,39.25,1,step,71.5700022,-5,step,6.92999983,5,nan,nan,5,nan,nan,346.631039,0.00522234663,1.50660098e-05,0.999984934,346.625817,1.4149431e-08,6.78531069e-05,6.78389575e-05,1.95709414e-07,20,1.46665955,/Users/chrisharing/Desktop/CCS_complex_coupled_systems/Repo/HardDisks/hspist3/experiments_energy_transfer/level2_fast_20260918/u5/tr_9224.csv,21.1833191,19.7166595,1,"./00ALLINONE_ramp --mode=edmd --experiment=energy_transfer --headless --quiet --edmd-acc=0 --seed-drift-order=drift-first --energy-transfer-summary=experiments_energy_transfer/level2_fast_20260918/u5/summary.csv --energy-transfer-trace=experiments_energy_transfer/level2_fast_20260918/u5/tr_9224.csv --particles=100 --particles-boxes=50,50 --particle-radius=0.5 --l0=39.25 --height=10 --num-walls=1 --wall-positions=39.25 --wall-mass-factors=1000000000 --piston-right-protocol-mode=step --velocity-right-piston-step=5 --max-right-piston-travel=6.93 --auto-piston-step --wall-hold-steps=12000 --steps=12500 --fixed-dt=0.4 --energy-measurement --eff-output=wall-ke --kbt1 --seed=9224",9224
2026-09-18 12:50:45,energy_transfer,edmd,12500,12000,0.0166666669,39.25,10,100,0.5,nan,0.100050721,0.100050721,1,39.25,1e+09,50;50,1,0.0416666667,1,1,0.00999999978,100,1000,nan,39.25,1,step,71.5700022,-5,step,6.92999983,5,nan,nan,5,nan,nan,726.180927,0.0214803126,2.95798358e-05,0.99997042,726.159447,7.48307283e-09,0.000242971015,0.000242963532,3.34577132e-07,20,1.46665955,/Users/chrisharing/Desktop/CCS_complex_coupled_systems/Repo/HardDisks/hspist3/experiments_energy_transfer/level2_fast_20260918/u5/tr_9219.csv,21.3166656,19.8500061,1,"./00ALLINONE_ramp --mode=edmd --experiment=energy_transfer --headless --quiet --edmd-acc=0 --seed-drift-order=drift-first --energy-transfer-summary=experiments_energy_transfer/level2_fast_20260918/u5/summary.csv --energy-transfer-trace=experiments_energy_transfer/level2_fast_20260918/u5/tr_9219.csv --particles=100 --particles-boxes=50,50 --particle-radius=0.5 --l0=39.25 --height=10 --num-walls=1 --wall-positions=39.25 --wall-mass-factors=1000000000 --piston-right-protocol-mode=step --velocity-right-piston-step=5 --max-right-piston-travel=6.93 --auto-piston-step --wall-hold-steps=12000 --steps=12500 --fixed-dt=0.4 --energy-measurement --eff-output=wall-ke --kbt1 --seed=9219",9219
2026-09-18 12:50:45,energy_transfer,edmd,12500,12000,0.0166666669,39.25,10,100,0.5,nan,0.100050721,0.100050721,1,39.25,1e+09,50;50,1,0.0416666667,1,1,0.00999999978,100,1000,nan,39.25,1,step,71.5700022,-5,step,6.92999983,5,nan,nan,5,nan,nan,491.545546,0.00978735648,1.99113929e-05,0.999980089,491.535759,0,0.000104041632,0.000104041632,2.11662241e-07,20,1.46665955,/Users/chrisharing/Desktop/CCS_complex_coupled_systems/Repo/HardDisks/hspist3/experiments_energy_transfer/level2_fast_20260918/u5/tr_9225.csv,20.5666656,19.1000061,1,"./00ALLINONE_ramp --mode=edmd --experiment=energy_transfer --headless --quiet --edmd-acc=0 --seed-drift-order=drift-first --energy-transfer-summary=experiments_energy_transfer/level2_fast_20260918/u5/summary.csv --energy-transfer-trace=experiments_energy_transfer/level2_fast_20260918/u5/tr_9225.csv --particles=100 --particles-boxes=50,50 --particle-radius=0.5 --l0=39.25 --height=10 --num-walls=1 --wall-positions=39.25 --wall-mass-factors=1000000000 --piston-right-protocol-mode=step --velocity-right-piston-step=5 --max-right-piston-travel=6.93 --auto-piston-step --wall-hold-steps=12000 --steps=12500 --fixed-dt=0.4 --energy-measurement --eff-output=wall-ke --kbt1 --seed=9225",9225
2026-09-18 12:50:45,energy_transfer,edmd,12500,12000,0.0166666669,39.25,10,100,0.5,nan,0.100050721,0.100050721,1,39.25,1e+09,50;50,1,0.0416666667,1,1,0.00999999978,100,1000,nan,39.25,1,step,71.5700022,-5,step,6.92999983,5,nan,nan,5,nan,nan,560.877234,0.0135042658,2.40770439e-05,0.999975923,560.86373,2.26540287e-10,0.0001331737,0.000133173474,2.37437831e-07,20,1.46665955,/Users/chrisharing/Desktop/CCS_complex_coupled_systems/Repo/HardDisks/hspist3/experiments_energy_transfer/level2_fast_20260918/u5/tr_9223.csv,20.6833191,19.2166595,1,"./00ALLINONE_ramp --mode=edmd --experiment=energy_transfer --headless --quiet --edmd-acc=0 --seed-drift-order=drift-first --energy-transfer-summary=experiments_energy_transfer/level2_fast_20260918/u5/summary.csv --energy-transfer-trace=experiments_energy_transfer/level2_fast_20260918/u5/tr_9223.csv --particles=100 --particles-boxes=50,50 --particle-radius=0.5 --l0=39.25 --height=10 --num-walls=1 --wall-positions=39.25 --wall-mass-factors=1000000000 --piston-right-protocol-mode=step --velocity-right-piston-step=5 --max-right-piston-travel=6.93 --auto-piston-step --wall-hold-steps=12000 --steps=12500 --fixed-dt=0.4 --energy-measurement --eff-output=wall-ke --kbt1 --seed=9223",9223
2026-09-18 12:50:45,energy_transfer,edmd,12500,12000,0.0166666669,39.25,10,100,0.5,nan,0.100050721,0.100050721,1,39.25,1e+09,50;50,1,0.0416666667,1,1,0.00999999978,100,1000,nan,39.25,1,step,71.5700022,-5,step,6.92999983,5,nan,nan,5,nan,nan,368.118631,0.005801728,1.57604845e-05,0.99998424,368.112829,6.20436857e-09,7.05962739e-05,7.05900695e-05,1.91759024e-07,20,1.46665955,/Users/chrisharing/Desktop/CCS_complex_coupled_systems/Repo/HardDisks/hspist3/experiments_energy_transfer/level2_fast_20260918/u5/tr_9226.csv,20.6999969,19.2333374,1,"./00ALLINONE_ramp --mode=edmd --experiment=energy_transfer --headless --quiet --edmd-acc=0 --seed-drift-order=drift-first --energy-transfer-summary=experiments_energy_transfer/level2_fast_20260918/u5/summary.csv --energy-transfer-trace=experiments_energy_transfer/level2_fast_20260918/u5/tr_9226.csv --particles=100 --particles-boxes=50,50 --particle-radius=0.5 --l0=39.25 --height=10 --num-walls=1 --wall-positions=39.25 --wall-mass-factors=1000000000 --piston-right-protocol-mode=step --velocity-right-piston-step=5 --max-right-piston-travel=6.93 --auto-piston-step --wall-hold-steps=12000 --steps=12500 --fixed-dt=0.4 --energy-measurement --eff-output=wall-ke --kbt1 --seed=9226",9226
2026-09-18 12:50:46,energy_transfer,edmd,12500,12000,0.0166666669,39.25,10,100,0.5,nan,0.100050721,0.100050721,1,39.25,1e+09,50;50,1,0.0416666667,1,1,0.00999999978,100,1000,nan,39.25,1,step,71.5700022,-5,step,6.92999983,5,nan,nan,5,nan,nan,398.39476,0.00683347508,1.71525225e-05,0.999982847,398.387926,8.35851457e-11,6.45859836e-05,6.45859001e-05,1.62115335e-07,20,1.46665955,/Users/chrisharing/Desktop/CCS_complex_coupled_systems/Repo/HardDisks/hspist3/experiments_energy_transfer/level2_fast_20260918/u5/tr_9227.csv,21.4333191,19.9666595,1,"./00ALLINONE_ramp --mode=edmd --experiment=energy_transfer --headless --quiet --edmd-acc=0 --seed-drift-order=drift-first --energy-transfer-summary=experiments_energy_transfer/level2_fast_20260918/u5/summary.csv --energy-transfer-trace=experiments_energy_transfer/level2_fast_20260918/u5/tr_9227.csv --particles=100 --particles-boxes=50,50 --particle-radius=0.5 --l0=39.25 --height=10 --num-walls=1 --wall-positions=39.25 --wall-mass-factors=1000000000 --piston-right-protocol-mode=step --velocity-right-piston-step=5 --max-right-piston-travel=6.93 --auto-piston-step --wall-hold-steps=12000 --steps=12500 --fixed-dt=0.4 --energy-measurement --eff-output=wall-ke --kbt1 --seed=9227",9227
2026-09-18 12:50:46,energy_transfer,edmd,12500,12000,0.0166666669,39.25,10,100,0.5,nan,0.100050721,0.100050721,1,39.25,1e+09,50;50,1,0.0416666667,1,1,0.00999999978,100,1000,nan,39.25,1,step,71.5700022,-5,step,6.92999983,5,nan,nan,5,nan,nan,393.541474,0.00665547885,1.69117597e-05,0.999983088,393.534819,1.01868691e-09,7.88249599e-05,7.88239412e-05,2.00293861e-07,20,1.46665955,/Users/chrisharing/Desktop/CCS_complex_coupled_systems/Repo/HardDisks/hspist3/experiments_energy_transfer/level2_fast_20260918/u5/tr_9228.csv,21.0999908,19.6333313,1,"./00ALLINONE_ramp --mode=edmd --experiment=energy_transfer --headless --quiet --edmd-acc=0 --seed-drift-order=drift-first --energy-transfer-summary=experiments_energy_transfer/level2_fast_20260918/u5/summary.csv --energy-transfer-trace=experiments_energy_transfer/level2_fast_20260918/u5/tr_9228.csv --particles=100 --particles-boxes=50,50 --particle-radius=0.5 --l0=39.25 --height=10 --num-walls=1 --wall-positions=39.25 --wall-mass-factors=1000000000 --piston-right-protocol-mode=step --velocity-right-piston-step=5 --max-right-piston-travel=6.93 --auto-piston-step --wall-hold-steps=12000 --steps=12500 --fixed-dt=0.4 --energy-measurement --eff-output=wall-ke --kbt1 --seed=9228",9228
2026-09-18 12:50:46,energy_transfer,edmd,12500,12000,0.0166666669,39.25,10,100,0.5,nan,0.100050721,0.100050721,1,39.25,1e+09,50;50,1,0.0416666667,1,1,0.00999999978,100,1000,nan,39.25,1,step,71.5700022,-5,step,6.92999983,5,nan,nan,5,nan,nan,449.903994,0.00867694803,1.92862214e-05,0.999980714,449.895317,1.5586219e-09,9.88949687e-05,9.88934101e-05,2.19810029e-07,20,1.46665955,/Users/chrisharing/Desktop/CCS_complex_coupled_systems/Repo/HardDisks/hspist3/experiments_energy_transfer/level2_fast_20260918/u5/tr_9229.csv,21.0999908,19.6333313,1,"./00ALLINONE_ramp --mode=edmd --experiment=energy_transfer --headless --quiet --edmd-acc=0 --seed-drift-order=drift-first --energy-transfer-summary=experiments_energy_transfer/level2_fast_20260918/u5/summary.csv --energy-transfer-trace=experiments_energy_transfer/level2_fast_20260918/u5/tr_9229.csv --particles=100 --particles-boxes=50,50 --particle-radius=0.5 --l0=39.25 --height=10 --num-walls=1 --wall-positions=39.25 --wall-mass-factors=1000000000 --piston-right-protocol-mode=step --velocity-right-piston-step=5 --max-right-piston-travel=6.93 --auto-piston-step --wall-hold-steps=12000 --steps=12500 --fixed-dt=0.4 --energy-measurement --eff-output=wall-ke --kbt1 --seed=9229",9229
2026-09-18 12:50:46,energy_transfer,edmd,12500,12000,0.0166666669,39.25,10,100,0.5,nan,0.100050721,0.100050721,1,39.25,1e+09,50;50,1,0.0416666667,1,1,0.00999999978,100,1000,nan,39.25,1,step,71.5700022,-5,step,6.92999983,5,nan,nan,5,nan,nan,693.099471,0.0197697226,2.85236441e-05,0.999971476,693.079701,1.19688759e-09,0.000214898188,0.000214896991,3.10052164e-07,20,1.46665955,/Users/chrisharing/Desktop/CCS_complex_coupled_systems/Repo/HardDisks/hspist3/experiments_energy_transfer/level2_fast_20260918/u5/tr_9230.csv,20.6666565,19.1999969,1,"./00ALLINONE_ramp --mode=edmd --experiment=energy_transfer --headless --quiet --edmd-acc=0 --seed-drift-order=drift-first --energy-transfer-summary=experiments_energy_transfer/level2_fast_20260918/u5/summary.csv --energy-transfer-trace=experiments_energy_transfer/level2_fast_20260918/u5/tr_9230.csv --particles=100 --particles-boxes=50,50 --particle-radius=0.5 --l0=39.25 --height=10 --num-walls=1 --wall-positions=39.25 --wall-mass-factors=1000000000 --piston-right-protocol-mode=step --velocity-right-piston-step=5 --max-right-piston-travel=6.93 --auto-piston-step --wall-hold-steps=12000 --steps=12500 --fixed-dt=0.4 --energy-measurement --eff-output=wall-ke --kbt1 --seed=9230",9230
2026-09-18 12:50:46,energy_transfer,edmd,12500,12000,0.0166666669,39.25,10,100,0.5,nan,0.100050721,0.100050721,1,39.25,1e+09,50;50,1,0.0416666667,1,1,0.00999999978,100,1000,nan,39.25,1,step,71.5700022,-5,step,6.92999983,5,nan,nan,5,nan,nan,430.361676,0.00792740751,1.8420338e-05,0.99998158,430.353748,6.96987534e-09,7.13605405e-05,7.13535706e-05,1.65799082e-07,20,1.46665955,/Users/chrisharing/Desktop/CCS_complex_coupled_systems/Repo/HardDisks/hspist3/experiments_energy_transfer/level2_fast_20260918/u5/tr_9234.csv,21.0833282,19.6166687,1,"./00ALLINONE_ramp --mode=edmd --experiment=energy_transfer --headless --quiet --edmd-acc=0 --seed-drift-order=drift-first --energy-transfer-summary=experiments_energy_transfer/level2_fast_20260918/u5/summary.csv --energy-transfer-trace=experiments_energy_transfer/level2_fast_20260918/u5/tr_9234.csv --particles=100 --particles-boxes=50,50 --particle-radius=0.5 --l0=39.25 --height=10 --num-walls=1 --wall-positions=39.25 --wall-mass-factors=1000000000 --piston-right-protocol-mode=step --velocity-right-piston-step=5 --max-right-piston-travel=6.93 --auto-piston-step --wall-hold-steps=12000 --steps=12500 --fixed-dt=0.4 --energy-measurement --eff-output=wall-ke --kbt1 --seed=9234",9234
2026-09-18 12:50:46,energy_transfer,edmd,12500,12000,0.0166666669,39.25,10,100,0.5,nan,0.100050721,0.100050721,1,39.25,1e+09,50;50,1,0.0416666667,1,1,0.00999999978,100,1000,nan,39.25,1,step,71.5700022,-5,step,6.92999983,5,nan,nan,5,nan,nan,390.080996,0.00639773579,1.64010446e-05,0.999983599,390.074598,1.07234017e-08,6.3175823e-05,6.31650996e-05,1.61928164e-07,20,1.46665955,/Users/chrisharing/Desktop/CCS_complex_coupled_systems/Repo/HardDisks/hspist3/experiments_energy_transfer/level2_fast_20260918/u5/tr_9231.csv,20.8833313,19.4166718,1,"./00ALLINONE_ramp --mode=edmd --experiment=energy_transfer --headless --quiet --edmd-acc=0 --seed-drift-order=drift-first --energy-transfer-summary=experiments_energy_transfer/level2_fast_20260918/u5/summary.csv --energy-transfer-trace=experiments_energy_transfer/level2_fast_20260918/u5/tr_9231.csv --particles=100 --particles-boxes=50,50 --particle-radius=0.5 --l0=39.25 --height=10 --num-walls=1 --wall-positions=39.25 --wall-mass-factors=1000000000 --piston-right-protocol-mode=step --velocity-right-piston-step=5 --max-right-piston-travel=6.93 --auto-piston-step --wall-hold-steps=12000 --steps=12500 --fixed-dt=0.4 --energy-measurement --eff-output=wall-ke --kbt1 --seed=9231",9231
2026-09-18 12:50:46,energy_transfer,edmd,12500,12000,0.0166666669,39.25,10,100,0.5,nan,0.100050721,0.100050721,1,39.25,1e+09,50;50,1,0.0416666667,1,1,0.00999999978,100,1000,nan,39.25,1,step,71.5700022,-5,step,6.92999983,5,nan,nan,5,nan,nan,432.455067,0.00802153442,1.85488274e-05,0.999981451,432.447046,4.02753697e-09,9.12833639e-05,9.12793363e-05,2.11072417e-07,20,1.46665955,/Users/chrisharing/Desktop/CCS_complex_coupled_systems/Repo/HardDisks/hspist3/experiments_energy_transfer/level2_fast_20260918/u5/tr_9235.csv,20.9999847,19.5333252,1,"./00ALLINONE_ramp --mode=edmd --experiment=energy_transfer --headless --quiet --edmd-acc=0 --seed-drift-order=drift-first --energy-transfer-summary=experiments_energy_transfer/level2_fast_20260918/u5/summary.csv --energy-transfer-trace=experiments_energy_transfer/level2_fast_20260918/u5/tr_9235.csv --particles=100 --particles-boxes=50,50 --particle-radius=0.5 --l0=39.25 --height=10 --num-walls=1 --wall-positions=39.25 --wall-mass-factors=1000000000 --piston-right-protocol-mode=step --velocity-right-piston-step=5 --max-right-piston-travel=6.93 --auto-piston-step --wall-hold-steps=12000 --steps=12500 --fixed-dt=0.4 --energy-measurement --eff-output=wall-ke --kbt1 --seed=9235",9235
2026-09-18 12:50:46,energy_transfer,edmd,12500,12000,0.0166666669,39.25,10,100,0.5,nan,0.100050721,0.100050721,1,39.25,1e+09,50;50,1,0.0416666667,1,1,0.00999999978,100,1000,nan,39.25,1,step,71.5700022,-5,step,6.92999983,5,nan,nan,5,nan,nan,420.198496,0.0076373145,1.81754922e-05,0.999981825,420.190858,3.52903022e-08,6.9087524e-05,6.90522337e-05,1.64332415e-07,20,1.46665955,/Users/chrisharing/Desktop/CCS_complex_coupled_systems/Repo/HardDisks/hspist3/experiments_energy_transfer/level2_fast_20260918/u5/tr_9233.csv,20.7333221,19.2666626,1,"./00ALLINONE_ramp --mode=edmd --experiment=energy_transfer --headless --quiet --edmd-acc=0 --seed-drift-order=drift-first --energy-transfer-summary=experiments_energy_transfer/level2_fast_20260918/u5/summary.csv --energy-transfer-trace=experiments_energy_transfer/level2_fast_20260918/u5/tr_9233.csv --particles=100 --particles-boxes=50,50 --particle-radius=0.5 --l0=39.25 --height=10 --num-walls=1 --wall-positions=39.25 --wall-mass-factors=1000000000 --piston-right-protocol-mode=step --velocity-right-piston-step=5 --max-right-piston-travel=6.93 --auto-piston-step --wall-hold-steps=12000 --steps=12500 --fixed-dt=0.4 --energy-measurement --eff-output=wall-ke --kbt1 --seed=9233",9233
2026-09-18 12:50:46,energy_transfer,edmd,12500,12000,0.0166666669,39.25,10,100,0.5,nan,0.100050721,0.100050721,1,39.25,1e+09,50;50,1,0.0416666667,1,1,0.00999999978,100,1000,nan,39.25,1,step,71.5700022,-5,step,6.92999983,5,nan,nan,5,nan,nan,422.535504,0.00764694484,1.80977569e-05,0.999981902,422.527857,2.15058245e-12,6.8649897e-05,6.86498949e-05,1.62471305e-07,20,1.46665955,/Users/chrisharing/Desktop/CCS_complex_coupled_systems/Repo/HardDisks/hspist3/experiments_energy_transfer/level2_fast_20260918/u5/tr_9232.csv,19.5666656,18.1000061,1,"./00ALLINONE_ramp --mode=edmd --experiment=energy_transfer --headless --quiet --edmd-acc=0 --seed-drift-order=drift-first --energy-transfer-summary=experiments_energy_transfer/level2_fast_20260918/u5/summary.csv --energy-transfer-trace=experiments_energy_transfer/level2_fast_20260918/u5/tr_9232.csv --particles=100 --particles-boxes=50,50 --particle-radius=0.5 --l0=39.25 --height=10 --num-walls=1 --wall-positions=39.25 --wall-mass-factors=1000000000 --piston-right-protocol-mode=step --velocity-right-piston-step=5 --max-right-piston-travel=6.93 --auto-piston-step --wall-hold-steps=12000 --steps=12500 --fixed-dt=0.4 --energy-measurement --eff-output=wall-ke --kbt1 --seed=9232",9232
2026-09-18 12:50:46,energy_transfer,edmd,12500,12000,0.0166666669,39.25,10,100,0.5,nan,0.100050721,0.100050721,1,39.25,1e+09,50;50,1,0.0416666667,1,1,0.00999999978,100,1000,nan,39.25,1,step,71.5700022,-5,step,6.92999983,5,nan,nan,5,nan,nan,590.100615,0.0144403633,2.44710188e-05,0.999975529,590.086175,1.80832863e-10,0.000143716141,0.00014371596,2.4354484e-07,20,1.46665955,/Users/chrisharing/Desktop/CCS_complex_coupled_systems/Repo/HardDisks/hspist3/experiments_energy_transfer/level2_fast_20260918/u5/tr_9236.csv,21.1666565,19.6999969,1,"./00ALLINONE_ramp --mode=edmd --experiment=energy_transfer --headless --quiet --edmd-acc=0 --seed-drift-order=drift-first --energy-transfer-summary=experiments_energy_transfer/level2_fast_20260918/u5/summary.csv --energy-transfer-trace=experiments_energy_transfer/level2_fast_20260918/u5/tr_9236.csv --particles=100 --particles-boxes=50,50 --particle-radius=0.5 --l0=39.25 --height=10 --num-walls=1 --wall-positions=39.25 --wall-mass-factors=1000000000 --piston-right-protocol-mode=step --velocity-right-piston-step=5 --max-right-piston-travel=6.93 --auto-piston-step --wall-hold-steps=12000 --steps=12500 --fixed-dt=0.4 --energy-measurement --eff-output=wall-ke --kbt1 --seed=9236",9236
2026-09-18 12:50:46,energy_transfer,edmd,12500,12000,0.0166666669,39.25,10,100,0.5,nan,0.100050721,0.100050721,1,39.25,1e+09,50;50,1,0.0416666667,1,1,0.00999999978,100,1000,nan,39.25,1,step,71.5700022,-5,step,6.92999983,5,nan,nan,5,nan,nan,845.645856,0.0296176076,3.50236537e-05,0.999964976,845.616238,0,0.000280912936,0.000280912936,3.32187445e-07,20,1.46665955,/Users/chrisharing/Desktop/CCS_complex_coupled_systems/Repo/HardDisks/hspist3/experiments_energy_transfer/level2_fast_20260918/u5/tr_9237.csv,21.0999908,19.6333313,1,"./00ALLINONE_ramp --mode=edmd --experiment=energy_transfer --headless --quiet --edmd-acc=0 --seed-drift-order=drift-first --energy-transfer-summary=experiments_energy_transfer/level2_fast_20260918/u5/summary.csv --energy-transfer-trace=experiments_energy_transfer/level2_fast_20260918/u5/tr_9237.csv --particles=100 --particles-boxes=50,50 --particle-radius=0.5 --l0=39.25 --height=10 --num-walls=1 --wall-positions=39.25 --wall-mass-factors=1000000000 --piston-right-protocol-mode=step --velocity-right-piston-step=5 --max-right-piston-travel=6.93 --auto-piston-step --wall-hold-steps=12000 --steps=12500 --fixed-dt=0.4 --energy-measurement --eff-output=wall-ke --kbt1 --seed=9237",9237
2026-09-18 12:50:46,energy_transfer,edmd,12500,12000,0.0166666669,39.25,10,100,0.5,nan,0.100050721,0.100050721,1,39.25,1e+09,50;50,1,0.0416666667,1,1,0.00999999978,100,1000,nan,39.25,1,step,71.5700022,-5,step,6.92999983,5,nan,nan,5,nan,nan,301.933026,0.00405775104,1.34392421e-05,0.999986561,301.928969,7.96900768e-09,5.05412718e-05,5.05333028e-05,1.67365933e-07,20,1.46665955,/Users/chrisharing/Desktop/CCS_complex_coupled_systems/Repo/HardDisks/hspist3/experiments_energy_transfer/level2_fast_20260918/u5/tr_9242.csv,21.3333282,19.8666687,1,"./00ALLINONE_ramp --mode=edmd --experiment=energy_transfer --headless --quiet --edmd-acc=0 --seed-drift-order=drift-first --energy-transfer-summary=experiments_energy_transfer/level2_fast_20260918/u5/summary.csv --energy-transfer-trace=experiments_energy_transfer/level2_fast_20260918/u5/tr_9242.csv --particles=100 --particles-boxes=50,50 --particle-radius=0.5 --l0=39.25 --height=10 --num-walls=1 --wall-positions=39.25 --wall-mass-factors=1000000000 --piston-right-protocol-mode=step --velocity-right-piston-step=5 --max-right-piston-travel=6.93 --auto-piston-step --wall-hold-steps=12000 --steps=12500 --fixed-dt=0.4 --energy-measurement --eff-output=wall-ke --kbt1 --seed=9242",9242
2026-09-18 12:50:46,energy_transfer,edmd,12500,12000,0.0166666669,39.25,10,100,0.5,nan,0.100050721,0.100050721,1,39.25,1e+09,50;50,1,0.0416666667,1,1,0.00999999978,100,1000,nan,39.25,1,step,71.5700022,-5,step,6.92999983,5,nan,nan,5,nan,nan,574.279213,0.0138187101,2.4062703e-05,0.999975937,574.265394,0,0.000147501734,0.000147501734,2.56846724e-07,20,1.46665955,/Users/chrisharing/Desktop/CCS_complex_coupled_systems/Repo/HardDisks/hspist3/experiments_energy_transfer/level2_fast_20260918/u5/tr_9238.csv,20.4499969,18.9833374,1,"./00ALLINONE_ramp --mode=edmd --experiment=energy_transfer --headless --quiet --edmd-acc=0 --seed-drift-order=drift-first --energy-transfer-summary=experiments_energy_transfer/level2_fast_20260918/u5/summary.csv --energy-transfer-trace=experiments_energy_transfer/level2_fast_20260918/u5/tr_9238.csv --particles=100 --particles-boxes=50,50 --particle-radius=0.5 --l0=39.25 --height=10 --num-walls=1 --wall-positions=39.25 --wall-mass-factors=1000000000 --piston-right-protocol-mode=step --velocity-right-piston-step=5 --max-right-piston-travel=6.93 --auto-piston-step --wall-hold-steps=12000 --steps=12500 --fixed-dt=0.4 --energy-measurement --eff-output=wall-ke --kbt1 --seed=9238",9238
2026-09-18 12:50:46,energy_transfer,edmd,12500,12000,0.0166666669,39.25,10,100,0.5,nan,0.100050721,0.100050721,1,39.25,1e+09,50;50,1,0.0416666667,1,1,0.00999999978,100,1000,nan,39.25,1,step,71.5700022,-5,step,6.92999983,5,nan,nan,5,nan,nan,525.870844,0.0112674898,2.14263443e-05,0.999978574,525.859576,1.96775041e-08,0.000128318425,0.000128298747,2.43973874e-07,20,1.46665955,/Users/chrisharing/Desktop/CCS_complex_coupled_systems/Repo/HardDisks/hspist3/experiments_energy_transfer/level2_fast_20260918/u5/tr_9239.csv,21.0833282,19.6166687,1,"./00ALLINONE_ramp --mode=edmd --experiment=energy_transfer --headless --quiet --edmd-acc=0 --seed-drift-order=drift-first --energy-transfer-summary=experiments_energy_transfer/level2_fast_20260918/u5/summary.csv --energy-transfer-trace=experiments_energy_transfer/level2_fast_20260918/u5/tr_9239.csv --particles=100 --particles-boxes=50,50 --particle-radius=0.5 --l0=39.25 --height=10 --num-walls=1 --wall-positions=39.25 --wall-mass-factors=1000000000 --piston-right-protocol-mode=step --velocity-right-piston-step=5 --max-right-piston-travel=6.93 --auto-piston-step --wall-hold-steps=12000 --steps=12500 --fixed-dt=0.4 --energy-measurement --eff-output=wall-ke --kbt1 --seed=9239",9239
2026-09-18 12:50:46,energy_transfer,edmd,12500,12000,0.0166666669,39.25,10,100,0.5,nan,0.100050721,0.100050721,1,39.25,1e+09,50;50,1,0.0416666667,1,1,0.00999999978,100,1000,nan,39.25,1,step,71.5700022,-5,step,6.92999983,5,nan,nan,5,nan,nan,564.562713,0.0131915854,2.33660232e-05,0.999976634,564.549521,2.31263879e-08,0.000139608441,0.000139585314,2.47245011e-07,20,1.46665955,/Users/chrisharing/Desktop/CCS_complex_coupled_systems/Repo/HardDisks/hspist3/experiments_energy_transfer/level2_fast_20260918/u5/tr_9240.csv,21.0666656,19.6000061,1,"./00ALLINONE_ramp --mode=edmd --experiment=energy_transfer --headless --quiet --edmd-acc=0 --seed-drift-order=drift-first --energy-transfer-summary=experiments_energy_transfer/level2_fast_20260918/u5/summary.csv --energy-transfer-trace=experiments_energy_transfer/level2_fast_20260918/u5/tr_9240.csv --particles=100 --particles-boxes=50,50 --particle-radius=0.5 --l0=39.25 --height=10 --num-walls=1 --wall-positions=39.25 --wall-mass-factors=1000000000 --piston-right-protocol-mode=step --velocity-right-piston-step=5 --max-right-piston-travel=6.93 --auto-piston-step --wall-hold-steps=12000 --steps=12500 --fixed-dt=0.4 --energy-measurement --eff-output=wall-ke --kbt1 --seed=9240",9240
2026-09-18 12:50:46,energy_transfer,edmd,12500,12000,0.0166666669,39.25,10,100,0.5,nan,0.100050721,0.100050721,1,39.25,1e+09,50;50,1,0.0416666667,1,1,0.00999999978,100,1000,nan,39.25,1,step,71.5700022,-5,step,6.92999983,5,nan,nan,5,nan,nan,503.880231,0.010613461,2.10634599e-05,0.999978937,503.869617,1.84774462e-09,0.000115950395,0.000115948548,2.30111325e-07,20,1.46665955,/Users/chrisharing/Desktop/CCS_complex_coupled_systems/Repo/HardDisks/hspist3/experiments_energy_transfer/level2_fast_20260918/u5/tr_9241.csv,21.3999939,19.9333344,1,"./00ALLINONE_ramp --mode=edmd --experiment=energy_transfer --headless --quiet --edmd-acc=0 --seed-drift-order=drift-first --energy-transfer-summary=experiments_energy_transfer/level2_fast_20260918/u5/summary.csv --energy-transfer-trace=experiments_energy_transfer/level2_fast_20260918/u5/tr_9241.csv --particles=100 --particles-boxes=50,50 --particle-radius=0.5 --l0=39.25 --height=10 --num-walls=1 --wall-positions=39.25 --wall-mass-factors=1000000000 --piston-right-protocol-mode=step --velocity-right-piston-step=5 --max-right-piston-travel=6.93 --auto-piston-step --wall-hold-steps=12000 --steps=12500 --fixed-dt=0.4 --energy-measurement --eff-output=wall-ke --kbt1 --seed=9241",9241
2026-09-18 12:50:46,energy_transfer,edmd,12500,12000,0.0166666669,39.25,10,100,0.5,nan,0.100050721,0.100050721,1,39.25,1e+09,50;50,1,0.0416666667,1,1,0.00999999978,100,1000,nan,39.25,1,step,71.5700022,-5,step,6.92999983,5,nan,nan,5,nan,nan,443.29762,0.00837916601,1.89018971e-05,0.999981098,443.289241,5.88372073e-10,8.10759011e-05,8.10753127e-05,1.82891378e-07,20,1.46665955,/Users/chrisharing/Desktop/CCS_complex_coupled_systems/Repo/HardDisks/hspist3/experiments_energy_transfer/level2_fast_20260918/u5/tr_9245.csv,21.3833313,19.9166718,1,"./00ALLINONE_ramp --mode=edmd --experiment=energy_transfer --headless --quiet --edmd-acc=0 --seed-drift-order=drift-first --energy-transfer-summary=experiments_energy_transfer/level2_fast_20260918/u5/summary.csv --energy-transfer-trace=experiments_energy_transfer/level2_fast_20260918/u5/tr_9245.csv --particles=100 --particles-boxes=50,50 --particle-radius=0.5 --l0=39.25 --height=10 --num-walls=1 --wall-positions=39.25 --wall-mass-factors=1000000000 --piston-right-protocol-mode=step --velocity-right-piston-step=5 --max-right-piston-travel=6.93 --auto-piston-step --wall-hold-steps=12000 --steps=12500 --fixed-dt=0.4 --energy-measurement --eff-output=wall-ke --kbt1 --seed=9245",9245
2026-09-18 12:50:46,energy_transfer,edmd,12500,12000,0.0166666669,39.25,10,100,0.5,nan,0.100050721,0.100050721,1,39.25,1e+09,50;50,1,0.0416666667,1,1,0.00999999978,100,1000,nan,39.25,1,step,71.5700022,-5,step,6.92999983,5,nan,nan,5,nan,nan,449.016022,0.00818409771,1.82267387e-05,0.999981773,449.007838,0,8.90746305e-05,8.90746305e-05,1.98377399e-07,20,1.46665955,/Users/chrisharing/Desktop/CCS_complex_coupled_systems/Repo/HardDisks/hspist3/experiments_energy_transfer/level2_fast_20260918/u5/tr_9246.csv,21.4666595,20,1,"./00ALLINONE_ramp --mode=edmd --experiment=energy_transfer --headless --quiet --edmd-acc=0 --seed-drift-order=drift-first --energy-transfer-summary=experiments_energy_transfer/level2_fast_20260918/u5/summary.csv --energy-transfer-trace=experiments_energy_transfer/level2_fast_20260918/u5/tr_9246.csv --particles=100 --particles-boxes=50,50 --particle-radius=0.5 --l0=39.25 --height=10 --num-walls=1 --wall-positions=39.25 --wall-mass-factors=1000000000 --piston-right-protocol-mode=step --velocity-right-piston-step=5 --max-right-piston-travel=6.93 --auto-piston-step --wall-hold-steps=12000 --steps=12500 --fixed-dt=0.4 --energy-measurement --eff-output=wall-ke --kbt1 --seed=9246",9246
2026-09-18 12:50:46,energy_transfer,edmd,12500,12000,0.0166666669,39.25,10,100,0.5,nan,0.100050721,0.100050721,1,39.25,1e+09,50;50,1,0.0416666667,1,1,0.00999999978,100,1000,nan,39.25,1,step,71.5700022,-5,step,6.92999983,5,nan,nan,5,nan,nan,583.657349,0.0144671677,2.47870907e-05,0.999975213,583.642882,2.89787905e-09,0.000145336671,0.000145333773,2.490053e-07,20,1.46665955,/Users/chrisharing/Desktop/CCS_complex_coupled_systems/Repo/HardDisks/hspist3/experiments_energy_transfer/level2_fast_20260918/u5/tr_9243.csv,20.6999969,19.2333374,1,"./00ALLINONE_ramp --mode=edmd --experiment=energy_transfer --headless --quiet --edmd-acc=0 --seed-drift-order=drift-first --energy-transfer-summary=experiments_energy_transfer/level2_fast_20260918/u5/summary.csv --energy-transfer-trace=experiments_energy_transfer/level2_fast_20260918/u5/tr_9243.csv --particles=100 --particles-boxes=50,50 --particle-radius=0.5 --l0=39.25 --height=10 --num-walls=1 --wall-positions=39.25 --wall-mass-factors=1000000000 --piston-right-protocol-mode=step --velocity-right-piston-step=5 --max-right-piston-travel=6.93 --auto-piston-step --wall-hold-steps=12000 --steps=12500 --fixed-dt=0.4 --energy-measurement --eff-output=wall-ke --kbt1 --seed=9243",9243
2026-09-18 12:50:46,energy_transfer,edmd,12500,12000,0.0166666669,39.25,10,100,0.5,nan,0.100050721,0.100050721,1,39.25,1e+09,50;50,1,0.0416666667,1,1,0.00999999978,100,1000,nan,39.25,1,step,71.5700022,-5,step,6.92999983,5,nan,nan,5,nan,nan,645.279547,0.0176493265,2.73514426e-05,0.999972649,645.261897,6.11833384e-09,0.000175354508,0.000175348389,2.71740194e-07,20,1.46665955,/Users/chrisharing/Desktop/CCS_complex_coupled_systems/Repo/HardDisks/hspist3/experiments_energy_transfer/level2_fast_20260918/u5/tr_9244.csv,21.2333221,19.7666626,1,"./00ALLINONE_ramp --mode=edmd --experiment=energy_transfer --headless --quiet --edmd-acc=0 --seed-drift-order=drift-first --energy-transfer-summary=experiments_energy_transfer/level2_fast_20260918/u5/summary.csv --energy-transfer-trace=experiments_energy_transfer/level2_fast_20260918/u5/tr_9244.csv --particles=100 --particles-boxes=50,50 --particle-radius=0.5 --l0=39.25 --height=10 --num-walls=1 --wall-positions=39.25 --wall-mass-factors=1000000000 --piston-right-protocol-mode=step --velocity-right-piston-step=5 --max-right-piston-travel=6.93 --auto-piston-step --wall-hold-steps=12000 --steps=12500 --fixed-dt=0.4 --energy-measurement --eff-output=wall-ke --kbt1 --seed=9244",9244
2026-09-18 12:50:47,energy_transfer,edmd,12500,12000,0.0166666669,39.25,10,100,0.5,nan,0.100050721,0.100050721,1,39.25,1e+09,50;50,1,0.0416666667,1,1,0.00999999978,100,1000,nan,39.25,1,step,71.5700022,-5,step,6.92999983,5,nan,nan,5,nan,nan,508.968738,0.0110893417,2.17878641e-05,0.999978212,508.957649,3.26444249e-09,0.000118260679,0.000118257415,2.32347109e-07,20,1.46665955,/Users/chrisharing/Desktop/CCS_complex_coupled_systems/Repo/HardDisks/hspist3/experiments_energy_transfer/level2_fast_20260918/u5/tr_9247.csv,21.4166565,19.9499969,1,"./00ALLINONE_ramp --mode=edmd --experiment=energy_transfer --headless --quiet --edmd-acc=0 --seed-drift-order=drift-first --energy-transfer-summary=experiments_energy_transfer/level2_fast_20260918/u5/summary.csv --energy-transfer-trace=experiments_energy_transfer/level2_fast_20260918/u5/tr_9247.csv --particles=100 --particles-boxes=50,50 --particle-radius=0.5 --l0=39.25 --height=10 --num-walls=1 --wall-positions=39.25 --wall-mass-factors=1000000000 --piston-right-protocol-mode=step --velocity-right-piston-step=5 --max-right-piston-travel=6.93 --auto-piston-step --wall-hold-steps=12000 --steps=12500 --fixed-dt=0.4 --energy-measurement --eff-output=wall-ke --kbt1 --seed=9247",9247
2026-09-18 12:50:47,energy_transfer,edmd,12500,12000,0.0166666669,39.25,10,100,0.5,nan,0.100050721,0.100050721,1,39.25,1e+09,50;50,1,0.0416666667,1,1,0.00999999978,100,1000,nan,39.25,1,step,71.5700022,-5,step,6.92999983,5,nan,nan,5,nan,nan,497.00623,0.0100935353,2.03086696e-05,0.999979691,496.996137,0,9.93860012e-05,9.93860012e-05,1.99969327e-07,20,1.46665955,/Users/chrisharing/Desktop/CCS_complex_coupled_systems/Repo/HardDisks/hspist3/experiments_energy_transfer/level2_fast_20260918/u5/tr_9248.csv,21.1499939,19.6833344,1,"./00ALLINONE_ramp --mode=edmd --experiment=energy_transfer --headless --quiet --edmd-acc=0 --seed-drift-order=drift-first --energy-transfer-summary=experiments_energy_transfer/level2_fast_20260918/u5/summary.csv --energy-transfer-trace=experiments_energy_transfer/level2_fast_20260918/u5/tr_9248.csv --particles=100 --particles-boxes=50,50 --particle-radius=0.5 --l0=39.25 --height=10 --num-walls=1 --wall-positions=39.25 --wall-mass-factors=1000000000 --piston-right-protocol-mode=step --velocity-right-piston-step=5 --max-right-piston-travel=6.93 --auto-piston-step --wall-hold-steps=12000 --steps=12500 --fixed-dt=0.4 --energy-measurement --eff-output=wall-ke --kbt1 --seed=9248",9248
2026-09-18 12:50:47,energy_transfer,edmd,12500,12000,0.0166666669,39.25,10,100,0.5,nan,0.100050721,0.100050721,1,39.25,1e+09,50;50,1,0.0416666667,1,1,0.00999999978,100,1000,nan,39.25,1,step,71.5700022,-5,step,6.92999983,5,nan,nan,5,nan,nan,396.719656,0.00672555529,1.69529167e-05,0.999983047,396.71293,2.49992516e-09,9.18235601e-05,9.18210601e-05,2.31450746e-07,20,1.46665955,/Users/chrisharing/Desktop/CCS_complex_coupled_systems/Repo/HardDisks/hspist3/experiments_energy_transfer/level2_fast_20260918/u5/tr_9251.csv,20.9833221,19.5166626,1,"./00ALLINONE_ramp --mode=edmd --experiment=energy_transfer --headless --quiet --edmd-acc=0 --seed-drift-order=drift-first --energy-transfer-summary=experiments_energy_transfer/level2_fast_20260918/u5/summary.csv --energy-transfer-trace=experiments_energy_transfer/level2_fast_20260918/u5/tr_9251.csv --particles=100 --particles-boxes=50,50 --particle-radius=0.5 --l0=39.25 --height=10 --num-walls=1 --wall-positions=39.25 --wall-mass-factors=1000000000 --piston-right-protocol-mode=step --velocity-right-piston-step=5 --max-right-piston-travel=6.93 --auto-piston-step --wall-hold-steps=12000 --steps=12500 --fixed-dt=0.4 --energy-measurement --eff-output=wall-ke --kbt1 --seed=9251",9251
2026-09-18 12:50:47,energy_transfer,edmd,12500,12000,0.0166666669,39.25,10,100,0.5,nan,0.100050721,0.100050721,1,39.25,1e+09,50;50,1,0.0416666667,1,1,0.00999999978,100,1000,nan,39.25,1,step,71.5700022,-5,step,6.92999983,5,nan,nan,5,nan,nan,327.575964,0.00457065785,1.39529708e-05,0.999986047,327.571394,3.5518386e-09,5.33898528e-05,5.3386301e-05,1.62973804e-07,20,1.46665955,/Users/chrisharing/Desktop/CCS_complex_coupled_systems/Repo/HardDisks/hspist3/experiments_energy_transfer/level2_fast_20260918/u5/tr_9254.csv,21.4166565,19.9499969,1,"./00ALLINONE_ramp --mode=edmd --experiment=energy_transfer --headless --quiet --edmd-acc=0 --seed-drift-order=drift-first --energy-transfer-summary=experiments_energy_transfer/level2_fast_20260918/u5/summary.csv --energy-transfer-trace=experiments_energy_transfer/level2_fast_20260918/u5/tr_9254.csv --particles=100 --particles-boxes=50,50 --particle-radius=0.5 --l0=39.25 --height=10 --num-walls=1 --wall-positions=39.25 --wall-mass-factors=1000000000 --piston-right-protocol-mode=step --velocity-right-piston-step=5 --max-right-piston-travel=6.93 --auto-piston-step --wall-hold-steps=12000 --steps=12500 --fixed-dt=0.4 --energy-measurement --eff-output=wall-ke --kbt1 --seed=9254",9254
2026-09-18 12:50:47,energy_transfer,edmd,12500,12000,0.0166666669,39.25,10,100,0.5,nan,0.100050721,0.100050721,1,39.25,1e+09,50;50,1,0.0416666667,1,1,0.00999999978,100,1000,nan,39.25,1,step,71.5700022,-5,step,6.92999983,5,nan,nan,5,nan,nan,556.804059,0.0133099509,2.39041916e-05,0.999976096,556.790749,5.58760538e-10,0.000146541803,0.000146541244,2.63182787e-07,20,1.46665955,/Users/chrisharing/Desktop/CCS_complex_coupled_systems/Repo/HardDisks/hspist3/experiments_energy_transfer/level2_fast_20260918/u5/tr_9249.csv,20.3166656,18.8500061,1,"./00ALLINONE_ramp --mode=edmd --experiment=energy_transfer --headless --quiet --edmd-acc=0 --seed-drift-order=drift-first --energy-transfer-summary=experiments_energy_transfer/level2_fast_20260918/u5/summary.csv --energy-transfer-trace=experiments_energy_transfer/level2_fast_20260918/u5/tr_9249.csv --particles=100 --particles-boxes=50,50 --particle-radius=0.5 --l0=39.25 --height=10 --num-walls=1 --wall-positions=39.25 --wall-mass-factors=1000000000 --piston-right-protocol-mode=step --velocity-right-piston-step=5 --max-right-piston-travel=6.93 --auto-piston-step --wall-hold-steps=12000 --steps=12500 --fixed-dt=0.4 --energy-measurement --eff-output=wall-ke --kbt1 --seed=9249",9249
2026-09-18 12:50:47,energy_transfer,edmd,12500,12000,0.0166666669,39.25,10,100,0.5,nan,0.100050721,0.100050721,1,39.25,1e+09,50;50,1,0.0416666667,1,1,0.00999999978,100,1000,nan,39.25,1,step,71.5700022,-5,step,6.92999983,5,nan,nan,5,nan,nan,467.335723,0.00883820467,1.89118962e-05,0.999981088,467.326884,5.08322184e-09,0.000111072099,0.000111067015,2.37660016e-07,20,1.46665955,/Users/chrisharing/Desktop/CCS_complex_coupled_systems/Repo/HardDisks/hspist3/experiments_energy_transfer/level2_fast_20260918/u5/tr_9252.csv,20.9999847,19.5333252,1,"./00ALLINONE_ramp --mode=edmd --experiment=energy_transfer --headless --quiet --edmd-acc=0 --seed-drift-order=drift-first --energy-transfer-summary=experiments_energy_transfer/level2_fast_20260918/u5/summary.csv --energy-transfer-trace=experiments_energy_transfer/level2_fast_20260918/u5/tr_9252.csv --particles=100 --particles-boxes=50,50 --particle-radius=0.5 --l0=39.25 --height=10 --num-walls=1 --wall-positions=39.25 --wall-mass-factors=1000000000 --piston-right-protocol-mode=step --velocity-right-piston-step=5 --max-right-piston-travel=6.93 --auto-piston-step --wall-hold-steps=12000 --steps=12500 --fixed-dt=0.4 --energy-measurement --eff-output=wall-ke --kbt1 --seed=9252",9252
2026-09-18 12:50:47,energy_transfer,edmd,12500,12000,0.0166666669,39.25,10,100,0.5,nan,0.100050721,0.100050721,1,39.25,1e+09,50;50,1,0.0416666667,1,1,0.00999999978,100,1000,nan,39.25,1,step,71.5700022,-5,step,6.92999983,5,nan,nan,5,nan,nan,548.946639,0.012074681,2.19960924e-05,0.999978004,548.934564,1.72880033e-09,0.000120114433,0.000120112704,2.18805793e-07,20,1.46665955,/Users/chrisharing/Desktop/CCS_complex_coupled_systems/Repo/HardDisks/hspist3/experiments_energy_transfer/level2_fast_20260918/u5/tr_9250.csv,21.3833313,19.9166718,1,"./00ALLINONE_ramp --mode=edmd --experiment=energy_transfer --headless --quiet --edmd-acc=0 --seed-drift-order=drift-first --energy-transfer-summary=experiments_energy_transfer/level2_fast_20260918/u5/summary.csv --energy-transfer-trace=experiments_energy_transfer/level2_fast_20260918/u5/tr_9250.csv --particles=100 --particles-boxes=50,50 --particle-radius=0.5 --l0=39.25 --height=10 --num-walls=1 --wall-positions=39.25 --wall-mass-factors=1000000000 --piston-right-protocol-mode=step --velocity-right-piston-step=5 --max-right-piston-travel=6.93 --auto-piston-step --wall-hold-steps=12000 --steps=12500 --fixed-dt=0.4 --energy-measurement --eff-output=wall-ke --kbt1 --seed=9250",9250
2026-09-18 12:50:47,energy_transfer,edmd,12500,12000,0.0166666669,39.25,10,100,0.5,nan,0.100050721,0.100050721,1,39.25,1e+09,50;50,1,0.0416666667,1,1,0.00999999978,100,1000,nan,39.25,1,step,71.5700022,-5,step,6.92999983,5,nan,nan,5,nan,nan,373.229574,0.00599828595,1.6071304e-05,0.999983929,373.223575,1.41096299e-08,5.8560483e-05,5.85463734e-05,1.5686424e-07,20,1.46665955,/Users/chrisharing/Desktop/CCS_complex_coupled_systems/Repo/HardDisks/hspist3/experiments_energy_transfer/level2_fast_20260918/u5/tr_9255.csv,21.3666534,19.8999939,1,"./00ALLINONE_ramp --mode=edmd --experiment=energy_transfer --headless --quiet --edmd-acc=0 --seed-drift-order=drift-first --energy-transfer-summary=experiments_energy_transfer/level2_fast_20260918/u5/summary.csv --energy-transfer-trace=experiments_energy_transfer/level2_fast_20260918/u5/tr_9255.csv --particles=100 --particles-boxes=50,50 --particle-radius=0.5 --l0=39.25 --height=10 --num-walls=1 --wall-positions=39.25 --wall-mass-factors=1000000000 --piston-right-protocol-mode=step --velocity-right-piston-step=5 --max-right-piston-travel=6.93 --auto-piston-step --wall-hold-steps=12000 --steps=12500 --fixed-dt=0.4 --energy-measurement --eff-output=wall-ke --kbt1 --seed=9255",9255
2026-09-18 12:50:47,energy_transfer,edmd,12500,12000,0.0166666669,39.25,10,100,0.5,nan,0.100050721,0.100050721,1,39.25,1e+09,50;50,1,0.0416666667,1,1,0.00999999978,100,1000,nan,39.25,1,step,71.5700022,-5,step,6.92999983,5,nan,nan,5,nan,nan,571.294769,0.013809816,2.41728381e-05,0.999975827,571.280959,6.30336938e-09,0.000159322357,0.000159316054,2.78868392e-07,20,1.46665955,/Users/chrisharing/Desktop/CCS_complex_coupled_systems/Repo/HardDisks/hspist3/experiments_energy_transfer/level2_fast_20260918/u5/tr_9253.csv,20.8833313,19.4166718,1,"./00ALLINONE_ramp --mode=edmd --experiment=energy_transfer --headless --quiet --edmd-acc=0 --seed-drift-order=drift-first --energy-transfer-summary=experiments_energy_transfer/level2_fast_20260918/u5/summary.csv --energy-transfer-trace=experiments_energy_transfer/level2_fast_20260918/u5/tr_9253.csv --particles=100 --particles-boxes=50,50 --particle-radius=0.5 --l0=39.25 --height=10 --num-walls=1 --wall-positions=39.25 --wall-mass-factors=1000000000 --piston-right-protocol-mode=step --velocity-right-piston-step=5 --max-right-piston-travel=6.93 --auto-piston-step --wall-hold-steps=12000 --steps=12500 --fixed-dt=0.4 --energy-measurement --eff-output=wall-ke --kbt1 --seed=9253",9253
2026-09-18 12:50:47,energy_transfer,edmd,12500,12000,0.0166666669,39.25,10,100,0.5,nan,0.100050721,0.100050721,1,39.25,1e+09,50;50,1,0.0416666667,1,1,0.00999999978,100,1000,nan,39.25,1,step,71.5700022,-5,step,6.92999983,5,nan,nan,5,nan,nan,372.121387,0.00593159068,1.59399349e-05,0.99998406,372.115456,1.92616589e-10,6.68443317e-05,6.68441391e-05,1.79629931e-07,20,1.46665955,/Users/chrisharing/Desktop/CCS_complex_coupled_systems/Repo/HardDisks/hspist3/experiments_energy_transfer/level2_fast_20260918/u5/tr_9256.csv,21.3666534,19.8999939,1,"./00ALLINONE_ramp --mode=edmd --experiment=energy_transfer --headless --quiet --edmd-acc=0 --seed-drift-order=drift-first --energy-transfer-summary=experiments_energy_transfer/level2_fast_20260918/u5/summary.csv --energy-transfer-trace=experiments_energy_transfer/level2_fast_20260918/u5/tr_9256.csv --particles=100 --particles-boxes=50,50 --particle-radius=0.5 --l0=39.25 --height=10 --num-walls=1 --wall-positions=39.25 --wall-mass-factors=1000000000 --piston-right-protocol-mode=step --velocity-right-piston-step=5 --max-right-piston-travel=6.93 --auto-piston-step --wall-hold-steps=12000 --steps=12500 --fixed-dt=0.4 --energy-measurement --eff-output=wall-ke --kbt1 --seed=9256",9256
2026-09-18 12:50:47,energy_transfer,edmd,12500,12000,0.0166666669,39.25,10,100,0.5,nan,0.100050721,0.100050721,1,39.25,1e+09,50;50,1,0.0416666667,1,1,0.00999999978,100,1000,nan,39.25,1,step,71.5700022,-5,step,6.92999983,5,nan,nan,5,nan,nan,580.319243,0.0137268733,2.36540034e-05,0.999976346,580.305516,3.27143859e-08,0.000121693331,0.000121660616,2.09644291e-07,20,1.46665955,/Users/chrisharing/Desktop/CCS_complex_coupled_systems/Repo/HardDisks/hspist3/experiments_energy_transfer/level2_fast_20260918/u5/tr_9257.csv,19.7333221,18.2666626,1,"./00ALLINONE_ramp --mode=edmd --experiment=energy_transfer --headless --quiet --edmd-acc=0 --seed-drift-order=drift-first --energy-transfer-summary=experiments_energy_transfer/level2_fast_20260918/u5/summary.csv --energy-transfer-trace=experiments_energy_transfer/level2_fast_20260918/u5/tr_9257.csv --particles=100 --particles-boxes=50,50 --particle-radius=0.5 --l0=39.25 --height=10 --num-walls=1 --wall-positions=39.25 --wall-mass-factors=1000000000 --piston-right-protocol-mode=step --velocity-right-piston-step=5 --max-right-piston-travel=6.93 --auto-piston-step --wall-hold-steps=12000 --steps=12500 --fixed-dt=0.4 --energy-measurement --eff-output=wall-ke --kbt1 --seed=9257",9257
2026-09-18 12:50:48,energy_transfer,edmd,12500,12000,0.0166666669,39.25,10,100,0.5,nan,0.100050721,0.100050721,1,39.25,1e+09,50;50,1,0.0416666667,1,1,0.00999999978,100,1000,nan,39.25,1,step,71.5700022,-5,step,6.92999983,5,nan,nan,5,nan,nan,215.218383,0.00199487736,9.26908441e-06,0.999990731,215.216388,8.66788863e-09,1.90073097e-05,1.89986418e-05,8.82761108e-08,20,1.46665955,/Users/chrisharing/Desktop/CCS_complex_coupled_systems/Repo/HardDisks/hspist3/experiments_energy_transfer/level2_fast_20260918/u5/tr_9259.csv,18.9166565,17.4499969,0,"./00ALLINONE_ramp --mode=edmd --experiment=energy_transfer --headless --quiet --edmd-acc=0 --seed-drift-order=drift-first --energy-transfer-summary=experiments_energy_transfer/level2_fast_20260918/u5/summary.csv --energy-transfer-trace=experiments_energy_transfer/level2_fast_20260918/u5/tr_9259.csv --particles=100 --particles-boxes=50,50 --particle-radius=0.5 --l0=39.25 --height=10 --num-walls=1 --wall-positions=39.25 --wall-mass-factors=1000000000 --piston-right-protocol-mode=step --velocity-right-piston-step=5 --max-right-piston-travel=6.93 --auto-piston-step --wall-hold-steps=12000 --steps=12500 --fixed-dt=0.4 --energy-measurement --eff-output=wall-ke --kbt1 --seed=9259",9259
2026-09-18 12:50:48,energy_transfer,edmd,12500,12000,0.0166666669,39.25,10,100,0.5,nan,0.100050721,0.100050721,1,39.25,1e+09,50;50,1,0.0416666667,1,1,0.00999999978,100,1000,nan,39.25,1,step,71.5700022,-5,step,6.92999983,5,nan,nan,5,nan,nan,371.75733,0.0061422796,1.65222824e-05,0.999983478,371.751187,5.46316237e-09,6.61229278e-05,6.61174647e-05,1.77851139e-07,20,1.46665955,/Users/chrisharing/Desktop/CCS_complex_coupled_systems/Repo/HardDisks/hspist3/experiments_energy_transfer/level2_fast_20260918/u5/tr_9258.csv,20.8333282,19.3666687,1,"./00ALLINONE_ramp --mode=edmd --experiment=energy_transfer --headless --quiet --edmd-acc=0 --seed-drift-order=drift-first --energy-transfer-summary=experiments_energy_transfer/level2_fast_20260918/u5/summary.csv --energy-transfer-trace=experiments_energy_transfer/level2_fast_20260918/u5/tr_9258.csv --particles=100 --particles-boxes=50,50 --particle-radius=0.5 --l0=39.25 --height=10 --num-walls=1 --wall-positions=39.25 --wall-mass-factors=1000000000 --piston-right-protocol-mode=step --velocity-right-piston-step=5 --max-right-piston-travel=6.93 --auto-piston-step --wall-hold-steps=12000 --steps=12500 --fixed-dt=0.4 --energy-measurement --eff-output=wall-ke --kbt1 --seed=9258",9258
2026-09-18 12:50:48,energy_transfer,edmd,12500,12000,0.0166666669,39.25,10,100,0.5,nan,0.100050721,0.100050721,1,39.25,1e+09,50;50,1,0.0416666667,1,1,0.00999999978,100,1000,nan,39.25,1,step,71.5700022,-5,step,6.92999983,5,nan,nan,5,nan,nan,342.533378,0.00506499596,1.47868683e-05,0.999985213,342.528313,8.09368059e-11,4.8958871e-05,4.89587901e-05,1.42931443e-07,20,1.46665955,/Users/chrisharing/Desktop/CCS_complex_coupled_systems/Repo/HardDisks/hspist3/experiments_energy_transfer/level2_fast_20260918/u5/tr_9262.csv,21.3166656,19.8500061,1,"./00ALLINONE_ramp --mode=edmd --experiment=energy_transfer --headless --quiet --edmd-acc=0 --seed-drift-order=drift-first --energy-transfer-summary=experiments_energy_transfer/level2_fast_20260918/u5/summary.csv --energy-transfer-trace=experiments_energy_transfer/level2_fast_20260918/u5/tr_9262.csv --particles=100 --particles-boxes=50,50 --particle-radius=0.5 --l0=39.25 --height=10 --num-walls=1 --wall-positions=39.25 --wall-mass-factors=1000000000 --piston-right-protocol-mode=step --velocity-right-piston-step=5 --max-right-piston-travel=6.93 --auto-piston-step --wall-hold-steps=12000 --steps=12500 --fixed-dt=0.4 --energy-measurement --eff-output=wall-ke --kbt1 --seed=9262",9262
2026-09-18 12:50:48,energy_transfer,edmd,12500,12000,0.0166666669,39.25,10,100,0.5,nan,0.100050721,0.100050721,1,39.25,1e+09,50;50,1,0.0416666667,1,1,0.00999999978,100,1000,nan,39.25,1,step,71.5700022,-5,step,6.92999983,5,nan,nan,5,nan,nan,306.105868,0.00400737487,1.3091467e-05,0.999986909,306.10186,1.0921827e-08,3.99875717e-05,3.99766498e-05,1.30597463e-07,20,1.46665955,/Users/chrisharing/Desktop/CCS_complex_coupled_systems/Repo/HardDisks/hspist3/experiments_energy_transfer/level2_fast_20260918/u5/tr_9264.csv,21.1333313,19.6666718,1,"./00ALLINONE_ramp --mode=edmd --experiment=energy_transfer --headless --quiet --edmd-acc=0 --seed-drift-order=drift-first --energy-transfer-summary=experiments_energy_transfer/level2_fast_20260918/u5/summary.csv --energy-transfer-trace=experiments_energy_transfer/level2_fast_20260918/u5/tr_9264.csv --particles=100 --particles-boxes=50,50 --particle-radius=0.5 --l0=39.25 --height=10 --num-walls=1 --wall-positions=39.25 --wall-mass-factors=1000000000 --piston-right-protocol-mode=step --velocity-right-piston-step=5 --max-right-piston-travel=6.93 --auto-piston-step --wall-hold-steps=12000 --steps=12500 --fixed-dt=0.4 --energy-measurement --eff-output=wall-ke --kbt1 --seed=9264",9264
2026-09-18 12:50:48,energy_transfer,edmd,12500,12000,0.0166666669,39.25,10,100,0.5,nan,0.100050721,0.100050721,1,39.25,1e+09,50;50,1,0.0416666667,1,1,0.00999999978,100,1000,nan,39.25,1,step,71.5700022,-5,step,6.92999983,5,nan,nan,5,nan,nan,475.363367,0.00948304776,1.99490504e-05,0.999980051,475.353884,2.76758338e-10,0.000103521576,0.000103521299,2.17772983e-07,20,1.46665955,/Users/chrisharing/Desktop/CCS_complex_coupled_systems/Repo/HardDisks/hspist3/experiments_energy_transfer/level2_fast_20260918/u5/tr_9260.csv,21.2666626,19.8000031,1,"./00ALLINONE_ramp --mode=edmd --experiment=energy_transfer --headless --quiet --edmd-acc=0 --seed-drift-order=drift-first --energy-transfer-summary=experiments_energy_transfer/level2_fast_20260918/u5/summary.csv --energy-transfer-trace=experiments_energy_transfer/level2_fast_20260918/u5/tr_9260.csv --particles=100 --particles-boxes=50,50 --particle-radius=0.5 --l0=39.25 --height=10 --num-walls=1 --wall-positions=39.25 --wall-mass-factors=1000000000 --piston-right-protocol-mode=step --velocity-right-piston-step=5 --max-right-piston-travel=6.93 --auto-piston-step --wall-hold-steps=12000 --steps=12500 --fixed-dt=0.4 --energy-measurement --eff-output=wall-ke --kbt1 --seed=9260",9260
2026-09-18 12:50:48,energy_transfer,edmd,12500,12000,0.0166666669,39.25,10,100,0.5,nan,0.100050721,0.100050721,1,39.25,1e+09,50;50,1,0.0416666667,1,1,0.00999999978,100,1000,nan,39.25,1,step,71.5700022,-5,step,6.92999983,5,nan,nan,5,nan,nan,529.482445,0.0118170967,2.23182031e-05,0.999977682,529.470628,9.14666742e-09,0.00012070161,0.000120692464,2.27944221e-07,20,1.46665955,/Users/chrisharing/Desktop/CCS_complex_coupled_systems/Repo/HardDisks/hspist3/experiments_energy_transfer/level2_fast_20260918/u5/tr_9261.csv,20.8666534,19.3999939,1,"./00ALLINONE_ramp --mode=edmd --experiment=energy_transfer --headless --quiet --edmd-acc=0 --seed-drift-order=drift-first --energy-transfer-summary=experiments_energy_transfer/level2_fast_20260918/u5/summary.csv --energy-transfer-trace=experiments_energy_transfer/level2_fast_20260918/u5/tr_9261.csv --particles=100 --particles-boxes=50,50 --particle-radius=0.5 --l0=39.25 --height=10 --num-walls=1 --wall-positions=39.25 --wall-mass-factors=1000000000 --piston-right-protocol-mode=step --velocity-right-piston-step=5 --max-right-piston-travel=6.93 --auto-piston-step --wall-hold-steps=12000 --steps=12500 --fixed-dt=0.4 --energy-measurement --eff-output=wall-ke --kbt1 --seed=9261",9261
2026-09-18 12:50:48,energy_transfer,edmd,12500,12000,0.0166666669,39.25,10,100,0.5,nan,0.100050721,0.100050721,1,39.25,1e+09,50;50,1,0.0416666667,1,1,0.00999999978,100,1000,nan,39.25,1,step,71.5700022,-5,step,6.92999983,5,nan,nan,5,nan,nan,504.375557,0.0107808895,2.13747264e-05,0.999978625,504.364776,1.83454663e-09,0.000131151523,0.000131149688,2.60023877e-07,20,1.46665955,/Users/chrisharing/Desktop/CCS_complex_coupled_systems/Repo/HardDisks/hspist3/experiments_energy_transfer/level2_fast_20260918/u5/tr_9265.csv,20.9999847,19.5333252,1,"./00ALLINONE_ramp --mode=edmd --experiment=energy_transfer --headless --quiet --edmd-acc=0 --seed-drift-order=drift-first --energy-transfer-summary=experiments_energy_transfer/level2_fast_20260918/u5/summary.csv --energy-transfer-trace=experiments_energy_transfer/level2_fast_20260918/u5/tr_9265.csv --particles=100 --particles-boxes=50,50 --particle-radius=0.5 --l0=39.25 --height=10 --num-walls=1 --wall-positions=39.25 --wall-mass-factors=1000000000 --piston-right-protocol-mode=step --velocity-right-piston-step=5 --max-right-piston-travel=6.93 --auto-piston-step --wall-hold-steps=12000 --steps=12500 --fixed-dt=0.4 --energy-measurement --eff-output=wall-ke --kbt1 --seed=9265",9265
2026-09-18 12:50:48,energy_transfer,edmd,12500,12000,0.0166666669,39.25,10,100,0.5,nan,0.100050721,0.100050721,1,39.25,1e+09,50;50,1,0.0416666667,1,1,0.00999999978,100,1000,nan,39.25,1,step,71.5700022,-5,step,6.92999983,5,nan,nan,5,nan,nan,361.73248,0.005478309,1.51446423e-05,0.999984855,361.727002,3.83433389e-12,6.11077048e-05,6.1107701e-05,1.68930645e-07,20,1.46665955,/Users/chrisharing/Desktop/CCS_complex_coupled_systems/Repo/HardDisks/hspist3/experiments_energy_transfer/level2_fast_20260918/u5/tr_9266.csv,21.3499908,19.8833313,1,"./00ALLINONE_ramp --mode=edmd --experiment=energy_transfer --headless --quiet --edmd-acc=0 --seed-drift-order=drift-first --energy-transfer-summary=experiments_energy_transfer/level2_fast_20260918/u5/summary.csv --energy-transfer-trace=experiments_energy_transfer/level2_fast_20260918/u5/tr_9266.csv --particles=100 --particles-boxes=50,50 --particle-radius=0.5 --l0=39.25 --height=10 --num-walls=1 --wall-positions=39.25 --wall-mass-factors=1000000000 --piston-right-protocol-mode=step --velocity-right-piston-step=5 --max-right-piston-travel=6.93 --auto-piston-step --wall-hold-steps=12000 --steps=12500 --fixed-dt=0.4 --energy-measurement --eff-output=wall-ke --kbt1 --seed=9266",9266
2026-09-18 12:50:48,energy_transfer,edmd,12500,12000,0.0166666669,39.25,10,100,0.5,nan,0.100050721,0.100050721,1,39.25,1e+09,50;50,1,0.0416666667,1,1,0.00999999978,100,1000,nan,39.25,1,step,71.5700022,-5,step,6.92999983,5,nan,nan,5,nan,nan,687.115902,0.019633159,2.85732858e-05,0.999971427,687.096269,4.99781017e-09,0.000211279243,0.000211274245,3.07479778e-07,20,1.46665955,/Users/chrisharing/Desktop/CCS_complex_coupled_systems/Repo/HardDisks/hspist3/experiments_energy_transfer/level2_fast_20260918/u5/tr_9263.csv,20.9333191,19.4666595,1,"./00ALLINONE_ramp --mode=edmd --experiment=energy_transfer --headless --quiet --edmd-acc=0 --seed-drift-order=drift-first --energy-transfer-summary=experiments_energy_transfer/level2_fast_20260918/u5/summary.csv --energy-transfer-trace=experiments_energy_transfer/level2_fast_20260918/u5/tr_9263.csv --particles=100 --particles-boxes=50,50 --particle-radius=0.5 --l0=39.25 --height=10 --num-walls=1 --wall-positions=39.25 --wall-mass-factors=1000000000 --piston-right-protocol-mode=step --velocity-right-piston-step=5 --max-right-piston-travel=6.93 --auto-piston-step --wall-hold-steps=12000 --steps=12500 --fixed-dt=0.4 --energy-measurement --eff-output=wall-ke --kbt1 --seed=9263",9263
2026-09-18 12:50:48,energy_transfer,edmd,12500,12000,0.0166666669,39.25,10,100,0.5,nan,0.100050721,0.100050721,1,39.25,1e+09,50;50,1,0.0416666667,1,1,0.00999999978,100,1000,nan,39.25,1,step,71.5700022,-5,step,6.92999983,5,nan,nan,5,nan,nan,198.474696,0.00185329979,9.33771324e-06,0.999990662,198.472842,3.50760265e-09,2.05892702e-05,2.05857626e-05,1.03719835e-07,20,1.46665955,/Users/chrisharing/Desktop/CCS_complex_coupled_systems/Repo/HardDisks/hspist3/experiments_energy_transfer/level2_fast_20260918/u5/tr_9268.csv,21.4666595,20,1,"./00ALLINONE_ramp --mode=edmd --experiment=energy_transfer --headless --quiet --edmd-acc=0 --seed-drift-order=drift-first --energy-transfer-summary=experiments_energy_transfer/level2_fast_20260918/u5/summary.csv --energy-transfer-trace=experiments_energy_transfer/level2_fast_20260918/u5/tr_9268.csv --particles=100 --particles-boxes=50,50 --particle-radius=0.5 --l0=39.25 --height=10 --num-walls=1 --wall-positions=39.25 --wall-mass-factors=1000000000 --piston-right-protocol-mode=step --velocity-right-piston-step=5 --max-right-piston-travel=6.93 --auto-piston-step --wall-hold-steps=12000 --steps=12500 --fixed-dt=0.4 --energy-measurement --eff-output=wall-ke --kbt1 --seed=9268",9268
2026-09-18 12:50:48,energy_transfer,edmd,12500,12000,0.0166666669,39.25,10,100,0.5,nan,0.100050721,0.100050721,1,39.25,1e+09,50;50,1,0.0416666667,1,1,0.00999999978,100,1000,nan,39.25,1,step,71.5700022,-5,step,6.92999983,5,nan,nan,5,nan,nan,414.190301,0.00737363892,1.78025388e-05,0.999982197,414.182928,3.2570167e-08,7.67489983e-05,7.67164281e-05,1.85220243e-07,20,1.46665955,/Users/chrisharing/Desktop/CCS_complex_coupled_systems/Repo/HardDisks/hspist3/experiments_energy_transfer/level2_fast_20260918/u5/tr_9267.csv,21.2166595,19.75,1,"./00ALLINONE_ramp --mode=edmd --experiment=energy_transfer --headless --quiet --edmd-acc=0 --seed-drift-order=drift-first --energy-transfer-summary=experiments_energy_transfer/level2_fast_20260918/u5/summary.csv --energy-transfer-trace=experiments_energy_transfer/level2_fast_20260918/u5/tr_9267.csv --particles=100 --particles-boxes=50,50 --particle-radius=0.5 --l0=39.25 --height=10 --num-walls=1 --wall-positions=39.25 --wall-mass-factors=1000000000 --piston-right-protocol-mode=step --velocity-right-piston-step=5 --max-right-piston-travel=6.93 --auto-piston-step --wall-hold-steps=12000 --steps=12500 --fixed-dt=0.4 --energy-measurement --eff-output=wall-ke --kbt1 --seed=9267",9267
2026-09-18 12:50:48,energy_transfer,edmd,12500,12000,0.0166666669,39.25,10,100,0.5,nan,0.100050721,0.100050721,1,39.25,1e+09,50;50,1,0.0416666667,1,1,0.00999999978,100,1000,nan,39.25,1,step,71.5700022,-5,step,6.92999983,5,nan,nan,5,nan,nan,687.168526,0.0199885499,2.90882791e-05,0.999970912,687.148537,1.91320382e-09,0.000222675415,0.000222673502,3.24044966e-07,20,1.46665955,/Users/chrisharing/Desktop/CCS_complex_coupled_systems/Repo/HardDisks/hspist3/experiments_energy_transfer/level2_fast_20260918/u5/tr_9269.csv,21.1333313,19.6666718,1,"./00ALLINONE_ramp --mode=edmd --experiment=energy_transfer --headless --quiet --edmd-acc=0 --seed-drift-order=drift-first --energy-transfer-summary=experiments_energy_transfer/level2_fast_20260918/u5/summary.csv --energy-transfer-trace=experiments_energy_transfer/level2_fast_20260918/u5/tr_9269.csv --particles=100 --particles-boxes=50,50 --particle-radius=0.5 --l0=39.25 --height=10 --num-walls=1 --wall-positions=39.25 --wall-mass-factors=1000000000 --piston-right-protocol-mode=step --velocity-right-piston-step=5 --max-right-piston-travel=6.93 --auto-piston-step --wall-hold-steps=12000 --steps=12500 --fixed-dt=0.4 --energy-measurement --eff-output=wall-ke --kbt1 --seed=9269",9269
2026-09-18 12:50:48,energy_transfer,edmd,12500,12000,0.0166666669,39.25,10,100,0.5,nan,0.100050721,0.100050721,1,39.25,1e+09,50;50,1,0.0416666667,1,1,0.00999999978,100,1000,nan,39.25,1,step,71.5700022,-5,step,6.92999983,5,nan,nan,5,nan,nan,464.620321,0.00885022059,1.90482857e-05,0.999980952,464.611471,3.98487465e-09,8.36440304e-05,8.36400455e-05,1.80018053e-07,20,1.46665955,/Users/chrisharing/Desktop/CCS_complex_coupled_systems/Repo/HardDisks/hspist3/experiments_energy_transfer/level2_fast_20260918/u5/tr_9270.csv,20.8499908,19.3833313,1,"./00ALLINONE_ramp --mode=edmd --experiment=energy_transfer --headless --quiet --edmd-acc=0 --seed-drift-order=drift-first --energy-transfer-summary=experiments_energy_transfer/level2_fast_20260918/u5/summary.csv --energy-transfer-trace=experiments_energy_transfer/level2_fast_20260918/u5/tr_9270.csv --particles=100 --particles-boxes=50,50 --particle-radius=0.5 --l0=39.25 --height=10 --num-walls=1 --wall-positions=39.25 --wall-mass-factors=1000000000 --piston-right-protocol-mode=step --velocity-right-piston-step=5 --max-right-piston-travel=6.93 --auto-piston-step --wall-hold-steps=12000 --steps=12500 --fixed-dt=0.4 --energy-measurement --eff-output=wall-ke --kbt1 --seed=9270",9270
2026-09-18 12:50:48,energy_transfer,edmd,12500,12000,0.0166666669,39.25,10,100,0.5,nan,0.100050721,0.100050721,1,39.25,1e+09,50;50,1,0.0416666667,1,1,0.00999999978,100,1000,nan,39.25,1,step,71.5700022,-5,step,6.92999983,5,nan,nan,5,nan,nan,489.375424,0.0104199527,2.12923498e-05,0.999978708,489.365004,1.1240272e-09,0.000123436548,0.000123435424,2.52230533e-07,20,1.46665955,/Users/chrisharing/Desktop/CCS_complex_coupled_systems/Repo/HardDisks/hspist3/experiments_energy_transfer/level2_fast_20260918/u5/tr_9271.csv,21.3833313,19.9166718,1,"./00ALLINONE_ramp --mode=edmd --experiment=energy_transfer --headless --quiet --edmd-acc=0 --seed-drift-order=drift-first --energy-transfer-summary=experiments_energy_transfer/level2_fast_20260918/u5/summary.csv --energy-transfer-trace=experiments_energy_transfer/level2_fast_20260918/u5/tr_9271.csv --particles=100 --particles-boxes=50,50 --particle-radius=0.5 --l0=39.25 --height=10 --num-walls=1 --wall-positions=39.25 --wall-mass-factors=1000000000 --piston-right-protocol-mode=step --velocity-right-piston-step=5 --max-right-piston-travel=6.93 --auto-piston-step --wall-hold-steps=12000 --steps=12500 --fixed-dt=0.4 --energy-measurement --eff-output=wall-ke --kbt1 --seed=9271",9271
2026-09-18 12:50:48,energy_transfer,edmd,12500,12000,0.0166666669,39.25,10,100,0.5,nan,0.100050721,0.100050721,1,39.25,1e+09,50;50,1,0.0416666667,1,1,0.00999999978,100,1000,nan,39.25,1,step,71.5700022,-5,step,6.92999983,5,nan,nan,5,nan,nan,495.912947,0.0099023059,1.9967831e-05,0.999980032,495.903045,1.44785839e-09,0.000106326224,0.000106324776,2.14402098e-07,20,1.46665955,/Users/chrisharing/Desktop/CCS_complex_coupled_systems/Repo/HardDisks/hspist3/experiments_energy_transfer/level2_fast_20260918/u5/tr_9272.csv,21.0166626,19.5500031,1,"./00ALLINONE_ramp --mode=edmd --experiment=energy_transfer --headless --quiet --edmd-acc=0 --seed-drift-order=drift-first --energy-transfer-summary=experiments_energy_transfer/level2_fast_20260918/u5/summary.csv --energy-transfer-trace=experiments_energy_transfer/level2_fast_20260918/u5/tr_9272.csv --particles=100 --particles-boxes=50,50 --particle-radius=0.5 --l0=39.25 --height=10 --num-walls=1 --wall-positions=39.25 --wall-mass-factors=1000000000 --piston-right-protocol-mode=step --velocity-right-piston-step=5 --max-right-piston-travel=6.93 --auto-piston-step --wall-hold-steps=12000 --steps=12500 --fixed-dt=0.4 --energy-measurement --eff-output=wall-ke --kbt1 --seed=9272",9272
2026-09-18 12:50:48,energy_transfer,edmd,12500,12000,0.0166666669,39.25,10,100,0.5,nan,0.100050721,0.100050721,1,39.25,1e+09,50;50,1,0.0416666667,1,1,0.00999999978,100,1000,nan,39.25,1,step,71.5700022,-5,step,6.92999983,5,nan,nan,5,nan,nan,497.433344,0.0104358252,2.09793439e-05,0.999979021,497.422908,4.2390022e-10,0.000102685764,0.000102685341,2.06430352e-07,20,1.46665955,/Users/chrisharing/Desktop/CCS_complex_coupled_systems/Repo/HardDisks/hspist3/experiments_energy_transfer/level2_fast_20260918/u5/tr_9275.csv,20.9999847,19.5333252,1,"./00ALLINONE_ramp --mode=edmd --experiment=energy_transfer --headless --quiet --edmd-acc=0 --seed-drift-order=drift-first --energy-transfer-summary=experiments_energy_transfer/level2_fast_20260918/u5/summary.csv --energy-transfer-trace=experiments_energy_transfer/level2_fast_20260918/u5/tr_9275.csv --particles=100 --particles-boxes=50,50 --particle-radius=0.5 --l0=39.25 --height=10 --num-walls=1 --wall-positions=39.25 --wall-mass-factors=1000000000 --piston-right-protocol-mode=step --velocity-right-piston-step=5 --max-right-piston-travel=6.93 --auto-piston-step --wall-hold-steps=12000 --steps=12500 --fixed-dt=0.4 --energy-measurement --eff-output=wall-ke --kbt1 --seed=9275",9275
2026-09-18 12:50:48,energy_transfer,edmd,12500,12000,0.0166666669,39.25,10,100,0.5,nan,0.100050721,0.100050721,1,39.25,1e+09,50;50,1,0.0416666667,1,1,0.00999999978,100,1000,nan,39.25,1,step,71.5700022,-5,step,6.92999983,5,nan,nan,5,nan,nan,424.662758,0.00760422042,1.79064923e-05,0.999982094,424.655154,3.77539333e-10,9.53649724e-05,9.53645948e-05,2.24565477e-07,20,1.46665955,/Users/chrisharing/Desktop/CCS_complex_coupled_systems/Repo/HardDisks/hspist3/experiments_energy_transfer/level2_fast_20260918/u5/tr_9276.csv,21.4333191,19.9666595,1,"./00ALLINONE_ramp --mode=edmd --experiment=energy_transfer --headless --quiet --edmd-acc=0 --seed-drift-order=drift-first --energy-transfer-summary=experiments_energy_transfer/level2_fast_20260918/u5/summary.csv --energy-transfer-trace=experiments_energy_transfer/level2_fast_20260918/u5/tr_9276.csv --particles=100 --particles-boxes=50,50 --particle-radius=0.5 --l0=39.25 --height=10 --num-walls=1 --wall-positions=39.25 --wall-mass-factors=1000000000 --piston-right-protocol-mode=step --velocity-right-piston-step=5 --max-right-piston-travel=6.93 --auto-piston-step --wall-hold-steps=12000 --steps=12500 --fixed-dt=0.4 --energy-measurement --eff-output=wall-ke --kbt1 --seed=9276",9276
2026-09-18 12:50:48,energy_transfer,edmd,12500,12000,0.0166666669,39.25,10,100,0.5,nan,0.100050721,0.100050721,1,39.25,1e+09,50;50,1,0.0416666667,1,1,0.00999999978,100,1000,nan,39.25,1,step,71.5700022,-5,step,6.92999983,5,nan,nan,5,nan,nan,582.150837,0.0141280843,2.42687692e-05,0.999975731,582.136709,0,0.000157547998,0.000157547998,2.70630888e-07,20,1.46665955,/Users/chrisharing/Desktop/CCS_complex_coupled_systems/Repo/HardDisks/hspist3/experiments_energy_transfer/level2_fast_20260918/u5/tr_9274.csv,21.1833191,19.7166595,1,"./00ALLINONE_ramp --mode=edmd --experiment=energy_transfer --headless --quiet --edmd-acc=0 --seed-drift-order=drift-first --energy-transfer-summary=experiments_energy_transfer/level2_fast_20260918/u5/summary.csv --energy-transfer-trace=experiments_energy_transfer/level2_fast_20260918/u5/tr_9274.csv --particles=100 --particles-boxes=50,50 --particle-radius=0.5 --l0=39.25 --height=10 --num-walls=1 --wall-positions=39.25 --wall-mass-factors=1000000000 --piston-right-protocol-mode=step --velocity-right-piston-step=5 --max-right-piston-travel=6.93 --auto-piston-step --wall-hold-steps=12000 --steps=12500 --fixed-dt=0.4 --energy-measurement --eff-output=wall-ke --kbt1 --seed=9274",9274
2026-09-18 12:50:48,energy_transfer,edmd,12500,12000,0.0166666669,39.25,10,100,0.5,nan,0.100050721,0.100050721,1,39.25,1e+09,50;50,1,0.0416666667,1,1,0.00999999978,100,1000,nan,39.25,1,step,71.5700022,-5,step,6.92999983,5,nan,nan,5,nan,nan,610.256585,0.0154433865,2.53063824e-05,0.999974694,610.241142,7.03492875e-10,0.000169940366,0.000169939662,2.78472476e-07,20,1.46665955,/Users/chrisharing/Desktop/CCS_complex_coupled_systems/Repo/HardDisks/hspist3/experiments_energy_transfer/level2_fast_20260918/u5/tr_9273.csv,21.1833191,19.7166595,1,"./00ALLINONE_ramp --mode=edmd --experiment=energy_transfer --headless --quiet --edmd-acc=0 --seed-drift-order=drift-first --energy-transfer-summary=experiments_energy_transfer/level2_fast_20260918/u5/summary.csv --energy-transfer-trace=experiments_energy_transfer/level2_fast_20260918/u5/tr_9273.csv --particles=100 --particles-boxes=50,50 --particle-radius=0.5 --l0=39.25 --height=10 --num-walls=1 --wall-positions=39.25 --wall-mass-factors=1000000000 --piston-right-protocol-mode=step --velocity-right-piston-step=5 --max-right-piston-travel=6.93 --auto-piston-step --wall-hold-steps=12000 --steps=12500 --fixed-dt=0.4 --energy-measurement --eff-output=wall-ke --kbt1 --seed=9273",9273
2026-09-18 12:50:49,energy_transfer,edmd,12500,12000,0.0166666669,39.25,10,100,0.5,nan,0.100050721,0.100050721,1,39.25,1e+09,50;50,1,0.0416666667,1,1,0.00999999978,100,1000,nan,39.25,1,step,71.5700022,-5,step,6.92999983,5,nan,nan,5,nan,nan,355.74614,0.00554408599,1.55843883e-05,0.999984416,355.740596,3.80917564e-09,6.0666167e-05,6.06623578e-05,1.70521478e-07,20,1.46665955,/Users/chrisharing/Desktop/CCS_complex_coupled_systems/Repo/HardDisks/hspist3/experiments_energy_transfer/level2_fast_20260918/u5/tr_9277.csv,20.9999847,19.5333252,1,"./00ALLINONE_ramp --mode=edmd --experiment=energy_transfer --headless --quiet --edmd-acc=0 --seed-drift-order=drift-first --energy-transfer-summary=experiments_energy_transfer/level2_fast_20260918/u5/summary.csv --energy-transfer-trace=experiments_energy_transfer/level2_fast_20260918/u5/tr_9277.csv --particles=100 --particles-boxes=50,50 --particle-radius=0.5 --l0=39.25 --height=10 --num-walls=1 --wall-positions=39.25 --wall-mass-factors=1000000000 --piston-right-protocol-mode=step --velocity-right-piston-step=5 --max-right-piston-travel=6.93 --auto-piston-step --wall-hold-steps=12000 --steps=12500 --fixed-dt=0.4 --energy-measurement --eff-output=wall-ke --kbt1 --seed=9277",9277
2026-09-18 12:50:49,energy_transfer,edmd,12500,12000,0.0166666669,39.25,10,100,0.5,nan,0.100050721,0.100050721,1,39.25,1e+09,50;50,1,0.0416666667,1,1,0.00999999978,100,1000,nan,39.25,1,step,71.5700022,-5,step,6.92999983,5,nan,nan,5,nan,nan,481.496421,0.00973749813,2.02234071e-05,0.999979777,481.486683,9.04041464e-09,0.000109234708,0.000109225668,2.26846272e-07,20,1.46665955,/Users/chrisharing/Desktop/CCS_complex_coupled_systems/Repo/HardDisks/hspist3/experiments_energy_transfer/level2_fast_20260918/u5/tr_9278.csv,21.0999908,19.6333313,1,"./00ALLINONE_ramp --mode=edmd --experiment=energy_transfer --headless --quiet --edmd-acc=0 --seed-drift-order=drift-first --energy-transfer-summary=experiments_energy_transfer/level2_fast_20260918/u5/summary.csv --energy-transfer-trace=experiments_energy_transfer/level2_fast_20260918/u5/tr_9278.csv --particles=100 --particles-boxes=50,50 --particle-radius=0.5 --l0=39.25 --height=10 --num-walls=1 --wall-positions=39.25 --wall-mass-factors=1000000000 --piston-right-protocol-mode=step --velocity-right-piston-step=5 --max-right-piston-travel=6.93 --auto-piston-step --wall-hold-steps=12000 --steps=12500 --fixed-dt=0.4 --energy-measurement --eff-output=wall-ke --kbt1 --seed=9278",9278
2026-09-18 12:50:49,energy_transfer,edmd,12500,12000,0.0166666669,39.25,10,100,0.5,nan,0.100050721,0.100050721,1,39.25,1e+09,50;50,1,0.0416666667,1,1,0.00999999978,100,1000,nan,39.25,1,step,71.5700022,-5,step,6.92999983,5,nan,nan,5,nan,nan,479.976178,0.00979225896,2.0401552e-05,0.999979598,479.966386,1.00747133e-09,9.85808147e-05,9.85798072e-05,2.05384791e-07,20,1.46665955,/Users/chrisharing/Desktop/CCS_complex_coupled_systems/Repo/HardDisks/hspist3/experiments_energy_transfer/level2_fast_20260918/u5/tr_9279.csv,20.7666626,19.3000031,1,"./00ALLINONE_ramp --mode=edmd --experiment=energy_transfer --headless --quiet --edmd-acc=0 --seed-drift-order=drift-first --energy-transfer-summary=experiments_energy_transfer/level2_fast_20260918/u5/summary.csv --energy-transfer-trace=experiments_energy_transfer/level2_fast_20260918/u5/tr_9279.csv --particles=100 --particles-boxes=50,50 --particle-radius=0.5 --l0=39.25 --height=10 --num-walls=1 --wall-positions=39.25 --wall-mass-factors=1000000000 --piston-right-protocol-mode=step --velocity-right-piston-step=5 --max-right-piston-travel=6.93 --auto-piston-step --wall-hold-steps=12000 --steps=12500 --fixed-dt=0.4 --energy-measurement --eff-output=wall-ke --kbt1 --seed=9279",9279
2026-09-18 12:50:49,energy_transfer,edmd,12500,12000,0.0166666669,39.25,10,100,0.5,nan,0.100050721,0.100050721,1,39.25,1e+09,50;50,1,0.0416666667,1,1,0.00999999978,100,1000,nan,39.25,1,step,71.5700022,-5,step,6.92999983,5,nan,nan,5,nan,nan,372.181814,0.00599154038,1.60984233e-05,0.999983902,372.175823,8.07803713e-10,6.20395222e-05,6.20387144e-05,1.66689269e-07,20,1.46665955,/Users/chrisharing/Desktop/CCS_complex_coupled_systems/Repo/HardDisks/hspist3/experiments_energy_transfer/level2_fast_20260918/u5/tr_9280.csv,20.3999939,18.9333344,1,"./00ALLINONE_ramp --mode=edmd --experiment=energy_transfer --headless --quiet --edmd-acc=0 --seed-drift-order=drift-first --energy-transfer-summary=experiments_energy_transfer/level2_fast_20260918/u5/summary.csv --energy-transfer-trace=experiments_energy_transfer/level2_fast_20260918/u5/tr_9280.csv --particles=100 --particles-boxes=50,50 --particle-radius=0.5 --l0=39.25 --height=10 --num-walls=1 --wall-positions=39.25 --wall-mass-factors=1000000000 --piston-right-protocol-mode=step --velocity-right-piston-step=5 --max-right-piston-travel=6.93 --auto-piston-step --wall-hold-steps=12000 --steps=12500 --fixed-dt=0.4 --energy-measurement --eff-output=wall-ke --kbt1 --seed=9280",9280
2026-09-18 12:50:49,energy_transfer,edmd,12500,12000,0.0166666669,39.25,10,100,0.5,nan,0.100050721,0.100050721,1,39.25,1e+09,50;50,1,0.0416666667,1,1,0.00999999978,100,1000,nan,39.25,1,step,71.5700022,-5,step,6.92999983,5,nan,nan,5,nan,nan,488.229698,0.00992448162,2.03274845e-05,0.999979673,488.219774,1.62049538e-08,0.000114899805,0.0001148836,2.35306457e-07,20,1.46665955,/Users/chrisharing/Desktop/CCS_complex_coupled_systems/Repo/HardDisks/hspist3/experiments_energy_transfer/level2_fast_20260918/u5/tr_9281.csv,21.3999939,19.9333344,1,"./00ALLINONE_ramp --mode=edmd --experiment=energy_transfer --headless --quiet --edmd-acc=0 --seed-drift-order=drift-first --energy-transfer-summary=experiments_energy_transfer/level2_fast_20260918/u5/summary.csv --energy-transfer-trace=experiments_energy_transfer/level2_fast_20260918/u5/tr_9281.csv --particles=100 --particles-boxes=50,50 --particle-radius=0.5 --l0=39.25 --height=10 --num-walls=1 --wall-positions=39.25 --wall-mass-factors=1000000000 --piston-right-protocol-mode=step --velocity-right-piston-step=5 --max-right-piston-travel=6.93 --auto-piston-step --wall-hold-steps=12000 --steps=12500 --fixed-dt=0.4 --energy-measurement --eff-output=wall-ke --kbt1 --seed=9281",9281
2026-09-18 12:50:49,energy_transfer,edmd,12500,12000,0.0166666669,39.25,10,100,0.5,nan,0.100050721,0.100050721,1,39.25,1e+09,50;50,1,0.0416666667,1,1,0.00999999978,100,1000,nan,39.25,1,step,71.5700022,-5,step,6.92999983,5,nan,nan,5,nan,nan,501.679873,0.0105443606,2.10181057e-05,0.999978982,501.669329,1.12066101e-09,0.000104259219,0.000104258099,2.07817982e-07,20,1.46665955,/Users/chrisharing/Desktop/CCS_complex_coupled_systems/Repo/HardDisks/hspist3/experiments_energy_transfer/level2_fast_20260918/u5/tr_9282.csv,21.3499908,19.8833313,1,"./00ALLINONE_ramp --mode=edmd --experiment=energy_transfer --headless --quiet --edmd-acc=0 --seed-drift-order=drift-first --energy-transfer-summary=experiments_energy_transfer/level2_fast_20260918/u5/summary.csv --energy-transfer-trace=experiments_energy_transfer/level2_fast_20260918/u5/tr_9282.csv --particles=100 --particles-boxes=50,50 --particle-radius=0.5 --l0=39.25 --height=10 --num-walls=1 --wall-positions=39.25 --wall-mass-factors=1000000000 --piston-right-protocol-mode=step --velocity-right-piston-step=5 --max-right-piston-travel=6.93 --auto-piston-step --wall-hold-steps=12000 --steps=12500 --fixed-dt=0.4 --energy-measurement --eff-output=wall-ke --kbt1 --seed=9282",9282
2026-09-18 12:50:49,energy_transfer,edmd,12500,12000,0.0166666669,39.25,10,100,0.5,nan,0.100050721,0.100050721,1,39.25,1e+09,50;50,1,0.0416666667,1,1,0.00999999978,100,1000,nan,39.25,1,step,71.5700022,-5,step,6.92999983,5,nan,nan,5,nan,nan,471.327322,0.00920947362,1.95394436e-05,0.999980461,471.318113,1.06053208e-10,8.80189546e-05,8.80188485e-05,1.86746756e-07,20,1.46665955,/Users/chrisharing/Desktop/CCS_complex_coupled_systems/Repo/HardDisks/hspist3/experiments_energy_transfer/level2_fast_20260918/u5/tr_9284.csv,20.9499969,19.4833374,1,"./00ALLINONE_ramp --mode=edmd --experiment=energy_transfer --headless --quiet --edmd-acc=0 --seed-drift-order=drift-first --energy-transfer-summary=experiments_energy_transfer/level2_fast_20260918/u5/summary.csv --energy-transfer-trace=experiments_energy_transfer/level2_fast_20260918/u5/tr_9284.csv --particles=100 --particles-boxes=50,50 --particle-radius=0.5 --l0=39.25 --height=10 --num-walls=1 --wall-positions=39.25 --wall-mass-factors=1000000000 --piston-right-protocol-mode=step --velocity-right-piston-step=5 --max-right-piston-travel=6.93 --auto-piston-step --wall-hold-steps=12000 --steps=12500 --fixed-dt=0.4 --energy-measurement --eff-output=wall-ke --kbt1 --seed=9284",9284
2026-09-18 12:50:49,energy_transfer,edmd,12500,12000,0.0166666669,39.25,10,100,0.5,nan,0.100050721,0.100050721,1,39.25,1e+09,50;50,1,0.0416666667,1,1,0.00999999978,100,1000,nan,39.25,1,step,71.5700022,-5,step,6.92999983,5,nan,nan,5,nan,nan,587.204766,0.0145236077,2.47334636e-05,0.999975267,587.190242,3.39690875e-09,0.00017111942,0.000171116023,2.91407756e-07,20,1.46665955,/Users/chrisharing/Desktop/CCS_complex_coupled_systems/Repo/HardDisks/hspist3/experiments_energy_transfer/level2_fast_20260918/u5/tr_9283.csv,20.7833252,19.3166656,1,"./00ALLINONE_ramp --mode=edmd --experiment=energy_transfer --headless --quiet --edmd-acc=0 --seed-drift-order=drift-first --energy-transfer-summary=experiments_energy_transfer/level2_fast_20260918/u5/summary.csv --energy-transfer-trace=experiments_energy_transfer/level2_fast_20260918/u5/tr_9283.csv --particles=100 --particles-boxes=50,50 --particle-radius=0.5 --l0=39.25 --height=10 --num-walls=1 --wall-positions=39.25 --wall-mass-factors=1000000000 --piston-right-protocol-mode=step --velocity-right-piston-step=5 --max-right-piston-travel=6.93 --auto-piston-step --wall-hold-steps=12000 --steps=12500 --fixed-dt=0.4 --energy-measurement --eff-output=wall-ke --kbt1 --seed=9283",9283
2026-09-18 12:50:49,energy_transfer,edmd,12500,12000,0.0166666669,39.25,10,100,0.5,nan,0.100050721,0.100050721,1,39.25,1e+09,50;50,1,0.0416666667,1,1,0.00999999978,100,1000,nan,39.25,1,step,71.5700022,-5,step,6.92999983,5,nan,nan,5,nan,nan,402.852434,0.00663957559,1.64814086e-05,0.999983519,402.845795,6.96186042e-09,7.96626409e-05,7.96556791e-05,1.97729174e-07,20,1.46665955,/Users/chrisharing/Desktop/CCS_complex_coupled_systems/Repo/HardDisks/hspist3/experiments_energy_transfer/level2_fast_20260918/u5/tr_9287.csv,20.9666595,19.5,1,"./00ALLINONE_ramp --mode=edmd --experiment=energy_transfer --headless --quiet --edmd-acc=0 --seed-drift-order=drift-first --energy-transfer-summary=experiments_energy_transfer/level2_fast_20260918/u5/summary.csv --energy-transfer-trace=experiments_energy_transfer/level2_fast_20260918/u5/tr_9287.csv --particles=100 --particles-boxes=50,50 --particle-radius=0.5 --l0=39.25 --height=10 --num-walls=1 --wall-positions=39.25 --wall-mass-factors=1000000000 --piston-right-protocol-mode=step --velocity-right-piston-step=5 --max-right-piston-travel=6.93 --auto-piston-step --wall-hold-steps=12000 --steps=12500 --fixed-dt=0.4 --energy-measurement --eff-output=wall-ke --kbt1 --seed=9287",9287
2026-09-18 12:50:49,energy_transfer,edmd,12500,12000,0.0166666669,39.25,10,100,0.5,nan,0.100050721,0.100050721,1,39.25,1e+09,50;50,1,0.0416666667,1,1,0.00999999978,100,1000,nan,39.25,1,step,71.5700022,-5,step,6.92999983,5,nan,nan,5,nan,nan,503.465486,0.0104829511,2.08215883e-05,0.999979178,503.455003,3.59649688e-09,0.000104820145,0.000104816548,2.08190136e-07,20,1.46665955,/Users/chrisharing/Desktop/CCS_complex_coupled_systems/Repo/HardDisks/hspist3/experiments_energy_transfer/level2_fast_20260918/u5/tr_9285.csv,21.0499878,19.5833282,1,"./00ALLINONE_ramp --mode=edmd --experiment=energy_transfer --headless --quiet --edmd-acc=0 --seed-drift-order=drift-first --energy-transfer-summary=experiments_energy_transfer/level2_fast_20260918/u5/summary.csv --energy-transfer-trace=experiments_energy_transfer/level2_fast_20260918/u5/tr_9285.csv --particles=100 --particles-boxes=50,50 --particle-radius=0.5 --l0=39.25 --height=10 --num-walls=1 --wall-positions=39.25 --wall-mass-factors=1000000000 --piston-right-protocol-mode=step --velocity-right-piston-step=5 --max-right-piston-travel=6.93 --auto-piston-step --wall-hold-steps=12000 --steps=12500 --fixed-dt=0.4 --energy-measurement --eff-output=wall-ke --kbt1 --seed=9285",9285
2026-09-18 12:50:49,energy_transfer,edmd,12500,12000,0.0166666669,39.25,10,100,0.5,nan,0.100050721,0.100050721,1,39.25,1e+09,50;50,1,0.0416666667,1,1,0.00999999978,100,1000,nan,39.25,1,step,71.5700022,-5,step,6.92999983,5,nan,nan,5,nan,nan,684.910429,0.0197891053,2.88929829e-05,0.999971107,684.89064,0,0.000256624102,0.000256624102,3.74682719e-07,20,1.46665955,/Users/chrisharing/Desktop/CCS_complex_coupled_systems/Repo/HardDisks/hspist3/experiments_energy_transfer/level2_fast_20260918/u5/tr_9286.csv,21.3999939,19.9333344,1,"./00ALLINONE_ramp --mode=edmd --experiment=energy_transfer --headless --quiet --edmd-acc=0 --seed-drift-order=drift-first --energy-transfer-summary=experiments_energy_transfer/level2_fast_20260918/u5/summary.csv --energy-transfer-trace=experiments_energy_transfer/level2_fast_20260918/u5/tr_9286.csv --particles=100 --particles-boxes=50,50 --particle-radius=0.5 --l0=39.25 --height=10 --num-walls=1 --wall-positions=39.25 --wall-mass-factors=1000000000 --piston-right-protocol-mode=step --velocity-right-piston-step=5 --max-right-piston-travel=6.93 --auto-piston-step --wall-hold-steps=12000 --steps=12500 --fixed-dt=0.4 --energy-measurement --eff-output=wall-ke --kbt1 --seed=9286",9286
2026-09-18 12:50:49,energy_transfer,edmd,12500,12000,0.0166666669,39.25,10,100,0.5,nan,0.100050721,0.100050721,1,39.25,1e+09,50;50,1,0.0416666667,1,1,0.00999999978,100,1000,nan,39.25,1,step,71.5700022,-5,step,6.92999983,5,nan,nan,5,nan,nan,434.149326,0.00798701216,1.8396924e-05,0.999981603,434.141339,0,8.38406413e-05,8.38406413e-05,1.93114756e-07,20,1.46665955,/Users/chrisharing/Desktop/CCS_complex_coupled_systems/Repo/HardDisks/hspist3/experiments_energy_transfer/level2_fast_20260918/u5/tr_9288.csv,21.2833252,19.8166656,1,"./00ALLINONE_ramp --mode=edmd --experiment=energy_transfer --headless --quiet --edmd-acc=0 --seed-drift-order=drift-first --energy-transfer-summary=experiments_energy_transfer/level2_fast_20260918/u5/summary.csv --energy-transfer-trace=experiments_energy_transfer/level2_fast_20260918/u5/tr_9288.csv --particles=100 --particles-boxes=50,50 --particle-radius=0.5 --l0=39.25 --height=10 --num-walls=1 --wall-positions=39.25 --wall-mass-factors=1000000000 --piston-right-protocol-mode=step --velocity-right-piston-step=5 --max-right-piston-travel=6.93 --auto-piston-step --wall-hold-steps=12000 --steps=12500 --fixed-dt=0.4 --energy-measurement --eff-output=wall-ke --kbt1 --seed=9288",9288
2026-09-18 12:50:49,energy_transfer,edmd,12500,12000,0.0166666669,39.25,10,100,0.5,nan,0.100050721,0.100050721,1,39.25,1e+09,50;50,1,0.0416666667,1,1,0.00999999978,100,1000,nan,39.25,1,step,71.5700022,-5,step,6.92999983,5,nan,nan,5,nan,nan,429.837021,0.00790186226,1.83833916e-05,0.999981617,429.829119,5.90320737e-10,7.8086865e-05,7.80862746e-05,1.81664843e-07,20,1.46665955,/Users/chrisharing/Desktop/CCS_complex_coupled_systems/Repo/HardDisks/hspist3/experiments_energy_transfer/level2_fast_20260918/u5/tr_9290.csv,20.0999908,18.6333313,1,"./00ALLINONE_ramp --mode=edmd --experiment=energy_transfer --headless --quiet --edmd-acc=0 --seed-drift-order=drift-first --energy-transfer-summary=experiments_energy_transfer/level2_fast_20260918/u5/summary.csv --energy-transfer-trace=experiments_energy_transfer/level2_fast_20260918/u5/tr_9290.csv --particles=100 --particles-boxes=50,50 --particle-radius=0.5 --l0=39.25 --height=10 --num-walls=1 --wall-positions=39.25 --wall-mass-factors=1000000000 --piston-right-protocol-mode=step --velocity-right-piston-step=5 --max-right-piston-travel=6.93 --auto-piston-step --wall-hold-steps=12000 --steps=12500 --fixed-dt=0.4 --energy-measurement --eff-output=wall-ke --kbt1 --seed=9290",9290
2026-09-18 12:50:49,energy_transfer,edmd,12500,12000,0.0166666669,39.25,10,100,0.5,nan,0.100050721,0.100050721,1,39.25,1e+09,50;50,1,0.0416666667,1,1,0.00999999978,100,1000,nan,39.25,1,step,71.5700022,-5,step,6.92999983,5,nan,nan,5,nan,nan,378.255802,0.00617417274,1.63227443e-05,0.999983677,378.249628,3.13008974e-09,6.74266703e-05,6.74235402e-05,1.78248529e-07,20,1.46665955,/Users/chrisharing/Desktop/CCS_complex_coupled_systems/Repo/HardDisks/hspist3/experiments_energy_transfer/level2_fast_20260918/u5/tr_9293.csv,21.3499908,19.8833313,1,"./00ALLINONE_ramp --mode=edmd --experiment=energy_transfer --headless --quiet --edmd-acc=0 --seed-drift-order=drift-first --energy-transfer-summary=experiments_energy_transfer/level2_fast_20260918/u5/summary.csv --energy-transfer-trace=experiments_energy_transfer/level2_fast_20260918/u5/tr_9293.csv --particles=100 --particles-boxes=50,50 --particle-radius=0.5 --l0=39.25 --height=10 --num-walls=1 --wall-positions=39.25 --wall-mass-factors=1000000000 --piston-right-protocol-mode=step --velocity-right-piston-step=5 --max-right-piston-travel=6.93 --auto-piston-step --wall-hold-steps=12000 --steps=12500 --fixed-dt=0.4 --energy-measurement --eff-output=wall-ke --kbt1 --seed=9293",9293
2026-09-18 12:50:49,energy_transfer,edmd,12500,12000,0.0166666669,39.25,10,100,0.5,nan,0.100050721,0.100050721,1,39.25,1e+09,50;50,1,0.0416666667,1,1,0.00999999978,100,1000,nan,39.25,1,step,71.5700022,-5,step,6.92999983,5,nan,nan,5,nan,nan,482.887693,0.00967986695,2.00457934e-05,0.999979954,482.878013,1.0768797e-09,0.000102961574,0.000102960497,2.13218309e-07,20,1.46665955,/Users/chrisharing/Desktop/CCS_complex_coupled_systems/Repo/HardDisks/hspist3/experiments_energy_transfer/level2_fast_20260918/u5/tr_9291.csv,21.4333191,19.9666595,1,"./00ALLINONE_ramp --mode=edmd --experiment=energy_transfer --headless --quiet --edmd-acc=0 --seed-drift-order=drift-first --energy-transfer-summary=experiments_energy_transfer/level2_fast_20260918/u5/summary.csv --energy-transfer-trace=experiments_energy_transfer/level2_fast_20260918/u5/tr_9291.csv --particles=100 --particles-boxes=50,50 --particle-radius=0.5 --l0=39.25 --height=10 --num-walls=1 --wall-positions=39.25 --wall-mass-factors=1000000000 --piston-right-protocol-mode=step --velocity-right-piston-step=5 --max-right-piston-travel=6.93 --auto-piston-step --wall-hold-steps=12000 --steps=12500 --fixed-dt=0.4 --energy-measurement --eff-output=wall-ke --kbt1 --seed=9291",9291
2026-09-18 12:50:49,energy_transfer,edmd,12500,12000,0.0166666669,39.25,10,100,0.5,nan,0.100050721,0.100050721,1,39.25,1e+09,50;50,1,0.0416666667,1,1,0.00999999978,100,1000,nan,39.25,1,step,71.5700022,-5,step,6.92999983,5,nan,nan,5,nan,nan,546.06741,0.0123828091,2.26763378e-05,0.999977324,546.055027,1.37857104e-08,0.000122073994,0.000122060208,2.23525898e-07,20,1.46665955,/Users/chrisharing/Desktop/CCS_complex_coupled_systems/Repo/HardDisks/hspist3/experiments_energy_transfer/level2_fast_20260918/u5/tr_9289.csv,21.2833252,19.8166656,1,"./00ALLINONE_ramp --mode=edmd --experiment=energy_transfer --headless --quiet --edmd-acc=0 --seed-drift-order=drift-first --energy-transfer-summary=experiments_energy_transfer/level2_fast_20260918/u5/summary.csv --energy-transfer-trace=experiments_energy_transfer/level2_fast_20260918/u5/tr_9289.csv --particles=100 --particles-boxes=50,50 --particle-radius=0.5 --l0=39.25 --height=10 --num-walls=1 --wall-positions=39.25 --wall-mass-factors=1000000000 --piston-right-protocol-mode=step --velocity-right-piston-step=5 --max-right-piston-travel=6.93 --auto-piston-step --wall-hold-steps=12000 --steps=12500 --fixed-dt=0.4 --energy-measurement --eff-output=wall-ke --kbt1 --seed=9289",9289
2026-09-18 12:50:49,energy_transfer,edmd,12500,12000,0.0166666669,39.25,10,100,0.5,nan,0.100050721,0.100050721,1,39.25,1e+09,50;50,1,0.0416666667,1,1,0.00999999978,100,1000,nan,39.25,1,step,71.5700022,-5,step,6.92999983,5,nan,nan,5,nan,nan,614.397747,0.0158979855,2.58757224e-05,0.999974124,614.381849,1.94838812e-08,0.000156921931,0.000156902447,2.55376014e-07,20,1.46665955,/Users/chrisharing/Desktop/CCS_complex_coupled_systems/Repo/HardDisks/hspist3/experiments_energy_transfer/level2_fast_20260918/u5/tr_9292.csv,21.4333191,19.9666595,1,"./00ALLINONE_ramp --mode=edmd --experiment=energy_transfer --headless --quiet --edmd-acc=0 --seed-drift-order=drift-first --energy-transfer-summary=experiments_energy_transfer/level2_fast_20260918/u5/summary.csv --energy-transfer-trace=experiments_energy_transfer/level2_fast_20260918/u5/tr_9292.csv --particles=100 --particles-boxes=50,50 --particle-radius=0.5 --l0=39.25 --height=10 --num-walls=1 --wall-positions=39.25 --wall-mass-factors=1000000000 --piston-right-protocol-mode=step --velocity-right-piston-step=5 --max-right-piston-travel=6.93 --auto-piston-step --wall-hold-steps=12000 --steps=12500 --fixed-dt=0.4 --energy-measurement --eff-output=wall-ke --kbt1 --seed=9292",9292
2026-09-18 12:50:50,energy_transfer,edmd,12500,12000,0.0166666669,39.25,10,100,0.5,nan,0.100050721,0.100050721,1,39.25,1e+09,50;50,1,0.0416666667,1,1,0.00999999978,100,1000,nan,39.25,1,step,71.5700022,-5,step,6.92999983,5,nan,nan,5,nan,nan,341.467326,0.0049052299,1.43651516e-05,0.999985635,341.462421,1.4990168e-09,4.94181804e-05,4.94166814e-05,1.44718623e-07,20,1.46665955,/Users/chrisharing/Desktop/CCS_complex_coupled_systems/Repo/HardDisks/hspist3/experiments_energy_transfer/level2_fast_20260918/u5/tr_9295.csv,21.4666595,20,1,"./00ALLINONE_ramp --mode=edmd --experiment=energy_transfer --headless --quiet --edmd-acc=0 --seed-drift-order=drift-first --energy-transfer-summary=experiments_energy_transfer/level2_fast_20260918/u5/summary.csv --energy-transfer-trace=experiments_energy_transfer/level2_fast_20260918/u5/tr_9295.csv --particles=100 --particles-boxes=50,50 --particle-radius=0.5 --l0=39.25 --height=10 --num-walls=1 --wall-positions=39.25 --wall-mass-factors=1000000000 --piston-right-protocol-mode=step --velocity-right-piston-step=5 --max-right-piston-travel=6.93 --auto-piston-step --wall-hold-steps=12000 --steps=12500 --fixed-dt=0.4 --energy-measurement --eff-output=wall-ke --kbt1 --seed=9295",9295
2026-09-18 12:50:50,energy_transfer,edmd,12500,12000,0.0166666669,39.25,10,100,0.5,nan,0.100050721,0.100050721,1,39.25,1e+09,50;50,1,0.0416666667,1,1,0.00999999978,100,1000,nan,39.25,1,step,71.5700022,-5,step,6.92999983,5,nan,nan,5,nan,nan,337.908805,0.00507624634,1.50225335e-05,0.999984977,337.903729,0,5.99638406e-05,5.99638406e-05,1.77455691e-07,20,1.46665955,/Users/chrisharing/Desktop/CCS_complex_coupled_systems/Repo/HardDisks/hspist3/experiments_energy_transfer/level2_fast_20260918/u5/tr_9296.csv,20.9666595,19.5,1,"./00ALLINONE_ramp --mode=edmd --experiment=energy_transfer --headless --quiet --edmd-acc=0 --seed-drift-order=drift-first --energy-transfer-summary=experiments_energy_transfer/level2_fast_20260918/u5/summary.csv --energy-transfer-trace=experiments_energy_transfer/level2_fast_20260918/u5/tr_9296.csv --particles=100 --particles-boxes=50,50 --particle-radius=0.5 --l0=39.25 --height=10 --num-walls=1 --wall-positions=39.25 --wall-mass-factors=1000000000 --piston-right-protocol-mode=step --velocity-right-piston-step=5 --max-right-piston-travel=6.93 --auto-piston-step --wall-hold-steps=12000 --steps=12500 --fixed-dt=0.4 --energy-measurement --eff-output=wall-ke --kbt1 --seed=9296",9296
2026-09-18 12:50:50,energy_transfer,edmd,12500,12000,0.0166666669,39.25,10,100,0.5,nan,0.100050721,0.100050721,1,39.25,1e+09,50;50,1,0.0416666667,1,1,0.00999999978,100,1000,nan,39.25,1,step,71.5700022,-5,step,6.92999983,5,nan,nan,5,nan,nan,514.955398,0.0109523861,2.12686111e-05,0.999978731,514.944446,2.97623259e-09,0.000114352915,0.000114349939,2.22057948e-07,20,1.46665955,/Users/chrisharing/Desktop/CCS_complex_coupled_systems/Repo/HardDisks/hspist3/experiments_energy_transfer/level2_fast_20260918/u5/tr_9294.csv,20.5833282,19.1166687,1,"./00ALLINONE_ramp --mode=edmd --experiment=energy_transfer --headless --quiet --edmd-acc=0 --seed-drift-order=drift-first --energy-transfer-summary=experiments_energy_transfer/level2_fast_20260918/u5/summary.csv --energy-transfer-trace=experiments_energy_transfer/level2_fast_20260918/u5/tr_9294.csv --particles=100 --particles-boxes=50,50 --particle-radius=0.5 --l0=39.25 --height=10 --num-walls=1 --wall-positions=39.25 --wall-mass-factors=1000000000 --piston-right-protocol-mode=step --velocity-right-piston-step=5 --max-right-piston-travel=6.93 --auto-piston-step --wall-hold-steps=12000 --steps=12500 --fixed-dt=0.4 --energy-measurement --eff-output=wall-ke --kbt1 --seed=9294",9294
2026-09-18 12:50:50,energy_transfer,edmd,12500,12000,0.0166666669,39.25,10,100,0.5,nan,0.100050721,0.100050721,1,39.25,1e+09,50;50,1,0.0416666667,1,1,0.00999999978,100,1000,nan,39.25,1,step,71.5700022,-5,step,6.92999983,5,nan,nan,5,nan,nan,513.349591,0.0113052037,2.20224265e-05,0.999977978,513.338286,2.19311014e-09,0.000114688664,0.000114686471,2.23408128e-07,20,1.46665955,/Users/chrisharing/Desktop/CCS_complex_coupled_systems/Repo/HardDisks/hspist3/experiments_energy_transfer/level2_fast_20260918/u5/tr_9298.csv,19.4666595,18,1,"./00ALLINONE_ramp --mode=edmd --experiment=energy_transfer --headless --quiet --edmd-acc=0 --seed-drift-order=drift-first --energy-transfer-summary=experiments_energy_transfer/level2_fast_20260918/u5/summary.csv --energy-transfer-trace=experiments_energy_transfer/level2_fast_20260918/u5/tr_9298.csv --particles=100 --particles-boxes=50,50 --particle-radius=0.5 --l0=39.25 --height=10 --num-walls=1 --wall-positions=39.25 --wall-mass-factors=1000000000 --piston-right-protocol-mode=step --velocity-right-piston-step=5 --max-right-piston-travel=6.93 --auto-piston-step --wall-hold-steps=12000 --steps=12500 --fixed-dt=0.4 --energy-measurement --eff-output=wall-ke --kbt1 --seed=9298",9298
2026-09-18 12:50:50,energy_transfer,edmd,12500,12000,0.0166666669,39.25,10,100,0.5,nan,0.100050721,0.100050721,1,39.25,1e+09,50;50,1,0.0416666667,1,1,0.00999999978,100,1000,nan,39.25,1,step,71.5700022,-5,step,6.92999983,5,nan,nan,5,nan,nan,575.106215,0.013811917,2.4016289e-05,0.999975984,575.092403,2.03377803e-09,0.000162791359,0.000162789325,2.83059582e-07,20,1.46665955,/Users/chrisharing/Desktop/CCS_complex_coupled_systems/Repo/HardDisks/hspist3/experiments_energy_transfer/level2_fast_20260918/u5/tr_9297.csv,21.3499908,19.8833313,1,"./00ALLINONE_ramp --mode=edmd --experiment=energy_transfer --headless --quiet --edmd-acc=0 --seed-drift-order=drift-first --energy-transfer-summary=experiments_energy_transfer/level2_fast_20260918/u5/summary.csv --energy-transfer-trace=experiments_energy_transfer/level2_fast_20260918/u5/tr_9297.csv --particles=100 --particles-boxes=50,50 --particle-radius=0.5 --l0=39.25 --height=10 --num-walls=1 --wall-positions=39.25 --wall-mass-factors=1000000000 --piston-right-protocol-mode=step --velocity-right-piston-step=5 --max-right-piston-travel=6.93 --auto-piston-step --wall-hold-steps=12000 --steps=12500 --fixed-dt=0.4 --energy-measurement --eff-output=wall-ke --kbt1 --seed=9297",9297
2026-09-18 12:50:50,energy_transfer,edmd,12500,12000,0.0166666669,39.25,10,100,0.5,nan,0.100050721,0.100050721,1,39.25,1e+09,50;50,1,0.0416666667,1,1,0.00999999978,100,1000,nan,39.25,1,step,71.5700022,-5,step,6.92999983,5,nan,nan,5,nan,nan,766.667513,0.0249072388,3.24876669e-05,0.999967512,766.642606,3.77931375e-09,0.000300415035,0.000300411256,3.91840336e-07,20,1.46665955,/Users/chrisharing/Desktop/CCS_complex_coupled_systems/Repo/HardDisks/hspist3/experiments_energy_transfer/level2_fast_20260918/u5/tr_9299.csv,21.3166656,19.8500061,1,"./00ALLINONE_ramp --mode=edmd --experiment=energy_transfer --headless --quiet --edmd-acc=0 --seed-drift-order=drift-first --energy-transfer-summary=experiments_energy_transfer/level2_fast_20260918/u5/summary.csv --energy-transfer-trace=experiments_energy_transfer/level2_fast_20260918/u5/tr_9299.csv --particles=100 --particles-boxes=50,50 --particle-radius=0.5 --l0=39.25 --height=10 --num-walls=1 --wall-positions=39.25 --wall-mass-factors=1000000000 --piston-right-protocol-mode=step --velocity-right-piston-step=5 --max-right-piston-travel=6.93 --auto-piston-step --wall-hold-steps=12000 --steps=12500 --fixed-dt=0.4 --energy-measurement --eff-output=wall-ke --kbt1 --seed=9299",9299
