timestamp,mode,sim_mode,steps_after_release,wall_hold_steps,dt_sigma,L0,height,particles_total,radius_sigma,eta_input,eta_nominal,eta_particles_region,num_walls,wall_positions_cli,wall_mass_factors_cli,particles_boxes_cli,wall_thickness_sigma,wall_thickness_vis_sigma,kbt1,kBT,kB_effective,temperature_runtime,spring_k,spring_eq_sigma,spring_eq_sigma_effective,piston_auto,piston_protocol,piston_target_sigma,piston_speed_px,piston_right_protocol_mode,piston_right_travel_sigma,piston_right_v_step_constant,piston_right_v0,piston_right_v_gradient,piston_right_vmax,piston_right_duration,piston_right_sigmoid_steepness,W_in_max,W_out_max,ratio,loss_fraction,total_loss,springE_stop,springE_peak_win,W_out_peak_win,ratio_win,eff_window_T,piston_stop_t_rel,trace_path,spring_peak_t_rel,spring_peak_dt,spring_peak_near_end,command,seed
2026-09-17 10:37:06,energy_transfer,edmd,60000,12000,0.0166666669,39.25,10,100,0.5,nan,0.100050721,0.100050721,1,39.25,1e+09,50;50,1,0.0416666667,1,1,0.00999999978,100,1000,nan,39.25,1,step,74.5700022,-0.00499999989,step,3.93000007,0.00499999989,nan,nan,0.00499999989,nan,nan,7.60539962,4.61683485e-05,6.07046977e-06,0.99999393,7.60535346,2.45608444e-05,2.59709632e-05,1.41011878e-06,1.85410216e-07,20,836.016724,/Users/chrisharing/Desktop/CCS_complex_coupled_systems/Repo/HardDisks/hspist3/experiments_energy_transfer/level2_slope_20260917/u0.005/tr_9202.csv,855.433472,19.416748,1,"./00ALLINONE --mode=edmd --experiment=energy_transfer --headless --quiet --edmd-acc=0 --seed-drift-order=drift-first --energy-transfer-summary=experiments_energy_transfer/level2_slope_20260917/u0.005/summary.csv --energy-transfer-trace=experiments_energy_transfer/level2_slope_20260917/u0.005/tr_9202.csv --particles=100 --particles-boxes=50,50 --particle-radius=0.5 --l0=39.25 --height=10 --num-walls=1 --wall-positions=39.25 --wall-mass-factors=1000000000 --piston-right-protocol-mode=step --velocity-right-piston-step=0.005 --max-right-piston-travel=3.93 --auto-piston-step --wall-hold-steps=12000 --steps=60000 --fixed-dt=0.4 --energy-measurement --eff-output=wall-ke --kbt1 --seed=9202",9202
2026-09-17 10:37:06,energy_transfer,edmd,60000,12000,0.0166666669,39.25,10,100,0.5,nan,0.100050721,0.100050721,1,39.25,1e+09,50;50,1,0.0416666667,1,1,0.00999999978,100,1000,nan,39.25,1,step,74.5700022,-0.00499999989,step,3.93000007,0.00499999989,nan,nan,0.00499999989,nan,nan,7.45480633,3.63210929e-05,4.87217123e-06,0.999995128,7.45477001,1.88674931e-05,2.16618046e-05,2.79431151e-06,3.74833549e-07,20,836.016724,/Users/chrisharing/Desktop/CCS_complex_coupled_systems/Repo/HardDisks/hspist3/experiments_energy_transfer/level2_slope_20260917/u0.005/tr_9203.csv,851.483398,15.4666748,0,"./00ALLINONE --mode=edmd --experiment=energy_transfer --headless --quiet --edmd-acc=0 --seed-drift-order=drift-first --energy-transfer-summary=experiments_energy_transfer/level2_slope_20260917/u0.005/summary.csv --energy-transfer-trace=experiments_energy_transfer/level2_slope_20260917/u0.005/tr_9203.csv --particles=100 --particles-boxes=50,50 --particle-radius=0.5 --l0=39.25 --height=10 --num-walls=1 --wall-positions=39.25 --wall-mass-factors=1000000000 --piston-right-protocol-mode=step --velocity-right-piston-step=0.005 --max-right-piston-travel=3.93 --auto-piston-step --wall-hold-steps=12000 --steps=60000 --fixed-dt=0.4 --energy-measurement --eff-output=wall-ke --kbt1 --seed=9203",9203
2026-09-17 10:37:07,energy_transfer,edmd,60000,12000,0.0166666669,39.25,10,100,0.5,nan,0.100050721,0.100050721,1,39.25,1e+09,50;50,1,0.0416666667,1,1,0.00999999978,100,1000,nan,39.25,1,step,74.5700022,-0.00499999989,step,3.93000007,0.00499999989,nan,nan,0.00499999989,nan,nan,7.45175485,3.41942468e-05,4.58875091e-06,0.999995411,7.45172066,1.49311409e-05,2.13866751e-05,6.45553428e-06,8.66310608e-07,20,836.016724,/Users/chrisharing/Desktop/CCS_complex_coupled_systems/Repo/HardDisks/hspist3/experiments_energy_transfer/level2_slope_20260917/u0.005/tr_9201.csv,848.283447,12.2667236,0,"./00ALLINONE --mode=edmd --experiment=energy_transfer --headless --quiet --edmd-acc=0 --seed-drift-order=drift-first --energy-transfer-summary=experiments_energy_transfer/level2_slope_20260917/u0.005/summary.csv --energy-transfer-trace=experiments_energy_transfer/level2_slope_20260917/u0.005/tr_9201.csv --particles=100 --particles-boxes=50,50 --particle-radius=0.5 --l0=39.25 --height=10 --num-walls=1 --wall-positions=39.25 --wall-mass-factors=1000000000 --piston-right-protocol-mode=step --velocity-right-piston-step=0.005 --max-right-piston-travel=3.93 --auto-piston-step --wall-hold-steps=12000 --steps=60000 --fixed-dt=0.4 --energy-measurement --eff-output=wall-ke --kbt1 --seed=9201",9201
2026-09-17 10:37:08,energy_transfer,edmd,60000,12000,0.0166666669,39.25,10,100,0.5,nan,0.100050721,0.100050721,1,39.25,1e+09,50;50,1,0.0416666667,1,1,0.00999999978,100,1000,nan,39.25,1,step,74.5700022,-0.00499999989,step,3.93000007,0.00499999989,nan,nan,0.00499999989,nan,nan,7.38747233,3.57524259e-05,4.83960201e-06,0.99999516,7.38743658,1.52197044e-05,1.78510854e-05,2.63138099e-06,3.56195039e-07,20,836.016724,/Users/chrisharing/Desktop/CCS_complex_coupled_systems/Repo/HardDisks/hspist3/experiments_energy_transfer/level2_slope_20260917/u0.005/tr_9206.csv,848.783447,12.7667236,0,"./00ALLINONE --mode=edmd --experiment=energy_transfer --headless --quiet --edmd-acc=0 --seed-drift-order=drift-first --energy-transfer-summary=experiments_energy_transfer/level2_slope_20260917/u0.005/summary.csv --energy-transfer-trace=experiments_energy_transfer/level2_slope_20260917/u0.005/tr_9206.csv --particles=100 --particles-boxes=50,50 --particle-radius=0.5 --l0=39.25 --height=10 --num-walls=1 --wall-positions=39.25 --wall-mass-factors=1000000000 --piston-right-protocol-mode=step --velocity-right-piston-step=0.005 --max-right-piston-travel=3.93 --auto-piston-step --wall-hold-steps=12000 --steps=60000 --fixed-dt=0.4 --energy-measurement --eff-output=wall-ke --kbt1 --seed=9206",9206
2026-09-17 10:37:09,energy_transfer,edmd,60000,12000,0.0166666669,39.25,10,100,0.5,nan,0.100050721,0.100050721,1,39.25,1e+09,50;50,1,0.0416666667,1,1,0.00999999978,100,1000,nan,39.25,1,step,74.5700022,-0.00499999989,step,3.93000007,0.00499999989,nan,nan,0.00499999989,nan,nan,7.35462763,3.67576431e-05,4.99789316e-06,0.999995002,7.35459087,1.53183664e-05,2.00972863e-05,4.7789199e-06,6.49784074e-07,20,836.016724,/Users/chrisharing/Desktop/CCS_complex_coupled_systems/Repo/HardDisks/hspist3/experiments_energy_transfer/level2_slope_20260917/u0.005/tr_9204.csv,853.233398,17.2166748,0,"./00ALLINONE --mode=edmd --experiment=energy_transfer --headless --quiet --edmd-acc=0 --seed-drift-order=drift-first --energy-transfer-summary=experiments_energy_transfer/level2_slope_20260917/u0.005/summary.csv --energy-transfer-trace=experiments_energy_transfer/level2_slope_20260917/u0.005/tr_9204.csv --particles=100 --particles-boxes=50,50 --particle-radius=0.5 --l0=39.25 --height=10 --num-walls=1 --wall-positions=39.25 --wall-mass-factors=1000000000 --piston-right-protocol-mode=step --velocity-right-piston-step=0.005 --max-right-piston-travel=3.93 --auto-piston-step --wall-hold-steps=12000 --steps=60000 --fixed-dt=0.4 --energy-measurement --eff-output=wall-ke --kbt1 --seed=9204",9204
2026-09-17 10:37:09,energy_transfer,edmd,60000,12000,0.0166666669,39.25,10,100,0.5,nan,0.100050721,0.100050721,1,39.25,1e+09,50;50,1,0.0416666667,1,1,0.00999999978,100,1000,nan,39.25,1,step,74.5700022,-0.00499999989,step,3.93000007,0.00499999989,nan,nan,0.00499999989,nan,nan,7.57893594,4.42156343e-05,5.8340161e-06,0.999994166,7.57889172,2.01013063e-05,2.51896054e-05,5.08829908e-06,6.71373807e-07,20,836.016724,/Users/chrisharing/Desktop/CCS_complex_coupled_systems/Repo/HardDisks/hspist3/experiments_energy_transfer/level2_slope_20260917/u0.005/tr_9205.csv,850.450073,14.4333496,0,"./00ALLINONE --mode=edmd --experiment=energy_transfer --headless --quiet --edmd-acc=0 --seed-drift-order=drift-first --energy-transfer-summary=experiments_energy_transfer/level2_slope_20260917/u0.005/summary.csv --energy-transfer-trace=experiments_energy_transfer/level2_slope_20260917/u0.005/tr_9205.csv --particles=100 --particles-boxes=50,50 --particle-radius=0.5 --l0=39.25 --height=10 --num-walls=1 --wall-positions=39.25 --wall-mass-factors=1000000000 --piston-right-protocol-mode=step --velocity-right-piston-step=0.005 --max-right-piston-travel=3.93 --auto-piston-step --wall-hold-steps=12000 --steps=60000 --fixed-dt=0.4 --energy-measurement --eff-output=wall-ke --kbt1 --seed=9205",9205
2026-09-17 10:37:10,energy_transfer,edmd,60000,12000,0.0166666669,39.25,10,100,0.5,nan,0.100050721,0.100050721,1,39.25,1e+09,50;50,1,0.0416666667,1,1,0.00999999978,100,1000,nan,39.25,1,step,74.5700022,-0.00499999989,step,3.93000007,0.00499999989,nan,nan,0.00499999989,nan,nan,7.41927186,4.5410241e-05,6.1205792e-06,0.999993879,7.41922645,1.985165e-05,2.31772265e-05,3.32557647e-06,4.48234886e-07,20,836.016724,/Users/chrisharing/Desktop/CCS_complex_coupled_systems/Repo/HardDisks/hspist3/experiments_energy_transfer/level2_slope_20260917/u0.005/tr_9200.csv,841.283447,5.26672363,0,"./00ALLINONE --mode=edmd --experiment=energy_transfer --headless --quiet --edmd-acc=0 --seed-drift-order=drift-first --energy-transfer-summary=experiments_energy_transfer/level2_slope_20260917/u0.005/summary.csv --energy-transfer-trace=experiments_energy_transfer/level2_slope_20260917/u0.005/tr_9200.csv --particles=100 --particles-boxes=50,50 --particle-radius=0.5 --l0=39.25 --height=10 --num-walls=1 --wall-positions=39.25 --wall-mass-factors=1000000000 --piston-right-protocol-mode=step --velocity-right-piston-step=0.005 --max-right-piston-travel=3.93 --auto-piston-step --wall-hold-steps=12000 --steps=60000 --fixed-dt=0.4 --energy-measurement --eff-output=wall-ke --kbt1 --seed=9200",9200
2026-09-17 10:37:12,energy_transfer,edmd,60000,12000,0.0166666669,39.25,10,100,0.5,nan,0.100050721,0.100050721,1,39.25,1e+09,50;50,1,0.0416666667,1,1,0.00999999978,100,1000,nan,39.25,1,step,74.5700022,-0.00499999989,step,3.93000007,0.00499999989,nan,nan,0.00499999989,nan,nan,7.38521476,3.67215653e-05,4.97230838e-06,0.999995028,7.38517804,1.49676325e-05,1.83641587e-05,3.39652615e-06,4.59908921e-07,20,836.016724,/Users/chrisharing/Desktop/CCS_complex_coupled_systems/Repo/HardDisks/hspist3/experiments_energy_transfer/level2_slope_20260917/u0.005/tr_9208.csv,843.050171,7.03344727,0,"./00ALLINONE --mode=edmd --experiment=energy_transfer --headless --quiet --edmd-acc=0 --seed-drift-order=drift-first --energy-transfer-summary=experiments_energy_transfer/level2_slope_20260917/u0.005/summary.csv --energy-transfer-trace=experiments_energy_transfer/level2_slope_20260917/u0.005/tr_9208.csv --particles=100 --particles-boxes=50,50 --particle-radius=0.5 --l0=39.25 --height=10 --num-walls=1 --wall-positions=39.25 --wall-mass-factors=1000000000 --piston-right-protocol-mode=step --velocity-right-piston-step=0.005 --max-right-piston-travel=3.93 --auto-piston-step --wall-hold-steps=12000 --steps=60000 --fixed-dt=0.4 --energy-measurement --eff-output=wall-ke --kbt1 --seed=9208",9208
2026-09-17 10:37:13,energy_transfer,edmd,60000,12000,0.0166666669,39.25,10,100,0.5,nan,0.100050721,0.100050721,1,39.25,1e+09,50;50,1,0.0416666667,1,1,0.00999999978,100,1000,nan,39.25,1,step,74.5700022,-0.00499999989,step,3.93000007,0.00499999989,nan,nan,0.00499999989,nan,nan,7.41313599,3.75099771e-05,5.05993376e-06,0.99999494,7.41309848,1.82999465e-05,1.89815382e-05,6.815917e-07,9.1943774e-08,20,836.016724,/Users/chrisharing/Desktop/CCS_complex_coupled_systems/Repo/HardDisks/hspist3/experiments_energy_transfer/level2_slope_20260917/u0.005/tr_9207.csv,852.333496,16.3167725,0,"./00ALLINONE --mode=edmd --experiment=energy_transfer --headless --quiet --edmd-acc=0 --seed-drift-order=drift-first --energy-transfer-summary=experiments_energy_transfer/level2_slope_20260917/u0.005/summary.csv --energy-transfer-trace=experiments_energy_transfer/level2_slope_20260917/u0.005/tr_9207.csv --particles=100 --particles-boxes=50,50 --particle-radius=0.5 --l0=39.25 --height=10 --num-walls=1 --wall-positions=39.25 --wall-mass-factors=1000000000 --piston-right-protocol-mode=step --velocity-right-piston-step=0.005 --max-right-piston-travel=3.93 --auto-piston-step --wall-hold-steps=12000 --steps=60000 --fixed-dt=0.4 --energy-measurement --eff-output=wall-ke --kbt1 --seed=9207",9207
2026-09-17 10:37:13,energy_transfer,edmd,60000,12000,0.0166666669,39.25,10,100,0.5,nan,0.100050721,0.100050721,1,39.25,1e+09,50;50,1,0.0416666667,1,1,0.00999999978,100,1000,nan,39.25,1,step,74.5700022,-0.00499999989,step,3.93000007,0.00499999989,nan,nan,0.00499999989,nan,nan,7.55117903,4.29660249e-05,5.68997566e-06,0.99999431,7.55113607,1.91917879e-05,2.32550683e-05,4.06328036e-06,5.38098797e-07,20,836.016724,/Users/chrisharing/Desktop/CCS_complex_coupled_systems/Repo/HardDisks/hspist3/experiments_energy_transfer/level2_slope_20260917/u0.005/tr_9209.csv,850.816772,14.8000488,0,"./00ALLINONE --mode=edmd --experiment=energy_transfer --headless --quiet --edmd-acc=0 --seed-drift-order=drift-first --energy-transfer-summary=experiments_energy_transfer/level2_slope_20260917/u0.005/summary.csv --energy-transfer-trace=experiments_energy_transfer/level2_slope_20260917/u0.005/tr_9209.csv --particles=100 --particles-boxes=50,50 --particle-radius=0.5 --l0=39.25 --height=10 --num-walls=1 --wall-positions=39.25 --wall-mass-factors=1000000000 --piston-right-protocol-mode=step --velocity-right-piston-step=0.005 --max-right-piston-travel=3.93 --auto-piston-step --wall-hold-steps=12000 --steps=60000 --fixed-dt=0.4 --energy-measurement --eff-output=wall-ke --kbt1 --seed=9209",9209
2026-09-17 10:37:58,energy_transfer,edmd,60000,12000,0.0166666669,39.25,10,100,0.5,nan,0.100050721,0.100050721,1,39.25,1e+09,50;50,1,0.0416666667,1,1,0.00999999978,100,1000,nan,39.25,1,step,74.5700022,-0.00499999989,step,3.93000007,0.00499999989,nan,nan,0.00499999989,nan,nan,7.44930155,3.7523052e-05,5.03712351e-06,0.999994963,7.44926403,1.56409587e-05,1.74222878e-05,1.78132905e-06,2.39126989e-07,20,836.016724,/Users/chrisharing/Desktop/CCS_complex_coupled_systems/Repo/HardDisks/hspist3/experiments_energy_transfer/level2_slope_20260917/u0.005/tr_9210.csv,840.883423,4.86669922,0,"./00ALLINONE --mode=edmd --experiment=energy_transfer --headless --quiet --edmd-acc=0 --seed-drift-order=drift-first --energy-transfer-summary=experiments_energy_transfer/level2_slope_20260917/u0.005/summary.csv --energy-transfer-trace=experiments_energy_transfer/level2_slope_20260917/u0.005/tr_9210.csv --particles=100 --particles-boxes=50,50 --particle-radius=0.5 --l0=39.25 --height=10 --num-walls=1 --wall-positions=39.25 --wall-mass-factors=1000000000 --piston-right-protocol-mode=step --velocity-right-piston-step=0.005 --max-right-piston-travel=3.93 --auto-piston-step --wall-hold-steps=12000 --steps=60000 --fixed-dt=0.4 --energy-measurement --eff-output=wall-ke --kbt1 --seed=9210",9210
2026-09-17 10:38:39,energy_transfer,edmd,60000,12000,0.0166666669,39.25,10,100,0.5,nan,0.100050721,0.100050721,1,39.25,1e+09,50;50,1,0.0416666667,1,1,0.00999999978,100,1000,nan,39.25,1,step,74.5700022,-0.00499999989,step,3.93000007,0.00499999989,nan,nan,0.00499999989,nan,nan,7.37009637,4.20070828e-05,5.69966534e-06,0.9999943,7.37005436,1.72990531e-05,1.82140448e-05,9.14991688e-07,1.24149216e-07,20,836.016724,/Users/chrisharing/Desktop/CCS_complex_coupled_systems/Repo/HardDisks/hspist3/experiments_energy_transfer/level2_slope_20260917/u0.005/tr_9211.csv,838.166748,2.15002441,0,"./00ALLINONE --mode=edmd --experiment=energy_transfer --headless --quiet --edmd-acc=0 --seed-drift-order=drift-first --energy-transfer-summary=experiments_energy_transfer/level2_slope_20260917/u0.005/summary.csv --energy-transfer-trace=experiments_energy_transfer/level2_slope_20260917/u0.005/tr_9211.csv --particles=100 --particles-boxes=50,50 --particle-radius=0.5 --l0=39.25 --height=10 --num-walls=1 --wall-positions=39.25 --wall-mass-factors=1000000000 --piston-right-protocol-mode=step --velocity-right-piston-step=0.005 --max-right-piston-travel=3.93 --auto-piston-step --wall-hold-steps=12000 --steps=60000 --fixed-dt=0.4 --energy-measurement --eff-output=wall-ke --kbt1 --seed=9211",9211
2026-09-17 10:38:39,energy_transfer,edmd,60000,12000,0.0166666669,39.25,10,100,0.5,nan,0.100050721,0.100050721,1,39.25,1e+09,50;50,1,0.0416666667,1,1,0.00999999978,100,1000,nan,39.25,1,step,74.5700022,-0.00499999989,step,3.93000007,0.00499999989,nan,nan,0.00499999989,nan,nan,7.52807009,4.7297217e-05,6.28278116e-06,0.999993717,7.5280228,2.04566059e-05,2.40968111e-05,3.64020525e-06,4.83550924e-07,20,836.016724,/Users/chrisharing/Desktop/CCS_complex_coupled_systems/Repo/HardDisks/hspist3/experiments_energy_transfer/level2_slope_20260917/u0.005/tr_9212.csv,842.716797,6.70007324,0,"./00ALLINONE --mode=edmd --experiment=energy_transfer --headless --quiet --edmd-acc=0 --seed-drift-order=drift-first --energy-transfer-summary=experiments_energy_transfer/level2_slope_20260917/u0.005/summary.csv --energy-transfer-trace=experiments_energy_transfer/level2_slope_20260917/u0.005/tr_9212.csv --particles=100 --particles-boxes=50,50 --particle-radius=0.5 --l0=39.25 --height=10 --num-walls=1 --wall-positions=39.25 --wall-mass-factors=1000000000 --piston-right-protocol-mode=step --velocity-right-piston-step=0.005 --max-right-piston-travel=3.93 --auto-piston-step --wall-hold-steps=12000 --steps=60000 --fixed-dt=0.4 --energy-measurement --eff-output=wall-ke --kbt1 --seed=9212",9212
2026-09-17 10:38:41,energy_transfer,edmd,60000,12000,0.0166666669,39.25,10,100,0.5,nan,0.100050721,0.100050721,1,39.25,1e+09,50;50,1,0.0416666667,1,1,0.00999999978,100,1000,nan,39.25,1,step,74.5700022,-0.00499999989,step,3.93000007,0.00499999989,nan,nan,0.00499999989,nan,nan,7.43702855,4.97130168e-05,6.68452681e-06,0.999993315,7.43697884,2.16034296e-05,2.31281319e-05,1.52470238e-06,2.05014997e-07,20,836.016724,/Users/chrisharing/Desktop/CCS_complex_coupled_systems/Repo/HardDisks/hspist3/experiments_energy_transfer/level2_slope_20260917/u0.005/tr_9214.csv,849.483398,13.4666748,0,"./00ALLINONE --mode=edmd --experiment=energy_transfer --headless --quiet --edmd-acc=0 --seed-drift-order=drift-first --energy-transfer-summary=experiments_energy_transfer/level2_slope_20260917/u0.005/summary.csv --energy-transfer-trace=experiments_energy_transfer/level2_slope_20260917/u0.005/tr_9214.csv --particles=100 --particles-boxes=50,50 --particle-radius=0.5 --l0=39.25 --height=10 --num-walls=1 --wall-positions=39.25 --wall-mass-factors=1000000000 --piston-right-protocol-mode=step --velocity-right-piston-step=0.005 --max-right-piston-travel=3.93 --auto-piston-step --wall-hold-steps=12000 --steps=60000 --fixed-dt=0.4 --energy-measurement --eff-output=wall-ke --kbt1 --seed=9214",9214
2026-09-17 10:38:41,energy_transfer,edmd,60000,12000,0.0166666669,39.25,10,100,0.5,nan,0.100050721,0.100050721,1,39.25,1e+09,50;50,1,0.0416666667,1,1,0.00999999978,100,1000,nan,39.25,1,step,74.5700022,-0.00499999989,step,3.93000007,0.00499999989,nan,nan,0.00499999989,nan,nan,7.50165868,3.6423764e-05,4.85542805e-06,0.999995145,7.50162226,1.5820875e-05,1.9237541e-05,3.416666e-06,4.5545474e-07,20,836.016724,/Users/chrisharing/Desktop/CCS_complex_coupled_systems/Repo/HardDisks/hspist3/experiments_energy_transfer/level2_slope_20260917/u0.005/tr_9215.csv,845.900146,9.88342285,0,"./00ALLINONE --mode=edmd --experiment=energy_transfer --headless --quiet --edmd-acc=0 --seed-drift-order=drift-first --energy-transfer-summary=experiments_energy_transfer/level2_slope_20260917/u0.005/summary.csv --energy-transfer-trace=experiments_energy_transfer/level2_slope_20260917/u0.005/tr_9215.csv --particles=100 --particles-boxes=50,50 --particle-radius=0.5 --l0=39.25 --height=10 --num-walls=1 --wall-positions=39.25 --wall-mass-factors=1000000000 --piston-right-protocol-mode=step --velocity-right-piston-step=0.005 --max-right-piston-travel=3.93 --auto-piston-step --wall-hold-steps=12000 --steps=60000 --fixed-dt=0.4 --energy-measurement --eff-output=wall-ke --kbt1 --seed=9215",9215
2026-09-17 10:38:41,energy_transfer,edmd,60000,12000,0.0166666669,39.25,10,100,0.5,nan,0.100050721,0.100050721,1,39.25,1e+09,50;50,1,0.0416666667,1,1,0.00999999978,100,1000,nan,39.25,1,step,74.5700022,-0.00499999989,step,3.93000007,0.00499999989,nan,nan,0.00499999989,nan,nan,7.59452513,4.34463909e-05,5.72075149e-06,0.999994279,7.59448168,2.13953645e-05,2.59721455e-05,4.57678107e-06,6.02642165e-07,20,836.016724,/Users/chrisharing/Desktop/CCS_complex_coupled_systems/Repo/HardDisks/hspist3/experiments_energy_transfer/level2_slope_20260917/u0.005/tr_9216.csv,852.933472,16.916748,0,"./00ALLINONE --mode=edmd --experiment=energy_transfer --headless --quiet --edmd-acc=0 --seed-drift-order=drift-first --energy-transfer-summary=experiments_energy_transfer/level2_slope_20260917/u0.005/summary.csv --energy-transfer-trace=experiments_energy_transfer/level2_slope_20260917/u0.005/tr_9216.csv --particles=100 --particles-boxes=50,50 --particle-radius=0.5 --l0=39.25 --height=10 --num-walls=1 --wall-positions=39.25 --wall-mass-factors=1000000000 --piston-right-protocol-mode=step --velocity-right-piston-step=0.005 --max-right-piston-travel=3.93 --auto-piston-step --wall-hold-steps=12000 --steps=60000 --fixed-dt=0.4 --energy-measurement --eff-output=wall-ke --kbt1 --seed=9216",9216
2026-09-17 10:38:42,energy_transfer,edmd,60000,12000,0.0166666669,39.25,10,100,0.5,nan,0.100050721,0.100050721,1,39.25,1e+09,50;50,1,0.0416666667,1,1,0.00999999978,100,1000,nan,39.25,1,step,74.5700022,-0.00499999989,step,3.93000007,0.00499999989,nan,nan,0.00499999989,nan,nan,7.41519823,3.45327935e-05,4.65702904e-06,0.999995343,7.4151637,1.34326528e-05,1.74509423e-05,4.01828947e-06,5.41899131e-07,20,836.016724,/Users/chrisharing/Desktop/CCS_complex_coupled_systems/Repo/HardDisks/hspist3/experiments_energy_transfer/level2_slope_20260917/u0.005/tr_9220.csv,853.966797,17.9500732,0,"./00ALLINONE --mode=edmd --experiment=energy_transfer --headless --quiet --edmd-acc=0 --seed-drift-order=drift-first --energy-transfer-summary=experiments_energy_transfer/level2_slope_20260917/u0.005/summary.csv --energy-transfer-trace=experiments_energy_transfer/level2_slope_20260917/u0.005/tr_9220.csv --particles=100 --particles-boxes=50,50 --particle-radius=0.5 --l0=39.25 --height=10 --num-walls=1 --wall-positions=39.25 --wall-mass-factors=1000000000 --piston-right-protocol-mode=step --velocity-right-piston-step=0.005 --max-right-piston-travel=3.93 --auto-piston-step --wall-hold-steps=12000 --steps=60000 --fixed-dt=0.4 --energy-measurement --eff-output=wall-ke --kbt1 --seed=9220",9220
2026-09-17 10:38:42,energy_transfer,edmd,60000,12000,0.0166666669,39.25,10,100,0.5,nan,0.100050721,0.100050721,1,39.25,1e+09,50;50,1,0.0416666667,1,1,0.00999999978,100,1000,nan,39.25,1,step,74.5700022,-0.00499999989,step,3.93000007,0.00499999989,nan,nan,0.00499999989,nan,nan,7.48200751,3.73248258e-05,4.98861111e-06,0.999995011,7.48197019,1.61602511e-05,1.76105586e-05,1.45030754e-06,1.93839358e-07,20,836.016724,/Users/chrisharing/Desktop/CCS_complex_coupled_systems/Repo/HardDisks/hspist3/experiments_energy_transfer/level2_slope_20260917/u0.005/tr_9219.csv,850.366821,14.3500977,0,"./00ALLINONE --mode=edmd --experiment=energy_transfer --headless --quiet --edmd-acc=0 --seed-drift-order=drift-first --energy-transfer-summary=experiments_energy_transfer/level2_slope_20260917/u0.005/summary.csv --energy-transfer-trace=experiments_energy_transfer/level2_slope_20260917/u0.005/tr_9219.csv --particles=100 --particles-boxes=50,50 --particle-radius=0.5 --l0=39.25 --height=10 --num-walls=1 --wall-positions=39.25 --wall-mass-factors=1000000000 --piston-right-protocol-mode=step --velocity-right-piston-step=0.005 --max-right-piston-travel=3.93 --auto-piston-step --wall-hold-steps=12000 --steps=60000 --fixed-dt=0.4 --energy-measurement --eff-output=wall-ke --kbt1 --seed=9219",9219
2026-09-17 10:38:42,energy_transfer,edmd,60000,12000,0.0166666669,39.25,10,100,0.5,nan,0.100050721,0.100050721,1,39.25,1e+09,50;50,1,0.0416666667,1,1,0.00999999978,100,1000,nan,39.25,1,step,74.5700022,-0.00499999989,step,3.93000007,0.00499999989,nan,nan,0.00499999989,nan,nan,7.57321568,4.44730977e-05,5.87241926e-06,0.999994128,7.57317121,2.41400048e-05,2.78015741e-05,3.66156928e-06,4.8348937e-07,20,836.016724,/Users/chrisharing/Desktop/CCS_complex_coupled_systems/Repo/HardDisks/hspist3/experiments_energy_transfer/level2_slope_20260917/u0.005/tr_9217.csv,854.150146,18.1334229,1,"./00ALLINONE --mode=edmd --experiment=energy_transfer --headless --quiet --edmd-acc=0 --seed-drift-order=drift-first --energy-transfer-summary=experiments_energy_transfer/level2_slope_20260917/u0.005/summary.csv --energy-transfer-trace=experiments_energy_transfer/level2_slope_20260917/u0.005/tr_9217.csv --particles=100 --particles-boxes=50,50 --particle-radius=0.5 --l0=39.25 --height=10 --num-walls=1 --wall-positions=39.25 --wall-mass-factors=1000000000 --piston-right-protocol-mode=step --velocity-right-piston-step=0.005 --max-right-piston-travel=3.93 --auto-piston-step --wall-hold-steps=12000 --steps=60000 --fixed-dt=0.4 --energy-measurement --eff-output=wall-ke --kbt1 --seed=9217",9217
2026-09-17 10:38:42,energy_transfer,edmd,60000,12000,0.0166666669,39.25,10,100,0.5,nan,0.100050721,0.100050721,1,39.25,1e+09,50;50,1,0.0416666667,1,1,0.00999999978,100,1000,nan,39.25,1,step,74.5700022,-0.00499999989,step,3.93000007,0.00499999989,nan,nan,0.00499999989,nan,nan,7.44042212,3.30874391e-05,4.44698413e-06,0.999995553,7.44038903,1.7396882e-05,1.91801519e-05,1.78326991e-06,2.39673218e-07,20,836.016724,/Users/chrisharing/Desktop/CCS_complex_coupled_systems/Repo/HardDisks/hspist3/experiments_energy_transfer/level2_slope_20260917/u0.005/tr_9218.csv,855.100098,19.083374,1,"./00ALLINONE --mode=edmd --experiment=energy_transfer --headless --quiet --edmd-acc=0 --seed-drift-order=drift-first --energy-transfer-summary=experiments_energy_transfer/level2_slope_20260917/u0.005/summary.csv --energy-transfer-trace=experiments_energy_transfer/level2_slope_20260917/u0.005/tr_9218.csv --particles=100 --particles-boxes=50,50 --particle-radius=0.5 --l0=39.25 --height=10 --num-walls=1 --wall-positions=39.25 --wall-mass-factors=1000000000 --piston-right-protocol-mode=step --velocity-right-piston-step=0.005 --max-right-piston-travel=3.93 --auto-piston-step --wall-hold-steps=12000 --steps=60000 --fixed-dt=0.4 --energy-measurement --eff-output=wall-ke --kbt1 --seed=9218",9218
2026-09-17 10:38:42,energy_transfer,edmd,60000,12000,0.0166666669,39.25,10,100,0.5,nan,0.100050721,0.100050721,1,39.25,1e+09,50;50,1,0.0416666667,1,1,0.00999999978,100,1000,nan,39.25,1,step,74.5700022,-0.00499999989,step,3.93000007,0.00499999989,nan,nan,0.00499999989,nan,nan,7.52382271,4.53805987e-05,6.031588e-06,0.999993968,7.52377733,1.81368141e-05,2.56286712e-05,7.4918571e-06,9.95751415e-07,20,836.016724,/Users/chrisharing/Desktop/CCS_complex_coupled_systems/Repo/HardDisks/hspist3/experiments_energy_transfer/level2_slope_20260917/u0.005/tr_9213.csv,855.733398,19.7166748,1,"./00ALLINONE --mode=edmd --experiment=energy_transfer --headless --quiet --edmd-acc=0 --seed-drift-order=drift-first --energy-transfer-summary=experiments_energy_transfer/level2_slope_20260917/u0.005/summary.csv --energy-transfer-trace=experiments_energy_transfer/level2_slope_20260917/u0.005/tr_9213.csv --particles=100 --particles-boxes=50,50 --particle-radius=0.5 --l0=39.25 --height=10 --num-walls=1 --wall-positions=39.25 --wall-mass-factors=1000000000 --piston-right-protocol-mode=step --velocity-right-piston-step=0.005 --max-right-piston-travel=3.93 --auto-piston-step --wall-hold-steps=12000 --steps=60000 --fixed-dt=0.4 --energy-measurement --eff-output=wall-ke --kbt1 --seed=9213",9213
2026-09-17 10:38:45,energy_transfer,edmd,60000,12000,0.0166666669,39.25,10,100,0.5,nan,0.100050721,0.100050721,1,39.25,1e+09,50;50,1,0.0416666667,1,1,0.00999999978,100,1000,nan,39.25,1,step,74.5700022,-0.00499999989,step,3.93000007,0.00499999989,nan,nan,0.00499999989,nan,nan,7.55947306,4.98943919e-05,6.60024733e-06,0.9999934,7.55942316,1.99446531e-05,2.75968032e-05,7.65215009e-06,1.01225972e-06,20,836.016724,/Users/chrisharing/Desktop/CCS_complex_coupled_systems/Repo/HardDisks/hspist3/experiments_energy_transfer/level2_slope_20260917/u0.005/tr_9222.csv,851.283447,15.2667236,0,"./00ALLINONE --mode=edmd --experiment=energy_transfer --headless --quiet --edmd-acc=0 --seed-drift-order=drift-first --energy-transfer-summary=experiments_energy_transfer/level2_slope_20260917/u0.005/summary.csv --energy-transfer-trace=experiments_energy_transfer/level2_slope_20260917/u0.005/tr_9222.csv --particles=100 --particles-boxes=50,50 --particle-radius=0.5 --l0=39.25 --height=10 --num-walls=1 --wall-positions=39.25 --wall-mass-factors=1000000000 --piston-right-protocol-mode=step --velocity-right-piston-step=0.005 --max-right-piston-travel=3.93 --auto-piston-step --wall-hold-steps=12000 --steps=60000 --fixed-dt=0.4 --energy-measurement --eff-output=wall-ke --kbt1 --seed=9222",9222
2026-09-17 10:38:45,energy_transfer,edmd,60000,12000,0.0166666669,39.25,10,100,0.5,nan,0.100050721,0.100050721,1,39.25,1e+09,50;50,1,0.0416666667,1,1,0.00999999978,100,1000,nan,39.25,1,step,74.5700022,-0.00499999989,step,3.93000007,0.00499999989,nan,nan,0.00499999989,nan,nan,7.58174171,4.70446503e-05,6.20499248e-06,0.999993795,7.58169466,2.49233944e-05,2.6429816e-05,1.50642154e-06,1.98690696e-07,20,836.016724,/Users/chrisharing/Desktop/CCS_complex_coupled_systems/Repo/HardDisks/hspist3/experiments_energy_transfer/level2_slope_20260917/u0.005/tr_9221.csv,840.133423,4.11669922,0,"./00ALLINONE --mode=edmd --experiment=energy_transfer --headless --quiet --edmd-acc=0 --seed-drift-order=drift-first --energy-transfer-summary=experiments_energy_transfer/level2_slope_20260917/u0.005/summary.csv --energy-transfer-trace=experiments_energy_transfer/level2_slope_20260917/u0.005/tr_9221.csv --particles=100 --particles-boxes=50,50 --particle-radius=0.5 --l0=39.25 --height=10 --num-walls=1 --wall-positions=39.25 --wall-mass-factors=1000000000 --piston-right-protocol-mode=step --velocity-right-piston-step=0.005 --max-right-piston-travel=3.93 --auto-piston-step --wall-hold-steps=12000 --steps=60000 --fixed-dt=0.4 --energy-measurement --eff-output=wall-ke --kbt1 --seed=9221",9221
2026-09-17 10:38:46,energy_transfer,edmd,60000,12000,0.0166666669,39.25,10,100,0.5,nan,0.100050721,0.100050721,1,39.25,1e+09,50;50,1,0.0416666667,1,1,0.00999999978,100,1000,nan,39.25,1,step,74.5700022,-0.00499999989,step,3.93000007,0.00499999989,nan,nan,0.00499999989,nan,nan,7.35042446,2.87257972e-05,3.90804604e-06,0.999996092,7.35039573,1.1899504e-05,1.4128299e-05,2.22879498e-06,3.03219902e-07,20,836.016724,/Users/chrisharing/Desktop/CCS_complex_coupled_systems/Repo/HardDisks/hspist3/experiments_energy_transfer/level2_slope_20260917/u0.005/tr_9223.csv,848.950073,12.9333496,0,"./00ALLINONE --mode=edmd --experiment=energy_transfer --headless --quiet --edmd-acc=0 --seed-drift-order=drift-first --energy-transfer-summary=experiments_energy_transfer/level2_slope_20260917/u0.005/summary.csv --energy-transfer-trace=experiments_energy_transfer/level2_slope_20260917/u0.005/tr_9223.csv --particles=100 --particles-boxes=50,50 --particle-radius=0.5 --l0=39.25 --height=10 --num-walls=1 --wall-positions=39.25 --wall-mass-factors=1000000000 --piston-right-protocol-mode=step --velocity-right-piston-step=0.005 --max-right-piston-travel=3.93 --auto-piston-step --wall-hold-steps=12000 --steps=60000 --fixed-dt=0.4 --energy-measurement --eff-output=wall-ke --kbt1 --seed=9223",9223
2026-09-17 10:38:47,energy_transfer,edmd,60000,12000,0.0166666669,39.25,10,100,0.5,nan,0.100050721,0.100050721,1,39.25,1e+09,50;50,1,0.0416666667,1,1,0.00999999978,100,1000,nan,39.25,1,step,74.5700022,-0.00499999989,step,3.93000007,0.00499999989,nan,nan,0.00499999989,nan,nan,7.56276449,3.41109007e-05,4.51037458e-06,0.99999549,7.56273038,1.55360558e-05,2.11171828e-05,5.58112697e-06,7.3797445e-07,20,836.016724,/Users/chrisharing/Desktop/CCS_complex_coupled_systems/Repo/HardDisks/hspist3/experiments_energy_transfer/level2_slope_20260917/u0.005/tr_9227.csv,849.300171,13.2834473,0,"./00ALLINONE --mode=edmd --experiment=energy_transfer --headless --quiet --edmd-acc=0 --seed-drift-order=drift-first --energy-transfer-summary=experiments_energy_transfer/level2_slope_20260917/u0.005/summary.csv --energy-transfer-trace=experiments_energy_transfer/level2_slope_20260917/u0.005/tr_9227.csv --particles=100 --particles-boxes=50,50 --particle-radius=0.5 --l0=39.25 --height=10 --num-walls=1 --wall-positions=39.25 --wall-mass-factors=1000000000 --piston-right-protocol-mode=step --velocity-right-piston-step=0.005 --max-right-piston-travel=3.93 --auto-piston-step --wall-hold-steps=12000 --steps=60000 --fixed-dt=0.4 --energy-measurement --eff-output=wall-ke --kbt1 --seed=9227",9227
2026-09-17 10:38:47,energy_transfer,edmd,60000,12000,0.0166666669,39.25,10,100,0.5,nan,0.100050721,0.100050721,1,39.25,1e+09,50;50,1,0.0416666667,1,1,0.00999999978,100,1000,nan,39.25,1,step,74.5700022,-0.00499999989,step,3.93000007,0.00499999989,nan,nan,0.00499999989,nan,nan,7.34623601,3.40500519e-05,4.63503376e-06,0.999995365,7.34620196,1.54519312e-05,1.85427762e-05,3.09084498e-06,4.20738591e-07,20,836.016724,/Users/chrisharing/Desktop/CCS_complex_coupled_systems/Repo/HardDisks/hspist3/experiments_energy_transfer/level2_slope_20260917/u0.005/tr_9226.csv,855.333496,19.3167725,1,"./00ALLINONE --mode=edmd --experiment=energy_transfer --headless --quiet --edmd-acc=0 --seed-drift-order=drift-first --energy-transfer-summary=experiments_energy_transfer/level2_slope_20260917/u0.005/summary.csv --energy-transfer-trace=experiments_energy_transfer/level2_slope_20260917/u0.005/tr_9226.csv --particles=100 --particles-boxes=50,50 --particle-radius=0.5 --l0=39.25 --height=10 --num-walls=1 --wall-positions=39.25 --wall-mass-factors=1000000000 --piston-right-protocol-mode=step --velocity-right-piston-step=0.005 --max-right-piston-travel=3.93 --auto-piston-step --wall-hold-steps=12000 --steps=60000 --fixed-dt=0.4 --energy-measurement --eff-output=wall-ke --kbt1 --seed=9226",9226
2026-09-17 10:38:47,energy_transfer,edmd,60000,12000,0.0166666669,39.25,10,100,0.5,nan,0.100050721,0.100050721,1,39.25,1e+09,50;50,1,0.0416666667,1,1,0.00999999978,100,1000,nan,39.25,1,step,74.5700022,-0.00499999989,step,3.93000007,0.00499999989,nan,nan,0.00499999989,nan,nan,7.46701692,3.72961767e-05,4.99478937e-06,0.999995005,7.46697962,1.89407292e-05,1.95022967e-05,5.61567504e-07,7.52064057e-08,20,836.016724,/Users/chrisharing/Desktop/CCS_complex_coupled_systems/Repo/HardDisks/hspist3/experiments_energy_transfer/level2_slope_20260917/u0.005/tr_9229.csv,837.433472,1.41674805,0,"./00ALLINONE --mode=edmd --experiment=energy_transfer --headless --quiet --edmd-acc=0 --seed-drift-order=drift-first --energy-transfer-summary=experiments_energy_transfer/level2_slope_20260917/u0.005/summary.csv --energy-transfer-trace=experiments_energy_transfer/level2_slope_20260917/u0.005/tr_9229.csv --particles=100 --particles-boxes=50,50 --particle-radius=0.5 --l0=39.25 --height=10 --num-walls=1 --wall-positions=39.25 --wall-mass-factors=1000000000 --piston-right-protocol-mode=step --velocity-right-piston-step=0.005 --max-right-piston-travel=3.93 --auto-piston-step --wall-hold-steps=12000 --steps=60000 --fixed-dt=0.4 --energy-measurement --eff-output=wall-ke --kbt1 --seed=9229",9229
2026-09-17 10:38:47,energy_transfer,edmd,60000,12000,0.0166666669,39.25,10,100,0.5,nan,0.100050721,0.100050721,1,39.25,1e+09,50;50,1,0.0416666667,1,1,0.00999999978,100,1000,nan,39.25,1,step,74.5700022,-0.00499999989,step,3.93000007,0.00499999989,nan,nan,0.00499999989,nan,nan,7.51768418,3.88184126e-05,5.16361311e-06,0.999994836,7.51764536,1.64878511e-05,2.26631e-05,6.17524893e-06,8.21429682e-07,20,836.016724,/Users/chrisharing/Desktop/CCS_complex_coupled_systems/Repo/HardDisks/hspist3/experiments_energy_transfer/level2_slope_20260917/u0.005/tr_9228.csv,854.550171,18.5334473,1,"./00ALLINONE --mode=edmd --experiment=energy_transfer --headless --quiet --edmd-acc=0 --seed-drift-order=drift-first --energy-transfer-summary=experiments_energy_transfer/level2_slope_20260917/u0.005/summary.csv --energy-transfer-trace=experiments_energy_transfer/level2_slope_20260917/u0.005/tr_9228.csv --particles=100 --particles-boxes=50,50 --particle-radius=0.5 --l0=39.25 --height=10 --num-walls=1 --wall-positions=39.25 --wall-mass-factors=1000000000 --piston-right-protocol-mode=step --velocity-right-piston-step=0.005 --max-right-piston-travel=3.93 --auto-piston-step --wall-hold-steps=12000 --steps=60000 --fixed-dt=0.4 --energy-measurement --eff-output=wall-ke --kbt1 --seed=9228",9228
2026-09-17 10:38:47,energy_transfer,edmd,60000,12000,0.0166666669,39.25,10,100,0.5,nan,0.100050721,0.100050721,1,39.25,1e+09,50;50,1,0.0416666667,1,1,0.00999999978,100,1000,nan,39.25,1,step,74.5700022,-0.00499999989,step,3.93000007,0.00499999989,nan,nan,0.00499999989,nan,nan,7.47325218,4.56291054e-05,6.10565579e-06,0.999993894,7.47320655,2.3147024e-05,2.65823401e-05,3.4353161e-06,4.59681544e-07,20,836.016724,/Users/chrisharing/Desktop/CCS_complex_coupled_systems/Repo/HardDisks/hspist3/experiments_energy_transfer/level2_slope_20260917/u0.005/tr_9225.csv,850.883423,14.8666992,0,"./00ALLINONE --mode=edmd --experiment=energy_transfer --headless --quiet --edmd-acc=0 --seed-drift-order=drift-first --energy-transfer-summary=experiments_energy_transfer/level2_slope_20260917/u0.005/summary.csv --energy-transfer-trace=experiments_energy_transfer/level2_slope_20260917/u0.005/tr_9225.csv --particles=100 --particles-boxes=50,50 --particle-radius=0.5 --l0=39.25 --height=10 --num-walls=1 --wall-positions=39.25 --wall-mass-factors=1000000000 --piston-right-protocol-mode=step --velocity-right-piston-step=0.005 --max-right-piston-travel=3.93 --auto-piston-step --wall-hold-steps=12000 --steps=60000 --fixed-dt=0.4 --energy-measurement --eff-output=wall-ke --kbt1 --seed=9225",9225
2026-09-17 10:38:47,energy_transfer,edmd,60000,12000,0.0166666669,39.25,10,100,0.5,nan,0.100050721,0.100050721,1,39.25,1e+09,50;50,1,0.0416666667,1,1,0.00999999978,100,1000,nan,39.25,1,step,74.5700022,-0.00499999989,step,3.93000007,0.00499999989,nan,nan,0.00499999989,nan,nan,7.43721026,4.50754778e-05,6.06080456e-06,0.999993939,7.43716518,2.31785398e-05,2.50348676e-05,1.8563278e-06,2.49600016e-07,20,836.016724,/Users/chrisharing/Desktop/CCS_complex_coupled_systems/Repo/HardDisks/hspist3/experiments_energy_transfer/level2_slope_20260917/u0.005/tr_9224.csv,843.150146,7.13342285,0,"./00ALLINONE --mode=edmd --experiment=energy_transfer --headless --quiet --edmd-acc=0 --seed-drift-order=drift-first --energy-transfer-summary=experiments_energy_transfer/level2_slope_20260917/u0.005/summary.csv --energy-transfer-trace=experiments_energy_transfer/level2_slope_20260917/u0.005/tr_9224.csv --particles=100 --particles-boxes=50,50 --particle-radius=0.5 --l0=39.25 --height=10 --num-walls=1 --wall-positions=39.25 --wall-mass-factors=1000000000 --piston-right-protocol-mode=step --velocity-right-piston-step=0.005 --max-right-piston-travel=3.93 --auto-piston-step --wall-hold-steps=12000 --steps=60000 --fixed-dt=0.4 --energy-measurement --eff-output=wall-ke --kbt1 --seed=9224",9224
2026-09-17 10:38:47,energy_transfer,edmd,60000,12000,0.0166666669,39.25,10,100,0.5,nan,0.100050721,0.100050721,1,39.25,1e+09,50;50,1,0.0416666667,1,1,0.00999999978,100,1000,nan,39.25,1,step,74.5700022,-0.00499999989,step,3.93000007,0.00499999989,nan,nan,0.00499999989,nan,nan,7.51476419,4.10841931e-05,5.46713004e-06,0.999994533,7.51472311,1.94503227e-05,2.06787081e-05,1.22838537e-06,1.6346293e-07,20,836.016724,/Users/chrisharing/Desktop/CCS_complex_coupled_systems/Repo/HardDisks/hspist3/experiments_energy_transfer/level2_slope_20260917/u0.005/tr_9230.csv,855.266724,19.25,1,"./00ALLINONE --mode=edmd --experiment=energy_transfer --headless --quiet --edmd-acc=0 --seed-drift-order=drift-first --energy-transfer-summary=experiments_energy_transfer/level2_slope_20260917/u0.005/summary.csv --energy-transfer-trace=experiments_energy_transfer/level2_slope_20260917/u0.005/tr_9230.csv --particles=100 --particles-boxes=50,50 --particle-radius=0.5 --l0=39.25 --height=10 --num-walls=1 --wall-positions=39.25 --wall-mass-factors=1000000000 --piston-right-protocol-mode=step --velocity-right-piston-step=0.005 --max-right-piston-travel=3.93 --auto-piston-step --wall-hold-steps=12000 --steps=60000 --fixed-dt=0.4 --energy-measurement --eff-output=wall-ke --kbt1 --seed=9230",9230
2026-09-17 10:38:51,energy_transfer,edmd,60000,12000,0.0166666669,39.25,10,100,0.5,nan,0.100050721,0.100050721,1,39.25,1e+09,50;50,1,0.0416666667,1,1,0.00999999978,100,1000,nan,39.25,1,step,74.5700022,-0.00499999989,step,3.93000007,0.00499999989,nan,nan,0.00499999989,nan,nan,7.64981732,4.93859552e-05,6.45583458e-06,0.999993544,7.64976794,2.6055146e-05,2.89930122e-05,2.93786616e-06,3.84043962e-07,20,836.016724,/Users/chrisharing/Desktop/CCS_complex_coupled_systems/Repo/HardDisks/hspist3/experiments_energy_transfer/level2_slope_20260917/u0.005/tr_9231.csv,844.966797,8.95007324,0,"./00ALLINONE --mode=edmd --experiment=energy_transfer --headless --quiet --edmd-acc=0 --seed-drift-order=drift-first --energy-transfer-summary=experiments_energy_transfer/level2_slope_20260917/u0.005/summary.csv --energy-transfer-trace=experiments_energy_transfer/level2_slope_20260917/u0.005/tr_9231.csv --particles=100 --particles-boxes=50,50 --particle-radius=0.5 --l0=39.25 --height=10 --num-walls=1 --wall-positions=39.25 --wall-mass-factors=1000000000 --piston-right-protocol-mode=step --velocity-right-piston-step=0.005 --max-right-piston-travel=3.93 --auto-piston-step --wall-hold-steps=12000 --steps=60000 --fixed-dt=0.4 --energy-measurement --eff-output=wall-ke --kbt1 --seed=9231",9231
2026-09-17 10:38:51,energy_transfer,edmd,60000,12000,0.0166666669,39.25,10,100,0.5,nan,0.100050721,0.100050721,1,39.25,1e+09,50;50,1,0.0416666667,1,1,0.00999999978,100,1000,nan,39.25,1,step,74.5700022,-0.00499999989,step,3.93000007,0.00499999989,nan,nan,0.00499999989,nan,nan,7.43343098,3.67556568e-05,4.94464224e-06,0.999995055,7.43339422,1.54496374e-05,1.96323217e-05,4.18268428e-06,5.62685561e-07,20,836.016724,/Users/chrisharing/Desktop/CCS_complex_coupled_systems/Repo/HardDisks/hspist3/experiments_energy_transfer/level2_slope_20260917/u0.005/tr_9232.csv,854.250122,18.2333984,1,"./00ALLINONE --mode=edmd --experiment=energy_transfer --headless --quiet --edmd-acc=0 --seed-drift-order=drift-first --energy-transfer-summary=experiments_energy_transfer/level2_slope_20260917/u0.005/summary.csv --energy-transfer-trace=experiments_energy_transfer/level2_slope_20260917/u0.005/tr_9232.csv --particles=100 --particles-boxes=50,50 --particle-radius=0.5 --l0=39.25 --height=10 --num-walls=1 --wall-positions=39.25 --wall-mass-factors=1000000000 --piston-right-protocol-mode=step --velocity-right-piston-step=0.005 --max-right-piston-travel=3.93 --auto-piston-step --wall-hold-steps=12000 --steps=60000 --fixed-dt=0.4 --energy-measurement --eff-output=wall-ke --kbt1 --seed=9232",9232
2026-09-17 10:38:52,energy_transfer,edmd,60000,12000,0.0166666669,39.25,10,100,0.5,nan,0.100050721,0.100050721,1,39.25,1e+09,50;50,1,0.0416666667,1,1,0.00999999978,100,1000,nan,39.25,1,step,74.5700022,-0.00499999989,step,3.93000007,0.00499999989,nan,nan,0.00499999989,nan,nan,7.3846734,3.40777478e-05,4.61465877e-06,0.999995385,7.38463932,1.29049768e-05,1.64558769e-05,3.55090015e-06,4.80847284e-07,20,836.016724,/Users/chrisharing/Desktop/CCS_complex_coupled_systems/Repo/HardDisks/hspist3/experiments_energy_transfer/level2_slope_20260917/u0.005/tr_9235.csv,840.050171,4.03344727,0,"./00ALLINONE --mode=edmd --experiment=energy_transfer --headless --quiet --edmd-acc=0 --seed-drift-order=drift-first --energy-transfer-summary=experiments_energy_transfer/level2_slope_20260917/u0.005/summary.csv --energy-transfer-trace=experiments_energy_transfer/level2_slope_20260917/u0.005/tr_9235.csv --particles=100 --particles-boxes=50,50 --particle-radius=0.5 --l0=39.25 --height=10 --num-walls=1 --wall-positions=39.25 --wall-mass-factors=1000000000 --piston-right-protocol-mode=step --velocity-right-piston-step=0.005 --max-right-piston-travel=3.93 --auto-piston-step --wall-hold-steps=12000 --steps=60000 --fixed-dt=0.4 --energy-measurement --eff-output=wall-ke --kbt1 --seed=9235",9235
2026-09-17 10:38:52,energy_transfer,edmd,60000,12000,0.0166666669,39.25,10,100,0.5,nan,0.100050721,0.100050721,1,39.25,1e+09,50;50,1,0.0416666667,1,1,0.00999999978,100,1000,nan,39.25,1,step,74.5700022,-0.00499999989,step,3.93000007,0.00499999989,nan,nan,0.00499999989,nan,nan,7.4710281,3.86415777e-05,5.17219012e-06,0.999994828,7.47098946,1.66940608e-05,1.90823466e-05,2.38828579e-06,3.19672977e-07,20,836.016724,/Users/chrisharing/Desktop/CCS_complex_coupled_systems/Repo/HardDisks/hspist3/experiments_energy_transfer/level2_slope_20260917/u0.005/tr_9236.csv,841.516724,5.5,0,"./00ALLINONE --mode=edmd --experiment=energy_transfer --headless --quiet --edmd-acc=0 --seed-drift-order=drift-first --energy-transfer-summary=experiments_energy_transfer/level2_slope_20260917/u0.005/summary.csv --energy-transfer-trace=experiments_energy_transfer/level2_slope_20260917/u0.005/tr_9236.csv --particles=100 --particles-boxes=50,50 --particle-radius=0.5 --l0=39.25 --height=10 --num-walls=1 --wall-positions=39.25 --wall-mass-factors=1000000000 --piston-right-protocol-mode=step --velocity-right-piston-step=0.005 --max-right-piston-travel=3.93 --auto-piston-step --wall-hold-steps=12000 --steps=60000 --fixed-dt=0.4 --energy-measurement --eff-output=wall-ke --kbt1 --seed=9236",9236
2026-09-17 10:38:52,energy_transfer,edmd,60000,12000,0.0166666669,39.25,10,100,0.5,nan,0.100050721,0.100050721,1,39.25,1e+09,50;50,1,0.0416666667,1,1,0.00999999978,100,1000,nan,39.25,1,step,74.5700022,-0.00499999989,step,3.93000007,0.00499999989,nan,nan,0.00499999989,nan,nan,7.4550717,5.12060105e-05,6.86861409e-06,0.999993131,7.4550205,2.61048281e-05,2.81692392e-05,2.06441109e-06,2.76913647e-07,20,836.016724,/Users/chrisharing/Desktop/CCS_complex_coupled_systems/Repo/HardDisks/hspist3/experiments_energy_transfer/level2_slope_20260917/u0.005/tr_9234.csv,840.233398,4.2166748,0,"./00ALLINONE --mode=edmd --experiment=energy_transfer --headless --quiet --edmd-acc=0 --seed-drift-order=drift-first --energy-transfer-summary=experiments_energy_transfer/level2_slope_20260917/u0.005/summary.csv --energy-transfer-trace=experiments_energy_transfer/level2_slope_20260917/u0.005/tr_9234.csv --particles=100 --particles-boxes=50,50 --particle-radius=0.5 --l0=39.25 --height=10 --num-walls=1 --wall-positions=39.25 --wall-mass-factors=1000000000 --piston-right-protocol-mode=step --velocity-right-piston-step=0.005 --max-right-piston-travel=3.93 --auto-piston-step --wall-hold-steps=12000 --steps=60000 --fixed-dt=0.4 --energy-measurement --eff-output=wall-ke --kbt1 --seed=9234",9234
2026-09-17 10:38:52,energy_transfer,edmd,60000,12000,0.0166666669,39.25,10,100,0.5,nan,0.100050721,0.100050721,1,39.25,1e+09,50;50,1,0.0416666667,1,1,0.00999999978,100,1000,nan,39.25,1,step,74.5700022,-0.00499999989,step,3.93000007,0.00499999989,nan,nan,0.00499999989,nan,nan,7.44982003,3.9833234e-05,5.34687199e-06,0.999994653,7.4497802,1.58711828e-05,2.10761009e-05,5.20491812e-06,6.98663606e-07,20,836.016724,/Users/chrisharing/Desktop/CCS_complex_coupled_systems/Repo/HardDisks/hspist3/experiments_energy_transfer/level2_slope_20260917/u0.005/tr_9237.csv,851.250122,15.2333984,0,"./00ALLINONE --mode=edmd --experiment=energy_transfer --headless --quiet --edmd-acc=0 --seed-drift-order=drift-first --energy-transfer-summary=experiments_energy_transfer/level2_slope_20260917/u0.005/summary.csv --energy-transfer-trace=experiments_energy_transfer/level2_slope_20260917/u0.005/tr_9237.csv --particles=100 --particles-boxes=50,50 --particle-radius=0.5 --l0=39.25 --height=10 --num-walls=1 --wall-positions=39.25 --wall-mass-factors=1000000000 --piston-right-protocol-mode=step --velocity-right-piston-step=0.005 --max-right-piston-travel=3.93 --auto-piston-step --wall-hold-steps=12000 --steps=60000 --fixed-dt=0.4 --energy-measurement --eff-output=wall-ke --kbt1 --seed=9237",9237
2026-09-17 10:38:52,energy_transfer,edmd,60000,12000,0.0166666669,39.25,10,100,0.5,nan,0.100050721,0.100050721,1,39.25,1e+09,50;50,1,0.0416666667,1,1,0.00999999978,100,1000,nan,39.25,1,step,74.5700022,-0.00499999989,step,3.93000007,0.00499999989,nan,nan,0.00499999989,nan,nan,7.44324656,3.79027915e-05,5.09223915e-06,0.999994908,7.44320865,1.51026279e-05,2.01007042e-05,4.99807629e-06,6.71491432e-07,20,836.016724,/Users/chrisharing/Desktop/CCS_complex_coupled_systems/Repo/HardDisks/hspist3/experiments_energy_transfer/level2_slope_20260917/u0.005/tr_9233.csv,849.350098,13.333374,0,"./00ALLINONE --mode=edmd --experiment=energy_transfer --headless --quiet --edmd-acc=0 --seed-drift-order=drift-first --energy-transfer-summary=experiments_energy_transfer/level2_slope_20260917/u0.005/summary.csv --energy-transfer-trace=experiments_energy_transfer/level2_slope_20260917/u0.005/tr_9233.csv --particles=100 --particles-boxes=50,50 --particle-radius=0.5 --l0=39.25 --height=10 --num-walls=1 --wall-positions=39.25 --wall-mass-factors=1000000000 --piston-right-protocol-mode=step --velocity-right-piston-step=0.005 --max-right-piston-travel=3.93 --auto-piston-step --wall-hold-steps=12000 --steps=60000 --fixed-dt=0.4 --energy-measurement --eff-output=wall-ke --kbt1 --seed=9233",9233
2026-09-17 10:38:52,energy_transfer,edmd,60000,12000,0.0166666669,39.25,10,100,0.5,nan,0.100050721,0.100050721,1,39.25,1e+09,50;50,1,0.0416666667,1,1,0.00999999978,100,1000,nan,39.25,1,step,74.5700022,-0.00499999989,step,3.93000007,0.00499999989,nan,nan,0.00499999989,nan,nan,7.58509515,4.70898995e-05,6.20821473e-06,0.999993792,7.58504806,2.38702851e-05,2.64920473e-05,2.62176218e-06,3.45646577e-07,20,836.016724,/Users/chrisharing/Desktop/CCS_complex_coupled_systems/Repo/HardDisks/hspist3/experiments_energy_transfer/level2_slope_20260917/u0.005/tr_9238.csv,854.933472,18.916748,1,"./00ALLINONE --mode=edmd --experiment=energy_transfer --headless --quiet --edmd-acc=0 --seed-drift-order=drift-first --energy-transfer-summary=experiments_energy_transfer/level2_slope_20260917/u0.005/summary.csv --energy-transfer-trace=experiments_energy_transfer/level2_slope_20260917/u0.005/tr_9238.csv --particles=100 --particles-boxes=50,50 --particle-radius=0.5 --l0=39.25 --height=10 --num-walls=1 --wall-positions=39.25 --wall-mass-factors=1000000000 --piston-right-protocol-mode=step --velocity-right-piston-step=0.005 --max-right-piston-travel=3.93 --auto-piston-step --wall-hold-steps=12000 --steps=60000 --fixed-dt=0.4 --energy-measurement --eff-output=wall-ke --kbt1 --seed=9238",9238
2026-09-17 10:38:52,energy_transfer,edmd,60000,12000,0.0166666669,39.25,10,100,0.5,nan,0.100050721,0.100050721,1,39.25,1e+09,50;50,1,0.0416666667,1,1,0.00999999978,100,1000,nan,39.25,1,step,74.5700022,-0.00499999989,step,3.93000007,0.00499999989,nan,nan,0.00499999989,nan,nan,7.59994549,4.70249579e-05,6.18753884e-06,0.999993812,7.59989846,2.30687619e-05,2.64649025e-05,3.39614053e-06,4.46863801e-07,20,836.016724,/Users/chrisharing/Desktop/CCS_complex_coupled_systems/Repo/HardDisks/hspist3/experiments_energy_transfer/level2_slope_20260917/u0.005/tr_9240.csv,855.533447,19.5167236,1,"./00ALLINONE --mode=edmd --experiment=energy_transfer --headless --quiet --edmd-acc=0 --seed-drift-order=drift-first --energy-transfer-summary=experiments_energy_transfer/level2_slope_20260917/u0.005/summary.csv --energy-transfer-trace=experiments_energy_transfer/level2_slope_20260917/u0.005/tr_9240.csv --particles=100 --particles-boxes=50,50 --particle-radius=0.5 --l0=39.25 --height=10 --num-walls=1 --wall-positions=39.25 --wall-mass-factors=1000000000 --piston-right-protocol-mode=step --velocity-right-piston-step=0.005 --max-right-piston-travel=3.93 --auto-piston-step --wall-hold-steps=12000 --steps=60000 --fixed-dt=0.4 --energy-measurement --eff-output=wall-ke --kbt1 --seed=9240",9240
2026-09-17 10:38:53,energy_transfer,edmd,60000,12000,0.0166666669,39.25,10,100,0.5,nan,0.100050721,0.100050721,1,39.25,1e+09,50;50,1,0.0416666667,1,1,0.00999999978,100,1000,nan,39.25,1,step,74.5700022,-0.00499999989,step,3.93000007,0.00499999989,nan,nan,0.00499999989,nan,nan,7.66204928,5.31391997e-05,6.93537692e-06,0.999993065,7.66199614,2.51048241e-05,3.14124009e-05,6.30757677e-06,8.23223206e-07,20,836.016724,/Users/chrisharing/Desktop/CCS_complex_coupled_systems/Repo/HardDisks/hspist3/experiments_energy_transfer/level2_slope_20260917/u0.005/tr_9239.csv,848.000122,11.9833984,0,"./00ALLINONE --mode=edmd --experiment=energy_transfer --headless --quiet --edmd-acc=0 --seed-drift-order=drift-first --energy-transfer-summary=experiments_energy_transfer/level2_slope_20260917/u0.005/summary.csv --energy-transfer-trace=experiments_energy_transfer/level2_slope_20260917/u0.005/tr_9239.csv --particles=100 --particles-boxes=50,50 --particle-radius=0.5 --l0=39.25 --height=10 --num-walls=1 --wall-positions=39.25 --wall-mass-factors=1000000000 --piston-right-protocol-mode=step --velocity-right-piston-step=0.005 --max-right-piston-travel=3.93 --auto-piston-step --wall-hold-steps=12000 --steps=60000 --fixed-dt=0.4 --energy-measurement --eff-output=wall-ke --kbt1 --seed=9239",9239
2026-09-17 10:38:55,energy_transfer,edmd,60000,12000,0.0166666669,39.25,10,100,0.5,nan,0.100050721,0.100050721,1,39.25,1e+09,50;50,1,0.0416666667,1,1,0.00999999978,100,1000,nan,39.25,1,step,74.5700022,-0.00499999989,step,3.93000007,0.00499999989,nan,nan,0.00499999989,nan,nan,7.38983756,3.61555394e-05,4.89260273e-06,0.999995107,7.3898014,1.50792821e-05,2.12575833e-05,6.17830119e-06,8.36053721e-07,20,836.016724,/Users/chrisharing/Desktop/CCS_complex_coupled_systems/Repo/HardDisks/hspist3/experiments_energy_transfer/level2_slope_20260917/u0.005/tr_9241.csv,855.166748,19.1500244,1,"./00ALLINONE --mode=edmd --experiment=energy_transfer --headless --quiet --edmd-acc=0 --seed-drift-order=drift-first --energy-transfer-summary=experiments_energy_transfer/level2_slope_20260917/u0.005/summary.csv --energy-transfer-trace=experiments_energy_transfer/level2_slope_20260917/u0.005/tr_9241.csv --particles=100 --particles-boxes=50,50 --particle-radius=0.5 --l0=39.25 --height=10 --num-walls=1 --wall-positions=39.25 --wall-mass-factors=1000000000 --piston-right-protocol-mode=step --velocity-right-piston-step=0.005 --max-right-piston-travel=3.93 --auto-piston-step --wall-hold-steps=12000 --steps=60000 --fixed-dt=0.4 --energy-measurement --eff-output=wall-ke --kbt1 --seed=9241",9241
2026-09-17 10:38:56,energy_transfer,edmd,60000,12000,0.0166666669,39.25,10,100,0.5,nan,0.100050721,0.100050721,1,39.25,1e+09,50;50,1,0.0416666667,1,1,0.00999999978,100,1000,nan,39.25,1,step,74.5700022,-0.00499999989,step,3.93000007,0.00499999989,nan,nan,0.00499999989,nan,nan,7.58571097,5.13475534e-05,6.76898363e-06,0.999993231,7.58565962,2.49364857e-05,2.58061336e-05,8.6964792e-07,1.14642902e-07,20,836.016724,/Users/chrisharing/Desktop/CCS_complex_coupled_systems/Repo/HardDisks/hspist3/experiments_energy_transfer/level2_slope_20260917/u0.005/tr_9242.csv,853.700073,17.6833496,0,"./00ALLINONE --mode=edmd --experiment=energy_transfer --headless --quiet --edmd-acc=0 --seed-drift-order=drift-first --energy-transfer-summary=experiments_energy_transfer/level2_slope_20260917/u0.005/summary.csv --energy-transfer-trace=experiments_energy_transfer/level2_slope_20260917/u0.005/tr_9242.csv --particles=100 --particles-boxes=50,50 --particle-radius=0.5 --l0=39.25 --height=10 --num-walls=1 --wall-positions=39.25 --wall-mass-factors=1000000000 --piston-right-protocol-mode=step --velocity-right-piston-step=0.005 --max-right-piston-travel=3.93 --auto-piston-step --wall-hold-steps=12000 --steps=60000 --fixed-dt=0.4 --energy-measurement --eff-output=wall-ke --kbt1 --seed=9242",9242
2026-09-17 10:38:56,energy_transfer,edmd,60000,12000,0.0166666669,39.25,10,100,0.5,nan,0.100050721,0.100050721,1,39.25,1e+09,50;50,1,0.0416666667,1,1,0.00999999978,100,1000,nan,39.25,1,step,74.5700022,-0.00499999989,step,3.93000007,0.00499999989,nan,nan,0.00499999989,nan,nan,7.44657598,3.29049581e-05,4.41880378e-06,0.999995581,7.44654307,1.46884049e-05,1.83225493e-05,3.63414438e-06,4.88028913e-07,20,836.016724,/Users/chrisharing/Desktop/CCS_complex_coupled_systems/Repo/HardDisks/hspist3/experiments_energy_transfer/level2_slope_20260917/u0.005/tr_9244.csv,855.033447,19.0167236,1,"./00ALLINONE --mode=edmd --experiment=energy_transfer --headless --quiet --edmd-acc=0 --seed-drift-order=drift-first --energy-transfer-summary=experiments_energy_transfer/level2_slope_20260917/u0.005/summary.csv --energy-transfer-trace=experiments_energy_transfer/level2_slope_20260917/u0.005/tr_9244.csv --particles=100 --particles-boxes=50,50 --particle-radius=0.5 --l0=39.25 --height=10 --num-walls=1 --wall-positions=39.25 --wall-mass-factors=1000000000 --piston-right-protocol-mode=step --velocity-right-piston-step=0.005 --max-right-piston-travel=3.93 --auto-piston-step --wall-hold-steps=12000 --steps=60000 --fixed-dt=0.4 --energy-measurement --eff-output=wall-ke --kbt1 --seed=9244",9244
2026-09-17 10:38:57,energy_transfer,edmd,60000,12000,0.0166666669,39.25,10,100,0.5,nan,0.100050721,0.100050721,1,39.25,1e+09,50;50,1,0.0416666667,1,1,0.00999999978,100,1000,nan,39.25,1,step,74.5700022,-0.00499999989,step,3.93000007,0.00499999989,nan,nan,0.00499999989,nan,nan,7.43385844,3.60839113e-05,4.85399494e-06,0.999995146,7.43382236,1.58673956e-05,1.72978089e-05,1.43041325e-06,1.92418683e-07,20,836.016724,/Users/chrisharing/Desktop/CCS_complex_coupled_systems/Repo/HardDisks/hspist3/experiments_energy_transfer/level2_slope_20260917/u0.005/tr_9250.csv,853.650146,17.6334229,0,"./00ALLINONE --mode=edmd --experiment=energy_transfer --headless --quiet --edmd-acc=0 --seed-drift-order=drift-first --energy-transfer-summary=experiments_energy_transfer/level2_slope_20260917/u0.005/summary.csv --energy-transfer-trace=experiments_energy_transfer/level2_slope_20260917/u0.005/tr_9250.csv --particles=100 --particles-boxes=50,50 --particle-radius=0.5 --l0=39.25 --height=10 --num-walls=1 --wall-positions=39.25 --wall-mass-factors=1000000000 --piston-right-protocol-mode=step --velocity-right-piston-step=0.005 --max-right-piston-travel=3.93 --auto-piston-step --wall-hold-steps=12000 --steps=60000 --fixed-dt=0.4 --energy-measurement --eff-output=wall-ke --kbt1 --seed=9250",9250
2026-09-17 10:38:57,energy_transfer,edmd,60000,12000,0.0166666669,39.25,10,100,0.5,nan,0.100050721,0.100050721,1,39.25,1e+09,50;50,1,0.0416666667,1,1,0.00999999978,100,1000,nan,39.25,1,step,74.5700022,-0.00499999989,step,3.93000007,0.00499999989,nan,nan,0.00499999989,nan,nan,7.48991395,4.73829423e-05,6.32623319e-06,0.999993674,7.48986657,2.25405765e-05,2.3493345e-05,9.5276846e-07,1.27206863e-07,20,836.016724,/Users/chrisharing/Desktop/CCS_complex_coupled_systems/Repo/HardDisks/hspist3/experiments_energy_transfer/level2_slope_20260917/u0.005/tr_9243.csv,855.216797,19.2000732,1,"./00ALLINONE --mode=edmd --experiment=energy_transfer --headless --quiet --edmd-acc=0 --seed-drift-order=drift-first --energy-transfer-summary=experiments_energy_transfer/level2_slope_20260917/u0.005/summary.csv --energy-transfer-trace=experiments_energy_transfer/level2_slope_20260917/u0.005/tr_9243.csv --particles=100 --particles-boxes=50,50 --particle-radius=0.5 --l0=39.25 --height=10 --num-walls=1 --wall-positions=39.25 --wall-mass-factors=1000000000 --piston-right-protocol-mode=step --velocity-right-piston-step=0.005 --max-right-piston-travel=3.93 --auto-piston-step --wall-hold-steps=12000 --steps=60000 --fixed-dt=0.4 --energy-measurement --eff-output=wall-ke --kbt1 --seed=9243",9243
2026-09-17 10:38:57,energy_transfer,edmd,60000,12000,0.0166666669,39.25,10,100,0.5,nan,0.100050721,0.100050721,1,39.25,1e+09,50;50,1,0.0416666667,1,1,0.00999999978,100,1000,nan,39.25,1,step,74.5700022,-0.00499999989,step,3.93000007,0.00499999989,nan,nan,0.00499999989,nan,nan,7.33615962,3.18732164e-05,4.34467324e-06,0.999995655,7.33612774,1.14750192e-05,1.37266179e-05,2.25159874e-06,3.06917905e-07,20,836.016724,/Users/chrisharing/Desktop/CCS_complex_coupled_systems/Repo/HardDisks/hspist3/experiments_energy_transfer/level2_slope_20260917/u0.005/tr_9249.csv,855.550171,19.5334473,1,"./00ALLINONE --mode=edmd --experiment=energy_transfer --headless --quiet --edmd-acc=0 --seed-drift-order=drift-first --energy-transfer-summary=experiments_energy_transfer/level2_slope_20260917/u0.005/summary.csv --energy-transfer-trace=experiments_energy_transfer/level2_slope_20260917/u0.005/tr_9249.csv --particles=100 --particles-boxes=50,50 --particle-radius=0.5 --l0=39.25 --height=10 --num-walls=1 --wall-positions=39.25 --wall-mass-factors=1000000000 --piston-right-protocol-mode=step --velocity-right-piston-step=0.005 --max-right-piston-travel=3.93 --auto-piston-step --wall-hold-steps=12000 --steps=60000 --fixed-dt=0.4 --energy-measurement --eff-output=wall-ke --kbt1 --seed=9249",9249
2026-09-17 10:38:57,energy_transfer,edmd,60000,12000,0.0166666669,39.25,10,100,0.5,nan,0.100050721,0.100050721,1,39.25,1e+09,50;50,1,0.0416666667,1,1,0.00999999978,100,1000,nan,39.25,1,step,74.5700022,-0.00499999989,step,3.93000007,0.00499999989,nan,nan,0.00499999989,nan,nan,7.45936144,3.66899985e-05,4.91865139e-06,0.999995081,7.45932475,1.54376157e-05,1.75305559e-05,2.09294012e-06,2.80578993e-07,20,836.016724,/Users/chrisharing/Desktop/CCS_complex_coupled_systems/Repo/HardDisks/hspist3/experiments_energy_transfer/level2_slope_20260917/u0.005/tr_9246.csv,850.416748,14.4000244,0,"./00ALLINONE --mode=edmd --experiment=energy_transfer --headless --quiet --edmd-acc=0 --seed-drift-order=drift-first --energy-transfer-summary=experiments_energy_transfer/level2_slope_20260917/u0.005/summary.csv --energy-transfer-trace=experiments_energy_transfer/level2_slope_20260917/u0.005/tr_9246.csv --particles=100 --particles-boxes=50,50 --particle-radius=0.5 --l0=39.25 --height=10 --num-walls=1 --wall-positions=39.25 --wall-mass-factors=1000000000 --piston-right-protocol-mode=step --velocity-right-piston-step=0.005 --max-right-piston-travel=3.93 --auto-piston-step --wall-hold-steps=12000 --steps=60000 --fixed-dt=0.4 --energy-measurement --eff-output=wall-ke --kbt1 --seed=9246",9246
2026-09-17 10:38:57,energy_transfer,edmd,60000,12000,0.0166666669,39.25,10,100,0.5,nan,0.100050721,0.100050721,1,39.25,1e+09,50;50,1,0.0416666667,1,1,0.00999999978,100,1000,nan,39.25,1,step,74.5700022,-0.00499999989,step,3.93000007,0.00499999989,nan,nan,0.00499999989,nan,nan,7.45740552,4.10366738e-05,5.50280841e-06,0.999994497,7.45736449,1.85700974e-05,1.97848276e-05,1.21473022e-06,1.62889119e-07,20,836.016724,/Users/chrisharing/Desktop/CCS_complex_coupled_systems/Repo/HardDisks/hspist3/experiments_energy_transfer/level2_slope_20260917/u0.005/tr_9245.csv,841.050171,5.03344727,0,"./00ALLINONE --mode=edmd --experiment=energy_transfer --headless --quiet --edmd-acc=0 --seed-drift-order=drift-first --energy-transfer-summary=experiments_energy_transfer/level2_slope_20260917/u0.005/summary.csv --energy-transfer-trace=experiments_energy_transfer/level2_slope_20260917/u0.005/tr_9245.csv --particles=100 --particles-boxes=50,50 --particle-radius=0.5 --l0=39.25 --height=10 --num-walls=1 --wall-positions=39.25 --wall-mass-factors=1000000000 --piston-right-protocol-mode=step --velocity-right-piston-step=0.005 --max-right-piston-travel=3.93 --auto-piston-step --wall-hold-steps=12000 --steps=60000 --fixed-dt=0.4 --energy-measurement --eff-output=wall-ke --kbt1 --seed=9245",9245
2026-09-17 10:38:57,energy_transfer,edmd,60000,12000,0.0166666669,39.25,10,100,0.5,nan,0.100050721,0.100050721,1,39.25,1e+09,50;50,1,0.0416666667,1,1,0.00999999978,100,1000,nan,39.25,1,step,74.5700022,-0.00499999989,step,3.93000007,0.00499999989,nan,nan,0.00499999989,nan,nan,7.60950226,6.40573853e-05,8.41807823e-06,0.999991582,7.6094382,2.49535533e-05,3.15684847e-05,6.61493141e-06,8.6929883e-07,20,836.016724,/Users/chrisharing/Desktop/CCS_complex_coupled_systems/Repo/HardDisks/hspist3/experiments_energy_transfer/level2_slope_20260917/u0.005/tr_9248.csv,851.333496,15.3167725,0,"./00ALLINONE --mode=edmd --experiment=energy_transfer --headless --quiet --edmd-acc=0 --seed-drift-order=drift-first --energy-transfer-summary=experiments_energy_transfer/level2_slope_20260917/u0.005/summary.csv --energy-transfer-trace=experiments_energy_transfer/level2_slope_20260917/u0.005/tr_9248.csv --particles=100 --particles-boxes=50,50 --particle-radius=0.5 --l0=39.25 --height=10 --num-walls=1 --wall-positions=39.25 --wall-mass-factors=1000000000 --piston-right-protocol-mode=step --velocity-right-piston-step=0.005 --max-right-piston-travel=3.93 --auto-piston-step --wall-hold-steps=12000 --steps=60000 --fixed-dt=0.4 --energy-measurement --eff-output=wall-ke --kbt1 --seed=9248",9248
2026-09-17 10:38:57,energy_transfer,edmd,60000,12000,0.0166666669,39.25,10,100,0.5,nan,0.100050721,0.100050721,1,39.25,1e+09,50;50,1,0.0416666667,1,1,0.00999999978,100,1000,nan,39.25,1,step,74.5700022,-0.00499999989,step,3.93000007,0.00499999989,nan,nan,0.00499999989,nan,nan,7.57333283,4.95546628e-05,6.54330979e-06,0.999993457,7.57328328,2.28398894e-05,2.54859315e-05,2.64604205e-06,3.49389378e-07,20,836.016724,/Users/chrisharing/Desktop/CCS_complex_coupled_systems/Repo/HardDisks/hspist3/experiments_energy_transfer/level2_slope_20260917/u0.005/tr_9247.csv,847.183472,11.166748,0,"./00ALLINONE --mode=edmd --experiment=energy_transfer --headless --quiet --edmd-acc=0 --seed-drift-order=drift-first --energy-transfer-summary=experiments_energy_transfer/level2_slope_20260917/u0.005/summary.csv --energy-transfer-trace=experiments_energy_transfer/level2_slope_20260917/u0.005/tr_9247.csv --particles=100 --particles-boxes=50,50 --particle-radius=0.5 --l0=39.25 --height=10 --num-walls=1 --wall-positions=39.25 --wall-mass-factors=1000000000 --piston-right-protocol-mode=step --velocity-right-piston-step=0.005 --max-right-piston-travel=3.93 --auto-piston-step --wall-hold-steps=12000 --steps=60000 --fixed-dt=0.4 --energy-measurement --eff-output=wall-ke --kbt1 --seed=9247",9247
2026-09-17 10:39:00,energy_transfer,edmd,60000,12000,0.0166666669,39.25,10,100,0.5,nan,0.100050721,0.100050721,1,39.25,1e+09,50;50,1,0.0416666667,1,1,0.00999999978,100,1000,nan,39.25,1,step,74.5700022,-0.00499999989,step,3.93000007,0.00499999989,nan,nan,0.00499999989,nan,nan,7.37695825,3.35485238e-05,4.54774483e-06,0.999995452,7.37692471,1.58695766e-05,1.6798469e-05,9.28892405e-07,1.25918078e-07,20,836.016724,/Users/chrisharing/Desktop/CCS_complex_coupled_systems/Repo/HardDisks/hspist3/experiments_energy_transfer/level2_slope_20260917/u0.005/tr_9251.csv,837.050171,1.03344727,0,"./00ALLINONE --mode=edmd --experiment=energy_transfer --headless --quiet --edmd-acc=0 --seed-drift-order=drift-first --energy-transfer-summary=experiments_energy_transfer/level2_slope_20260917/u0.005/summary.csv --energy-transfer-trace=experiments_energy_transfer/level2_slope_20260917/u0.005/tr_9251.csv --particles=100 --particles-boxes=50,50 --particle-radius=0.5 --l0=39.25 --height=10 --num-walls=1 --wall-positions=39.25 --wall-mass-factors=1000000000 --piston-right-protocol-mode=step --velocity-right-piston-step=0.005 --max-right-piston-travel=3.93 --auto-piston-step --wall-hold-steps=12000 --steps=60000 --fixed-dt=0.4 --energy-measurement --eff-output=wall-ke --kbt1 --seed=9251",9251
2026-09-17 10:39:01,energy_transfer,edmd,60000,12000,0.0166666669,39.25,10,100,0.5,nan,0.100050721,0.100050721,1,39.25,1e+09,50;50,1,0.0416666667,1,1,0.00999999978,100,1000,nan,39.25,1,step,74.5700022,-0.00499999989,step,3.93000007,0.00499999989,nan,nan,0.00499999989,nan,nan,7.32576106,3.53291107e-05,4.82258572e-06,0.999995177,7.32572573,1.64880585e-05,1.77100173e-05,1.22195888e-06,1.66802995e-07,20,836.016724,/Users/chrisharing/Desktop/CCS_complex_coupled_systems/Repo/HardDisks/hspist3/experiments_energy_transfer/level2_slope_20260917/u0.005/tr_9252.csv,852.416748,16.4000244,0,"./00ALLINONE --mode=edmd --experiment=energy_transfer --headless --quiet --edmd-acc=0 --seed-drift-order=drift-first --energy-transfer-summary=experiments_energy_transfer/level2_slope_20260917/u0.005/summary.csv --energy-transfer-trace=experiments_energy_transfer/level2_slope_20260917/u0.005/tr_9252.csv --particles=100 --particles-boxes=50,50 --particle-radius=0.5 --l0=39.25 --height=10 --num-walls=1 --wall-positions=39.25 --wall-mass-factors=1000000000 --piston-right-protocol-mode=step --velocity-right-piston-step=0.005 --max-right-piston-travel=3.93 --auto-piston-step --wall-hold-steps=12000 --steps=60000 --fixed-dt=0.4 --energy-measurement --eff-output=wall-ke --kbt1 --seed=9252",9252
2026-09-17 10:39:01,energy_transfer,edmd,60000,12000,0.0166666669,39.25,10,100,0.5,nan,0.100050721,0.100050721,1,39.25,1e+09,50;50,1,0.0416666667,1,1,0.00999999978,100,1000,nan,39.25,1,step,74.5700022,-0.00499999989,step,3.93000007,0.00499999989,nan,nan,0.00499999989,nan,nan,7.40606732,3.11220574e-05,4.20223799e-06,0.999995798,7.40603619,9.70423298e-06,1.65357851e-05,6.83155213e-06,9.22426416e-07,20,836.016724,/Users/chrisharing/Desktop/CCS_complex_coupled_systems/Repo/HardDisks/hspist3/experiments_energy_transfer/level2_slope_20260917/u0.005/tr_9253.csv,851.300171,15.2834473,0,"./00ALLINONE --mode=edmd --experiment=energy_transfer --headless --quiet --edmd-acc=0 --seed-drift-order=drift-first --energy-transfer-summary=experiments_energy_transfer/level2_slope_20260917/u0.005/summary.csv --energy-transfer-trace=experiments_energy_transfer/level2_slope_20260917/u0.005/tr_9253.csv --particles=100 --particles-boxes=50,50 --particle-radius=0.5 --l0=39.25 --height=10 --num-walls=1 --wall-positions=39.25 --wall-mass-factors=1000000000 --piston-right-protocol-mode=step --velocity-right-piston-step=0.005 --max-right-piston-travel=3.93 --auto-piston-step --wall-hold-steps=12000 --steps=60000 --fixed-dt=0.4 --energy-measurement --eff-output=wall-ke --kbt1 --seed=9253",9253
2026-09-17 10:39:01,energy_transfer,edmd,60000,12000,0.0166666669,39.25,10,100,0.5,nan,0.100050721,0.100050721,1,39.25,1e+09,50;50,1,0.0416666667,1,1,0.00999999978,100,1000,nan,39.25,1,step,74.5700022,-0.00499999989,step,3.93000007,0.00499999989,nan,nan,0.00499999989,nan,nan,7.43273772,3.76366188e-05,5.06362799e-06,0.999994936,7.43270009,1.66271038e-05,1.92096304e-05,2.58252658e-06,3.4745294e-07,20,836.016724,/Users/chrisharing/Desktop/CCS_complex_coupled_systems/Repo/HardDisks/hspist3/experiments_energy_transfer/level2_slope_20260917/u0.005/tr_9255.csv,850.983398,14.9666748,0,"./00ALLINONE --mode=edmd --experiment=energy_transfer --headless --quiet --edmd-acc=0 --seed-drift-order=drift-first --energy-transfer-summary=experiments_energy_transfer/level2_slope_20260917/u0.005/summary.csv --energy-transfer-trace=experiments_energy_transfer/level2_slope_20260917/u0.005/tr_9255.csv --particles=100 --particles-boxes=50,50 --particle-radius=0.5 --l0=39.25 --height=10 --num-walls=1 --wall-positions=39.25 --wall-mass-factors=1000000000 --piston-right-protocol-mode=step --velocity-right-piston-step=0.005 --max-right-piston-travel=3.93 --auto-piston-step --wall-hold-steps=12000 --steps=60000 --fixed-dt=0.4 --energy-measurement --eff-output=wall-ke --kbt1 --seed=9255",9255
2026-09-17 10:39:02,energy_transfer,edmd,60000,12000,0.0166666669,39.25,10,100,0.5,nan,0.100050721,0.100050721,1,39.25,1e+09,50;50,1,0.0416666667,1,1,0.00999999978,100,1000,nan,39.25,1,step,74.5700022,-0.00499999989,step,3.93000007,0.00499999989,nan,nan,0.00499999989,nan,nan,7.53763145,3.67574103e-05,4.87651997e-06,0.999995123,7.53759469,1.59018527e-05,1.98273992e-05,3.92554648e-06,5.20793104e-07,20,836.016724,/Users/chrisharing/Desktop/CCS_complex_coupled_systems/Repo/HardDisks/hspist3/experiments_energy_transfer/level2_slope_20260917/u0.005/tr_9256.csv,853.550171,17.5334473,0,"./00ALLINONE --mode=edmd --experiment=energy_transfer --headless --quiet --edmd-acc=0 --seed-drift-order=drift-first --energy-transfer-summary=experiments_energy_transfer/level2_slope_20260917/u0.005/summary.csv --energy-transfer-trace=experiments_energy_transfer/level2_slope_20260917/u0.005/tr_9256.csv --particles=100 --particles-boxes=50,50 --particle-radius=0.5 --l0=39.25 --height=10 --num-walls=1 --wall-positions=39.25 --wall-mass-factors=1000000000 --piston-right-protocol-mode=step --velocity-right-piston-step=0.005 --max-right-piston-travel=3.93 --auto-piston-step --wall-hold-steps=12000 --steps=60000 --fixed-dt=0.4 --energy-measurement --eff-output=wall-ke --kbt1 --seed=9256",9256
2026-09-17 10:39:02,energy_transfer,edmd,60000,12000,0.0166666669,39.25,10,100,0.5,nan,0.100050721,0.100050721,1,39.25,1e+09,50;50,1,0.0416666667,1,1,0.00999999978,100,1000,nan,39.25,1,step,74.5700022,-0.00499999989,step,3.93000007,0.00499999989,nan,nan,0.00499999989,nan,nan,7.49100929,4.17166702e-05,5.56889848e-06,0.999994431,7.49096757,1.67452399e-05,1.90458341e-05,2.30059413e-06,3.07114041e-07,20,836.016724,/Users/chrisharing/Desktop/CCS_complex_coupled_systems/Repo/HardDisks/hspist3/experiments_energy_transfer/level2_slope_20260917/u0.005/tr_9254.csv,839.483398,3.4666748,0,"./00ALLINONE --mode=edmd --experiment=energy_transfer --headless --quiet --edmd-acc=0 --seed-drift-order=drift-first --energy-transfer-summary=experiments_energy_transfer/level2_slope_20260917/u0.005/summary.csv --energy-transfer-trace=experiments_energy_transfer/level2_slope_20260917/u0.005/tr_9254.csv --particles=100 --particles-boxes=50,50 --particle-radius=0.5 --l0=39.25 --height=10 --num-walls=1 --wall-positions=39.25 --wall-mass-factors=1000000000 --piston-right-protocol-mode=step --velocity-right-piston-step=0.005 --max-right-piston-travel=3.93 --auto-piston-step --wall-hold-steps=12000 --steps=60000 --fixed-dt=0.4 --energy-measurement --eff-output=wall-ke --kbt1 --seed=9254",9254
2026-09-17 10:39:02,energy_transfer,edmd,60000,12000,0.0166666669,39.25,10,100,0.5,nan,0.100050721,0.100050721,1,39.25,1e+09,50;50,1,0.0416666667,1,1,0.00999999978,100,1000,nan,39.25,1,step,74.5700022,-0.00499999989,step,3.93000007,0.00499999989,nan,nan,0.00499999989,nan,nan,7.33570937,4.0941115e-05,5.58107102e-06,0.999994419,7.33566843,1.78569153e-05,2.00160484e-05,2.15913315e-06,2.94331882e-07,20,836.016724,/Users/chrisharing/Desktop/CCS_complex_coupled_systems/Repo/HardDisks/hspist3/experiments_energy_transfer/level2_slope_20260917/u0.005/tr_9258.csv,851.750122,15.7333984,0,"./00ALLINONE --mode=edmd --experiment=energy_transfer --headless --quiet --edmd-acc=0 --seed-drift-order=drift-first --energy-transfer-summary=experiments_energy_transfer/level2_slope_20260917/u0.005/summary.csv --energy-transfer-trace=experiments_energy_transfer/level2_slope_20260917/u0.005/tr_9258.csv --particles=100 --particles-boxes=50,50 --particle-radius=0.5 --l0=39.25 --height=10 --num-walls=1 --wall-positions=39.25 --wall-mass-factors=1000000000 --piston-right-protocol-mode=step --velocity-right-piston-step=0.005 --max-right-piston-travel=3.93 --auto-piston-step --wall-hold-steps=12000 --steps=60000 --fixed-dt=0.4 --energy-measurement --eff-output=wall-ke --kbt1 --seed=9258",9258
2026-09-17 10:39:02,energy_transfer,edmd,60000,12000,0.0166666669,39.25,10,100,0.5,nan,0.100050721,0.100050721,1,39.25,1e+09,50;50,1,0.0416666667,1,1,0.00999999978,100,1000,nan,39.25,1,step,74.5700022,-0.00499999989,step,3.93000007,0.00499999989,nan,nan,0.00499999989,nan,nan,7.63331069,4.82999567e-05,6.32752401e-06,0.999993672,7.63326239,2.23019597e-05,2.75676266e-05,5.26566691e-06,6.89827406e-07,20,836.016724,/Users/chrisharing/Desktop/CCS_complex_coupled_systems/Repo/HardDisks/hspist3/experiments_energy_transfer/level2_slope_20260917/u0.005/tr_9257.csv,852.250122,16.2333984,0,"./00ALLINONE --mode=edmd --experiment=energy_transfer --headless --quiet --edmd-acc=0 --seed-drift-order=drift-first --energy-transfer-summary=experiments_energy_transfer/level2_slope_20260917/u0.005/summary.csv --energy-transfer-trace=experiments_energy_transfer/level2_slope_20260917/u0.005/tr_9257.csv --particles=100 --particles-boxes=50,50 --particle-radius=0.5 --l0=39.25 --height=10 --num-walls=1 --wall-positions=39.25 --wall-mass-factors=1000000000 --piston-right-protocol-mode=step --velocity-right-piston-step=0.005 --max-right-piston-travel=3.93 --auto-piston-step --wall-hold-steps=12000 --steps=60000 --fixed-dt=0.4 --energy-measurement --eff-output=wall-ke --kbt1 --seed=9257",9257
2026-09-17 10:39:02,energy_transfer,edmd,60000,12000,0.0166666669,39.25,10,100,0.5,nan,0.100050721,0.100050721,1,39.25,1e+09,50;50,1,0.0416666667,1,1,0.00999999978,100,1000,nan,39.25,1,step,74.5700022,-0.00499999989,step,3.93000007,0.00499999989,nan,nan,0.00499999989,nan,nan,7.51058707,3.65667947e-05,4.86869993e-06,0.999995131,7.51055051,1.55061061e-05,2.02222072e-05,4.7161011e-06,6.27927092e-07,20,836.016724,/Users/chrisharing/Desktop/CCS_complex_coupled_systems/Repo/HardDisks/hspist3/experiments_energy_transfer/level2_slope_20260917/u0.005/tr_9260.csv,845.583496,9.56677246,0,"./00ALLINONE --mode=edmd --experiment=energy_transfer --headless --quiet --edmd-acc=0 --seed-drift-order=drift-first --energy-transfer-summary=experiments_energy_transfer/level2_slope_20260917/u0.005/summary.csv --energy-transfer-trace=experiments_energy_transfer/level2_slope_20260917/u0.005/tr_9260.csv --particles=100 --particles-boxes=50,50 --particle-radius=0.5 --l0=39.25 --height=10 --num-walls=1 --wall-positions=39.25 --wall-mass-factors=1000000000 --piston-right-protocol-mode=step --velocity-right-piston-step=0.005 --max-right-piston-travel=3.93 --auto-piston-step --wall-hold-steps=12000 --steps=60000 --fixed-dt=0.4 --energy-measurement --eff-output=wall-ke --kbt1 --seed=9260",9260
2026-09-17 10:39:02,energy_transfer,edmd,60000,12000,0.0166666669,39.25,10,100,0.5,nan,0.100050721,0.100050721,1,39.25,1e+09,50;50,1,0.0416666667,1,1,0.00999999978,100,1000,nan,39.25,1,step,74.5700022,-0.00499999989,step,3.93000007,0.00499999989,nan,nan,0.00499999989,nan,nan,7.46373472,3.53239193e-05,4.73274046e-06,0.999995267,7.46369939,1.67355156e-05,1.96408728e-05,2.90535718e-06,3.89263189e-07,20,836.016724,/Users/chrisharing/Desktop/CCS_complex_coupled_systems/Repo/HardDisks/hspist3/experiments_energy_transfer/level2_slope_20260917/u0.005/tr_9259.csv,851.133423,15.1166992,0,"./00ALLINONE --mode=edmd --experiment=energy_transfer --headless --quiet --edmd-acc=0 --seed-drift-order=drift-first --energy-transfer-summary=experiments_energy_transfer/level2_slope_20260917/u0.005/summary.csv --energy-transfer-trace=experiments_energy_transfer/level2_slope_20260917/u0.005/tr_9259.csv --particles=100 --particles-boxes=50,50 --particle-radius=0.5 --l0=39.25 --height=10 --num-walls=1 --wall-positions=39.25 --wall-mass-factors=1000000000 --piston-right-protocol-mode=step --velocity-right-piston-step=0.005 --max-right-piston-travel=3.93 --auto-piston-step --wall-hold-steps=12000 --steps=60000 --fixed-dt=0.4 --energy-measurement --eff-output=wall-ke --kbt1 --seed=9259",9259
2026-09-17 10:39:04,energy_transfer,edmd,60000,12000,0.0166666669,39.25,10,100,0.5,nan,0.100050721,0.100050721,1,39.25,1e+09,50;50,1,0.0416666667,1,1,0.00999999978,100,1000,nan,39.25,1,step,74.5700022,-0.00499999989,step,3.93000007,0.00499999989,nan,nan,0.00499999989,nan,nan,7.45586582,4.15201357e-05,5.56878794e-06,0.999994431,7.4558243,1.9020963e-05,2.04262251e-05,1.40526208e-06,1.88477384e-07,20,836.016724,/Users/chrisharing/Desktop/CCS_complex_coupled_systems/Repo/HardDisks/hspist3/experiments_energy_transfer/level2_slope_20260917/u0.005/tr_9261.csv,853.166748,17.1500244,0,"./00ALLINONE --mode=edmd --experiment=energy_transfer --headless --quiet --edmd-acc=0 --seed-drift-order=drift-first --energy-transfer-summary=experiments_energy_transfer/level2_slope_20260917/u0.005/summary.csv --energy-transfer-trace=experiments_energy_transfer/level2_slope_20260917/u0.005/tr_9261.csv --particles=100 --particles-boxes=50,50 --particle-radius=0.5 --l0=39.25 --height=10 --num-walls=1 --wall-positions=39.25 --wall-mass-factors=1000000000 --piston-right-protocol-mode=step --velocity-right-piston-step=0.005 --max-right-piston-travel=3.93 --auto-piston-step --wall-hold-steps=12000 --steps=60000 --fixed-dt=0.4 --energy-measurement --eff-output=wall-ke --kbt1 --seed=9261",9261
2026-09-17 10:39:05,energy_transfer,edmd,60000,12000,0.0166666669,39.25,10,100,0.5,nan,0.100050721,0.100050721,1,39.25,1e+09,50;50,1,0.0416666667,1,1,0.00999999978,100,1000,nan,39.25,1,step,74.5700022,-0.00499999989,step,3.93000007,0.00499999989,nan,nan,0.00499999989,nan,nan,7.62664748,4.95255954e-05,6.49375699e-06,0.999993506,7.62659796,2.87461371e-05,3.36442317e-05,4.89809463e-06,6.42234303e-07,20,836.016724,/Users/chrisharing/Desktop/CCS_complex_coupled_systems/Repo/HardDisks/hspist3/experiments_energy_transfer/level2_slope_20260917/u0.005/tr_9262.csv,854.150146,18.1334229,1,"./00ALLINONE --mode=edmd --experiment=energy_transfer --headless --quiet --edmd-acc=0 --seed-drift-order=drift-first --energy-transfer-summary=experiments_energy_transfer/level2_slope_20260917/u0.005/summary.csv --energy-transfer-trace=experiments_energy_transfer/level2_slope_20260917/u0.005/tr_9262.csv --particles=100 --particles-boxes=50,50 --particle-radius=0.5 --l0=39.25 --height=10 --num-walls=1 --wall-positions=39.25 --wall-mass-factors=1000000000 --piston-right-protocol-mode=step --velocity-right-piston-step=0.005 --max-right-piston-travel=3.93 --auto-piston-step --wall-hold-steps=12000 --steps=60000 --fixed-dt=0.4 --energy-measurement --eff-output=wall-ke --kbt1 --seed=9262",9262
2026-09-17 10:39:06,energy_transfer,edmd,60000,12000,0.0166666669,39.25,10,100,0.5,nan,0.100050721,0.100050721,1,39.25,1e+09,50;50,1,0.0416666667,1,1,0.00999999978,100,1000,nan,39.25,1,step,74.5700022,-0.00499999989,step,3.93000007,0.00499999989,nan,nan,0.00499999989,nan,nan,7.48625936,4.79944356e-05,6.41100358e-06,0.999993589,7.48621137,2.61879886e-05,2.61879886e-05,0,0,20,836.016724,/Users/chrisharing/Desktop/CCS_complex_coupled_systems/Repo/HardDisks/hspist3/experiments_energy_transfer/level2_slope_20260917/u0.005/tr_9266.csv,836.016724,0,0,"./00ALLINONE --mode=edmd --experiment=energy_transfer --headless --quiet --edmd-acc=0 --seed-drift-order=drift-first --energy-transfer-summary=experiments_energy_transfer/level2_slope_20260917/u0.005/summary.csv --energy-transfer-trace=experiments_energy_transfer/level2_slope_20260917/u0.005/tr_9266.csv --particles=100 --particles-boxes=50,50 --particle-radius=0.5 --l0=39.25 --height=10 --num-walls=1 --wall-positions=39.25 --wall-mass-factors=1000000000 --piston-right-protocol-mode=step --velocity-right-piston-step=0.005 --max-right-piston-travel=3.93 --auto-piston-step --wall-hold-steps=12000 --steps=60000 --fixed-dt=0.4 --energy-measurement --eff-output=wall-ke --kbt1 --seed=9266",9266
2026-09-17 10:39:06,energy_transfer,edmd,60000,12000,0.0166666669,39.25,10,100,0.5,nan,0.100050721,0.100050721,1,39.25,1e+09,50;50,1,0.0416666667,1,1,0.00999999978,100,1000,nan,39.25,1,step,74.5700022,-0.00499999989,step,3.93000007,0.00499999989,nan,nan,0.00499999989,nan,nan,7.43607407,2.80609274e-05,3.77362129e-06,0.999996226,7.43604601,9.7490838e-06,1.39126687e-05,4.16358489e-06,5.59917081e-07,20,836.016724,/Users/chrisharing/Desktop/CCS_complex_coupled_systems/Repo/HardDisks/hspist3/experiments_energy_transfer/level2_slope_20260917/u0.005/tr_9264.csv,854.450073,18.4333496,1,"./00ALLINONE --mode=edmd --experiment=energy_transfer --headless --quiet --edmd-acc=0 --seed-drift-order=drift-first --energy-transfer-summary=experiments_energy_transfer/level2_slope_20260917/u0.005/summary.csv --energy-transfer-trace=experiments_energy_transfer/level2_slope_20260917/u0.005/tr_9264.csv --particles=100 --particles-boxes=50,50 --particle-radius=0.5 --l0=39.25 --height=10 --num-walls=1 --wall-positions=39.25 --wall-mass-factors=1000000000 --piston-right-protocol-mode=step --velocity-right-piston-step=0.005 --max-right-piston-travel=3.93 --auto-piston-step --wall-hold-steps=12000 --steps=60000 --fixed-dt=0.4 --energy-measurement --eff-output=wall-ke --kbt1 --seed=9264",9264
2026-09-17 10:39:06,energy_transfer,edmd,60000,12000,0.0166666669,39.25,10,100,0.5,nan,0.100050721,0.100050721,1,39.25,1e+09,50;50,1,0.0416666667,1,1,0.00999999978,100,1000,nan,39.25,1,step,74.5700022,-0.00499999989,step,3.93000007,0.00499999989,nan,nan,0.00499999989,nan,nan,7.57521389,5.04112468e-05,6.65476217e-06,0.999993345,7.57516348,2.38366229e-05,2.90922544e-05,5.25563155e-06,6.93793156e-07,20,836.016724,/Users/chrisharing/Desktop/CCS_complex_coupled_systems/Repo/HardDisks/hspist3/experiments_energy_transfer/level2_slope_20260917/u0.005/tr_9265.csv,851.716797,15.7000732,0,"./00ALLINONE --mode=edmd --experiment=energy_transfer --headless --quiet --edmd-acc=0 --seed-drift-order=drift-first --energy-transfer-summary=experiments_energy_transfer/level2_slope_20260917/u0.005/summary.csv --energy-transfer-trace=experiments_energy_transfer/level2_slope_20260917/u0.005/tr_9265.csv --particles=100 --particles-boxes=50,50 --particle-radius=0.5 --l0=39.25 --height=10 --num-walls=1 --wall-positions=39.25 --wall-mass-factors=1000000000 --piston-right-protocol-mode=step --velocity-right-piston-step=0.005 --max-right-piston-travel=3.93 --auto-piston-step --wall-hold-steps=12000 --steps=60000 --fixed-dt=0.4 --energy-measurement --eff-output=wall-ke --kbt1 --seed=9265",9265
2026-09-17 10:39:06,energy_transfer,edmd,60000,12000,0.0166666669,39.25,10,100,0.5,nan,0.100050721,0.100050721,1,39.25,1e+09,50;50,1,0.0416666667,1,1,0.00999999978,100,1000,nan,39.25,1,step,74.5700022,-0.00499999989,step,3.93000007,0.00499999989,nan,nan,0.00499999989,nan,nan,7.45739431,4.4284563e-05,5.9383427e-06,0.999994062,7.45735002,2.04796925e-05,2.61867335e-05,5.70704105e-06,7.65286214e-07,20,836.016724,/Users/chrisharing/Desktop/CCS_complex_coupled_systems/Repo/HardDisks/hspist3/experiments_energy_transfer/level2_slope_20260917/u0.005/tr_9268.csv,851.650146,15.6334229,0,"./00ALLINONE --mode=edmd --experiment=energy_transfer --headless --quiet --edmd-acc=0 --seed-drift-order=drift-first --energy-transfer-summary=experiments_energy_transfer/level2_slope_20260917/u0.005/summary.csv --energy-transfer-trace=experiments_energy_transfer/level2_slope_20260917/u0.005/tr_9268.csv --particles=100 --particles-boxes=50,50 --particle-radius=0.5 --l0=39.25 --height=10 --num-walls=1 --wall-positions=39.25 --wall-mass-factors=1000000000 --piston-right-protocol-mode=step --velocity-right-piston-step=0.005 --max-right-piston-travel=3.93 --auto-piston-step --wall-hold-steps=12000 --steps=60000 --fixed-dt=0.4 --energy-measurement --eff-output=wall-ke --kbt1 --seed=9268",9268
2026-09-17 10:39:06,energy_transfer,edmd,60000,12000,0.0166666669,39.25,10,100,0.5,nan,0.100050721,0.100050721,1,39.25,1e+09,50;50,1,0.0416666667,1,1,0.00999999978,100,1000,nan,39.25,1,step,74.5700022,-0.00499999989,step,3.93000007,0.00499999989,nan,nan,0.00499999989,nan,nan,7.42796541,4.34826616e-05,5.85391277e-06,0.999994146,7.42792192,2.31926133e-05,2.34374256e-05,2.44812327e-07,3.29581943e-08,20,836.016724,/Users/chrisharing/Desktop/CCS_complex_coupled_systems/Repo/HardDisks/hspist3/experiments_energy_transfer/level2_slope_20260917/u0.005/tr_9267.csv,838.400146,2.38342285,0,"./00ALLINONE --mode=edmd --experiment=energy_transfer --headless --quiet --edmd-acc=0 --seed-drift-order=drift-first --energy-transfer-summary=experiments_energy_transfer/level2_slope_20260917/u0.005/summary.csv --energy-transfer-trace=experiments_energy_transfer/level2_slope_20260917/u0.005/tr_9267.csv --particles=100 --particles-boxes=50,50 --particle-radius=0.5 --l0=39.25 --height=10 --num-walls=1 --wall-positions=39.25 --wall-mass-factors=1000000000 --piston-right-protocol-mode=step --velocity-right-piston-step=0.005 --max-right-piston-travel=3.93 --auto-piston-step --wall-hold-steps=12000 --steps=60000 --fixed-dt=0.4 --energy-measurement --eff-output=wall-ke --kbt1 --seed=9267",9267
2026-09-17 10:39:06,energy_transfer,edmd,60000,12000,0.0166666669,39.25,10,100,0.5,nan,0.100050721,0.100050721,1,39.25,1e+09,50;50,1,0.0416666667,1,1,0.00999999978,100,1000,nan,39.25,1,step,74.5700022,-0.00499999989,step,3.93000007,0.00499999989,nan,nan,0.00499999989,nan,nan,7.32743095,3.3163622e-05,4.52595489e-06,0.999995474,7.32739779,1.40343082e-05,1.66467053e-05,2.61239711e-06,3.56522924e-07,20,836.016724,/Users/chrisharing/Desktop/CCS_complex_coupled_systems/Repo/HardDisks/hspist3/experiments_energy_transfer/level2_slope_20260917/u0.005/tr_9263.csv,851.833496,15.8167725,0,"./00ALLINONE --mode=edmd --experiment=energy_transfer --headless --quiet --edmd-acc=0 --seed-drift-order=drift-first --energy-transfer-summary=experiments_energy_transfer/level2_slope_20260917/u0.005/summary.csv --energy-transfer-trace=experiments_energy_transfer/level2_slope_20260917/u0.005/tr_9263.csv --particles=100 --particles-boxes=50,50 --particle-radius=0.5 --l0=39.25 --height=10 --num-walls=1 --wall-positions=39.25 --wall-mass-factors=1000000000 --piston-right-protocol-mode=step --velocity-right-piston-step=0.005 --max-right-piston-travel=3.93 --auto-piston-step --wall-hold-steps=12000 --steps=60000 --fixed-dt=0.4 --energy-measurement --eff-output=wall-ke --kbt1 --seed=9263",9263
2026-09-17 10:39:07,energy_transfer,edmd,60000,12000,0.0166666669,39.25,10,100,0.5,nan,0.100050721,0.100050721,1,39.25,1e+09,50;50,1,0.0416666667,1,1,0.00999999978,100,1000,nan,39.25,1,step,74.5700022,-0.00499999989,step,3.93000007,0.00499999989,nan,nan,0.00499999989,nan,nan,7.48258591,4.48203064e-05,5.98994878e-06,0.99999401,7.48254109,2.09034915e-05,2.40348145e-05,3.13132296e-06,4.1848139e-07,20,836.016724,/Users/chrisharing/Desktop/CCS_complex_coupled_systems/Repo/HardDisks/hspist3/experiments_energy_transfer/level2_slope_20260917/u0.005/tr_9269.csv,848.683472,12.666748,0,"./00ALLINONE --mode=edmd --experiment=energy_transfer --headless --quiet --edmd-acc=0 --seed-drift-order=drift-first --energy-transfer-summary=experiments_energy_transfer/level2_slope_20260917/u0.005/summary.csv --energy-transfer-trace=experiments_energy_transfer/level2_slope_20260917/u0.005/tr_9269.csv --particles=100 --particles-boxes=50,50 --particle-radius=0.5 --l0=39.25 --height=10 --num-walls=1 --wall-positions=39.25 --wall-mass-factors=1000000000 --piston-right-protocol-mode=step --velocity-right-piston-step=0.005 --max-right-piston-travel=3.93 --auto-piston-step --wall-hold-steps=12000 --steps=60000 --fixed-dt=0.4 --energy-measurement --eff-output=wall-ke --kbt1 --seed=9269",9269
2026-09-17 10:39:07,energy_transfer,edmd,60000,12000,0.0166666669,39.25,10,100,0.5,nan,0.100050721,0.100050721,1,39.25,1e+09,50;50,1,0.0416666667,1,1,0.00999999978,100,1000,nan,39.25,1,step,74.5700022,-0.00499999989,step,3.93000007,0.00499999989,nan,nan,0.00499999989,nan,nan,7.46548722,3.54874282e-05,4.75353145e-06,0.999995246,7.46545173,1.54472855e-05,1.90694482e-05,3.62216269e-06,4.85187716e-07,20,836.016724,/Users/chrisharing/Desktop/CCS_complex_coupled_systems/Repo/HardDisks/hspist3/experiments_energy_transfer/level2_slope_20260917/u0.005/tr_9270.csv,852.366821,16.3500977,0,"./00ALLINONE --mode=edmd --experiment=energy_transfer --headless --quiet --edmd-acc=0 --seed-drift-order=drift-first --energy-transfer-summary=experiments_energy_transfer/level2_slope_20260917/u0.005/summary.csv --energy-transfer-trace=experiments_energy_transfer/level2_slope_20260917/u0.005/tr_9270.csv --particles=100 --particles-boxes=50,50 --particle-radius=0.5 --l0=39.25 --height=10 --num-walls=1 --wall-positions=39.25 --wall-mass-factors=1000000000 --piston-right-protocol-mode=step --velocity-right-piston-step=0.005 --max-right-piston-travel=3.93 --auto-piston-step --wall-hold-steps=12000 --steps=60000 --fixed-dt=0.4 --energy-measurement --eff-output=wall-ke --kbt1 --seed=9270",9270
2026-09-17 10:39:08,energy_transfer,edmd,60000,12000,0.0166666669,39.25,10,100,0.5,nan,0.100050721,0.100050721,1,39.25,1e+09,50;50,1,0.0416666667,1,1,0.00999999978,100,1000,nan,39.25,1,step,74.5700022,-0.00499999989,step,3.93000007,0.00499999989,nan,nan,0.00499999989,nan,nan,7.42284212,4.21734039e-05,5.68157092e-06,0.999994318,7.42279995,1.90721566e-05,2.0959118e-05,1.8869614e-06,2.54210095e-07,20,836.016724,/Users/chrisharing/Desktop/CCS_complex_coupled_systems/Repo/HardDisks/hspist3/experiments_energy_transfer/level2_slope_20260917/u0.005/tr_9271.csv,853.716797,17.7000732,0,"./00ALLINONE --mode=edmd --experiment=energy_transfer --headless --quiet --edmd-acc=0 --seed-drift-order=drift-first --energy-transfer-summary=experiments_energy_transfer/level2_slope_20260917/u0.005/summary.csv --energy-transfer-trace=experiments_energy_transfer/level2_slope_20260917/u0.005/tr_9271.csv --particles=100 --particles-boxes=50,50 --particle-radius=0.5 --l0=39.25 --height=10 --num-walls=1 --wall-positions=39.25 --wall-mass-factors=1000000000 --piston-right-protocol-mode=step --velocity-right-piston-step=0.005 --max-right-piston-travel=3.93 --auto-piston-step --wall-hold-steps=12000 --steps=60000 --fixed-dt=0.4 --energy-measurement --eff-output=wall-ke --kbt1 --seed=9271",9271
2026-09-17 10:39:09,energy_transfer,edmd,60000,12000,0.0166666669,39.25,10,100,0.5,nan,0.100050721,0.100050721,1,39.25,1e+09,50;50,1,0.0416666667,1,1,0.00999999978,100,1000,nan,39.25,1,step,74.5700022,-0.00499999989,step,3.93000007,0.00499999989,nan,nan,0.00499999989,nan,nan,7.57361205,4.66995298e-05,6.16608422e-06,0.999993834,7.57356535,2.05700981e-05,2.42642964e-05,3.69419831e-06,4.87772319e-07,20,836.016724,/Users/chrisharing/Desktop/CCS_complex_coupled_systems/Repo/HardDisks/hspist3/experiments_energy_transfer/level2_slope_20260917/u0.005/tr_9272.csv,855.183472,19.166748,1,"./00ALLINONE --mode=edmd --experiment=energy_transfer --headless --quiet --edmd-acc=0 --seed-drift-order=drift-first --energy-transfer-summary=experiments_energy_transfer/level2_slope_20260917/u0.005/summary.csv --energy-transfer-trace=experiments_energy_transfer/level2_slope_20260917/u0.005/tr_9272.csv --particles=100 --particles-boxes=50,50 --particle-radius=0.5 --l0=39.25 --height=10 --num-walls=1 --wall-positions=39.25 --wall-mass-factors=1000000000 --piston-right-protocol-mode=step --velocity-right-piston-step=0.005 --max-right-piston-travel=3.93 --auto-piston-step --wall-hold-steps=12000 --steps=60000 --fixed-dt=0.4 --energy-measurement --eff-output=wall-ke --kbt1 --seed=9272",9272
2026-09-17 10:39:09,energy_transfer,edmd,60000,12000,0.0166666669,39.25,10,100,0.5,nan,0.100050721,0.100050721,1,39.25,1e+09,50;50,1,0.0416666667,1,1,0.00999999978,100,1000,nan,39.25,1,step,74.5700022,-0.00499999989,step,3.93000007,0.00499999989,nan,nan,0.00499999989,nan,nan,7.45142903,4.17400806e-05,5.60162091e-06,0.999994398,7.45138729,1.94474997e-05,2.23056195e-05,2.85811984e-06,3.83566673e-07,20,836.016724,/Users/chrisharing/Desktop/CCS_complex_coupled_systems/Repo/HardDisks/hspist3/experiments_energy_transfer/level2_slope_20260917/u0.005/tr_9273.csv,855.950073,19.9333496,1,"./00ALLINONE --mode=edmd --experiment=energy_transfer --headless --quiet --edmd-acc=0 --seed-drift-order=drift-first --energy-transfer-summary=experiments_energy_transfer/level2_slope_20260917/u0.005/summary.csv --energy-transfer-trace=experiments_energy_transfer/level2_slope_20260917/u0.005/tr_9273.csv --particles=100 --particles-boxes=50,50 --particle-radius=0.5 --l0=39.25 --height=10 --num-walls=1 --wall-positions=39.25 --wall-mass-factors=1000000000 --piston-right-protocol-mode=step --velocity-right-piston-step=0.005 --max-right-piston-travel=3.93 --auto-piston-step --wall-hold-steps=12000 --steps=60000 --fixed-dt=0.4 --energy-measurement --eff-output=wall-ke --kbt1 --seed=9273",9273
2026-09-17 10:39:10,energy_transfer,edmd,60000,12000,0.0166666669,39.25,10,100,0.5,nan,0.100050721,0.100050721,1,39.25,1e+09,50;50,1,0.0416666667,1,1,0.00999999978,100,1000,nan,39.25,1,step,74.5700022,-0.00499999989,step,3.93000007,0.00499999989,nan,nan,0.00499999989,nan,nan,7.50093272,4.11591536e-05,5.48720475e-06,0.999994513,7.50089156,1.76228314e-05,2.20201582e-05,4.39732685e-06,5.8623734e-07,20,836.016724,/Users/chrisharing/Desktop/CCS_complex_coupled_systems/Repo/HardDisks/hspist3/experiments_energy_transfer/level2_slope_20260917/u0.005/tr_9274.csv,849.100098,13.083374,0,"./00ALLINONE --mode=edmd --experiment=energy_transfer --headless --quiet --edmd-acc=0 --seed-drift-order=drift-first --energy-transfer-summary=experiments_energy_transfer/level2_slope_20260917/u0.005/summary.csv --energy-transfer-trace=experiments_energy_transfer/level2_slope_20260917/u0.005/tr_9274.csv --particles=100 --particles-boxes=50,50 --particle-radius=0.5 --l0=39.25 --height=10 --num-walls=1 --wall-positions=39.25 --wall-mass-factors=1000000000 --piston-right-protocol-mode=step --velocity-right-piston-step=0.005 --max-right-piston-travel=3.93 --auto-piston-step --wall-hold-steps=12000 --steps=60000 --fixed-dt=0.4 --energy-measurement --eff-output=wall-ke --kbt1 --seed=9274",9274
2026-09-17 10:39:10,energy_transfer,edmd,60000,12000,0.0166666669,39.25,10,100,0.5,nan,0.100050721,0.100050721,1,39.25,1e+09,50;50,1,0.0416666667,1,1,0.00999999978,100,1000,nan,39.25,1,step,74.5700022,-0.00499999989,step,3.93000007,0.00499999989,nan,nan,0.00499999989,nan,nan,7.46487721,3.89825836e-05,5.22213327e-06,0.999994778,7.46483822,1.79470389e-05,1.97184272e-05,1.77138827e-06,2.37296371e-07,20,836.016724,/Users/chrisharing/Desktop/CCS_complex_coupled_systems/Repo/HardDisks/hspist3/experiments_energy_transfer/level2_slope_20260917/u0.005/tr_9275.csv,852.250122,16.2333984,0,"./00ALLINONE --mode=edmd --experiment=energy_transfer --headless --quiet --edmd-acc=0 --seed-drift-order=drift-first --energy-transfer-summary=experiments_energy_transfer/level2_slope_20260917/u0.005/summary.csv --energy-transfer-trace=experiments_energy_transfer/level2_slope_20260917/u0.005/tr_9275.csv --particles=100 --particles-boxes=50,50 --particle-radius=0.5 --l0=39.25 --height=10 --num-walls=1 --wall-positions=39.25 --wall-mass-factors=1000000000 --piston-right-protocol-mode=step --velocity-right-piston-step=0.005 --max-right-piston-travel=3.93 --auto-piston-step --wall-hold-steps=12000 --steps=60000 --fixed-dt=0.4 --energy-measurement --eff-output=wall-ke --kbt1 --seed=9275",9275
2026-09-17 10:39:10,energy_transfer,edmd,60000,12000,0.0166666669,39.25,10,100,0.5,nan,0.100050721,0.100050721,1,39.25,1e+09,50;50,1,0.0416666667,1,1,0.00999999978,100,1000,nan,39.25,1,step,74.5700022,-0.00499999989,step,3.93000007,0.00499999989,nan,nan,0.00499999989,nan,nan,7.55936439,4.86972494e-05,6.44197673e-06,0.999993558,7.55931569,2.53325215e-05,2.67952619e-05,1.46274033e-06,1.93500439e-07,20,836.016724,/Users/chrisharing/Desktop/CCS_complex_coupled_systems/Repo/HardDisks/hspist3/experiments_energy_transfer/level2_slope_20260917/u0.005/tr_9276.csv,854.216797,18.2000732,1,"./00ALLINONE --mode=edmd --experiment=energy_transfer --headless --quiet --edmd-acc=0 --seed-drift-order=drift-first --energy-transfer-summary=experiments_energy_transfer/level2_slope_20260917/u0.005/summary.csv --energy-transfer-trace=experiments_energy_transfer/level2_slope_20260917/u0.005/tr_9276.csv --particles=100 --particles-boxes=50,50 --particle-radius=0.5 --l0=39.25 --height=10 --num-walls=1 --wall-positions=39.25 --wall-mass-factors=1000000000 --piston-right-protocol-mode=step --velocity-right-piston-step=0.005 --max-right-piston-travel=3.93 --auto-piston-step --wall-hold-steps=12000 --steps=60000 --fixed-dt=0.4 --energy-measurement --eff-output=wall-ke --kbt1 --seed=9276",9276
2026-09-17 10:39:10,energy_transfer,edmd,60000,12000,0.0166666669,39.25,10,100,0.5,nan,0.100050721,0.100050721,1,39.25,1e+09,50;50,1,0.0416666667,1,1,0.00999999978,100,1000,nan,39.25,1,step,74.5700022,-0.00499999989,step,3.93000007,0.00499999989,nan,nan,0.00499999989,nan,nan,7.44503574,4.47766906e-05,6.01430164e-06,0.999993986,7.44499096,2.09703649e-05,2.5618021e-05,4.64765617e-06,6.24262439e-07,20,836.016724,/Users/chrisharing/Desktop/CCS_complex_coupled_systems/Repo/HardDisks/hspist3/experiments_energy_transfer/level2_slope_20260917/u0.005/tr_9278.csv,855.050171,19.0334473,1,"./00ALLINONE --mode=edmd --experiment=energy_transfer --headless --quiet --edmd-acc=0 --seed-drift-order=drift-first --energy-transfer-summary=experiments_energy_transfer/level2_slope_20260917/u0.005/summary.csv --energy-transfer-trace=experiments_energy_transfer/level2_slope_20260917/u0.005/tr_9278.csv --particles=100 --particles-boxes=50,50 --particle-radius=0.5 --l0=39.25 --height=10 --num-walls=1 --wall-positions=39.25 --wall-mass-factors=1000000000 --piston-right-protocol-mode=step --velocity-right-piston-step=0.005 --max-right-piston-travel=3.93 --auto-piston-step --wall-hold-steps=12000 --steps=60000 --fixed-dt=0.4 --energy-measurement --eff-output=wall-ke --kbt1 --seed=9278",9278
2026-09-17 10:39:10,energy_transfer,edmd,60000,12000,0.0166666669,39.25,10,100,0.5,nan,0.100050721,0.100050721,1,39.25,1e+09,50;50,1,0.0416666667,1,1,0.00999999978,100,1000,nan,39.25,1,step,74.5700022,-0.00499999989,step,3.93000007,0.00499999989,nan,nan,0.00499999989,nan,nan,7.36075948,3.29618342e-05,4.47804799e-06,0.999995522,7.36072652,1.57569175e-05,2.03214549e-05,4.56453745e-06,6.20117728e-07,20,836.016724,/Users/chrisharing/Desktop/CCS_complex_coupled_systems/Repo/HardDisks/hspist3/experiments_energy_transfer/level2_slope_20260917/u0.005/tr_9279.csv,846.033447,10.0167236,0,"./00ALLINONE --mode=edmd --experiment=energy_transfer --headless --quiet --edmd-acc=0 --seed-drift-order=drift-first --energy-transfer-summary=experiments_energy_transfer/level2_slope_20260917/u0.005/summary.csv --energy-transfer-trace=experiments_energy_transfer/level2_slope_20260917/u0.005/tr_9279.csv --particles=100 --particles-boxes=50,50 --particle-radius=0.5 --l0=39.25 --height=10 --num-walls=1 --wall-positions=39.25 --wall-mass-factors=1000000000 --piston-right-protocol-mode=step --velocity-right-piston-step=0.005 --max-right-piston-travel=3.93 --auto-piston-step --wall-hold-steps=12000 --steps=60000 --fixed-dt=0.4 --energy-measurement --eff-output=wall-ke --kbt1 --seed=9279",9279
2026-09-17 10:39:10,energy_transfer,edmd,60000,12000,0.0166666669,39.25,10,100,0.5,nan,0.100050721,0.100050721,1,39.25,1e+09,50;50,1,0.0416666667,1,1,0.00999999978,100,1000,nan,39.25,1,step,74.5700022,-0.00499999989,step,3.93000007,0.00499999989,nan,nan,0.00499999989,nan,nan,7.58547963,4.45293808e-05,5.87034479e-06,0.99999413,7.5854351,2.12011182e-05,2.83753852e-05,7.17426701e-06,9.45789504e-07,20,836.016724,/Users/chrisharing/Desktop/CCS_complex_coupled_systems/Repo/HardDisks/hspist3/experiments_energy_transfer/level2_slope_20260917/u0.005/tr_9277.csv,852.183472,16.166748,0,"./00ALLINONE --mode=edmd --experiment=energy_transfer --headless --quiet --edmd-acc=0 --seed-drift-order=drift-first --energy-transfer-summary=experiments_energy_transfer/level2_slope_20260917/u0.005/summary.csv --energy-transfer-trace=experiments_energy_transfer/level2_slope_20260917/u0.005/tr_9277.csv --particles=100 --particles-boxes=50,50 --particle-radius=0.5 --l0=39.25 --height=10 --num-walls=1 --wall-positions=39.25 --wall-mass-factors=1000000000 --piston-right-protocol-mode=step --velocity-right-piston-step=0.005 --max-right-piston-travel=3.93 --auto-piston-step --wall-hold-steps=12000 --steps=60000 --fixed-dt=0.4 --energy-measurement --eff-output=wall-ke --kbt1 --seed=9277",9277
2026-09-17 10:39:11,energy_transfer,edmd,60000,12000,0.0166666669,39.25,10,100,0.5,nan,0.100050721,0.100050721,1,39.25,1e+09,50;50,1,0.0416666667,1,1,0.00999999978,100,1000,nan,39.25,1,step,74.5700022,-0.00499999989,step,3.93000007,0.00499999989,nan,nan,0.00499999989,nan,nan,7.50280223,3.74260817e-05,4.98828045e-06,0.999995012,7.50276481,1.27738567e-05,1.48280214e-05,2.05416472e-06,2.73786335e-07,20,836.016724,/Users/chrisharing/Desktop/CCS_complex_coupled_systems/Repo/HardDisks/hspist3/experiments_energy_transfer/level2_slope_20260917/u0.005/tr_9280.csv,854.916748,18.9000244,1,"./00ALLINONE --mode=edmd --experiment=energy_transfer --headless --quiet --edmd-acc=0 --seed-drift-order=drift-first --energy-transfer-summary=experiments_energy_transfer/level2_slope_20260917/u0.005/summary.csv --energy-transfer-trace=experiments_energy_transfer/level2_slope_20260917/u0.005/tr_9280.csv --particles=100 --particles-boxes=50,50 --particle-radius=0.5 --l0=39.25 --height=10 --num-walls=1 --wall-positions=39.25 --wall-mass-factors=1000000000 --piston-right-protocol-mode=step --velocity-right-piston-step=0.005 --max-right-piston-travel=3.93 --auto-piston-step --wall-hold-steps=12000 --steps=60000 --fixed-dt=0.4 --energy-measurement --eff-output=wall-ke --kbt1 --seed=9280",9280
2026-09-17 10:39:12,energy_transfer,edmd,60000,12000,0.0166666669,39.25,10,100,0.5,nan,0.100050721,0.100050721,1,39.25,1e+09,50;50,1,0.0416666667,1,1,0.00999999978,100,1000,nan,39.25,1,step,74.5700022,-0.00499999989,step,3.93000007,0.00499999989,nan,nan,0.00499999989,nan,nan,7.52974105,4.24099489e-05,5.63232503e-06,0.999994368,7.52969864,1.94662953e-05,2.24904743e-05,3.02417902e-06,4.01631212e-07,20,836.016724,/Users/chrisharing/Desktop/CCS_complex_coupled_systems/Repo/HardDisks/hspist3/experiments_energy_transfer/level2_slope_20260917/u0.005/tr_9281.csv,853.600098,17.583374,0,"./00ALLINONE --mode=edmd --experiment=energy_transfer --headless --quiet --edmd-acc=0 --seed-drift-order=drift-first --energy-transfer-summary=experiments_energy_transfer/level2_slope_20260917/u0.005/summary.csv --energy-transfer-trace=experiments_energy_transfer/level2_slope_20260917/u0.005/tr_9281.csv --particles=100 --particles-boxes=50,50 --particle-radius=0.5 --l0=39.25 --height=10 --num-walls=1 --wall-positions=39.25 --wall-mass-factors=1000000000 --piston-right-protocol-mode=step --velocity-right-piston-step=0.005 --max-right-piston-travel=3.93 --auto-piston-step --wall-hold-steps=12000 --steps=60000 --fixed-dt=0.4 --energy-measurement --eff-output=wall-ke --kbt1 --seed=9281",9281
2026-09-17 10:39:13,energy_transfer,edmd,60000,12000,0.0166666669,39.25,10,100,0.5,nan,0.100050721,0.100050721,1,39.25,1e+09,50;50,1,0.0416666667,1,1,0.00999999978,100,1000,nan,39.25,1,step,74.5700022,-0.00499999989,step,3.93000007,0.00499999989,nan,nan,0.00499999989,nan,nan,7.4460929,3.93102928e-05,5.27931806e-06,0.999994721,7.44605359,1.71454521e-05,2.11703591e-05,4.02490696e-06,5.40539449e-07,20,836.016724,/Users/chrisharing/Desktop/CCS_complex_coupled_systems/Repo/HardDisks/hspist3/experiments_energy_transfer/level2_slope_20260917/u0.005/tr_9282.csv,844.700073,8.68334961,0,"./00ALLINONE --mode=edmd --experiment=energy_transfer --headless --quiet --edmd-acc=0 --seed-drift-order=drift-first --energy-transfer-summary=experiments_energy_transfer/level2_slope_20260917/u0.005/summary.csv --energy-transfer-trace=experiments_energy_transfer/level2_slope_20260917/u0.005/tr_9282.csv --particles=100 --particles-boxes=50,50 --particle-radius=0.5 --l0=39.25 --height=10 --num-walls=1 --wall-positions=39.25 --wall-mass-factors=1000000000 --piston-right-protocol-mode=step --velocity-right-piston-step=0.005 --max-right-piston-travel=3.93 --auto-piston-step --wall-hold-steps=12000 --steps=60000 --fixed-dt=0.4 --energy-measurement --eff-output=wall-ke --kbt1 --seed=9282",9282
2026-09-17 10:39:14,energy_transfer,edmd,60000,12000,0.0166666669,39.25,10,100,0.5,nan,0.100050721,0.100050721,1,39.25,1e+09,50;50,1,0.0416666667,1,1,0.00999999978,100,1000,nan,39.25,1,step,74.5700022,-0.00499999989,step,3.93000007,0.00499999989,nan,nan,0.00499999989,nan,nan,7.38180996,3.65021006e-05,4.94487135e-06,0.999995055,7.38177346,1.75841524e-05,1.88658578e-05,1.28170541e-06,1.73630236e-07,20,836.016724,/Users/chrisharing/Desktop/CCS_complex_coupled_systems/Repo/HardDisks/hspist3/experiments_energy_transfer/level2_slope_20260917/u0.005/tr_9283.csv,839.266724,3.25,0,"./00ALLINONE --mode=edmd --experiment=energy_transfer --headless --quiet --edmd-acc=0 --seed-drift-order=drift-first --energy-transfer-summary=experiments_energy_transfer/level2_slope_20260917/u0.005/summary.csv --energy-transfer-trace=experiments_energy_transfer/level2_slope_20260917/u0.005/tr_9283.csv --particles=100 --particles-boxes=50,50 --particle-radius=0.5 --l0=39.25 --height=10 --num-walls=1 --wall-positions=39.25 --wall-mass-factors=1000000000 --piston-right-protocol-mode=step --velocity-right-piston-step=0.005 --max-right-piston-travel=3.93 --auto-piston-step --wall-hold-steps=12000 --steps=60000 --fixed-dt=0.4 --energy-measurement --eff-output=wall-ke --kbt1 --seed=9283",9283
2026-09-17 10:39:14,energy_transfer,edmd,60000,12000,0.0166666669,39.25,10,100,0.5,nan,0.100050721,0.100050721,1,39.25,1e+09,50;50,1,0.0416666667,1,1,0.00999999978,100,1000,nan,39.25,1,step,74.5700022,-0.00499999989,step,3.93000007,0.00499999989,nan,nan,0.00499999989,nan,nan,7.4865305,3.9933293e-05,5.33401861e-06,0.999994666,7.48649057,2.09335121e-05,2.223722e-05,1.3037079e-06,1.74140465e-07,20,836.016724,/Users/chrisharing/Desktop/CCS_complex_coupled_systems/Repo/HardDisks/hspist3/experiments_energy_transfer/level2_slope_20260917/u0.005/tr_9288.csv,848.450073,12.4333496,0,"./00ALLINONE --mode=edmd --experiment=energy_transfer --headless --quiet --edmd-acc=0 --seed-drift-order=drift-first --energy-transfer-summary=experiments_energy_transfer/level2_slope_20260917/u0.005/summary.csv --energy-transfer-trace=experiments_energy_transfer/level2_slope_20260917/u0.005/tr_9288.csv --particles=100 --particles-boxes=50,50 --particle-radius=0.5 --l0=39.25 --height=10 --num-walls=1 --wall-positions=39.25 --wall-mass-factors=1000000000 --piston-right-protocol-mode=step --velocity-right-piston-step=0.005 --max-right-piston-travel=3.93 --auto-piston-step --wall-hold-steps=12000 --steps=60000 --fixed-dt=0.4 --energy-measurement --eff-output=wall-ke --kbt1 --seed=9288",9288
2026-09-17 10:39:14,energy_transfer,edmd,60000,12000,0.0166666669,39.25,10,100,0.5,nan,0.100050721,0.100050721,1,39.25,1e+09,50;50,1,0.0416666667,1,1,0.00999999978,100,1000,nan,39.25,1,step,74.5700022,-0.00499999989,step,3.93000007,0.00499999989,nan,nan,0.00499999989,nan,nan,7.5539243,3.7949645e-05,5.02383179e-06,0.999994976,7.55388636,1.84744258e-05,2.13213807e-05,2.84695489e-06,3.76884222e-07,20,836.016724,/Users/chrisharing/Desktop/CCS_complex_coupled_systems/Repo/HardDisks/hspist3/experiments_energy_transfer/level2_slope_20260917/u0.005/tr_9284.csv,849.966797,13.9500732,0,"./00ALLINONE --mode=edmd --experiment=energy_transfer --headless --quiet --edmd-acc=0 --seed-drift-order=drift-first --energy-transfer-summary=experiments_energy_transfer/level2_slope_20260917/u0.005/summary.csv --energy-transfer-trace=experiments_energy_transfer/level2_slope_20260917/u0.005/tr_9284.csv --particles=100 --particles-boxes=50,50 --particle-radius=0.5 --l0=39.25 --height=10 --num-walls=1 --wall-positions=39.25 --wall-mass-factors=1000000000 --piston-right-protocol-mode=step --velocity-right-piston-step=0.005 --max-right-piston-travel=3.93 --auto-piston-step --wall-hold-steps=12000 --steps=60000 --fixed-dt=0.4 --energy-measurement --eff-output=wall-ke --kbt1 --seed=9284",9284
2026-09-17 10:39:14,energy_transfer,edmd,60000,12000,0.0166666669,39.25,10,100,0.5,nan,0.100050721,0.100050721,1,39.25,1e+09,50;50,1,0.0416666667,1,1,0.00999999978,100,1000,nan,39.25,1,step,74.5700022,-0.00499999989,step,3.93000007,0.00499999989,nan,nan,0.00499999989,nan,nan,7.49007684,4.73442597e-05,6.3209311e-06,0.999993679,7.4900295,2.15297223e-05,2.31397407e-05,1.61001844e-06,2.14953528e-07,20,836.016724,/Users/chrisharing/Desktop/CCS_complex_coupled_systems/Repo/HardDisks/hspist3/experiments_energy_transfer/level2_slope_20260917/u0.005/tr_9289.csv,844.200073,8.18334961,0,"./00ALLINONE --mode=edmd --experiment=energy_transfer --headless --quiet --edmd-acc=0 --seed-drift-order=drift-first --energy-transfer-summary=experiments_energy_transfer/level2_slope_20260917/u0.005/summary.csv --energy-transfer-trace=experiments_energy_transfer/level2_slope_20260917/u0.005/tr_9289.csv --particles=100 --particles-boxes=50,50 --particle-radius=0.5 --l0=39.25 --height=10 --num-walls=1 --wall-positions=39.25 --wall-mass-factors=1000000000 --piston-right-protocol-mode=step --velocity-right-piston-step=0.005 --max-right-piston-travel=3.93 --auto-piston-step --wall-hold-steps=12000 --steps=60000 --fixed-dt=0.4 --energy-measurement --eff-output=wall-ke --kbt1 --seed=9289",9289
2026-09-17 10:39:14,energy_transfer,edmd,60000,12000,0.0166666669,39.25,10,100,0.5,nan,0.100050721,0.100050721,1,39.25,1e+09,50;50,1,0.0416666667,1,1,0.00999999978,100,1000,nan,39.25,1,step,74.5700022,-0.00499999989,step,3.93000007,0.00499999989,nan,nan,0.00499999989,nan,nan,7.37244131,3.37328383e-05,4.57553162e-06,0.999995424,7.37240758,1.44769874e-05,1.80068073e-05,3.52981988e-06,4.78785755e-07,20,836.016724,/Users/chrisharing/Desktop/CCS_complex_coupled_systems/Repo/HardDisks/hspist3/experiments_energy_transfer/level2_slope_20260917/u0.005/tr_9287.csv,855.583496,19.5667725,1,"./00ALLINONE --mode=edmd --experiment=energy_transfer --headless --quiet --edmd-acc=0 --seed-drift-order=drift-first --energy-transfer-summary=experiments_energy_transfer/level2_slope_20260917/u0.005/summary.csv --energy-transfer-trace=experiments_energy_transfer/level2_slope_20260917/u0.005/tr_9287.csv --particles=100 --particles-boxes=50,50 --particle-radius=0.5 --l0=39.25 --height=10 --num-walls=1 --wall-positions=39.25 --wall-mass-factors=1000000000 --piston-right-protocol-mode=step --velocity-right-piston-step=0.005 --max-right-piston-travel=3.93 --auto-piston-step --wall-hold-steps=12000 --steps=60000 --fixed-dt=0.4 --energy-measurement --eff-output=wall-ke --kbt1 --seed=9287",9287
2026-09-17 10:39:14,energy_transfer,edmd,60000,12000,0.0166666669,39.25,10,100,0.5,nan,0.100050721,0.100050721,1,39.25,1e+09,50;50,1,0.0416666667,1,1,0.00999999978,100,1000,nan,39.25,1,step,74.5700022,-0.00499999989,step,3.93000007,0.00499999989,nan,nan,0.00499999989,nan,nan,7.4324562,4.67087521e-05,6.28443018e-06,0.999993716,7.43240949,2.17772704e-05,2.79089454e-05,6.13167504e-06,8.24986367e-07,20,836.016724,/Users/chrisharing/Desktop/CCS_complex_coupled_systems/Repo/HardDisks/hspist3/experiments_energy_transfer/level2_slope_20260917/u0.005/tr_9286.csv,852.066772,16.0500488,0,"./00ALLINONE --mode=edmd --experiment=energy_transfer --headless --quiet --edmd-acc=0 --seed-drift-order=drift-first --energy-transfer-summary=experiments_energy_transfer/level2_slope_20260917/u0.005/summary.csv --energy-transfer-trace=experiments_energy_transfer/level2_slope_20260917/u0.005/tr_9286.csv --particles=100 --particles-boxes=50,50 --particle-radius=0.5 --l0=39.25 --height=10 --num-walls=1 --wall-positions=39.25 --wall-mass-factors=1000000000 --piston-right-protocol-mode=step --velocity-right-piston-step=0.005 --max-right-piston-travel=3.93 --auto-piston-step --wall-hold-steps=12000 --steps=60000 --fixed-dt=0.4 --energy-measurement --eff-output=wall-ke --kbt1 --seed=9286",9286
2026-09-17 10:39:14,energy_transfer,edmd,60000,12000,0.0166666669,39.25,10,100,0.5,nan,0.100050721,0.100050721,1,39.25,1e+09,50;50,1,0.0416666667,1,1,0.00999999978,100,1000,nan,39.25,1,step,74.5700022,-0.00499999989,step,3.93000007,0.00499999989,nan,nan,0.00499999989,nan,nan,7.38228102,3.55498851e-05,4.8155692e-06,0.999995184,7.38224547,1.36662702e-05,1.77701531e-05,4.10388293e-06,5.55909877e-07,20,836.016724,/Users/chrisharing/Desktop/CCS_complex_coupled_systems/Repo/HardDisks/hspist3/experiments_energy_transfer/level2_slope_20260917/u0.005/tr_9285.csv,854.500122,18.4833984,1,"./00ALLINONE --mode=edmd --experiment=energy_transfer --headless --quiet --edmd-acc=0 --seed-drift-order=drift-first --energy-transfer-summary=experiments_energy_transfer/level2_slope_20260917/u0.005/summary.csv --energy-transfer-trace=experiments_energy_transfer/level2_slope_20260917/u0.005/tr_9285.csv --particles=100 --particles-boxes=50,50 --particle-radius=0.5 --l0=39.25 --height=10 --num-walls=1 --wall-positions=39.25 --wall-mass-factors=1000000000 --piston-right-protocol-mode=step --velocity-right-piston-step=0.005 --max-right-piston-travel=3.93 --auto-piston-step --wall-hold-steps=12000 --steps=60000 --fixed-dt=0.4 --energy-measurement --eff-output=wall-ke --kbt1 --seed=9285",9285
