timestamp,mode,sim_mode,steps_after_release,wall_hold_steps,dt_sigma,L0,height,particles_total,radius_sigma,eta_input,eta_nominal,eta_particles_region,num_walls,wall_positions_cli,wall_mass_factors_cli,particles_boxes_cli,wall_thickness_sigma,wall_thickness_vis_sigma,kbt1,kBT,kB_effective,temperature_runtime,spring_k,spring_eq_sigma,spring_eq_sigma_effective,piston_auto,piston_protocol,piston_target_sigma,piston_speed_px,piston_right_protocol_mode,piston_right_travel_sigma,piston_right_v_step_constant,piston_right_v0,piston_right_v_gradient,piston_right_vmax,piston_right_duration,piston_right_sigmoid_steepness,W_in_max,W_out_max,ratio,loss_fraction,total_loss,springE_stop,springE_peak_win,W_out_peak_win,ratio_win,eff_window_T,piston_stop_t_rel,trace_path,spring_peak_t_rel,spring_peak_dt,spring_peak_near_end,command,seed
2026-09-18 12:52:21,energy_transfer,edmd,12500,12000,0.0166666669,39.25,10,100,0.5,nan,0.100050721,0.100050721,1,39.25,1e+09,50;50,1,0.0416666667,1,1,0.00999999978,100,1000,nan,39.25,1,step,77.75,-3,step,0.75,3,nan,nan,3,nan,nan,1.35192108e-16,1.32794995e-07,982268835,-982268834,-1.32794994e-07,3.26908604e-11,8.1689997e-08,8.16573061e-08,604009415,20,0.349990845,/Users/chrisharing/Desktop/CCS_complex_coupled_systems/Repo/HardDisks/hspist3/experiments_energy_transfer/level2_fast1sigma_20260918/u3/tr_9203.csv,7.93331909,7.58332825,0,"./00ALLINONE_ramp --mode=edmd --experiment=energy_transfer --headless --quiet --edmd-acc=0 --seed-drift-order=drift-first --energy-transfer-summary=experiments_energy_transfer/level2_fast1sigma_20260918/u3/summary.csv --energy-transfer-trace=experiments_energy_transfer/level2_fast1sigma_20260918/u3/tr_9203.csv --particles=100 --particles-boxes=50,50 --particle-radius=0.5 --l0=39.25 --height=10 --num-walls=1 --wall-positions=39.25 --wall-mass-factors=1000000000 --piston-right-protocol-mode=step --velocity-right-piston-step=3 --max-right-piston-travel=0.75 --auto-piston-step --wall-hold-steps=12000 --steps=12500 --fixed-dt=0.4 --energy-measurement --eff-output=wall-ke --kbt1 --seed=9203",9203
2026-09-18 12:52:21,energy_transfer,edmd,12500,12000,0.0166666669,39.25,10,100,0.5,nan,0.100050721,0.100050721,1,39.25,1e+09,50;50,1,0.0416666667,1,1,0.00999999978,100,1000,nan,39.25,1,step,77.75,-3,step,0.75,3,nan,nan,3,nan,nan,5.2587009e-16,8.15772864e-07,1.55128211e+09,-1.55128211e+09,-8.15772864e-07,0,4.68401069e-08,4.68401069e-08,89071631.6,20,0.349990845,/Users/chrisharing/Desktop/CCS_complex_coupled_systems/Repo/HardDisks/hspist3/experiments_energy_transfer/level2_fast1sigma_20260918/u3/tr_9200.csv,5.61665344,5.2666626,0,"./00ALLINONE_ramp --mode=edmd --experiment=energy_transfer --headless --quiet --edmd-acc=0 --seed-drift-order=drift-first --energy-transfer-summary=experiments_energy_transfer/level2_fast1sigma_20260918/u3/summary.csv --energy-transfer-trace=experiments_energy_transfer/level2_fast1sigma_20260918/u3/tr_9200.csv --particles=100 --particles-boxes=50,50 --particle-radius=0.5 --l0=39.25 --height=10 --num-walls=1 --wall-positions=39.25 --wall-mass-factors=1000000000 --piston-right-protocol-mode=step --velocity-right-piston-step=3 --max-right-piston-travel=0.75 --auto-piston-step --wall-hold-steps=12000 --steps=12500 --fixed-dt=0.4 --energy-measurement --eff-output=wall-ke --kbt1 --seed=9200",9200
2026-09-18 12:52:21,energy_transfer,edmd,12500,12000,0.0166666669,39.25,10,100,0.5,nan,0.100050721,0.100050721,1,39.25,1e+09,50;50,1,0.0416666667,1,1,0.00999999978,100,1000,nan,39.25,1,step,77.75,-3,step,0.75,3,nan,nan,3,nan,nan,39.4379529,3.90598689e-05,9.90413192e-07,0.99999901,39.4379139,0,7.82656741e-07,7.82656741e-07,1.98452679e-08,20,0.349990845,/Users/chrisharing/Desktop/CCS_complex_coupled_systems/Repo/HardDisks/hspist3/experiments_energy_transfer/level2_fast1sigma_20260918/u3/tr_9208.csv,16.5499878,16.1999969,0,"./00ALLINONE_ramp --mode=edmd --experiment=energy_transfer --headless --quiet --edmd-acc=0 --seed-drift-order=drift-first --energy-transfer-summary=experiments_energy_transfer/level2_fast1sigma_20260918/u3/summary.csv --energy-transfer-trace=experiments_energy_transfer/level2_fast1sigma_20260918/u3/tr_9208.csv --particles=100 --particles-boxes=50,50 --particle-radius=0.5 --l0=39.25 --height=10 --num-walls=1 --wall-positions=39.25 --wall-mass-factors=1000000000 --piston-right-protocol-mode=step --velocity-right-piston-step=3 --max-right-piston-travel=0.75 --auto-piston-step --wall-hold-steps=12000 --steps=12500 --fixed-dt=0.4 --energy-measurement --eff-output=wall-ke --kbt1 --seed=9208",9208
2026-09-18 12:52:21,energy_transfer,edmd,12500,12000,0.0166666669,39.25,10,100,0.5,nan,0.100050721,0.100050721,1,39.25,1e+09,50;50,1,0.0416666667,1,1,0.00999999978,100,1000,nan,39.25,1,step,77.75,-3,step,0.75,3,nan,nan,3,nan,nan,2.94979659e-16,4.67361076e-07,1.58438408e+09,-1.58438408e+09,-4.67361076e-07,7.54767859e-10,3.59752725e-08,3.52205047e-08,119399774,20,0.349990845,/Users/chrisharing/Desktop/CCS_complex_coupled_systems/Repo/HardDisks/hspist3/experiments_energy_transfer/level2_fast1sigma_20260918/u3/tr_9209.csv,11.7999878,11.4499969,0,"./00ALLINONE_ramp --mode=edmd --experiment=energy_transfer --headless --quiet --edmd-acc=0 --seed-drift-order=drift-first --energy-transfer-summary=experiments_energy_transfer/level2_fast1sigma_20260918/u3/summary.csv --energy-transfer-trace=experiments_energy_transfer/level2_fast1sigma_20260918/u3/tr_9209.csv --particles=100 --particles-boxes=50,50 --particle-radius=0.5 --l0=39.25 --height=10 --num-walls=1 --wall-positions=39.25 --wall-mass-factors=1000000000 --piston-right-protocol-mode=step --velocity-right-piston-step=3 --max-right-piston-travel=0.75 --auto-piston-step --wall-hold-steps=12000 --steps=12500 --fixed-dt=0.4 --energy-measurement --eff-output=wall-ke --kbt1 --seed=9209",9209
2026-09-18 12:52:21,energy_transfer,edmd,12500,12000,0.0166666669,39.25,10,100,0.5,nan,0.100050721,0.100050721,1,39.25,1e+09,50;50,1,0.0416666667,1,1,0.00999999978,100,1000,nan,39.25,1,step,77.75,-3,step,0.75,3,nan,nan,3,nan,nan,17.0068743,1.01102632e-05,5.94480979e-07,0.999999406,17.0068641,0,3.34509735e-07,3.34509735e-07,1.96690897e-08,20,0.349990845,/Users/chrisharing/Desktop/CCS_complex_coupled_systems/Repo/HardDisks/hspist3/experiments_energy_transfer/level2_fast1sigma_20260918/u3/tr_9202.csv,15.4833221,15.1333313,0,"./00ALLINONE_ramp --mode=edmd --experiment=energy_transfer --headless --quiet --edmd-acc=0 --seed-drift-order=drift-first --energy-transfer-summary=experiments_energy_transfer/level2_fast1sigma_20260918/u3/summary.csv --energy-transfer-trace=experiments_energy_transfer/level2_fast1sigma_20260918/u3/tr_9202.csv --particles=100 --particles-boxes=50,50 --particle-radius=0.5 --l0=39.25 --height=10 --num-walls=1 --wall-positions=39.25 --wall-mass-factors=1000000000 --piston-right-protocol-mode=step --velocity-right-piston-step=3 --max-right-piston-travel=0.75 --auto-piston-step --wall-hold-steps=12000 --steps=12500 --fixed-dt=0.4 --energy-measurement --eff-output=wall-ke --kbt1 --seed=9202",9202
2026-09-18 12:52:21,energy_transfer,edmd,12500,12000,0.0166666669,39.25,10,100,0.5,nan,0.100050721,0.100050721,1,39.25,1e+09,50;50,1,0.0416666667,1,1,0.00999999978,100,1000,nan,39.25,1,step,77.75,-3,step,0.75,3,nan,nan,3,nan,nan,1.58004226e-15,8.49055652e-07,537362621,-537362620,-8.49055651e-07,0,3.55553681e-07,3.55553681e-07,225027956,20,0.349990845,/Users/chrisharing/Desktop/CCS_complex_coupled_systems/Repo/HardDisks/hspist3/experiments_energy_transfer/level2_fast1sigma_20260918/u3/tr_9207.csv,15.9166565,15.5666656,0,"./00ALLINONE_ramp --mode=edmd --experiment=energy_transfer --headless --quiet --edmd-acc=0 --seed-drift-order=drift-first --energy-transfer-summary=experiments_energy_transfer/level2_fast1sigma_20260918/u3/summary.csv --energy-transfer-trace=experiments_energy_transfer/level2_fast1sigma_20260918/u3/tr_9207.csv --particles=100 --particles-boxes=50,50 --particle-radius=0.5 --l0=39.25 --height=10 --num-walls=1 --wall-positions=39.25 --wall-mass-factors=1000000000 --piston-right-protocol-mode=step --velocity-right-piston-step=3 --max-right-piston-travel=0.75 --auto-piston-step --wall-hold-steps=12000 --steps=12500 --fixed-dt=0.4 --energy-measurement --eff-output=wall-ke --kbt1 --seed=9207",9207
2026-09-18 12:52:21,energy_transfer,edmd,12500,12000,0.0166666669,39.25,10,100,0.5,nan,0.100050721,0.100050721,1,39.25,1e+09,50;50,1,0.0416666667,1,1,0.00999999978,100,1000,nan,39.25,1,step,77.75,-3,step,0.75,3,nan,nan,3,nan,nan,26.6867746,1.79664748e-05,6.73235156e-07,0.999999327,26.6867566,0,9.6977935e-08,9.6977935e-08,3.63393241e-09,20,0.349990845,/Users/chrisharing/Desktop/CCS_complex_coupled_systems/Repo/HardDisks/hspist3/experiments_energy_transfer/level2_fast1sigma_20260918/u3/tr_9206.csv,4.49998474,4.1499939,0,"./00ALLINONE_ramp --mode=edmd --experiment=energy_transfer --headless --quiet --edmd-acc=0 --seed-drift-order=drift-first --energy-transfer-summary=experiments_energy_transfer/level2_fast1sigma_20260918/u3/summary.csv --energy-transfer-trace=experiments_energy_transfer/level2_fast1sigma_20260918/u3/tr_9206.csv --particles=100 --particles-boxes=50,50 --particle-radius=0.5 --l0=39.25 --height=10 --num-walls=1 --wall-positions=39.25 --wall-mass-factors=1000000000 --piston-right-protocol-mode=step --velocity-right-piston-step=3 --max-right-piston-travel=0.75 --auto-piston-step --wall-hold-steps=12000 --steps=12500 --fixed-dt=0.4 --energy-measurement --eff-output=wall-ke --kbt1 --seed=9206",9206
2026-09-18 12:52:21,energy_transfer,edmd,12500,12000,0.0166666669,39.25,10,100,0.5,nan,0.100050721,0.100050721,1,39.25,1e+09,50;50,1,0.0416666667,1,1,0.00999999978,100,1000,nan,39.25,1,step,77.75,-3,step,0.75,3,nan,nan,3,nan,nan,18.9175694,1.34823558e-05,7.12689646e-07,0.999999287,18.9175559,3.10913767e-10,4.00552921e-07,4.00242007e-07,2.11571581e-08,20,0.349990845,/Users/chrisharing/Desktop/CCS_complex_coupled_systems/Repo/HardDisks/hspist3/experiments_energy_transfer/level2_fast1sigma_20260918/u3/tr_9201.csv,16.8999939,16.5500031,0,"./00ALLINONE_ramp --mode=edmd --experiment=energy_transfer --headless --quiet --edmd-acc=0 --seed-drift-order=drift-first --energy-transfer-summary=experiments_energy_transfer/level2_fast1sigma_20260918/u3/summary.csv --energy-transfer-trace=experiments_energy_transfer/level2_fast1sigma_20260918/u3/tr_9201.csv --particles=100 --particles-boxes=50,50 --particle-radius=0.5 --l0=39.25 --height=10 --num-walls=1 --wall-positions=39.25 --wall-mass-factors=1000000000 --piston-right-protocol-mode=step --velocity-right-piston-step=3 --max-right-piston-travel=0.75 --auto-piston-step --wall-hold-steps=12000 --steps=12500 --fixed-dt=0.4 --energy-measurement --eff-output=wall-ke --kbt1 --seed=9201",9201
2026-09-18 12:52:21,energy_transfer,edmd,12500,12000,0.0166666669,39.25,10,100,0.5,nan,0.100050721,0.100050721,1,39.25,1e+09,50;50,1,0.0416666667,1,1,0.00999999978,100,1000,nan,39.25,1,step,77.75,-3,step,0.75,3,nan,nan,3,nan,nan,34.259527,3.39553917e-05,9.91122607e-07,0.999999009,34.259493,0,8.66017785e-07,8.66017785e-07,2.52781594e-08,20,0.349990845,/Users/chrisharing/Desktop/CCS_complex_coupled_systems/Repo/HardDisks/hspist3/experiments_energy_transfer/level2_fast1sigma_20260918/u3/tr_9204.csv,16.6333313,16.2833405,0,"./00ALLINONE_ramp --mode=edmd --experiment=energy_transfer --headless --quiet --edmd-acc=0 --seed-drift-order=drift-first --energy-transfer-summary=experiments_energy_transfer/level2_fast1sigma_20260918/u3/summary.csv --energy-transfer-trace=experiments_energy_transfer/level2_fast1sigma_20260918/u3/tr_9204.csv --particles=100 --particles-boxes=50,50 --particle-radius=0.5 --l0=39.25 --height=10 --num-walls=1 --wall-positions=39.25 --wall-mass-factors=1000000000 --piston-right-protocol-mode=step --velocity-right-piston-step=3 --max-right-piston-travel=0.75 --auto-piston-step --wall-hold-steps=12000 --steps=12500 --fixed-dt=0.4 --energy-measurement --eff-output=wall-ke --kbt1 --seed=9204",9204
2026-09-18 12:52:21,energy_transfer,edmd,12500,12000,0.0166666669,39.25,10,100,0.5,nan,0.100050721,0.100050721,1,39.25,1e+09,50;50,1,0.0416666667,1,1,0.00999999978,100,1000,nan,39.25,1,step,77.75,-3,step,0.75,3,nan,nan,3,nan,nan,25.4678825,1.97667396e-05,7.76143818e-07,0.999999224,25.4678627,5.96805627e-09,1.23123826e-07,1.1715577e-07,4.60013782e-09,20,0.349990845,/Users/chrisharing/Desktop/CCS_complex_coupled_systems/Repo/HardDisks/hspist3/experiments_energy_transfer/level2_fast1sigma_20260918/u3/tr_9205.csv,20.1499939,19.8000031,1,"./00ALLINONE_ramp --mode=edmd --experiment=energy_transfer --headless --quiet --edmd-acc=0 --seed-drift-order=drift-first --energy-transfer-summary=experiments_energy_transfer/level2_fast1sigma_20260918/u3/summary.csv --energy-transfer-trace=experiments_energy_transfer/level2_fast1sigma_20260918/u3/tr_9205.csv --particles=100 --particles-boxes=50,50 --particle-radius=0.5 --l0=39.25 --height=10 --num-walls=1 --wall-positions=39.25 --wall-mass-factors=1000000000 --piston-right-protocol-mode=step --velocity-right-piston-step=3 --max-right-piston-travel=0.75 --auto-piston-step --wall-hold-steps=12000 --steps=12500 --fixed-dt=0.4 --energy-measurement --eff-output=wall-ke --kbt1 --seed=9205",9205
2026-09-18 12:52:21,energy_transfer,edmd,12500,12000,0.0166666669,39.25,10,100,0.5,nan,0.100050721,0.100050721,1,39.25,1e+09,50;50,1,0.0416666667,1,1,0.00999999978,100,1000,nan,39.25,1,step,77.75,-3,step,0.75,3,nan,nan,3,nan,nan,22.1857271,1.68930801e-05,7.61439102e-07,0.999999239,22.1857102,0,3.59547215e-07,3.59547215e-07,1.62062399e-08,20,0.349990845,/Users/chrisharing/Desktop/CCS_complex_coupled_systems/Repo/HardDisks/hspist3/experiments_energy_transfer/level2_fast1sigma_20260918/u3/tr_9211.csv,17.1333313,16.7833405,0,"./00ALLINONE_ramp --mode=edmd --experiment=energy_transfer --headless --quiet --edmd-acc=0 --seed-drift-order=drift-first --energy-transfer-summary=experiments_energy_transfer/level2_fast1sigma_20260918/u3/summary.csv --energy-transfer-trace=experiments_energy_transfer/level2_fast1sigma_20260918/u3/tr_9211.csv --particles=100 --particles-boxes=50,50 --particle-radius=0.5 --l0=39.25 --height=10 --num-walls=1 --wall-positions=39.25 --wall-mass-factors=1000000000 --piston-right-protocol-mode=step --velocity-right-piston-step=3 --max-right-piston-travel=0.75 --auto-piston-step --wall-hold-steps=12000 --steps=12500 --fixed-dt=0.4 --energy-measurement --eff-output=wall-ke --kbt1 --seed=9211",9211
2026-09-18 12:52:21,energy_transfer,edmd,12500,12000,0.0166666669,39.25,10,100,0.5,nan,0.100050721,0.100050721,1,39.25,1e+09,50;50,1,0.0416666667,1,1,0.00999999978,100,1000,nan,39.25,1,step,77.75,-3,step,0.75,3,nan,nan,3,nan,nan,1.06967867e-16,4.9672002e-07,4.64363771e+09,-4.64363771e+09,-4.9672002e-07,0,3.05295984e-08,3.05295984e-08,285409061,20,0.349990845,/Users/chrisharing/Desktop/CCS_complex_coupled_systems/Repo/HardDisks/hspist3/experiments_energy_transfer/level2_fast1sigma_20260918/u3/tr_9212.csv,19.6499939,19.3000031,1,"./00ALLINONE_ramp --mode=edmd --experiment=energy_transfer --headless --quiet --edmd-acc=0 --seed-drift-order=drift-first --energy-transfer-summary=experiments_energy_transfer/level2_fast1sigma_20260918/u3/summary.csv --energy-transfer-trace=experiments_energy_transfer/level2_fast1sigma_20260918/u3/tr_9212.csv --particles=100 --particles-boxes=50,50 --particle-radius=0.5 --l0=39.25 --height=10 --num-walls=1 --wall-positions=39.25 --wall-mass-factors=1000000000 --piston-right-protocol-mode=step --velocity-right-piston-step=3 --max-right-piston-travel=0.75 --auto-piston-step --wall-hold-steps=12000 --steps=12500 --fixed-dt=0.4 --energy-measurement --eff-output=wall-ke --kbt1 --seed=9212",9212
2026-09-18 12:52:21,energy_transfer,edmd,12500,12000,0.0166666669,39.25,10,100,0.5,nan,0.100050721,0.100050721,1,39.25,1e+09,50;50,1,0.0416666667,1,1,0.00999999978,100,1000,nan,39.25,1,step,77.75,-3,step,0.75,3,nan,nan,3,nan,nan,45.1634123,5.09762067e-05,1.12870583e-06,0.999998871,45.1633614,0,1.20612981e-06,1.20612981e-06,2.67059052e-08,20,0.349990845,/Users/chrisharing/Desktop/CCS_complex_coupled_systems/Repo/HardDisks/hspist3/experiments_energy_transfer/level2_fast1sigma_20260918/u3/tr_9210.csv,19.9666595,19.6166687,1,"./00ALLINONE_ramp --mode=edmd --experiment=energy_transfer --headless --quiet --edmd-acc=0 --seed-drift-order=drift-first --energy-transfer-summary=experiments_energy_transfer/level2_fast1sigma_20260918/u3/summary.csv --energy-transfer-trace=experiments_energy_transfer/level2_fast1sigma_20260918/u3/tr_9210.csv --particles=100 --particles-boxes=50,50 --particle-radius=0.5 --l0=39.25 --height=10 --num-walls=1 --wall-positions=39.25 --wall-mass-factors=1000000000 --piston-right-protocol-mode=step --velocity-right-piston-step=3 --max-right-piston-travel=0.75 --auto-piston-step --wall-hold-steps=12000 --steps=12500 --fixed-dt=0.4 --energy-measurement --eff-output=wall-ke --kbt1 --seed=9210",9210
2026-09-18 12:52:21,energy_transfer,edmd,12500,12000,0.0166666669,39.25,10,100,0.5,nan,0.100050721,0.100050721,1,39.25,1e+09,50;50,1,0.0416666667,1,1,0.00999999978,100,1000,nan,39.25,1,step,77.75,-3,step,0.75,3,nan,nan,3,nan,nan,2.61526934e-17,1.78941931e-07,6.84219896e+09,-6.84219895e+09,-1.78941931e-07,1.25408861e-09,1.72030823e-07,1.70776735e-07,6.5299865e+09,20,0.349990845,/Users/chrisharing/Desktop/CCS_complex_coupled_systems/Repo/HardDisks/hspist3/experiments_energy_transfer/level2_fast1sigma_20260918/u3/tr_9214.csv,20.1999969,19.8500061,1,"./00ALLINONE_ramp --mode=edmd --experiment=energy_transfer --headless --quiet --edmd-acc=0 --seed-drift-order=drift-first --energy-transfer-summary=experiments_energy_transfer/level2_fast1sigma_20260918/u3/summary.csv --energy-transfer-trace=experiments_energy_transfer/level2_fast1sigma_20260918/u3/tr_9214.csv --particles=100 --particles-boxes=50,50 --particle-radius=0.5 --l0=39.25 --height=10 --num-walls=1 --wall-positions=39.25 --wall-mass-factors=1000000000 --piston-right-protocol-mode=step --velocity-right-piston-step=3 --max-right-piston-travel=0.75 --auto-piston-step --wall-hold-steps=12000 --steps=12500 --fixed-dt=0.4 --energy-measurement --eff-output=wall-ke --kbt1 --seed=9214",9214
2026-09-18 12:52:21,energy_transfer,edmd,12500,12000,0.0166666669,39.25,10,100,0.5,nan,0.100050721,0.100050721,1,39.25,1e+09,50;50,1,0.0416666667,1,1,0.00999999978,100,1000,nan,39.25,1,step,77.75,-3,step,0.75,3,nan,nan,3,nan,nan,12.0066286,5.41368081e-06,4.50891001e-07,0.999999549,12.0066232,1.70229331e-10,3.11831343e-07,3.11661114e-07,2.59574209e-08,20,0.349990845,/Users/chrisharing/Desktop/CCS_complex_coupled_systems/Repo/HardDisks/hspist3/experiments_energy_transfer/level2_fast1sigma_20260918/u3/tr_9213.csv,18.9999847,18.6499939,1,"./00ALLINONE_ramp --mode=edmd --experiment=energy_transfer --headless --quiet --edmd-acc=0 --seed-drift-order=drift-first --energy-transfer-summary=experiments_energy_transfer/level2_fast1sigma_20260918/u3/summary.csv --energy-transfer-trace=experiments_energy_transfer/level2_fast1sigma_20260918/u3/tr_9213.csv --particles=100 --particles-boxes=50,50 --particle-radius=0.5 --l0=39.25 --height=10 --num-walls=1 --wall-positions=39.25 --wall-mass-factors=1000000000 --piston-right-protocol-mode=step --velocity-right-piston-step=3 --max-right-piston-travel=0.75 --auto-piston-step --wall-hold-steps=12000 --steps=12500 --fixed-dt=0.4 --energy-measurement --eff-output=wall-ke --kbt1 --seed=9213",9213
2026-09-18 12:52:21,energy_transfer,edmd,12500,12000,0.0166666669,39.25,10,100,0.5,nan,0.100050721,0.100050721,1,39.25,1e+09,50;50,1,0.0416666667,1,1,0.00999999978,100,1000,nan,39.25,1,step,77.75,-3,step,0.75,3,nan,nan,3,nan,nan,48.0611045,5.61906818e-05,1.16915086e-06,0.999998831,48.0610483,0,3.0049938e-07,3.0049938e-07,6.25244433e-09,20,0.349990845,/Users/chrisharing/Desktop/CCS_complex_coupled_systems/Repo/HardDisks/hspist3/experiments_energy_transfer/level2_fast1sigma_20260918/u3/tr_9215.csv,19.1333313,18.7833405,1,"./00ALLINONE_ramp --mode=edmd --experiment=energy_transfer --headless --quiet --edmd-acc=0 --seed-drift-order=drift-first --energy-transfer-summary=experiments_energy_transfer/level2_fast1sigma_20260918/u3/summary.csv --energy-transfer-trace=experiments_energy_transfer/level2_fast1sigma_20260918/u3/tr_9215.csv --particles=100 --particles-boxes=50,50 --particle-radius=0.5 --l0=39.25 --height=10 --num-walls=1 --wall-positions=39.25 --wall-mass-factors=1000000000 --piston-right-protocol-mode=step --velocity-right-piston-step=3 --max-right-piston-travel=0.75 --auto-piston-step --wall-hold-steps=12000 --steps=12500 --fixed-dt=0.4 --energy-measurement --eff-output=wall-ke --kbt1 --seed=9215",9215
2026-09-18 12:52:21,energy_transfer,edmd,12500,12000,0.0166666669,39.25,10,100,0.5,nan,0.100050721,0.100050721,1,39.25,1e+09,50;50,1,0.0416666667,1,1,0.00999999978,100,1000,nan,39.25,1,step,77.75,-3,step,0.75,3,nan,nan,3,nan,nan,16.0002457,6.04928891e-06,3.78074752e-07,0.999999622,16.0002396,0,6.5235497e-08,6.5235497e-08,4.07715596e-09,20,0.349990845,/Users/chrisharing/Desktop/CCS_complex_coupled_systems/Repo/HardDisks/hspist3/experiments_energy_transfer/level2_fast1sigma_20260918/u3/tr_9216.csv,20.3333282,19.9833374,1,"./00ALLINONE_ramp --mode=edmd --experiment=energy_transfer --headless --quiet --edmd-acc=0 --seed-drift-order=drift-first --energy-transfer-summary=experiments_energy_transfer/level2_fast1sigma_20260918/u3/summary.csv --energy-transfer-trace=experiments_energy_transfer/level2_fast1sigma_20260918/u3/tr_9216.csv --particles=100 --particles-boxes=50,50 --particle-radius=0.5 --l0=39.25 --height=10 --num-walls=1 --wall-positions=39.25 --wall-mass-factors=1000000000 --piston-right-protocol-mode=step --velocity-right-piston-step=3 --max-right-piston-travel=0.75 --auto-piston-step --wall-hold-steps=12000 --steps=12500 --fixed-dt=0.4 --energy-measurement --eff-output=wall-ke --kbt1 --seed=9216",9216
2026-09-18 12:52:21,energy_transfer,edmd,12500,12000,0.0166666669,39.25,10,100,0.5,nan,0.100050721,0.100050721,1,39.25,1e+09,50;50,1,0.0416666667,1,1,0.00999999978,100,1000,nan,39.25,1,step,77.75,-3,step,0.75,3,nan,nan,3,nan,nan,4.28783687e-16,5.47762227e-07,1.27747916e+09,-1.27747916e+09,-5.47762226e-07,0,5.65333806e-08,5.65333806e-08,131845922,20,0.349990845,/Users/chrisharing/Desktop/CCS_complex_coupled_systems/Repo/HardDisks/hspist3/experiments_energy_transfer/level2_fast1sigma_20260918/u3/tr_9218.csv,19.8999939,19.5500031,1,"./00ALLINONE_ramp --mode=edmd --experiment=energy_transfer --headless --quiet --edmd-acc=0 --seed-drift-order=drift-first --energy-transfer-summary=experiments_energy_transfer/level2_fast1sigma_20260918/u3/summary.csv --energy-transfer-trace=experiments_energy_transfer/level2_fast1sigma_20260918/u3/tr_9218.csv --particles=100 --particles-boxes=50,50 --particle-radius=0.5 --l0=39.25 --height=10 --num-walls=1 --wall-positions=39.25 --wall-mass-factors=1000000000 --piston-right-protocol-mode=step --velocity-right-piston-step=3 --max-right-piston-travel=0.75 --auto-piston-step --wall-hold-steps=12000 --steps=12500 --fixed-dt=0.4 --energy-measurement --eff-output=wall-ke --kbt1 --seed=9218",9218
2026-09-18 12:52:21,energy_transfer,edmd,12500,12000,0.0166666669,39.25,10,100,0.5,nan,0.100050721,0.100050721,1,39.25,1e+09,50;50,1,0.0416666667,1,1,0.00999999978,100,1000,nan,39.25,1,step,77.75,-3,step,0.75,3,nan,nan,3,nan,nan,49.6090991,7.3676485e-05,1.48514056e-06,0.999998515,49.6090254,2.1301641e-10,1.09369978e-06,1.09348676e-06,2.20420605e-08,20,0.349990845,/Users/chrisharing/Desktop/CCS_complex_coupled_systems/Repo/HardDisks/hspist3/experiments_energy_transfer/level2_fast1sigma_20260918/u3/tr_9217.csv,19.0166626,18.6666718,1,"./00ALLINONE_ramp --mode=edmd --experiment=energy_transfer --headless --quiet --edmd-acc=0 --seed-drift-order=drift-first --energy-transfer-summary=experiments_energy_transfer/level2_fast1sigma_20260918/u3/summary.csv --energy-transfer-trace=experiments_energy_transfer/level2_fast1sigma_20260918/u3/tr_9217.csv --particles=100 --particles-boxes=50,50 --particle-radius=0.5 --l0=39.25 --height=10 --num-walls=1 --wall-positions=39.25 --wall-mass-factors=1000000000 --piston-right-protocol-mode=step --velocity-right-piston-step=3 --max-right-piston-travel=0.75 --auto-piston-step --wall-hold-steps=12000 --steps=12500 --fixed-dt=0.4 --energy-measurement --eff-output=wall-ke --kbt1 --seed=9217",9217
2026-09-18 12:52:21,energy_transfer,edmd,12500,12000,0.0166666669,39.25,10,100,0.5,nan,0.100050721,0.100050721,1,39.25,1e+09,50;50,1,0.0416666667,1,1,0.00999999978,100,1000,nan,39.25,1,step,77.75,-3,step,0.75,3,nan,nan,3,nan,nan,19.2648207,1.10290048e-05,5.72494547e-07,0.999999428,19.2648097,7.48307283e-09,1.18306836e-07,1.10823763e-07,5.75264963e-09,20,0.349990845,/Users/chrisharing/Desktop/CCS_complex_coupled_systems/Repo/HardDisks/hspist3/experiments_energy_transfer/level2_fast1sigma_20260918/u3/tr_9219.csv,18.9166565,18.5666656,1,"./00ALLINONE_ramp --mode=edmd --experiment=energy_transfer --headless --quiet --edmd-acc=0 --seed-drift-order=drift-first --energy-transfer-summary=experiments_energy_transfer/level2_fast1sigma_20260918/u3/summary.csv --energy-transfer-trace=experiments_energy_transfer/level2_fast1sigma_20260918/u3/tr_9219.csv --particles=100 --particles-boxes=50,50 --particle-radius=0.5 --l0=39.25 --height=10 --num-walls=1 --wall-positions=39.25 --wall-mass-factors=1000000000 --piston-right-protocol-mode=step --velocity-right-piston-step=3 --max-right-piston-travel=0.75 --auto-piston-step --wall-hold-steps=12000 --steps=12500 --fixed-dt=0.4 --energy-measurement --eff-output=wall-ke --kbt1 --seed=9219",9219
2026-09-18 12:52:22,energy_transfer,edmd,12500,12000,0.0166666669,39.25,10,100,0.5,nan,0.100050721,0.100050721,1,39.25,1e+09,50;50,1,0.0416666667,1,1,0.00999999978,100,1000,nan,39.25,1,step,77.75,-3,step,0.75,3,nan,nan,3,nan,nan,12.5207738,6.197316e-06,4.94962699e-07,0.999999505,12.5207676,0,5.73877408e-08,5.73877408e-08,4.58340208e-09,20,0.349990845,/Users/chrisharing/Desktop/CCS_complex_coupled_systems/Repo/HardDisks/hspist3/experiments_energy_transfer/level2_fast1sigma_20260918/u3/tr_9221.csv,20.1999969,19.8500061,1,"./00ALLINONE_ramp --mode=edmd --experiment=energy_transfer --headless --quiet --edmd-acc=0 --seed-drift-order=drift-first --energy-transfer-summary=experiments_energy_transfer/level2_fast1sigma_20260918/u3/summary.csv --energy-transfer-trace=experiments_energy_transfer/level2_fast1sigma_20260918/u3/tr_9221.csv --particles=100 --particles-boxes=50,50 --particle-radius=0.5 --l0=39.25 --height=10 --num-walls=1 --wall-positions=39.25 --wall-mass-factors=1000000000 --piston-right-protocol-mode=step --velocity-right-piston-step=3 --max-right-piston-travel=0.75 --auto-piston-step --wall-hold-steps=12000 --steps=12500 --fixed-dt=0.4 --energy-measurement --eff-output=wall-ke --kbt1 --seed=9221",9221
2026-09-18 12:52:22,energy_transfer,edmd,12500,12000,0.0166666669,39.25,10,100,0.5,nan,0.100050721,0.100050721,1,39.25,1e+09,50;50,1,0.0416666667,1,1,0.00999999978,100,1000,nan,39.25,1,step,77.75,-3,step,0.75,3,nan,nan,3,nan,nan,25.5082528,1.56824899e-05,6.14800629e-07,0.999999385,25.5082372,0,4.04641781e-07,4.04641781e-07,1.58631712e-08,20,0.349990845,/Users/chrisharing/Desktop/CCS_complex_coupled_systems/Repo/HardDisks/hspist3/experiments_energy_transfer/level2_fast1sigma_20260918/u3/tr_9220.csv,18.9833221,18.6333313,1,"./00ALLINONE_ramp --mode=edmd --experiment=energy_transfer --headless --quiet --edmd-acc=0 --seed-drift-order=drift-first --energy-transfer-summary=experiments_energy_transfer/level2_fast1sigma_20260918/u3/summary.csv --energy-transfer-trace=experiments_energy_transfer/level2_fast1sigma_20260918/u3/tr_9220.csv --particles=100 --particles-boxes=50,50 --particle-radius=0.5 --l0=39.25 --height=10 --num-walls=1 --wall-positions=39.25 --wall-mass-factors=1000000000 --piston-right-protocol-mode=step --velocity-right-piston-step=3 --max-right-piston-travel=0.75 --auto-piston-step --wall-hold-steps=12000 --steps=12500 --fixed-dt=0.4 --energy-measurement --eff-output=wall-ke --kbt1 --seed=9220",9220
2026-09-18 12:52:22,energy_transfer,edmd,12500,12000,0.0166666669,39.25,10,100,0.5,nan,0.100050721,0.100050721,1,39.25,1e+09,50;50,1,0.0416666667,1,1,0.00999999978,100,1000,nan,39.25,1,step,77.75,-3,step,0.75,3,nan,nan,3,nan,nan,3.66404788e-16,7.07107347e-07,1.92985291e+09,-1.92985291e+09,-7.07107347e-07,7.96475064e-09,1.65175365e-07,1.57210614e-07,429062664,20,0.349990845,/Users/chrisharing/Desktop/CCS_complex_coupled_systems/Repo/HardDisks/hspist3/experiments_energy_transfer/level2_fast1sigma_20260918/u3/tr_9222.csv,11.3833313,11.0333405,0,"./00ALLINONE_ramp --mode=edmd --experiment=energy_transfer --headless --quiet --edmd-acc=0 --seed-drift-order=drift-first --energy-transfer-summary=experiments_energy_transfer/level2_fast1sigma_20260918/u3/summary.csv --energy-transfer-trace=experiments_energy_transfer/level2_fast1sigma_20260918/u3/tr_9222.csv --particles=100 --particles-boxes=50,50 --particle-radius=0.5 --l0=39.25 --height=10 --num-walls=1 --wall-positions=39.25 --wall-mass-factors=1000000000 --piston-right-protocol-mode=step --velocity-right-piston-step=3 --max-right-piston-travel=0.75 --auto-piston-step --wall-hold-steps=12000 --steps=12500 --fixed-dt=0.4 --energy-measurement --eff-output=wall-ke --kbt1 --seed=9222",9222
2026-09-18 12:52:22,energy_transfer,edmd,12500,12000,0.0166666669,39.25,10,100,0.5,nan,0.100050721,0.100050721,1,39.25,1e+09,50;50,1,0.0416666667,1,1,0.00999999978,100,1000,nan,39.25,1,step,77.75,-3,step,0.75,3,nan,nan,3,nan,nan,45.7597346,4.86849203e-05,1.06392488e-06,0.999998936,45.759686,0,4.95148981e-07,4.95148981e-07,1.08206262e-08,20,0.349990845,/Users/chrisharing/Desktop/CCS_complex_coupled_systems/Repo/HardDisks/hspist3/experiments_energy_transfer/level2_fast1sigma_20260918/u3/tr_9223.csv,19.7999878,19.4499969,1,"./00ALLINONE_ramp --mode=edmd --experiment=energy_transfer --headless --quiet --edmd-acc=0 --seed-drift-order=drift-first --energy-transfer-summary=experiments_energy_transfer/level2_fast1sigma_20260918/u3/summary.csv --energy-transfer-trace=experiments_energy_transfer/level2_fast1sigma_20260918/u3/tr_9223.csv --particles=100 --particles-boxes=50,50 --particle-radius=0.5 --l0=39.25 --height=10 --num-walls=1 --wall-positions=39.25 --wall-mass-factors=1000000000 --piston-right-protocol-mode=step --velocity-right-piston-step=3 --max-right-piston-travel=0.75 --auto-piston-step --wall-hold-steps=12000 --steps=12500 --fixed-dt=0.4 --energy-measurement --eff-output=wall-ke --kbt1 --seed=9223",9223
2026-09-18 12:52:22,energy_transfer,edmd,12500,12000,0.0166666669,39.25,10,100,0.5,nan,0.100050721,0.100050721,1,39.25,1e+09,50;50,1,0.0416666667,1,1,0.00999999978,100,1000,nan,39.25,1,step,77.75,-3,step,0.75,3,nan,nan,3,nan,nan,25.26186,1.98707148e-05,7.86589538e-07,0.999999213,25.2618402,1.65276304e-09,6.97149801e-07,6.95497038e-07,2.75315055e-08,20,0.349990845,/Users/chrisharing/Desktop/CCS_complex_coupled_systems/Repo/HardDisks/hspist3/experiments_energy_transfer/level2_fast1sigma_20260918/u3/tr_9224.csv,16.6666565,16.3166656,0,"./00ALLINONE_ramp --mode=edmd --experiment=energy_transfer --headless --quiet --edmd-acc=0 --seed-drift-order=drift-first --energy-transfer-summary=experiments_energy_transfer/level2_fast1sigma_20260918/u3/summary.csv --energy-transfer-trace=experiments_energy_transfer/level2_fast1sigma_20260918/u3/tr_9224.csv --particles=100 --particles-boxes=50,50 --particle-radius=0.5 --l0=39.25 --height=10 --num-walls=1 --wall-positions=39.25 --wall-mass-factors=1000000000 --piston-right-protocol-mode=step --velocity-right-piston-step=3 --max-right-piston-travel=0.75 --auto-piston-step --wall-hold-steps=12000 --steps=12500 --fixed-dt=0.4 --energy-measurement --eff-output=wall-ke --kbt1 --seed=9224",9224
2026-09-18 12:52:22,energy_transfer,edmd,12500,12000,0.0166666669,39.25,10,100,0.5,nan,0.100050721,0.100050721,1,39.25,1e+09,50;50,1,0.0416666667,1,1,0.00999999978,100,1000,nan,39.25,1,step,77.75,-3,step,0.75,3,nan,nan,3,nan,nan,2.93190574e-17,3.03658226e-07,1.03570255e+10,-1.03570255e+10,-3.03658226e-07,0,5.10034575e-08,5.10034575e-08,1.73960086e+09,20,0.349990845,/Users/chrisharing/Desktop/CCS_complex_coupled_systems/Repo/HardDisks/hspist3/experiments_energy_transfer/level2_fast1sigma_20260918/u3/tr_9226.csv,10.1499939,9.80000305,0,"./00ALLINONE_ramp --mode=edmd --experiment=energy_transfer --headless --quiet --edmd-acc=0 --seed-drift-order=drift-first --energy-transfer-summary=experiments_energy_transfer/level2_fast1sigma_20260918/u3/summary.csv --energy-transfer-trace=experiments_energy_transfer/level2_fast1sigma_20260918/u3/tr_9226.csv --particles=100 --particles-boxes=50,50 --particle-radius=0.5 --l0=39.25 --height=10 --num-walls=1 --wall-positions=39.25 --wall-mass-factors=1000000000 --piston-right-protocol-mode=step --velocity-right-piston-step=3 --max-right-piston-travel=0.75 --auto-piston-step --wall-hold-steps=12000 --steps=12500 --fixed-dt=0.4 --energy-measurement --eff-output=wall-ke --kbt1 --seed=9226",9226
2026-09-18 12:52:22,energy_transfer,edmd,12500,12000,0.0166666669,39.25,10,100,0.5,nan,0.100050721,0.100050721,1,39.25,1e+09,50;50,1,0.0416666667,1,1,0.00999999978,100,1000,nan,39.25,1,step,77.75,-3,step,0.75,3,nan,nan,3,nan,nan,7.21116118e-16,5.76357536e-07,799257598,-799257597,-5.76357535e-07,0,9.48384624e-08,9.48384624e-08,131516215,20,0.349990845,/Users/chrisharing/Desktop/CCS_complex_coupled_systems/Repo/HardDisks/hspist3/experiments_energy_transfer/level2_fast1sigma_20260918/u3/tr_9225.csv,18.0833282,17.7333374,0,"./00ALLINONE_ramp --mode=edmd --experiment=energy_transfer --headless --quiet --edmd-acc=0 --seed-drift-order=drift-first --energy-transfer-summary=experiments_energy_transfer/level2_fast1sigma_20260918/u3/summary.csv --energy-transfer-trace=experiments_energy_transfer/level2_fast1sigma_20260918/u3/tr_9225.csv --particles=100 --particles-boxes=50,50 --particle-radius=0.5 --l0=39.25 --height=10 --num-walls=1 --wall-positions=39.25 --wall-mass-factors=1000000000 --piston-right-protocol-mode=step --velocity-right-piston-step=3 --max-right-piston-travel=0.75 --auto-piston-step --wall-hold-steps=12000 --steps=12500 --fixed-dt=0.4 --energy-measurement --eff-output=wall-ke --kbt1 --seed=9225",9225
2026-09-18 12:52:22,energy_transfer,edmd,12500,12000,0.0166666669,39.25,10,100,0.5,nan,0.100050721,0.100050721,1,39.25,1e+09,50;50,1,0.0416666667,1,1,0.00999999978,100,1000,nan,39.25,1,step,77.75,-3,step,0.75,3,nan,nan,3,nan,nan,24.2482725,1.87725182e-05,7.7417961e-07,0.999999226,24.2482538,3.46004336e-09,5.45507191e-07,5.42047148e-07,2.23540521e-08,20,0.349990845,/Users/chrisharing/Desktop/CCS_complex_coupled_systems/Repo/HardDisks/hspist3/experiments_energy_transfer/level2_fast1sigma_20260918/u3/tr_9227.csv,16.8333282,16.4833374,0,"./00ALLINONE_ramp --mode=edmd --experiment=energy_transfer --headless --quiet --edmd-acc=0 --seed-drift-order=drift-first --energy-transfer-summary=experiments_energy_transfer/level2_fast1sigma_20260918/u3/summary.csv --energy-transfer-trace=experiments_energy_transfer/level2_fast1sigma_20260918/u3/tr_9227.csv --particles=100 --particles-boxes=50,50 --particle-radius=0.5 --l0=39.25 --height=10 --num-walls=1 --wall-positions=39.25 --wall-mass-factors=1000000000 --piston-right-protocol-mode=step --velocity-right-piston-step=3 --max-right-piston-travel=0.75 --auto-piston-step --wall-hold-steps=12000 --steps=12500 --fixed-dt=0.4 --energy-measurement --eff-output=wall-ke --kbt1 --seed=9227",9227
2026-09-18 12:52:22,energy_transfer,edmd,12500,12000,0.0166666669,39.25,10,100,0.5,nan,0.100050721,0.100050721,1,39.25,1e+09,50;50,1,0.0416666667,1,1,0.00999999978,100,1000,nan,39.25,1,step,77.75,-3,step,0.75,3,nan,nan,3,nan,nan,20.4360604,1.40966267e-05,6.89791792e-07,0.99999931,20.4360463,8.54481197e-09,6.22459993e-07,6.13915181e-07,3.00407793e-08,20,0.349990845,/Users/chrisharing/Desktop/CCS_complex_coupled_systems/Repo/HardDisks/hspist3/experiments_energy_transfer/level2_fast1sigma_20260918/u3/tr_9228.csv,18.1166534,17.7666626,0,"./00ALLINONE_ramp --mode=edmd --experiment=energy_transfer --headless --quiet --edmd-acc=0 --seed-drift-order=drift-first --energy-transfer-summary=experiments_energy_transfer/level2_fast1sigma_20260918/u3/summary.csv --energy-transfer-trace=experiments_energy_transfer/level2_fast1sigma_20260918/u3/tr_9228.csv --particles=100 --particles-boxes=50,50 --particle-radius=0.5 --l0=39.25 --height=10 --num-walls=1 --wall-positions=39.25 --wall-mass-factors=1000000000 --piston-right-protocol-mode=step --velocity-right-piston-step=3 --max-right-piston-travel=0.75 --auto-piston-step --wall-hold-steps=12000 --steps=12500 --fixed-dt=0.4 --energy-measurement --eff-output=wall-ke --kbt1 --seed=9228",9228
2026-09-18 12:52:22,energy_transfer,edmd,12500,12000,0.0166666669,39.25,10,100,0.5,nan,0.100050721,0.100050721,1,39.25,1e+09,50;50,1,0.0416666667,1,1,0.00999999978,100,1000,nan,39.25,1,step,77.75,-3,step,0.75,3,nan,nan,3,nan,nan,7.46847723e-16,3.47223647e-07,464918934,-464918933,-3.47223646e-07,0,2.38170585e-08,2.38170585e-08,31890113.4,20,0.349990845,/Users/chrisharing/Desktop/CCS_complex_coupled_systems/Repo/HardDisks/hspist3/experiments_energy_transfer/level2_fast1sigma_20260918/u3/tr_9229.csv,14.9666595,14.6166687,0,"./00ALLINONE_ramp --mode=edmd --experiment=energy_transfer --headless --quiet --edmd-acc=0 --seed-drift-order=drift-first --energy-transfer-summary=experiments_energy_transfer/level2_fast1sigma_20260918/u3/summary.csv --energy-transfer-trace=experiments_energy_transfer/level2_fast1sigma_20260918/u3/tr_9229.csv --particles=100 --particles-boxes=50,50 --particle-radius=0.5 --l0=39.25 --height=10 --num-walls=1 --wall-positions=39.25 --wall-mass-factors=1000000000 --piston-right-protocol-mode=step --velocity-right-piston-step=3 --max-right-piston-travel=0.75 --auto-piston-step --wall-hold-steps=12000 --steps=12500 --fixed-dt=0.4 --energy-measurement --eff-output=wall-ke --kbt1 --seed=9229",9229
2026-09-18 12:52:22,energy_transfer,edmd,12500,12000,0.0166666669,39.25,10,100,0.5,nan,0.100050721,0.100050721,1,39.25,1e+09,50;50,1,0.0416666667,1,1,0.00999999978,100,1000,nan,39.25,1,step,77.75,-3,step,0.75,3,nan,nan,3,nan,nan,16.9321062,8.23595201e-06,4.86410369e-07,0.999999514,16.9320979,1.21891808e-09,1.49362307e-07,1.48143389e-07,8.74925941e-09,20,0.349990845,/Users/chrisharing/Desktop/CCS_complex_coupled_systems/Repo/HardDisks/hspist3/experiments_energy_transfer/level2_fast1sigma_20260918/u3/tr_9231.csv,13.3666534,13.0166626,0,"./00ALLINONE_ramp --mode=edmd --experiment=energy_transfer --headless --quiet --edmd-acc=0 --seed-drift-order=drift-first --energy-transfer-summary=experiments_energy_transfer/level2_fast1sigma_20260918/u3/summary.csv --energy-transfer-trace=experiments_energy_transfer/level2_fast1sigma_20260918/u3/tr_9231.csv --particles=100 --particles-boxes=50,50 --particle-radius=0.5 --l0=39.25 --height=10 --num-walls=1 --wall-positions=39.25 --wall-mass-factors=1000000000 --piston-right-protocol-mode=step --velocity-right-piston-step=3 --max-right-piston-travel=0.75 --auto-piston-step --wall-hold-steps=12000 --steps=12500 --fixed-dt=0.4 --energy-measurement --eff-output=wall-ke --kbt1 --seed=9231",9231
2026-09-18 12:52:22,energy_transfer,edmd,12500,12000,0.0166666669,39.25,10,100,0.5,nan,0.100050721,0.100050721,1,39.25,1e+09,50;50,1,0.0416666667,1,1,0.00999999978,100,1000,nan,39.25,1,step,77.75,-3,step,0.75,3,nan,nan,3,nan,nan,23.2275831,1.44124861e-05,6.20490129e-07,0.99999938,23.2275687,0,7.34114224e-07,7.34114224e-07,3.16052781e-08,20,0.349990845,/Users/chrisharing/Desktop/CCS_complex_coupled_systems/Repo/HardDisks/hspist3/experiments_energy_transfer/level2_fast1sigma_20260918/u3/tr_9230.csv,15.9833221,15.6333313,0,"./00ALLINONE_ramp --mode=edmd --experiment=energy_transfer --headless --quiet --edmd-acc=0 --seed-drift-order=drift-first --energy-transfer-summary=experiments_energy_transfer/level2_fast1sigma_20260918/u3/summary.csv --energy-transfer-trace=experiments_energy_transfer/level2_fast1sigma_20260918/u3/tr_9230.csv --particles=100 --particles-boxes=50,50 --particle-radius=0.5 --l0=39.25 --height=10 --num-walls=1 --wall-positions=39.25 --wall-mass-factors=1000000000 --piston-right-protocol-mode=step --velocity-right-piston-step=3 --max-right-piston-travel=0.75 --auto-piston-step --wall-hold-steps=12000 --steps=12500 --fixed-dt=0.4 --energy-measurement --eff-output=wall-ke --kbt1 --seed=9230",9230
2026-09-18 12:52:22,energy_transfer,edmd,12500,12000,0.0166666669,39.25,10,100,0.5,nan,0.100050721,0.100050721,1,39.25,1e+09,50;50,1,0.0416666667,1,1,0.00999999978,100,1000,nan,39.25,1,step,77.75,-3,step,0.75,3,nan,nan,3,nan,nan,6.50209316e-16,5.25287874e-07,807875034,-807875033,-5.25287873e-07,0,2.90538189e-08,2.90538189e-08,44683793.6,20,0.349990845,/Users/chrisharing/Desktop/CCS_complex_coupled_systems/Repo/HardDisks/hspist3/experiments_energy_transfer/level2_fast1sigma_20260918/u3/tr_9232.csv,15.5999908,15.25,0,"./00ALLINONE_ramp --mode=edmd --experiment=energy_transfer --headless --quiet --edmd-acc=0 --seed-drift-order=drift-first --energy-transfer-summary=experiments_energy_transfer/level2_fast1sigma_20260918/u3/summary.csv --energy-transfer-trace=experiments_energy_transfer/level2_fast1sigma_20260918/u3/tr_9232.csv --particles=100 --particles-boxes=50,50 --particle-radius=0.5 --l0=39.25 --height=10 --num-walls=1 --wall-positions=39.25 --wall-mass-factors=1000000000 --piston-right-protocol-mode=step --velocity-right-piston-step=3 --max-right-piston-travel=0.75 --auto-piston-step --wall-hold-steps=12000 --steps=12500 --fixed-dt=0.4 --energy-measurement --eff-output=wall-ke --kbt1 --seed=9232",9232
2026-09-18 12:52:22,energy_transfer,edmd,12500,12000,0.0166666669,39.25,10,100,0.5,nan,0.100050721,0.100050721,1,39.25,1e+09,50;50,1,0.0416666667,1,1,0.00999999978,100,1000,nan,39.25,1,step,77.75,-3,step,0.75,3,nan,nan,3,nan,nan,4.31230626,4.47215712e-07,1.03706853e-07,0.999999896,4.31230581,5.00943553e-09,1.84913688e-07,1.79904252e-07,4.17188024e-08,20,0.349990845,/Users/chrisharing/Desktop/CCS_complex_coupled_systems/Repo/HardDisks/hspist3/experiments_energy_transfer/level2_fast1sigma_20260918/u3/tr_9233.csv,17.2499847,16.8999939,0,"./00ALLINONE_ramp --mode=edmd --experiment=energy_transfer --headless --quiet --edmd-acc=0 --seed-drift-order=drift-first --energy-transfer-summary=experiments_energy_transfer/level2_fast1sigma_20260918/u3/summary.csv --energy-transfer-trace=experiments_energy_transfer/level2_fast1sigma_20260918/u3/tr_9233.csv --particles=100 --particles-boxes=50,50 --particle-radius=0.5 --l0=39.25 --height=10 --num-walls=1 --wall-positions=39.25 --wall-mass-factors=1000000000 --piston-right-protocol-mode=step --velocity-right-piston-step=3 --max-right-piston-travel=0.75 --auto-piston-step --wall-hold-steps=12000 --steps=12500 --fixed-dt=0.4 --energy-measurement --eff-output=wall-ke --kbt1 --seed=9233",9233
2026-09-18 12:52:22,energy_transfer,edmd,12500,12000,0.0166666669,39.25,10,100,0.5,nan,0.100050721,0.100050721,1,39.25,1e+09,50;50,1,0.0416666667,1,1,0.00999999978,100,1000,nan,39.25,1,step,77.75,-3,step,0.75,3,nan,nan,3,nan,nan,4.47972656e-16,6.70605232e-07,1.49697805e+09,-1.49697805e+09,-6.70605231e-07,6.96987534e-09,6.54346834e-08,5.84648081e-08,130509770,20,0.349990845,/Users/chrisharing/Desktop/CCS_complex_coupled_systems/Repo/HardDisks/hspist3/experiments_energy_transfer/level2_fast1sigma_20260918/u3/tr_9234.csv,20.2999878,19.9499969,1,"./00ALLINONE_ramp --mode=edmd --experiment=energy_transfer --headless --quiet --edmd-acc=0 --seed-drift-order=drift-first --energy-transfer-summary=experiments_energy_transfer/level2_fast1sigma_20260918/u3/summary.csv --energy-transfer-trace=experiments_energy_transfer/level2_fast1sigma_20260918/u3/tr_9234.csv --particles=100 --particles-boxes=50,50 --particle-radius=0.5 --l0=39.25 --height=10 --num-walls=1 --wall-positions=39.25 --wall-mass-factors=1000000000 --piston-right-protocol-mode=step --velocity-right-piston-step=3 --max-right-piston-travel=0.75 --auto-piston-step --wall-hold-steps=12000 --steps=12500 --fixed-dt=0.4 --energy-measurement --eff-output=wall-ke --kbt1 --seed=9234",9234
2026-09-18 12:52:22,energy_transfer,edmd,12500,12000,0.0166666669,39.25,10,100,0.5,nan,0.100050721,0.100050721,1,39.25,1e+09,50;50,1,0.0416666667,1,1,0.00999999978,100,1000,nan,39.25,1,step,77.75,-3,step,0.75,3,nan,nan,3,nan,nan,27.415582,2.0227264e-05,7.37801738e-07,0.999999262,27.4155618,6.99105607e-10,6.52333085e-07,6.5163398e-07,2.37687451e-08,20,0.349990845,/Users/chrisharing/Desktop/CCS_complex_coupled_systems/Repo/HardDisks/hspist3/experiments_energy_transfer/level2_fast1sigma_20260918/u3/tr_9235.csv,13.8999939,13.5500031,0,"./00ALLINONE_ramp --mode=edmd --experiment=energy_transfer --headless --quiet --edmd-acc=0 --seed-drift-order=drift-first --energy-transfer-summary=experiments_energy_transfer/level2_fast1sigma_20260918/u3/summary.csv --energy-transfer-trace=experiments_energy_transfer/level2_fast1sigma_20260918/u3/tr_9235.csv --particles=100 --particles-boxes=50,50 --particle-radius=0.5 --l0=39.25 --height=10 --num-walls=1 --wall-positions=39.25 --wall-mass-factors=1000000000 --piston-right-protocol-mode=step --velocity-right-piston-step=3 --max-right-piston-travel=0.75 --auto-piston-step --wall-hold-steps=12000 --steps=12500 --fixed-dt=0.4 --energy-measurement --eff-output=wall-ke --kbt1 --seed=9235",9235
2026-09-18 12:52:22,energy_transfer,edmd,12500,12000,0.0166666669,39.25,10,100,0.5,nan,0.100050721,0.100050721,1,39.25,1e+09,50;50,1,0.0416666667,1,1,0.00999999978,100,1000,nan,39.25,1,step,77.75,-3,step,0.75,3,nan,nan,3,nan,nan,2.82534068e-16,3.65753749e-07,1.29454742e+09,-1.29454742e+09,-3.65753749e-07,3.52053853e-09,1.5941562e-07,1.55895082e-07,551774456,20,0.349990845,/Users/chrisharing/Desktop/CCS_complex_coupled_systems/Repo/HardDisks/hspist3/experiments_energy_transfer/level2_fast1sigma_20260918/u3/tr_9239.csv,14.6499939,14.3000031,0,"./00ALLINONE_ramp --mode=edmd --experiment=energy_transfer --headless --quiet --edmd-acc=0 --seed-drift-order=drift-first --energy-transfer-summary=experiments_energy_transfer/level2_fast1sigma_20260918/u3/summary.csv --energy-transfer-trace=experiments_energy_transfer/level2_fast1sigma_20260918/u3/tr_9239.csv --particles=100 --particles-boxes=50,50 --particle-radius=0.5 --l0=39.25 --height=10 --num-walls=1 --wall-positions=39.25 --wall-mass-factors=1000000000 --piston-right-protocol-mode=step --velocity-right-piston-step=3 --max-right-piston-travel=0.75 --auto-piston-step --wall-hold-steps=12000 --steps=12500 --fixed-dt=0.4 --energy-measurement --eff-output=wall-ke --kbt1 --seed=9239",9239
2026-09-18 12:52:22,energy_transfer,edmd,12500,12000,0.0166666669,39.25,10,100,0.5,nan,0.100050721,0.100050721,1,39.25,1e+09,50;50,1,0.0416666667,1,1,0.00999999978,100,1000,nan,39.25,1,step,77.75,-3,step,0.75,3,nan,nan,3,nan,nan,37.4563751,4.49051367e-05,1.19886499e-06,0.999998801,37.4563302,0,1.06381492e-06,1.06381492e-06,2.84014382e-08,20,0.349990845,/Users/chrisharing/Desktop/CCS_complex_coupled_systems/Repo/HardDisks/hspist3/experiments_energy_transfer/level2_fast1sigma_20260918/u3/tr_9238.csv,16.9333191,16.5833282,0,"./00ALLINONE_ramp --mode=edmd --experiment=energy_transfer --headless --quiet --edmd-acc=0 --seed-drift-order=drift-first --energy-transfer-summary=experiments_energy_transfer/level2_fast1sigma_20260918/u3/summary.csv --energy-transfer-trace=experiments_energy_transfer/level2_fast1sigma_20260918/u3/tr_9238.csv --particles=100 --particles-boxes=50,50 --particle-radius=0.5 --l0=39.25 --height=10 --num-walls=1 --wall-positions=39.25 --wall-mass-factors=1000000000 --piston-right-protocol-mode=step --velocity-right-piston-step=3 --max-right-piston-travel=0.75 --auto-piston-step --wall-hold-steps=12000 --steps=12500 --fixed-dt=0.4 --energy-measurement --eff-output=wall-ke --kbt1 --seed=9238",9238
2026-09-18 12:52:22,energy_transfer,edmd,12500,12000,0.0166666669,39.25,10,100,0.5,nan,0.100050721,0.100050721,1,39.25,1e+09,50;50,1,0.0416666667,1,1,0.00999999978,100,1000,nan,39.25,1,step,77.75,-3,step,0.75,3,nan,nan,3,nan,nan,20.6765605,1.19087026e-05,5.75951819e-07,0.999999424,20.6765486,0,2.79993515e-07,2.79993515e-07,1.35415905e-08,20,0.349990845,/Users/chrisharing/Desktop/CCS_complex_coupled_systems/Repo/HardDisks/hspist3/experiments_energy_transfer/level2_fast1sigma_20260918/u3/tr_9237.csv,17.0166626,16.6666718,0,"./00ALLINONE_ramp --mode=edmd --experiment=energy_transfer --headless --quiet --edmd-acc=0 --seed-drift-order=drift-first --energy-transfer-summary=experiments_energy_transfer/level2_fast1sigma_20260918/u3/summary.csv --energy-transfer-trace=experiments_energy_transfer/level2_fast1sigma_20260918/u3/tr_9237.csv --particles=100 --particles-boxes=50,50 --particle-radius=0.5 --l0=39.25 --height=10 --num-walls=1 --wall-positions=39.25 --wall-mass-factors=1000000000 --piston-right-protocol-mode=step --velocity-right-piston-step=3 --max-right-piston-travel=0.75 --auto-piston-step --wall-hold-steps=12000 --steps=12500 --fixed-dt=0.4 --energy-measurement --eff-output=wall-ke --kbt1 --seed=9237",9237
2026-09-18 12:52:22,energy_transfer,edmd,12500,12000,0.0166666669,39.25,10,100,0.5,nan,0.100050721,0.100050721,1,39.25,1e+09,50;50,1,0.0416666667,1,1,0.00999999978,100,1000,nan,39.25,1,step,77.75,-3,step,0.75,3,nan,nan,3,nan,nan,37.3412967,3.77738725e-05,1.01158438e-06,0.999998988,37.3412589,6.28725561e-09,2.86046998e-07,2.79759742e-07,7.49196645e-09,20,0.349990845,/Users/chrisharing/Desktop/CCS_complex_coupled_systems/Repo/HardDisks/hspist3/experiments_energy_transfer/level2_fast1sigma_20260918/u3/tr_9236.csv,18.4499969,18.1000061,1,"./00ALLINONE_ramp --mode=edmd --experiment=energy_transfer --headless --quiet --edmd-acc=0 --seed-drift-order=drift-first --energy-transfer-summary=experiments_energy_transfer/level2_fast1sigma_20260918/u3/summary.csv --energy-transfer-trace=experiments_energy_transfer/level2_fast1sigma_20260918/u3/tr_9236.csv --particles=100 --particles-boxes=50,50 --particle-radius=0.5 --l0=39.25 --height=10 --num-walls=1 --wall-positions=39.25 --wall-mass-factors=1000000000 --piston-right-protocol-mode=step --velocity-right-piston-step=3 --max-right-piston-travel=0.75 --auto-piston-step --wall-hold-steps=12000 --steps=12500 --fixed-dt=0.4 --energy-measurement --eff-output=wall-ke --kbt1 --seed=9236",9236
2026-09-18 12:52:22,energy_transfer,edmd,12500,12000,0.0166666669,39.25,10,100,0.5,nan,0.100050721,0.100050721,1,39.25,1e+09,50;50,1,0.0416666667,1,1,0.00999999978,100,1000,nan,39.25,1,step,77.75,-3,step,0.75,3,nan,nan,3,nan,nan,26.9223945,2.11446586e-05,7.85392943e-07,0.999999215,26.9223733,0,4.52027933e-07,4.52027933e-07,1.67900346e-08,20,0.349990845,/Users/chrisharing/Desktop/CCS_complex_coupled_systems/Repo/HardDisks/hspist3/experiments_energy_transfer/level2_fast1sigma_20260918/u3/tr_9241.csv,12.9166565,12.5666656,0,"./00ALLINONE_ramp --mode=edmd --experiment=energy_transfer --headless --quiet --edmd-acc=0 --seed-drift-order=drift-first --energy-transfer-summary=experiments_energy_transfer/level2_fast1sigma_20260918/u3/summary.csv --energy-transfer-trace=experiments_energy_transfer/level2_fast1sigma_20260918/u3/tr_9241.csv --particles=100 --particles-boxes=50,50 --particle-radius=0.5 --l0=39.25 --height=10 --num-walls=1 --wall-positions=39.25 --wall-mass-factors=1000000000 --piston-right-protocol-mode=step --velocity-right-piston-step=3 --max-right-piston-travel=0.75 --auto-piston-step --wall-hold-steps=12000 --steps=12500 --fixed-dt=0.4 --energy-measurement --eff-output=wall-ke --kbt1 --seed=9241",9241
2026-09-18 12:52:23,energy_transfer,edmd,12500,12000,0.0166666669,39.25,10,100,0.5,nan,0.100050721,0.100050721,1,39.25,1e+09,50;50,1,0.0416666667,1,1,0.00999999978,100,1000,nan,39.25,1,step,77.75,-3,step,0.75,3,nan,nan,3,nan,nan,12.4579154,7.2875464e-06,5.84973181e-07,0.999999415,12.4579081,6.21977181e-09,7.7100043e-07,7.64780658e-07,6.13891357e-08,20,0.349990845,/Users/chrisharing/Desktop/CCS_complex_coupled_systems/Repo/HardDisks/hspist3/experiments_energy_transfer/level2_fast1sigma_20260918/u3/tr_9242.csv,20.1999969,19.8500061,1,"./00ALLINONE_ramp --mode=edmd --experiment=energy_transfer --headless --quiet --edmd-acc=0 --seed-drift-order=drift-first --energy-transfer-summary=experiments_energy_transfer/level2_fast1sigma_20260918/u3/summary.csv --energy-transfer-trace=experiments_energy_transfer/level2_fast1sigma_20260918/u3/tr_9242.csv --particles=100 --particles-boxes=50,50 --particle-radius=0.5 --l0=39.25 --height=10 --num-walls=1 --wall-positions=39.25 --wall-mass-factors=1000000000 --piston-right-protocol-mode=step --velocity-right-piston-step=3 --max-right-piston-travel=0.75 --auto-piston-step --wall-hold-steps=12000 --steps=12500 --fixed-dt=0.4 --energy-measurement --eff-output=wall-ke --kbt1 --seed=9242",9242
2026-09-18 12:52:23,energy_transfer,edmd,12500,12000,0.0166666669,39.25,10,100,0.5,nan,0.100050721,0.100050721,1,39.25,1e+09,50;50,1,0.0416666667,1,1,0.00999999978,100,1000,nan,39.25,1,step,77.75,-3,step,0.75,3,nan,nan,3,nan,nan,61.9422532,0.000109206732,1.763041e-06,0.999998237,61.942144,1.3318866e-08,1.06443224e-06,1.05111337e-06,1.69692467e-08,20,0.349990845,/Users/chrisharing/Desktop/CCS_complex_coupled_systems/Repo/HardDisks/hspist3/experiments_energy_transfer/level2_fast1sigma_20260918/u3/tr_9240.csv,18.4666595,18.1166687,1,"./00ALLINONE_ramp --mode=edmd --experiment=energy_transfer --headless --quiet --edmd-acc=0 --seed-drift-order=drift-first --energy-transfer-summary=experiments_energy_transfer/level2_fast1sigma_20260918/u3/summary.csv --energy-transfer-trace=experiments_energy_transfer/level2_fast1sigma_20260918/u3/tr_9240.csv --particles=100 --particles-boxes=50,50 --particle-radius=0.5 --l0=39.25 --height=10 --num-walls=1 --wall-positions=39.25 --wall-mass-factors=1000000000 --piston-right-protocol-mode=step --velocity-right-piston-step=3 --max-right-piston-travel=0.75 --auto-piston-step --wall-hold-steps=12000 --steps=12500 --fixed-dt=0.4 --energy-measurement --eff-output=wall-ke --kbt1 --seed=9240",9240
2026-09-18 12:52:23,energy_transfer,edmd,12500,12000,0.0166666669,39.25,10,100,0.5,nan,0.100050721,0.100050721,1,39.25,1e+09,50;50,1,0.0416666667,1,1,0.00999999978,100,1000,nan,39.25,1,step,77.75,-3,step,0.75,3,nan,nan,3,nan,nan,1.35416589e-16,1.7176049e-07,1.26838588e+09,-1.26838588e+09,-1.7176049e-07,0,6.89065871e-08,6.89065871e-08,508848934,20,0.349990845,/Users/chrisharing/Desktop/CCS_complex_coupled_systems/Repo/HardDisks/hspist3/experiments_energy_transfer/level2_fast1sigma_20260918/u3/tr_9245.csv,4.18331909,3.83332825,0,"./00ALLINONE_ramp --mode=edmd --experiment=energy_transfer --headless --quiet --edmd-acc=0 --seed-drift-order=drift-first --energy-transfer-summary=experiments_energy_transfer/level2_fast1sigma_20260918/u3/summary.csv --energy-transfer-trace=experiments_energy_transfer/level2_fast1sigma_20260918/u3/tr_9245.csv --particles=100 --particles-boxes=50,50 --particle-radius=0.5 --l0=39.25 --height=10 --num-walls=1 --wall-positions=39.25 --wall-mass-factors=1000000000 --piston-right-protocol-mode=step --velocity-right-piston-step=3 --max-right-piston-travel=0.75 --auto-piston-step --wall-hold-steps=12000 --steps=12500 --fixed-dt=0.4 --energy-measurement --eff-output=wall-ke --kbt1 --seed=9245",9245
2026-09-18 12:52:23,energy_transfer,edmd,12500,12000,0.0166666669,39.25,10,100,0.5,nan,0.100050721,0.100050721,1,39.25,1e+09,50;50,1,0.0416666667,1,1,0.00999999978,100,1000,nan,39.25,1,step,77.75,-3,step,0.75,3,nan,nan,3,nan,nan,37.365241,3.79054873e-05,1.01445852e-06,0.999998986,37.3652031,0,5.21262962e-07,5.21262962e-07,1.39504777e-08,20,0.349990845,/Users/chrisharing/Desktop/CCS_complex_coupled_systems/Repo/HardDisks/hspist3/experiments_energy_transfer/level2_fast1sigma_20260918/u3/tr_9244.csv,18.7666626,18.4166718,1,"./00ALLINONE_ramp --mode=edmd --experiment=energy_transfer --headless --quiet --edmd-acc=0 --seed-drift-order=drift-first --energy-transfer-summary=experiments_energy_transfer/level2_fast1sigma_20260918/u3/summary.csv --energy-transfer-trace=experiments_energy_transfer/level2_fast1sigma_20260918/u3/tr_9244.csv --particles=100 --particles-boxes=50,50 --particle-radius=0.5 --l0=39.25 --height=10 --num-walls=1 --wall-positions=39.25 --wall-mass-factors=1000000000 --piston-right-protocol-mode=step --velocity-right-piston-step=3 --max-right-piston-travel=0.75 --auto-piston-step --wall-hold-steps=12000 --steps=12500 --fixed-dt=0.4 --energy-measurement --eff-output=wall-ke --kbt1 --seed=9244",9244
2026-09-18 12:52:23,energy_transfer,edmd,12500,12000,0.0166666669,39.25,10,100,0.5,nan,0.100050721,0.100050721,1,39.25,1e+09,50;50,1,0.0416666667,1,1,0.00999999978,100,1000,nan,39.25,1,step,77.75,-3,step,0.75,3,nan,nan,3,nan,nan,6.20300121e-16,2.21669865e-07,357359055,-357359054,-2.21669864e-07,0,9.21947034e-08,9.21947034e-08,148629188,20,0.349990845,/Users/chrisharing/Desktop/CCS_complex_coupled_systems/Repo/HardDisks/hspist3/experiments_energy_transfer/level2_fast1sigma_20260918/u3/tr_9246.csv,6.98332214,6.6333313,0,"./00ALLINONE_ramp --mode=edmd --experiment=energy_transfer --headless --quiet --edmd-acc=0 --seed-drift-order=drift-first --energy-transfer-summary=experiments_energy_transfer/level2_fast1sigma_20260918/u3/summary.csv --energy-transfer-trace=experiments_energy_transfer/level2_fast1sigma_20260918/u3/tr_9246.csv --particles=100 --particles-boxes=50,50 --particle-radius=0.5 --l0=39.25 --height=10 --num-walls=1 --wall-positions=39.25 --wall-mass-factors=1000000000 --piston-right-protocol-mode=step --velocity-right-piston-step=3 --max-right-piston-travel=0.75 --auto-piston-step --wall-hold-steps=12000 --steps=12500 --fixed-dt=0.4 --energy-measurement --eff-output=wall-ke --kbt1 --seed=9246",9246
2026-09-18 12:52:23,energy_transfer,edmd,12500,12000,0.0166666669,39.25,10,100,0.5,nan,0.100050721,0.100050721,1,39.25,1e+09,50;50,1,0.0416666667,1,1,0.00999999978,100,1000,nan,39.25,1,step,77.75,-3,step,0.75,3,nan,nan,3,nan,nan,52.2523181,7.82859643e-05,1.4982295e-06,0.999998502,52.2522398,1.40766565e-09,1.01455078e-06,1.01314311e-06,1.93894385e-08,20,0.349990845,/Users/chrisharing/Desktop/CCS_complex_coupled_systems/Repo/HardDisks/hspist3/experiments_energy_transfer/level2_fast1sigma_20260918/u3/tr_9243.csv,19.9333191,19.5833282,1,"./00ALLINONE_ramp --mode=edmd --experiment=energy_transfer --headless --quiet --edmd-acc=0 --seed-drift-order=drift-first --energy-transfer-summary=experiments_energy_transfer/level2_fast1sigma_20260918/u3/summary.csv --energy-transfer-trace=experiments_energy_transfer/level2_fast1sigma_20260918/u3/tr_9243.csv --particles=100 --particles-boxes=50,50 --particle-radius=0.5 --l0=39.25 --height=10 --num-walls=1 --wall-positions=39.25 --wall-mass-factors=1000000000 --piston-right-protocol-mode=step --velocity-right-piston-step=3 --max-right-piston-travel=0.75 --auto-piston-step --wall-hold-steps=12000 --steps=12500 --fixed-dt=0.4 --energy-measurement --eff-output=wall-ke --kbt1 --seed=9243",9243
2026-09-18 12:52:23,energy_transfer,edmd,12500,12000,0.0166666669,39.25,10,100,0.5,nan,0.100050721,0.100050721,1,39.25,1e+09,50;50,1,0.0416666667,1,1,0.00999999978,100,1000,nan,39.25,1,step,77.75,-3,step,0.75,3,nan,nan,3,nan,nan,20.0208152,1.152407e-05,5.75604435e-07,0.999999424,20.0208037,0,3.9635961e-07,3.9635961e-07,1.97973762e-08,20,0.349990845,/Users/chrisharing/Desktop/CCS_complex_coupled_systems/Repo/HardDisks/hspist3/experiments_energy_transfer/level2_fast1sigma_20260918/u3/tr_9248.csv,20.3499908,20,1,"./00ALLINONE_ramp --mode=edmd --experiment=energy_transfer --headless --quiet --edmd-acc=0 --seed-drift-order=drift-first --energy-transfer-summary=experiments_energy_transfer/level2_fast1sigma_20260918/u3/summary.csv --energy-transfer-trace=experiments_energy_transfer/level2_fast1sigma_20260918/u3/tr_9248.csv --particles=100 --particles-boxes=50,50 --particle-radius=0.5 --l0=39.25 --height=10 --num-walls=1 --wall-positions=39.25 --wall-mass-factors=1000000000 --piston-right-protocol-mode=step --velocity-right-piston-step=3 --max-right-piston-travel=0.75 --auto-piston-step --wall-hold-steps=12000 --steps=12500 --fixed-dt=0.4 --energy-measurement --eff-output=wall-ke --kbt1 --seed=9248",9248
2026-09-18 12:52:23,energy_transfer,edmd,12500,12000,0.0166666669,39.25,10,100,0.5,nan,0.100050721,0.100050721,1,39.25,1e+09,50;50,1,0.0416666667,1,1,0.00999999978,100,1000,nan,39.25,1,step,77.75,-3,step,0.75,3,nan,nan,3,nan,nan,0,4.68622403e-07,nan,nan,-4.68622403e-07,0,6.7899812e-08,6.7899812e-08,nan,20,0.349990845,/Users/chrisharing/Desktop/CCS_complex_coupled_systems/Repo/HardDisks/hspist3/experiments_energy_transfer/level2_fast1sigma_20260918/u3/tr_9249.csv,10.1666565,9.81666565,0,"./00ALLINONE_ramp --mode=edmd --experiment=energy_transfer --headless --quiet --edmd-acc=0 --seed-drift-order=drift-first --energy-transfer-summary=experiments_energy_transfer/level2_fast1sigma_20260918/u3/summary.csv --energy-transfer-trace=experiments_energy_transfer/level2_fast1sigma_20260918/u3/tr_9249.csv --particles=100 --particles-boxes=50,50 --particle-radius=0.5 --l0=39.25 --height=10 --num-walls=1 --wall-positions=39.25 --wall-mass-factors=1000000000 --piston-right-protocol-mode=step --velocity-right-piston-step=3 --max-right-piston-travel=0.75 --auto-piston-step --wall-hold-steps=12000 --steps=12500 --fixed-dt=0.4 --energy-measurement --eff-output=wall-ke --kbt1 --seed=9249",9249
2026-09-18 12:52:23,energy_transfer,edmd,12500,12000,0.0166666669,39.25,10,100,0.5,nan,0.100050721,0.100050721,1,39.25,1e+09,50;50,1,0.0416666667,1,1,0.00999999978,100,1000,nan,39.25,1,step,77.75,-3,step,0.75,3,nan,nan,3,nan,nan,43.4979233,5.50651857e-05,1.26592677e-06,0.999998734,43.4978682,3.26444249e-09,4.42777065e-07,4.39512622e-07,1.01042208e-08,20,0.349990845,/Users/chrisharing/Desktop/CCS_complex_coupled_systems/Repo/HardDisks/hspist3/experiments_energy_transfer/level2_fast1sigma_20260918/u3/tr_9247.csv,19.6833191,19.3333282,1,"./00ALLINONE_ramp --mode=edmd --experiment=energy_transfer --headless --quiet --edmd-acc=0 --seed-drift-order=drift-first --energy-transfer-summary=experiments_energy_transfer/level2_fast1sigma_20260918/u3/summary.csv --energy-transfer-trace=experiments_energy_transfer/level2_fast1sigma_20260918/u3/tr_9247.csv --particles=100 --particles-boxes=50,50 --particle-radius=0.5 --l0=39.25 --height=10 --num-walls=1 --wall-positions=39.25 --wall-mass-factors=1000000000 --piston-right-protocol-mode=step --velocity-right-piston-step=3 --max-right-piston-travel=0.75 --auto-piston-step --wall-hold-steps=12000 --steps=12500 --fixed-dt=0.4 --energy-measurement --eff-output=wall-ke --kbt1 --seed=9247",9247
2026-09-18 12:52:23,energy_transfer,edmd,12500,12000,0.0166666669,39.25,10,100,0.5,nan,0.100050721,0.100050721,1,39.25,1e+09,50;50,1,0.0416666667,1,1,0.00999999978,100,1000,nan,39.25,1,step,77.75,-3,step,0.75,3,nan,nan,3,nan,nan,18.055953,8.86371345e-06,4.90902554e-07,0.999999509,18.0559441,0,5.98554308e-08,5.98554308e-08,3.31499705e-09,20,0.349990845,/Users/chrisharing/Desktop/CCS_complex_coupled_systems/Repo/HardDisks/hspist3/experiments_energy_transfer/level2_fast1sigma_20260918/u3/tr_9250.csv,19.4499969,19.1000061,1,"./00ALLINONE_ramp --mode=edmd --experiment=energy_transfer --headless --quiet --edmd-acc=0 --seed-drift-order=drift-first --energy-transfer-summary=experiments_energy_transfer/level2_fast1sigma_20260918/u3/summary.csv --energy-transfer-trace=experiments_energy_transfer/level2_fast1sigma_20260918/u3/tr_9250.csv --particles=100 --particles-boxes=50,50 --particle-radius=0.5 --l0=39.25 --height=10 --num-walls=1 --wall-positions=39.25 --wall-mass-factors=1000000000 --piston-right-protocol-mode=step --velocity-right-piston-step=3 --max-right-piston-travel=0.75 --auto-piston-step --wall-hold-steps=12000 --steps=12500 --fixed-dt=0.4 --energy-measurement --eff-output=wall-ke --kbt1 --seed=9250",9250
2026-09-18 12:52:23,energy_transfer,edmd,12500,12000,0.0166666669,39.25,10,100,0.5,nan,0.100050721,0.100050721,1,39.25,1e+09,50;50,1,0.0416666667,1,1,0.00999999978,100,1000,nan,39.25,1,step,77.75,-3,step,0.75,3,nan,nan,3,nan,nan,15.9299773,6.32491765e-06,3.97044989e-07,0.999999603,15.929971,2.49992516e-09,4.21959498e-07,4.19459573e-07,2.63314609e-08,20,0.349990845,/Users/chrisharing/Desktop/CCS_complex_coupled_systems/Repo/HardDisks/hspist3/experiments_energy_transfer/level2_fast1sigma_20260918/u3/tr_9251.csv,18.4333191,18.0833282,1,"./00ALLINONE_ramp --mode=edmd --experiment=energy_transfer --headless --quiet --edmd-acc=0 --seed-drift-order=drift-first --energy-transfer-summary=experiments_energy_transfer/level2_fast1sigma_20260918/u3/summary.csv --energy-transfer-trace=experiments_energy_transfer/level2_fast1sigma_20260918/u3/tr_9251.csv --particles=100 --particles-boxes=50,50 --particle-radius=0.5 --l0=39.25 --height=10 --num-walls=1 --wall-positions=39.25 --wall-mass-factors=1000000000 --piston-right-protocol-mode=step --velocity-right-piston-step=3 --max-right-piston-travel=0.75 --auto-piston-step --wall-hold-steps=12000 --steps=12500 --fixed-dt=0.4 --energy-measurement --eff-output=wall-ke --kbt1 --seed=9251",9251
2026-09-18 12:52:23,energy_transfer,edmd,12500,12000,0.0166666669,39.25,10,100,0.5,nan,0.100050721,0.100050721,1,39.25,1e+09,50;50,1,0.0416666667,1,1,0.00999999978,100,1000,nan,39.25,1,step,77.75,-3,step,0.75,3,nan,nan,3,nan,nan,23.9417659,1.92267617e-05,8.03063638e-07,0.999999197,23.9417467,0,6.95700294e-07,6.95700294e-07,2.90580192e-08,20,0.349990845,/Users/chrisharing/Desktop/CCS_complex_coupled_systems/Repo/HardDisks/hspist3/experiments_energy_transfer/level2_fast1sigma_20260918/u3/tr_9252.csv,18.3666534,18.0166626,1,"./00ALLINONE_ramp --mode=edmd --experiment=energy_transfer --headless --quiet --edmd-acc=0 --seed-drift-order=drift-first --energy-transfer-summary=experiments_energy_transfer/level2_fast1sigma_20260918/u3/summary.csv --energy-transfer-trace=experiments_energy_transfer/level2_fast1sigma_20260918/u3/tr_9252.csv --particles=100 --particles-boxes=50,50 --particle-radius=0.5 --l0=39.25 --height=10 --num-walls=1 --wall-positions=39.25 --wall-mass-factors=1000000000 --piston-right-protocol-mode=step --velocity-right-piston-step=3 --max-right-piston-travel=0.75 --auto-piston-step --wall-hold-steps=12000 --steps=12500 --fixed-dt=0.4 --energy-measurement --eff-output=wall-ke --kbt1 --seed=9252",9252
2026-09-18 12:52:23,energy_transfer,edmd,12500,12000,0.0166666669,39.25,10,100,0.5,nan,0.100050721,0.100050721,1,39.25,1e+09,50;50,1,0.0416666667,1,1,0.00999999978,100,1000,nan,39.25,1,step,77.75,-3,step,0.75,3,nan,nan,3,nan,nan,4.46171163e-16,5.71043358e-07,1.27987509e+09,-1.27987509e+09,-5.71043358e-07,0,1.04296781e-07,1.04296781e-07,233759574,20,0.349990845,/Users/chrisharing/Desktop/CCS_complex_coupled_systems/Repo/HardDisks/hspist3/experiments_energy_transfer/level2_fast1sigma_20260918/u3/tr_9255.csv,13.6833191,13.3333282,0,"./00ALLINONE_ramp --mode=edmd --experiment=energy_transfer --headless --quiet --edmd-acc=0 --seed-drift-order=drift-first --energy-transfer-summary=experiments_energy_transfer/level2_fast1sigma_20260918/u3/summary.csv --energy-transfer-trace=experiments_energy_transfer/level2_fast1sigma_20260918/u3/tr_9255.csv --particles=100 --particles-boxes=50,50 --particle-radius=0.5 --l0=39.25 --height=10 --num-walls=1 --wall-positions=39.25 --wall-mass-factors=1000000000 --piston-right-protocol-mode=step --velocity-right-piston-step=3 --max-right-piston-travel=0.75 --auto-piston-step --wall-hold-steps=12000 --steps=12500 --fixed-dt=0.4 --energy-measurement --eff-output=wall-ke --kbt1 --seed=9255",9255
2026-09-18 12:52:23,energy_transfer,edmd,12500,12000,0.0166666669,39.25,10,100,0.5,nan,0.100050721,0.100050721,1,39.25,1e+09,50;50,1,0.0416666667,1,1,0.00999999978,100,1000,nan,39.25,1,step,77.75,-3,step,0.75,3,nan,nan,3,nan,nan,16.1154339,8.07559172e-06,5.01109172e-07,0.999999499,16.1154258,1.93588368e-09,4.66882817e-08,4.4752398e-08,2.77698996e-09,20,0.349990845,/Users/chrisharing/Desktop/CCS_complex_coupled_systems/Repo/HardDisks/hspist3/experiments_energy_transfer/level2_fast1sigma_20260918/u3/tr_9254.csv,19.4166565,19.0666656,1,"./00ALLINONE_ramp --mode=edmd --experiment=energy_transfer --headless --quiet --edmd-acc=0 --seed-drift-order=drift-first --energy-transfer-summary=experiments_energy_transfer/level2_fast1sigma_20260918/u3/summary.csv --energy-transfer-trace=experiments_energy_transfer/level2_fast1sigma_20260918/u3/tr_9254.csv --particles=100 --particles-boxes=50,50 --particle-radius=0.5 --l0=39.25 --height=10 --num-walls=1 --wall-positions=39.25 --wall-mass-factors=1000000000 --piston-right-protocol-mode=step --velocity-right-piston-step=3 --max-right-piston-travel=0.75 --auto-piston-step --wall-hold-steps=12000 --steps=12500 --fixed-dt=0.4 --energy-measurement --eff-output=wall-ke --kbt1 --seed=9254",9254
2026-09-18 12:52:23,energy_transfer,edmd,12500,12000,0.0166666669,39.25,10,100,0.5,nan,0.100050721,0.100050721,1,39.25,1e+09,50;50,1,0.0416666667,1,1,0.00999999978,100,1000,nan,39.25,1,step,77.75,-3,step,0.75,3,nan,nan,3,nan,nan,51.8734885,6.86238709e-05,1.32290835e-06,0.999998677,51.8734199,6.30336938e-09,8.81152801e-07,8.74849431e-07,1.68650587e-08,20,0.349990845,/Users/chrisharing/Desktop/CCS_complex_coupled_systems/Repo/HardDisks/hspist3/experiments_energy_transfer/level2_fast1sigma_20260918/u3/tr_9253.csv,18.8166656,18.4666748,1,"./00ALLINONE_ramp --mode=edmd --experiment=energy_transfer --headless --quiet --edmd-acc=0 --seed-drift-order=drift-first --energy-transfer-summary=experiments_energy_transfer/level2_fast1sigma_20260918/u3/summary.csv --energy-transfer-trace=experiments_energy_transfer/level2_fast1sigma_20260918/u3/tr_9253.csv --particles=100 --particles-boxes=50,50 --particle-radius=0.5 --l0=39.25 --height=10 --num-walls=1 --wall-positions=39.25 --wall-mass-factors=1000000000 --piston-right-protocol-mode=step --velocity-right-piston-step=3 --max-right-piston-travel=0.75 --auto-piston-step --wall-hold-steps=12000 --steps=12500 --fixed-dt=0.4 --energy-measurement --eff-output=wall-ke --kbt1 --seed=9253",9253
2026-09-18 12:52:23,energy_transfer,edmd,12500,12000,0.0166666669,39.25,10,100,0.5,nan,0.100050721,0.100050721,1,39.25,1e+09,50;50,1,0.0416666667,1,1,0.00999999978,100,1000,nan,39.25,1,step,77.75,-3,step,0.75,3,nan,nan,3,nan,nan,25.3214922,1.81877458e-05,7.18273064e-07,0.999999282,25.321474,0,3.52664728e-07,3.52664728e-07,1.3927486e-08,20,0.349990845,/Users/chrisharing/Desktop/CCS_complex_coupled_systems/Repo/HardDisks/hspist3/experiments_energy_transfer/level2_fast1sigma_20260918/u3/tr_9256.csv,20.2333221,19.8833313,1,"./00ALLINONE_ramp --mode=edmd --experiment=energy_transfer --headless --quiet --edmd-acc=0 --seed-drift-order=drift-first --energy-transfer-summary=experiments_energy_transfer/level2_fast1sigma_20260918/u3/summary.csv --energy-transfer-trace=experiments_energy_transfer/level2_fast1sigma_20260918/u3/tr_9256.csv --particles=100 --particles-boxes=50,50 --particle-radius=0.5 --l0=39.25 --height=10 --num-walls=1 --wall-positions=39.25 --wall-mass-factors=1000000000 --piston-right-protocol-mode=step --velocity-right-piston-step=3 --max-right-piston-travel=0.75 --auto-piston-step --wall-hold-steps=12000 --steps=12500 --fixed-dt=0.4 --energy-measurement --eff-output=wall-ke --kbt1 --seed=9256",9256
2026-09-18 12:52:23,energy_transfer,edmd,12500,12000,0.0166666669,39.25,10,100,0.5,nan,0.100050721,0.100050721,1,39.25,1e+09,50;50,1,0.0416666667,1,1,0.00999999978,100,1000,nan,39.25,1,step,77.75,-3,step,0.75,3,nan,nan,3,nan,nan,13.7041461,7.93159688e-06,5.78773522e-07,0.999999421,13.7041381,0,3.65551074e-07,3.65551074e-07,2.66744876e-08,20,0.349990845,/Users/chrisharing/Desktop/CCS_complex_coupled_systems/Repo/HardDisks/hspist3/experiments_energy_transfer/level2_fast1sigma_20260918/u3/tr_9258.csv,15.8999939,15.5500031,0,"./00ALLINONE_ramp --mode=edmd --experiment=energy_transfer --headless --quiet --edmd-acc=0 --seed-drift-order=drift-first --energy-transfer-summary=experiments_energy_transfer/level2_fast1sigma_20260918/u3/summary.csv --energy-transfer-trace=experiments_energy_transfer/level2_fast1sigma_20260918/u3/tr_9258.csv --particles=100 --particles-boxes=50,50 --particle-radius=0.5 --l0=39.25 --height=10 --num-walls=1 --wall-positions=39.25 --wall-mass-factors=1000000000 --piston-right-protocol-mode=step --velocity-right-piston-step=3 --max-right-piston-travel=0.75 --auto-piston-step --wall-hold-steps=12000 --steps=12500 --fixed-dt=0.4 --energy-measurement --eff-output=wall-ke --kbt1 --seed=9258",9258
2026-09-18 12:52:23,energy_transfer,edmd,12500,12000,0.0166666669,39.25,10,100,0.5,nan,0.100050721,0.100050721,1,39.25,1e+09,50;50,1,0.0416666667,1,1,0.00999999978,100,1000,nan,39.25,1,step,77.75,-3,step,0.75,3,nan,nan,3,nan,nan,24.9167865,1.42176905e-05,5.70606907e-07,0.999999429,24.9167723,0,6.89997677e-08,6.89997677e-08,2.76920813e-09,20,0.349990845,/Users/chrisharing/Desktop/CCS_complex_coupled_systems/Repo/HardDisks/hspist3/experiments_energy_transfer/level2_fast1sigma_20260918/u3/tr_9257.csv,13.3999939,13.0500031,0,"./00ALLINONE_ramp --mode=edmd --experiment=energy_transfer --headless --quiet --edmd-acc=0 --seed-drift-order=drift-first --energy-transfer-summary=experiments_energy_transfer/level2_fast1sigma_20260918/u3/summary.csv --energy-transfer-trace=experiments_energy_transfer/level2_fast1sigma_20260918/u3/tr_9257.csv --particles=100 --particles-boxes=50,50 --particle-radius=0.5 --l0=39.25 --height=10 --num-walls=1 --wall-positions=39.25 --wall-mass-factors=1000000000 --piston-right-protocol-mode=step --velocity-right-piston-step=3 --max-right-piston-travel=0.75 --auto-piston-step --wall-hold-steps=12000 --steps=12500 --fixed-dt=0.4 --energy-measurement --eff-output=wall-ke --kbt1 --seed=9257",9257
2026-09-18 12:52:23,energy_transfer,edmd,12500,12000,0.0166666669,39.25,10,100,0.5,nan,0.100050721,0.100050721,1,39.25,1e+09,50;50,1,0.0416666667,1,1,0.00999999978,100,1000,nan,39.25,1,step,77.75,-3,step,0.75,3,nan,nan,3,nan,nan,7.1444885e-16,2.28976901e-07,320494464,-320494463,-2.28976901e-07,0,6.49736123e-08,6.49736123e-08,90942286.8,20,0.349990845,/Users/chrisharing/Desktop/CCS_complex_coupled_systems/Repo/HardDisks/hspist3/experiments_energy_transfer/level2_fast1sigma_20260918/u3/tr_9259.csv,5.91665649,5.56666565,0,"./00ALLINONE_ramp --mode=edmd --experiment=energy_transfer --headless --quiet --edmd-acc=0 --seed-drift-order=drift-first --energy-transfer-summary=experiments_energy_transfer/level2_fast1sigma_20260918/u3/summary.csv --energy-transfer-trace=experiments_energy_transfer/level2_fast1sigma_20260918/u3/tr_9259.csv --particles=100 --particles-boxes=50,50 --particle-radius=0.5 --l0=39.25 --height=10 --num-walls=1 --wall-positions=39.25 --wall-mass-factors=1000000000 --piston-right-protocol-mode=step --velocity-right-piston-step=3 --max-right-piston-travel=0.75 --auto-piston-step --wall-hold-steps=12000 --steps=12500 --fixed-dt=0.4 --energy-measurement --eff-output=wall-ke --kbt1 --seed=9259",9259
2026-09-18 12:52:23,energy_transfer,edmd,12500,12000,0.0166666669,39.25,10,100,0.5,nan,0.100050721,0.100050721,1,39.25,1e+09,50;50,1,0.0416666667,1,1,0.00999999978,100,1000,nan,39.25,1,step,77.75,-3,step,0.75,3,nan,nan,3,nan,nan,1.84747155e-16,2.44151579e-07,1.32154446e+09,-1.32154446e+09,-2.44151579e-07,0,4.51864395e-08,4.51864395e-08,244585306,20,0.349990845,/Users/chrisharing/Desktop/CCS_complex_coupled_systems/Repo/HardDisks/hspist3/experiments_energy_transfer/level2_fast1sigma_20260918/u3/tr_9262.csv,20.1499939,19.8000031,1,"./00ALLINONE_ramp --mode=edmd --experiment=energy_transfer --headless --quiet --edmd-acc=0 --seed-drift-order=drift-first --energy-transfer-summary=experiments_energy_transfer/level2_fast1sigma_20260918/u3/summary.csv --energy-transfer-trace=experiments_energy_transfer/level2_fast1sigma_20260918/u3/tr_9262.csv --particles=100 --particles-boxes=50,50 --particle-radius=0.5 --l0=39.25 --height=10 --num-walls=1 --wall-positions=39.25 --wall-mass-factors=1000000000 --piston-right-protocol-mode=step --velocity-right-piston-step=3 --max-right-piston-travel=0.75 --auto-piston-step --wall-hold-steps=12000 --steps=12500 --fixed-dt=0.4 --energy-measurement --eff-output=wall-ke --kbt1 --seed=9262",9262
2026-09-18 12:52:23,energy_transfer,edmd,12500,12000,0.0166666669,39.25,10,100,0.5,nan,0.100050721,0.100050721,1,39.25,1e+09,50;50,1,0.0416666667,1,1,0.00999999978,100,1000,nan,39.25,1,step,77.75,-3,step,0.75,3,nan,nan,3,nan,nan,28.1746981,2.03728923e-05,7.23091771e-07,0.999999277,28.1746777,9.14666742e-09,1.85344803e-07,1.76198135e-07,6.2537719e-09,20,0.349990845,/Users/chrisharing/Desktop/CCS_complex_coupled_systems/Repo/HardDisks/hspist3/experiments_energy_transfer/level2_fast1sigma_20260918/u3/tr_9261.csv,9.69999695,9.3500061,0,"./00ALLINONE_ramp --mode=edmd --experiment=energy_transfer --headless --quiet --edmd-acc=0 --seed-drift-order=drift-first --energy-transfer-summary=experiments_energy_transfer/level2_fast1sigma_20260918/u3/summary.csv --energy-transfer-trace=experiments_energy_transfer/level2_fast1sigma_20260918/u3/tr_9261.csv --particles=100 --particles-boxes=50,50 --particle-radius=0.5 --l0=39.25 --height=10 --num-walls=1 --wall-positions=39.25 --wall-mass-factors=1000000000 --piston-right-protocol-mode=step --velocity-right-piston-step=3 --max-right-piston-travel=0.75 --auto-piston-step --wall-hold-steps=12000 --steps=12500 --fixed-dt=0.4 --energy-measurement --eff-output=wall-ke --kbt1 --seed=9261",9261
2026-09-18 12:52:23,energy_transfer,edmd,12500,12000,0.0166666669,39.25,10,100,0.5,nan,0.100050721,0.100050721,1,39.25,1e+09,50;50,1,0.0416666667,1,1,0.00999999978,100,1000,nan,39.25,1,step,77.75,-3,step,0.75,3,nan,nan,3,nan,nan,43.7802083,5.57248895e-05,1.2728329e-06,0.999998727,43.7801526,3.11273451e-09,2.57273456e-07,2.54160721e-07,5.80537944e-09,20,0.349990845,/Users/chrisharing/Desktop/CCS_complex_coupled_systems/Repo/HardDisks/hspist3/experiments_energy_transfer/level2_fast1sigma_20260918/u3/tr_9263.csv,14.2999878,13.9499969,0,"./00ALLINONE_ramp --mode=edmd --experiment=energy_transfer --headless --quiet --edmd-acc=0 --seed-drift-order=drift-first --energy-transfer-summary=experiments_energy_transfer/level2_fast1sigma_20260918/u3/summary.csv --energy-transfer-trace=experiments_energy_transfer/level2_fast1sigma_20260918/u3/tr_9263.csv --particles=100 --particles-boxes=50,50 --particle-radius=0.5 --l0=39.25 --height=10 --num-walls=1 --wall-positions=39.25 --wall-mass-factors=1000000000 --piston-right-protocol-mode=step --velocity-right-piston-step=3 --max-right-piston-travel=0.75 --auto-piston-step --wall-hold-steps=12000 --steps=12500 --fixed-dt=0.4 --energy-measurement --eff-output=wall-ke --kbt1 --seed=9263",9263
2026-09-18 12:52:23,energy_transfer,edmd,12500,12000,0.0166666669,39.25,10,100,0.5,nan,0.100050721,0.100050721,1,39.25,1e+09,50;50,1,0.0416666667,1,1,0.00999999978,100,1000,nan,39.25,1,step,77.75,-3,step,0.75,3,nan,nan,3,nan,nan,29.341625,2.3776729e-05,8.10341246e-07,0.99999919,29.3416013,0,6.08223161e-07,6.08223161e-07,2.0729021e-08,20,0.349990845,/Users/chrisharing/Desktop/CCS_complex_coupled_systems/Repo/HardDisks/hspist3/experiments_energy_transfer/level2_fast1sigma_20260918/u3/tr_9260.csv,20.2499847,19.8999939,1,"./00ALLINONE_ramp --mode=edmd --experiment=energy_transfer --headless --quiet --edmd-acc=0 --seed-drift-order=drift-first --energy-transfer-summary=experiments_energy_transfer/level2_fast1sigma_20260918/u3/summary.csv --energy-transfer-trace=experiments_energy_transfer/level2_fast1sigma_20260918/u3/tr_9260.csv --particles=100 --particles-boxes=50,50 --particle-radius=0.5 --l0=39.25 --height=10 --num-walls=1 --wall-positions=39.25 --wall-mass-factors=1000000000 --piston-right-protocol-mode=step --velocity-right-piston-step=3 --max-right-piston-travel=0.75 --auto-piston-step --wall-hold-steps=12000 --steps=12500 --fixed-dt=0.4 --energy-measurement --eff-output=wall-ke --kbt1 --seed=9260",9260
2026-09-18 12:52:23,energy_transfer,edmd,12500,12000,0.0166666669,39.25,10,100,0.5,nan,0.100050721,0.100050721,1,39.25,1e+09,50;50,1,0.0416666667,1,1,0.00999999978,100,1000,nan,39.25,1,step,77.75,-3,step,0.75,3,nan,nan,3,nan,nan,12.8277241,4.41782231e-06,3.44396424e-07,0.999999656,12.8277197,0,1.88228697e-07,1.88228697e-07,1.46735847e-08,20,0.349990845,/Users/chrisharing/Desktop/CCS_complex_coupled_systems/Repo/HardDisks/hspist3/experiments_energy_transfer/level2_fast1sigma_20260918/u3/tr_9264.csv,10.2666626,9.91667175,0,"./00ALLINONE_ramp --mode=edmd --experiment=energy_transfer --headless --quiet --edmd-acc=0 --seed-drift-order=drift-first --energy-transfer-summary=experiments_energy_transfer/level2_fast1sigma_20260918/u3/summary.csv --energy-transfer-trace=experiments_energy_transfer/level2_fast1sigma_20260918/u3/tr_9264.csv --particles=100 --particles-boxes=50,50 --particle-radius=0.5 --l0=39.25 --height=10 --num-walls=1 --wall-positions=39.25 --wall-mass-factors=1000000000 --piston-right-protocol-mode=step --velocity-right-piston-step=3 --max-right-piston-travel=0.75 --auto-piston-step --wall-hold-steps=12000 --steps=12500 --fixed-dt=0.4 --energy-measurement --eff-output=wall-ke --kbt1 --seed=9264",9264
2026-09-18 12:52:23,energy_transfer,edmd,12500,12000,0.0166666669,39.25,10,100,0.5,nan,0.100050721,0.100050721,1,39.25,1e+09,50;50,1,0.0416666667,1,1,0.00999999978,100,1000,nan,39.25,1,step,77.75,-3,step,0.75,3,nan,nan,3,nan,nan,12.0877077,4.43555291e-06,3.66947398e-07,0.999999633,12.0877033,0,1.75399578e-07,1.75399578e-07,1.4510574e-08,20,0.349990845,/Users/chrisharing/Desktop/CCS_complex_coupled_systems/Repo/HardDisks/hspist3/experiments_energy_transfer/level2_fast1sigma_20260918/u3/tr_9267.csv,19.8833313,19.5333405,1,"./00ALLINONE_ramp --mode=edmd --experiment=energy_transfer --headless --quiet --edmd-acc=0 --seed-drift-order=drift-first --energy-transfer-summary=experiments_energy_transfer/level2_fast1sigma_20260918/u3/summary.csv --energy-transfer-trace=experiments_energy_transfer/level2_fast1sigma_20260918/u3/tr_9267.csv --particles=100 --particles-boxes=50,50 --particle-radius=0.5 --l0=39.25 --height=10 --num-walls=1 --wall-positions=39.25 --wall-mass-factors=1000000000 --piston-right-protocol-mode=step --velocity-right-piston-step=3 --max-right-piston-travel=0.75 --auto-piston-step --wall-hold-steps=12000 --steps=12500 --fixed-dt=0.4 --energy-measurement --eff-output=wall-ke --kbt1 --seed=9267",9267
2026-09-18 12:52:24,energy_transfer,edmd,12500,12000,0.0166666669,39.25,10,100,0.5,nan,0.100050721,0.100050721,1,39.25,1e+09,50;50,1,0.0416666667,1,1,0.00999999978,100,1000,nan,39.25,1,step,77.75,-3,step,0.75,3,nan,nan,3,nan,nan,34.2333163,3.49186303e-05,1.02001892e-06,0.99999898,34.2332813,5.44216627e-09,1.25151075e-06,1.24606859e-06,3.63992953e-08,20,0.349990845,/Users/chrisharing/Desktop/CCS_complex_coupled_systems/Repo/HardDisks/hspist3/experiments_energy_transfer/level2_fast1sigma_20260918/u3/tr_9265.csv,20.3499908,20,1,"./00ALLINONE_ramp --mode=edmd --experiment=energy_transfer --headless --quiet --edmd-acc=0 --seed-drift-order=drift-first --energy-transfer-summary=experiments_energy_transfer/level2_fast1sigma_20260918/u3/summary.csv --energy-transfer-trace=experiments_energy_transfer/level2_fast1sigma_20260918/u3/tr_9265.csv --particles=100 --particles-boxes=50,50 --particle-radius=0.5 --l0=39.25 --height=10 --num-walls=1 --wall-positions=39.25 --wall-mass-factors=1000000000 --piston-right-protocol-mode=step --velocity-right-piston-step=3 --max-right-piston-travel=0.75 --auto-piston-step --wall-hold-steps=12000 --steps=12500 --fixed-dt=0.4 --energy-measurement --eff-output=wall-ke --kbt1 --seed=9265",9265
2026-09-18 12:52:24,energy_transfer,edmd,12500,12000,0.0166666669,39.25,10,100,0.5,nan,0.100050721,0.100050721,1,39.25,1e+09,50;50,1,0.0416666667,1,1,0.00999999978,100,1000,nan,39.25,1,step,77.75,-3,step,0.75,3,nan,nan,3,nan,nan,15.0407205,8.9191908e-06,5.93002897e-07,0.999999407,15.0407115,0,3.83606391e-07,3.83606391e-07,2.55045224e-08,20,0.349990845,/Users/chrisharing/Desktop/CCS_complex_coupled_systems/Repo/HardDisks/hspist3/experiments_energy_transfer/level2_fast1sigma_20260918/u3/tr_9268.csv,17.6666565,17.3166656,0,"./00ALLINONE_ramp --mode=edmd --experiment=energy_transfer --headless --quiet --edmd-acc=0 --seed-drift-order=drift-first --energy-transfer-summary=experiments_energy_transfer/level2_fast1sigma_20260918/u3/summary.csv --energy-transfer-trace=experiments_energy_transfer/level2_fast1sigma_20260918/u3/tr_9268.csv --particles=100 --particles-boxes=50,50 --particle-radius=0.5 --l0=39.25 --height=10 --num-walls=1 --wall-positions=39.25 --wall-mass-factors=1000000000 --piston-right-protocol-mode=step --velocity-right-piston-step=3 --max-right-piston-travel=0.75 --auto-piston-step --wall-hold-steps=12000 --steps=12500 --fixed-dt=0.4 --energy-measurement --eff-output=wall-ke --kbt1 --seed=9268",9268
2026-09-18 12:52:24,energy_transfer,edmd,12500,12000,0.0166666669,39.25,10,100,0.5,nan,0.100050721,0.100050721,1,39.25,1e+09,50;50,1,0.0416666667,1,1,0.00999999978,100,1000,nan,39.25,1,step,77.75,-3,step,0.75,3,nan,nan,3,nan,nan,59.6333853,0.000105952393,1.77672947e-06,0.999998223,59.6332793,0,1.35299058e-06,1.35299058e-06,2.26884752e-08,20,0.349990845,/Users/chrisharing/Desktop/CCS_complex_coupled_systems/Repo/HardDisks/hspist3/experiments_energy_transfer/level2_fast1sigma_20260918/u3/tr_9266.csv,20.2833252,19.9333344,1,"./00ALLINONE_ramp --mode=edmd --experiment=energy_transfer --headless --quiet --edmd-acc=0 --seed-drift-order=drift-first --energy-transfer-summary=experiments_energy_transfer/level2_fast1sigma_20260918/u3/summary.csv --energy-transfer-trace=experiments_energy_transfer/level2_fast1sigma_20260918/u3/tr_9266.csv --particles=100 --particles-boxes=50,50 --particle-radius=0.5 --l0=39.25 --height=10 --num-walls=1 --wall-positions=39.25 --wall-mass-factors=1000000000 --piston-right-protocol-mode=step --velocity-right-piston-step=3 --max-right-piston-travel=0.75 --auto-piston-step --wall-hold-steps=12000 --steps=12500 --fixed-dt=0.4 --energy-measurement --eff-output=wall-ke --kbt1 --seed=9266",9266
2026-09-18 12:52:24,energy_transfer,edmd,12500,12000,0.0166666669,39.25,10,100,0.5,nan,0.100050721,0.100050721,1,39.25,1e+09,50;50,1,0.0416666667,1,1,0.00999999978,100,1000,nan,39.25,1,step,77.75,-3,step,0.75,3,nan,nan,3,nan,nan,5.65867462e-16,2.78681227e-07,492484983,-492484982,-2.78681227e-07,1.02853226e-09,7.36957233e-08,7.2667191e-08,128417334,20,0.349990845,/Users/chrisharing/Desktop/CCS_complex_coupled_systems/Repo/HardDisks/hspist3/experiments_energy_transfer/level2_fast1sigma_20260918/u3/tr_9270.csv,13.6499939,13.3000031,0,"./00ALLINONE_ramp --mode=edmd --experiment=energy_transfer --headless --quiet --edmd-acc=0 --seed-drift-order=drift-first --energy-transfer-summary=experiments_energy_transfer/level2_fast1sigma_20260918/u3/summary.csv --energy-transfer-trace=experiments_energy_transfer/level2_fast1sigma_20260918/u3/tr_9270.csv --particles=100 --particles-boxes=50,50 --particle-radius=0.5 --l0=39.25 --height=10 --num-walls=1 --wall-positions=39.25 --wall-mass-factors=1000000000 --piston-right-protocol-mode=step --velocity-right-piston-step=3 --max-right-piston-travel=0.75 --auto-piston-step --wall-hold-steps=12000 --steps=12500 --fixed-dt=0.4 --energy-measurement --eff-output=wall-ke --kbt1 --seed=9270",9270
2026-09-18 12:52:24,energy_transfer,edmd,12500,12000,0.0166666669,39.25,10,100,0.5,nan,0.100050721,0.100050721,1,39.25,1e+09,50;50,1,0.0416666667,1,1,0.00999999978,100,1000,nan,39.25,1,step,77.75,-3,step,0.75,3,nan,nan,3,nan,nan,83.2540645,0.000168596162,2.02508025e-06,0.999997975,83.2538959,0,3.61666935e-06,3.61666935e-06,4.34413547e-08,20,0.349990845,/Users/chrisharing/Desktop/CCS_complex_coupled_systems/Repo/HardDisks/hspist3/experiments_energy_transfer/level2_fast1sigma_20260918/u3/tr_9269.csv,17.7666626,17.4166718,0,"./00ALLINONE_ramp --mode=edmd --experiment=energy_transfer --headless --quiet --edmd-acc=0 --seed-drift-order=drift-first --energy-transfer-summary=experiments_energy_transfer/level2_fast1sigma_20260918/u3/summary.csv --energy-transfer-trace=experiments_energy_transfer/level2_fast1sigma_20260918/u3/tr_9269.csv --particles=100 --particles-boxes=50,50 --particle-radius=0.5 --l0=39.25 --height=10 --num-walls=1 --wall-positions=39.25 --wall-mass-factors=1000000000 --piston-right-protocol-mode=step --velocity-right-piston-step=3 --max-right-piston-travel=0.75 --auto-piston-step --wall-hold-steps=12000 --steps=12500 --fixed-dt=0.4 --energy-measurement --eff-output=wall-ke --kbt1 --seed=9269",9269
2026-09-18 12:52:24,energy_transfer,edmd,12500,12000,0.0166666669,39.25,10,100,0.5,nan,0.100050721,0.100050721,1,39.25,1e+09,50;50,1,0.0416666667,1,1,0.00999999978,100,1000,nan,39.25,1,step,77.75,-3,step,0.75,3,nan,nan,3,nan,nan,42.9523825,4.95985769e-05,1.15473401e-06,0.999998845,42.9523329,0,6.52482811e-07,6.52482811e-07,1.51908409e-08,20,0.349990845,/Users/chrisharing/Desktop/CCS_complex_coupled_systems/Repo/HardDisks/hspist3/experiments_energy_transfer/level2_fast1sigma_20260918/u3/tr_9271.csv,20.3333282,19.9833374,1,"./00ALLINONE_ramp --mode=edmd --experiment=energy_transfer --headless --quiet --edmd-acc=0 --seed-drift-order=drift-first --energy-transfer-summary=experiments_energy_transfer/level2_fast1sigma_20260918/u3/summary.csv --energy-transfer-trace=experiments_energy_transfer/level2_fast1sigma_20260918/u3/tr_9271.csv --particles=100 --particles-boxes=50,50 --particle-radius=0.5 --l0=39.25 --height=10 --num-walls=1 --wall-positions=39.25 --wall-mass-factors=1000000000 --piston-right-protocol-mode=step --velocity-right-piston-step=3 --max-right-piston-travel=0.75 --auto-piston-step --wall-hold-steps=12000 --steps=12500 --fixed-dt=0.4 --energy-measurement --eff-output=wall-ke --kbt1 --seed=9271",9271
2026-09-18 12:52:24,energy_transfer,edmd,12500,12000,0.0166666669,39.25,10,100,0.5,nan,0.100050721,0.100050721,1,39.25,1e+09,50;50,1,0.0416666667,1,1,0.00999999978,100,1000,nan,39.25,1,step,77.75,-3,step,0.75,3,nan,nan,3,nan,nan,51.3017185,6.41547522e-05,1.25053807e-06,0.999998749,51.3016543,0,3.87790038e-07,3.87790038e-07,7.55900679e-09,20,0.349990845,/Users/chrisharing/Desktop/CCS_complex_coupled_systems/Repo/HardDisks/hspist3/experiments_energy_transfer/level2_fast1sigma_20260918/u3/tr_9272.csv,19.4999847,19.1499939,1,"./00ALLINONE_ramp --mode=edmd --experiment=energy_transfer --headless --quiet --edmd-acc=0 --seed-drift-order=drift-first --energy-transfer-summary=experiments_energy_transfer/level2_fast1sigma_20260918/u3/summary.csv --energy-transfer-trace=experiments_energy_transfer/level2_fast1sigma_20260918/u3/tr_9272.csv --particles=100 --particles-boxes=50,50 --particle-radius=0.5 --l0=39.25 --height=10 --num-walls=1 --wall-positions=39.25 --wall-mass-factors=1000000000 --piston-right-protocol-mode=step --velocity-right-piston-step=3 --max-right-piston-travel=0.75 --auto-piston-step --wall-hold-steps=12000 --steps=12500 --fixed-dt=0.4 --energy-measurement --eff-output=wall-ke --kbt1 --seed=9272",9272
2026-09-18 12:52:24,energy_transfer,edmd,12500,12000,0.0166666669,39.25,10,100,0.5,nan,0.100050721,0.100050721,1,39.25,1e+09,50;50,1,0.0416666667,1,1,0.00999999978,100,1000,nan,39.25,1,step,77.75,-3,step,0.75,3,nan,nan,3,nan,nan,37.3535677,3.98634147e-05,1.06719163e-06,0.999998933,37.3535279,0,1.50025937e-06,1.50025937e-06,4.01637504e-08,20,0.349990845,/Users/chrisharing/Desktop/CCS_complex_coupled_systems/Repo/HardDisks/hspist3/experiments_energy_transfer/level2_fast1sigma_20260918/u3/tr_9273.csv,18.0333252,17.6833344,0,"./00ALLINONE_ramp --mode=edmd --experiment=energy_transfer --headless --quiet --edmd-acc=0 --seed-drift-order=drift-first --energy-transfer-summary=experiments_energy_transfer/level2_fast1sigma_20260918/u3/summary.csv --energy-transfer-trace=experiments_energy_transfer/level2_fast1sigma_20260918/u3/tr_9273.csv --particles=100 --particles-boxes=50,50 --particle-radius=0.5 --l0=39.25 --height=10 --num-walls=1 --wall-positions=39.25 --wall-mass-factors=1000000000 --piston-right-protocol-mode=step --velocity-right-piston-step=3 --max-right-piston-travel=0.75 --auto-piston-step --wall-hold-steps=12000 --steps=12500 --fixed-dt=0.4 --energy-measurement --eff-output=wall-ke --kbt1 --seed=9273",9273
2026-09-18 12:52:24,energy_transfer,edmd,12500,12000,0.0166666669,39.25,10,100,0.5,nan,0.100050721,0.100050721,1,39.25,1e+09,50;50,1,0.0416666667,1,1,0.00999999978,100,1000,nan,39.25,1,step,77.75,-3,step,0.75,3,nan,nan,3,nan,nan,4.59846559e-16,3.29094064e-07,715660599,-715660598,-3.29094064e-07,0,2.93517335e-08,2.93517335e-08,63829407.6,20,0.349990845,/Users/chrisharing/Desktop/CCS_complex_coupled_systems/Repo/HardDisks/hspist3/experiments_energy_transfer/level2_fast1sigma_20260918/u3/tr_9274.csv,4.19999695,3.8500061,0,"./00ALLINONE_ramp --mode=edmd --experiment=energy_transfer --headless --quiet --edmd-acc=0 --seed-drift-order=drift-first --energy-transfer-summary=experiments_energy_transfer/level2_fast1sigma_20260918/u3/summary.csv --energy-transfer-trace=experiments_energy_transfer/level2_fast1sigma_20260918/u3/tr_9274.csv --particles=100 --particles-boxes=50,50 --particle-radius=0.5 --l0=39.25 --height=10 --num-walls=1 --wall-positions=39.25 --wall-mass-factors=1000000000 --piston-right-protocol-mode=step --velocity-right-piston-step=3 --max-right-piston-travel=0.75 --auto-piston-step --wall-hold-steps=12000 --steps=12500 --fixed-dt=0.4 --energy-measurement --eff-output=wall-ke --kbt1 --seed=9274",9274
2026-09-18 12:52:24,energy_transfer,edmd,12500,12000,0.0166666669,39.25,10,100,0.5,nan,0.100050721,0.100050721,1,39.25,1e+09,50;50,1,0.0416666667,1,1,0.00999999978,100,1000,nan,39.25,1,step,77.75,-3,step,0.75,3,nan,nan,3,nan,nan,29.1312037,3.12370394e-05,1.07228797e-06,0.999998928,29.1311725,4.44582282e-09,2.70456866e-07,2.66011043e-07,9.13148133e-09,20,0.349990845,/Users/chrisharing/Desktop/CCS_complex_coupled_systems/Repo/HardDisks/hspist3/experiments_energy_transfer/level2_fast1sigma_20260918/u3/tr_9275.csv,18.5999908,18.25,1,"./00ALLINONE_ramp --mode=edmd --experiment=energy_transfer --headless --quiet --edmd-acc=0 --seed-drift-order=drift-first --energy-transfer-summary=experiments_energy_transfer/level2_fast1sigma_20260918/u3/summary.csv --energy-transfer-trace=experiments_energy_transfer/level2_fast1sigma_20260918/u3/tr_9275.csv --particles=100 --particles-boxes=50,50 --particle-radius=0.5 --l0=39.25 --height=10 --num-walls=1 --wall-positions=39.25 --wall-mass-factors=1000000000 --piston-right-protocol-mode=step --velocity-right-piston-step=3 --max-right-piston-travel=0.75 --auto-piston-step --wall-hold-steps=12000 --steps=12500 --fixed-dt=0.4 --energy-measurement --eff-output=wall-ke --kbt1 --seed=9275",9275
2026-09-18 12:52:24,energy_transfer,edmd,12500,12000,0.0166666669,39.25,10,100,0.5,nan,0.100050721,0.100050721,1,39.25,1e+09,50;50,1,0.0416666667,1,1,0.00999999978,100,1000,nan,39.25,1,step,77.75,-3,step,0.75,3,nan,nan,3,nan,nan,19.3192544,1.48728568e-05,7.69846314e-07,0.99999923,19.3192396,0,7.31428656e-07,7.31428656e-07,3.78600872e-08,20,0.349990845,/Users/chrisharing/Desktop/CCS_complex_coupled_systems/Repo/HardDisks/hspist3/experiments_energy_transfer/level2_fast1sigma_20260918/u3/tr_9276.csv,17.0499878,16.6999969,0,"./00ALLINONE_ramp --mode=edmd --experiment=energy_transfer --headless --quiet --edmd-acc=0 --seed-drift-order=drift-first --energy-transfer-summary=experiments_energy_transfer/level2_fast1sigma_20260918/u3/summary.csv --energy-transfer-trace=experiments_energy_transfer/level2_fast1sigma_20260918/u3/tr_9276.csv --particles=100 --particles-boxes=50,50 --particle-radius=0.5 --l0=39.25 --height=10 --num-walls=1 --wall-positions=39.25 --wall-mass-factors=1000000000 --piston-right-protocol-mode=step --velocity-right-piston-step=3 --max-right-piston-travel=0.75 --auto-piston-step --wall-hold-steps=12000 --steps=12500 --fixed-dt=0.4 --energy-measurement --eff-output=wall-ke --kbt1 --seed=9276",9276
2026-09-18 12:52:24,energy_transfer,edmd,12500,12000,0.0166666669,39.25,10,100,0.5,nan,0.100050721,0.100050721,1,39.25,1e+09,50;50,1,0.0416666667,1,1,0.00999999978,100,1000,nan,39.25,1,step,77.75,-3,step,0.75,3,nan,nan,3,nan,nan,9.55666769e-16,4.10153774e-07,429180743,-429180742,-4.10153773e-07,0,8.93114418e-08,8.93114418e-08,93454585.5,20,0.349990845,/Users/chrisharing/Desktop/CCS_complex_coupled_systems/Repo/HardDisks/hspist3/experiments_energy_transfer/level2_fast1sigma_20260918/u3/tr_9277.csv,15.1166534,14.7666626,0,"./00ALLINONE_ramp --mode=edmd --experiment=energy_transfer --headless --quiet --edmd-acc=0 --seed-drift-order=drift-first --energy-transfer-summary=experiments_energy_transfer/level2_fast1sigma_20260918/u3/summary.csv --energy-transfer-trace=experiments_energy_transfer/level2_fast1sigma_20260918/u3/tr_9277.csv --particles=100 --particles-boxes=50,50 --particle-radius=0.5 --l0=39.25 --height=10 --num-walls=1 --wall-positions=39.25 --wall-mass-factors=1000000000 --piston-right-protocol-mode=step --velocity-right-piston-step=3 --max-right-piston-travel=0.75 --auto-piston-step --wall-hold-steps=12000 --steps=12500 --fixed-dt=0.4 --energy-measurement --eff-output=wall-ke --kbt1 --seed=9277",9277
2026-09-18 12:52:24,energy_transfer,edmd,12500,12000,0.0166666669,39.25,10,100,0.5,nan,0.100050721,0.100050721,1,39.25,1e+09,50;50,1,0.0416666667,1,1,0.00999999978,100,1000,nan,39.25,1,step,77.75,-3,step,0.75,3,nan,nan,3,nan,nan,5.40755507e-16,2.74913646e-07,508388065,-508388064,-2.74913645e-07,0,1.55113895e-07,1.55113895e-07,286846631,20,0.349990845,/Users/chrisharing/Desktop/CCS_complex_coupled_systems/Repo/HardDisks/hspist3/experiments_energy_transfer/level2_fast1sigma_20260918/u3/tr_9280.csv,20.1499939,19.8000031,1,"./00ALLINONE_ramp --mode=edmd --experiment=energy_transfer --headless --quiet --edmd-acc=0 --seed-drift-order=drift-first --energy-transfer-summary=experiments_energy_transfer/level2_fast1sigma_20260918/u3/summary.csv --energy-transfer-trace=experiments_energy_transfer/level2_fast1sigma_20260918/u3/tr_9280.csv --particles=100 --particles-boxes=50,50 --particle-radius=0.5 --l0=39.25 --height=10 --num-walls=1 --wall-positions=39.25 --wall-mass-factors=1000000000 --piston-right-protocol-mode=step --velocity-right-piston-step=3 --max-right-piston-travel=0.75 --auto-piston-step --wall-hold-steps=12000 --steps=12500 --fixed-dt=0.4 --energy-measurement --eff-output=wall-ke --kbt1 --seed=9280",9280
2026-09-18 12:52:24,energy_transfer,edmd,12500,12000,0.0166666669,39.25,10,100,0.5,nan,0.100050721,0.100050721,1,39.25,1e+09,50;50,1,0.0416666667,1,1,0.00999999978,100,1000,nan,39.25,1,step,77.75,-3,step,0.75,3,nan,nan,3,nan,nan,43.6589297,5.26745789e-05,1.20650184e-06,0.999998793,43.6588771,7.86311072e-10,1.22864708e-06,1.22786077e-06,2.81239319e-08,20,0.349990845,/Users/chrisharing/Desktop/CCS_complex_coupled_systems/Repo/HardDisks/hspist3/experiments_energy_transfer/level2_fast1sigma_20260918/u3/tr_9278.csv,19.8999939,19.5500031,1,"./00ALLINONE_ramp --mode=edmd --experiment=energy_transfer --headless --quiet --edmd-acc=0 --seed-drift-order=drift-first --energy-transfer-summary=experiments_energy_transfer/level2_fast1sigma_20260918/u3/summary.csv --energy-transfer-trace=experiments_energy_transfer/level2_fast1sigma_20260918/u3/tr_9278.csv --particles=100 --particles-boxes=50,50 --particle-radius=0.5 --l0=39.25 --height=10 --num-walls=1 --wall-positions=39.25 --wall-mass-factors=1000000000 --piston-right-protocol-mode=step --velocity-right-piston-step=3 --max-right-piston-travel=0.75 --auto-piston-step --wall-hold-steps=12000 --steps=12500 --fixed-dt=0.4 --energy-measurement --eff-output=wall-ke --kbt1 --seed=9278",9278
2026-09-18 12:52:24,energy_transfer,edmd,12500,12000,0.0166666669,39.25,10,100,0.5,nan,0.100050721,0.100050721,1,39.25,1e+09,50;50,1,0.0416666667,1,1,0.00999999978,100,1000,nan,39.25,1,step,77.75,-3,step,0.75,3,nan,nan,3,nan,nan,36.9737073,3.52395364e-05,9.53097185e-07,0.999999047,36.9736721,4.63442973e-09,6.66120627e-07,6.61486197e-07,1.78907187e-08,20,0.349990845,/Users/chrisharing/Desktop/CCS_complex_coupled_systems/Repo/HardDisks/hspist3/experiments_energy_transfer/level2_fast1sigma_20260918/u3/tr_9279.csv,19.4833221,19.1333313,1,"./00ALLINONE_ramp --mode=edmd --experiment=energy_transfer --headless --quiet --edmd-acc=0 --seed-drift-order=drift-first --energy-transfer-summary=experiments_energy_transfer/level2_fast1sigma_20260918/u3/summary.csv --energy-transfer-trace=experiments_energy_transfer/level2_fast1sigma_20260918/u3/tr_9279.csv --particles=100 --particles-boxes=50,50 --particle-radius=0.5 --l0=39.25 --height=10 --num-walls=1 --wall-positions=39.25 --wall-mass-factors=1000000000 --piston-right-protocol-mode=step --velocity-right-piston-step=3 --max-right-piston-travel=0.75 --auto-piston-step --wall-hold-steps=12000 --steps=12500 --fixed-dt=0.4 --energy-measurement --eff-output=wall-ke --kbt1 --seed=9279",9279
2026-09-18 12:52:24,energy_transfer,edmd,12500,12000,0.0166666669,39.25,10,100,0.5,nan,0.100050721,0.100050721,1,39.25,1e+09,50;50,1,0.0416666667,1,1,0.00999999978,100,1000,nan,39.25,1,step,77.75,-3,step,0.75,3,nan,nan,3,nan,nan,28.5926584,2.53779835e-05,8.87569921e-07,0.999999112,28.592633,0,2.92302275e-07,2.92302275e-07,1.02229835e-08,20,0.349990845,/Users/chrisharing/Desktop/CCS_complex_coupled_systems/Repo/HardDisks/hspist3/experiments_energy_transfer/level2_fast1sigma_20260918/u3/tr_9281.csv,19.6333313,19.2833405,1,"./00ALLINONE_ramp --mode=edmd --experiment=energy_transfer --headless --quiet --edmd-acc=0 --seed-drift-order=drift-first --energy-transfer-summary=experiments_energy_transfer/level2_fast1sigma_20260918/u3/summary.csv --energy-transfer-trace=experiments_energy_transfer/level2_fast1sigma_20260918/u3/tr_9281.csv --particles=100 --particles-boxes=50,50 --particle-radius=0.5 --l0=39.25 --height=10 --num-walls=1 --wall-positions=39.25 --wall-mass-factors=1000000000 --piston-right-protocol-mode=step --velocity-right-piston-step=3 --max-right-piston-travel=0.75 --auto-piston-step --wall-hold-steps=12000 --steps=12500 --fixed-dt=0.4 --energy-measurement --eff-output=wall-ke --kbt1 --seed=9281",9281
2026-09-18 12:52:24,energy_transfer,edmd,12500,12000,0.0166666669,39.25,10,100,0.5,nan,0.100050721,0.100050721,1,39.25,1e+09,50;50,1,0.0416666667,1,1,0.00999999978,100,1000,nan,39.25,1,step,77.75,-3,step,0.75,3,nan,nan,3,nan,nan,18.8952773,9.94832408e-06,5.26497915e-07,0.999999474,18.8952673,0,5.14024592e-08,5.14024592e-08,2.72038661e-09,20,0.349990845,/Users/chrisharing/Desktop/CCS_complex_coupled_systems/Repo/HardDisks/hspist3/experiments_energy_transfer/level2_fast1sigma_20260918/u3/tr_9282.csv,14.2999878,13.9499969,0,"./00ALLINONE_ramp --mode=edmd --experiment=energy_transfer --headless --quiet --edmd-acc=0 --seed-drift-order=drift-first --energy-transfer-summary=experiments_energy_transfer/level2_fast1sigma_20260918/u3/summary.csv --energy-transfer-trace=experiments_energy_transfer/level2_fast1sigma_20260918/u3/tr_9282.csv --particles=100 --particles-boxes=50,50 --particle-radius=0.5 --l0=39.25 --height=10 --num-walls=1 --wall-positions=39.25 --wall-mass-factors=1000000000 --piston-right-protocol-mode=step --velocity-right-piston-step=3 --max-right-piston-travel=0.75 --auto-piston-step --wall-hold-steps=12000 --steps=12500 --fixed-dt=0.4 --energy-measurement --eff-output=wall-ke --kbt1 --seed=9282",9282
2026-09-18 12:52:24,energy_transfer,edmd,12500,12000,0.0166666669,39.25,10,100,0.5,nan,0.100050721,0.100050721,1,39.25,1e+09,50;50,1,0.0416666667,1,1,0.00999999978,100,1000,nan,39.25,1,step,77.75,-3,step,0.75,3,nan,nan,3,nan,nan,3.70203665e-16,4.75449326e-07,1.28429125e+09,-1.28429125e+09,-4.75449326e-07,3.39690875e-09,1.13576924e-07,1.10180015e-07,297620001,20,0.349990845,/Users/chrisharing/Desktop/CCS_complex_coupled_systems/Repo/HardDisks/hspist3/experiments_energy_transfer/level2_fast1sigma_20260918/u3/tr_9283.csv,17.3666534,17.0166626,0,"./00ALLINONE_ramp --mode=edmd --experiment=energy_transfer --headless --quiet --edmd-acc=0 --seed-drift-order=drift-first --energy-transfer-summary=experiments_energy_transfer/level2_fast1sigma_20260918/u3/summary.csv --energy-transfer-trace=experiments_energy_transfer/level2_fast1sigma_20260918/u3/tr_9283.csv --particles=100 --particles-boxes=50,50 --particle-radius=0.5 --l0=39.25 --height=10 --num-walls=1 --wall-positions=39.25 --wall-mass-factors=1000000000 --piston-right-protocol-mode=step --velocity-right-piston-step=3 --max-right-piston-travel=0.75 --auto-piston-step --wall-hold-steps=12000 --steps=12500 --fixed-dt=0.4 --energy-measurement --eff-output=wall-ke --kbt1 --seed=9283",9283
2026-09-18 12:52:24,energy_transfer,edmd,12500,12000,0.0166666669,39.25,10,100,0.5,nan,0.100050721,0.100050721,1,39.25,1e+09,50;50,1,0.0416666667,1,1,0.00999999978,100,1000,nan,39.25,1,step,77.75,-3,step,0.75,3,nan,nan,3,nan,nan,7.82986454e-16,2.02467007e-07,258583026,-258583025,-2.02467006e-07,0,6.24744985e-08,6.24744985e-08,79790011.9,20,0.349990845,/Users/chrisharing/Desktop/CCS_complex_coupled_systems/Repo/HardDisks/hspist3/experiments_energy_transfer/level2_fast1sigma_20260918/u3/tr_9284.csv,20.2499847,19.8999939,1,"./00ALLINONE_ramp --mode=edmd --experiment=energy_transfer --headless --quiet --edmd-acc=0 --seed-drift-order=drift-first --energy-transfer-summary=experiments_energy_transfer/level2_fast1sigma_20260918/u3/summary.csv --energy-transfer-trace=experiments_energy_transfer/level2_fast1sigma_20260918/u3/tr_9284.csv --particles=100 --particles-boxes=50,50 --particle-radius=0.5 --l0=39.25 --height=10 --num-walls=1 --wall-positions=39.25 --wall-mass-factors=1000000000 --piston-right-protocol-mode=step --velocity-right-piston-step=3 --max-right-piston-travel=0.75 --auto-piston-step --wall-hold-steps=12000 --steps=12500 --fixed-dt=0.4 --energy-measurement --eff-output=wall-ke --kbt1 --seed=9284",9284
2026-09-18 12:52:24,energy_transfer,edmd,12500,12000,0.0166666669,39.25,10,100,0.5,nan,0.100050721,0.100050721,1,39.25,1e+09,50;50,1,0.0416666667,1,1,0.00999999978,100,1000,nan,39.25,1,step,77.75,-3,step,0.75,3,nan,nan,3,nan,nan,16.4131316,6.64214213e-06,4.04684632e-07,0.999999595,16.413125,0,5.7067858e-08,5.7067858e-08,3.47696341e-09,20,0.349990845,/Users/chrisharing/Desktop/CCS_complex_coupled_systems/Repo/HardDisks/hspist3/experiments_energy_transfer/level2_fast1sigma_20260918/u3/tr_9285.csv,12.8499908,12.5,0,"./00ALLINONE_ramp --mode=edmd --experiment=energy_transfer --headless --quiet --edmd-acc=0 --seed-drift-order=drift-first --energy-transfer-summary=experiments_energy_transfer/level2_fast1sigma_20260918/u3/summary.csv --energy-transfer-trace=experiments_energy_transfer/level2_fast1sigma_20260918/u3/tr_9285.csv --particles=100 --particles-boxes=50,50 --particle-radius=0.5 --l0=39.25 --height=10 --num-walls=1 --wall-positions=39.25 --wall-mass-factors=1000000000 --piston-right-protocol-mode=step --velocity-right-piston-step=3 --max-right-piston-travel=0.75 --auto-piston-step --wall-hold-steps=12000 --steps=12500 --fixed-dt=0.4 --energy-measurement --eff-output=wall-ke --kbt1 --seed=9285",9285
2026-09-18 12:52:24,energy_transfer,edmd,12500,12000,0.0166666669,39.25,10,100,0.5,nan,0.100050721,0.100050721,1,39.25,1e+09,50;50,1,0.0416666667,1,1,0.00999999978,100,1000,nan,39.25,1,step,77.75,-3,step,0.75,3,nan,nan,3,nan,nan,26.6777138,2.77085237e-05,1.03863936e-06,0.999998961,26.6776861,0,7.59592581e-07,7.59592581e-07,2.84729264e-08,20,0.349990845,/Users/chrisharing/Desktop/CCS_complex_coupled_systems/Repo/HardDisks/hspist3/experiments_energy_transfer/level2_fast1sigma_20260918/u3/tr_9286.csv,19.4666595,19.1166687,1,"./00ALLINONE_ramp --mode=edmd --experiment=energy_transfer --headless --quiet --edmd-acc=0 --seed-drift-order=drift-first --energy-transfer-summary=experiments_energy_transfer/level2_fast1sigma_20260918/u3/summary.csv --energy-transfer-trace=experiments_energy_transfer/level2_fast1sigma_20260918/u3/tr_9286.csv --particles=100 --particles-boxes=50,50 --particle-radius=0.5 --l0=39.25 --height=10 --num-walls=1 --wall-positions=39.25 --wall-mass-factors=1000000000 --piston-right-protocol-mode=step --velocity-right-piston-step=3 --max-right-piston-travel=0.75 --auto-piston-step --wall-hold-steps=12000 --steps=12500 --fixed-dt=0.4 --energy-measurement --eff-output=wall-ke --kbt1 --seed=9286",9286
2026-09-18 12:52:24,energy_transfer,edmd,12500,12000,0.0166666669,39.25,10,100,0.5,nan,0.100050721,0.100050721,1,39.25,1e+09,50;50,1,0.0416666667,1,1,0.00999999978,100,1000,nan,39.25,1,step,77.75,-3,step,0.75,3,nan,nan,3,nan,nan,36.8771254,3.2846845e-05,8.9071056e-07,0.999999109,36.8770925,6.96186042e-09,3.62476925e-07,3.55515064e-07,9.64053084e-09,20,0.349990845,/Users/chrisharing/Desktop/CCS_complex_coupled_systems/Repo/HardDisks/hspist3/experiments_energy_transfer/level2_fast1sigma_20260918/u3/tr_9287.csv,19.0666656,18.7166748,1,"./00ALLINONE_ramp --mode=edmd --experiment=energy_transfer --headless --quiet --edmd-acc=0 --seed-drift-order=drift-first --energy-transfer-summary=experiments_energy_transfer/level2_fast1sigma_20260918/u3/summary.csv --energy-transfer-trace=experiments_energy_transfer/level2_fast1sigma_20260918/u3/tr_9287.csv --particles=100 --particles-boxes=50,50 --particle-radius=0.5 --l0=39.25 --height=10 --num-walls=1 --wall-positions=39.25 --wall-mass-factors=1000000000 --piston-right-protocol-mode=step --velocity-right-piston-step=3 --max-right-piston-travel=0.75 --auto-piston-step --wall-hold-steps=12000 --steps=12500 --fixed-dt=0.4 --energy-measurement --eff-output=wall-ke --kbt1 --seed=9287",9287
2026-09-18 12:52:24,energy_transfer,edmd,12500,12000,0.0166666669,39.25,10,100,0.5,nan,0.100050721,0.100050721,1,39.25,1e+09,50;50,1,0.0416666667,1,1,0.00999999978,100,1000,nan,39.25,1,step,77.75,-3,step,0.75,3,nan,nan,3,nan,nan,29.7140285,3.35434561e-05,1.12887608e-06,0.999998871,29.713995,0,8.71660291e-07,8.71660291e-07,2.93349752e-08,20,0.349990845,/Users/chrisharing/Desktop/CCS_complex_coupled_systems/Repo/HardDisks/hspist3/experiments_energy_transfer/level2_fast1sigma_20260918/u3/tr_9288.csv,18.3499908,18,1,"./00ALLINONE_ramp --mode=edmd --experiment=energy_transfer --headless --quiet --edmd-acc=0 --seed-drift-order=drift-first --energy-transfer-summary=experiments_energy_transfer/level2_fast1sigma_20260918/u3/summary.csv --energy-transfer-trace=experiments_energy_transfer/level2_fast1sigma_20260918/u3/tr_9288.csv --particles=100 --particles-boxes=50,50 --particle-radius=0.5 --l0=39.25 --height=10 --num-walls=1 --wall-positions=39.25 --wall-mass-factors=1000000000 --piston-right-protocol-mode=step --velocity-right-piston-step=3 --max-right-piston-travel=0.75 --auto-piston-step --wall-hold-steps=12000 --steps=12500 --fixed-dt=0.4 --energy-measurement --eff-output=wall-ke --kbt1 --seed=9288",9288
2026-09-18 12:52:24,energy_transfer,edmd,12500,12000,0.0166666669,39.25,10,100,0.5,nan,0.100050721,0.100050721,1,39.25,1e+09,50;50,1,0.0416666667,1,1,0.00999999978,100,1000,nan,39.25,1,step,77.75,-3,step,0.75,3,nan,nan,3,nan,nan,30.5508627,2.73111618e-05,8.93957141e-07,0.999999106,30.5508353,3.51014506e-09,1.84597411e-07,1.81087266e-07,5.92740271e-09,20,0.349990845,/Users/chrisharing/Desktop/CCS_complex_coupled_systems/Repo/HardDisks/hspist3/experiments_energy_transfer/level2_fast1sigma_20260918/u3/tr_9289.csv,9.08332825,8.7333374,0,"./00ALLINONE_ramp --mode=edmd --experiment=energy_transfer --headless --quiet --edmd-acc=0 --seed-drift-order=drift-first --energy-transfer-summary=experiments_energy_transfer/level2_fast1sigma_20260918/u3/summary.csv --energy-transfer-trace=experiments_energy_transfer/level2_fast1sigma_20260918/u3/tr_9289.csv --particles=100 --particles-boxes=50,50 --particle-radius=0.5 --l0=39.25 --height=10 --num-walls=1 --wall-positions=39.25 --wall-mass-factors=1000000000 --piston-right-protocol-mode=step --velocity-right-piston-step=3 --max-right-piston-travel=0.75 --auto-piston-step --wall-hold-steps=12000 --steps=12500 --fixed-dt=0.4 --energy-measurement --eff-output=wall-ke --kbt1 --seed=9289",9289
2026-09-18 12:52:24,energy_transfer,edmd,12500,12000,0.0166666669,39.25,10,100,0.5,nan,0.100050721,0.100050721,1,39.25,1e+09,50;50,1,0.0416666667,1,1,0.00999999978,100,1000,nan,39.25,1,step,77.75,-3,step,0.75,3,nan,nan,3,nan,nan,34.5402107,3.4935747e-05,1.01145147e-06,0.999998989,34.5401758,1.0016227e-08,1.07064238e-06,1.06062616e-06,3.07069973e-08,20,0.349990845,/Users/chrisharing/Desktop/CCS_complex_coupled_systems/Repo/HardDisks/hspist3/experiments_energy_transfer/level2_fast1sigma_20260918/u3/tr_9290.csv,16.4666595,16.1166687,0,"./00ALLINONE_ramp --mode=edmd --experiment=energy_transfer --headless --quiet --edmd-acc=0 --seed-drift-order=drift-first --energy-transfer-summary=experiments_energy_transfer/level2_fast1sigma_20260918/u3/summary.csv --energy-transfer-trace=experiments_energy_transfer/level2_fast1sigma_20260918/u3/tr_9290.csv --particles=100 --particles-boxes=50,50 --particle-radius=0.5 --l0=39.25 --height=10 --num-walls=1 --wall-positions=39.25 --wall-mass-factors=1000000000 --piston-right-protocol-mode=step --velocity-right-piston-step=3 --max-right-piston-travel=0.75 --auto-piston-step --wall-hold-steps=12000 --steps=12500 --fixed-dt=0.4 --energy-measurement --eff-output=wall-ke --kbt1 --seed=9290",9290
2026-09-18 12:52:24,energy_transfer,edmd,12500,12000,0.0166666669,39.25,10,100,0.5,nan,0.100050721,0.100050721,1,39.25,1e+09,50;50,1,0.0416666667,1,1,0.00999999978,100,1000,nan,39.25,1,step,77.75,-3,step,0.75,3,nan,nan,3,nan,nan,26.3138211,1.88131617e-05,7.14953621e-07,0.999999285,26.3138023,0,4.04154967e-08,4.04154967e-08,1.53590376e-09,20,0.349990845,/Users/chrisharing/Desktop/CCS_complex_coupled_systems/Repo/HardDisks/hspist3/experiments_energy_transfer/level2_fast1sigma_20260918/u3/tr_9291.csv,13.0333252,12.6833344,0,"./00ALLINONE_ramp --mode=edmd --experiment=energy_transfer --headless --quiet --edmd-acc=0 --seed-drift-order=drift-first --energy-transfer-summary=experiments_energy_transfer/level2_fast1sigma_20260918/u3/summary.csv --energy-transfer-trace=experiments_energy_transfer/level2_fast1sigma_20260918/u3/tr_9291.csv --particles=100 --particles-boxes=50,50 --particle-radius=0.5 --l0=39.25 --height=10 --num-walls=1 --wall-positions=39.25 --wall-mass-factors=1000000000 --piston-right-protocol-mode=step --velocity-right-piston-step=3 --max-right-piston-travel=0.75 --auto-piston-step --wall-hold-steps=12000 --steps=12500 --fixed-dt=0.4 --energy-measurement --eff-output=wall-ke --kbt1 --seed=9291",9291
2026-09-18 12:52:24,energy_transfer,edmd,12500,12000,0.0166666669,39.25,10,100,0.5,nan,0.100050721,0.100050721,1,39.25,1e+09,50;50,1,0.0416666667,1,1,0.00999999978,100,1000,nan,39.25,1,step,77.75,-3,step,0.75,3,nan,nan,3,nan,nan,15.9363,6.42977147e-06,4.03467021e-07,0.999999597,15.9362935,2.32474551e-09,3.72787774e-08,3.49540319e-08,2.19335931e-09,20,0.349990845,/Users/chrisharing/Desktop/CCS_complex_coupled_systems/Repo/HardDisks/hspist3/experiments_energy_transfer/level2_fast1sigma_20260918/u3/tr_9293.csv,11.0833282,10.7333374,0,"./00ALLINONE_ramp --mode=edmd --experiment=energy_transfer --headless --quiet --edmd-acc=0 --seed-drift-order=drift-first --energy-transfer-summary=experiments_energy_transfer/level2_fast1sigma_20260918/u3/summary.csv --energy-transfer-trace=experiments_energy_transfer/level2_fast1sigma_20260918/u3/tr_9293.csv --particles=100 --particles-boxes=50,50 --particle-radius=0.5 --l0=39.25 --height=10 --num-walls=1 --wall-positions=39.25 --wall-mass-factors=1000000000 --piston-right-protocol-mode=step --velocity-right-piston-step=3 --max-right-piston-travel=0.75 --auto-piston-step --wall-hold-steps=12000 --steps=12500 --fixed-dt=0.4 --energy-measurement --eff-output=wall-ke --kbt1 --seed=9293",9293
2026-09-18 12:52:24,energy_transfer,edmd,12500,12000,0.0166666669,39.25,10,100,0.5,nan,0.100050721,0.100050721,1,39.25,1e+09,50;50,1,0.0416666667,1,1,0.00999999978,100,1000,nan,39.25,1,step,77.75,-3,step,0.75,3,nan,nan,3,nan,nan,77.5984265,0.000157419956,2.02864881e-06,0.999997971,77.5982691,0,2.62059393e-06,2.62059393e-06,3.37712251e-08,20,0.349990845,/Users/chrisharing/Desktop/CCS_complex_coupled_systems/Repo/HardDisks/hspist3/experiments_energy_transfer/level2_fast1sigma_20260918/u3/tr_9292.csv,18.3166656,17.9666748,0,"./00ALLINONE_ramp --mode=edmd --experiment=energy_transfer --headless --quiet --edmd-acc=0 --seed-drift-order=drift-first --energy-transfer-summary=experiments_energy_transfer/level2_fast1sigma_20260918/u3/summary.csv --energy-transfer-trace=experiments_energy_transfer/level2_fast1sigma_20260918/u3/tr_9292.csv --particles=100 --particles-boxes=50,50 --particle-radius=0.5 --l0=39.25 --height=10 --num-walls=1 --wall-positions=39.25 --wall-mass-factors=1000000000 --piston-right-protocol-mode=step --velocity-right-piston-step=3 --max-right-piston-travel=0.75 --auto-piston-step --wall-hold-steps=12000 --steps=12500 --fixed-dt=0.4 --energy-measurement --eff-output=wall-ke --kbt1 --seed=9292",9292
2026-09-18 12:52:25,energy_transfer,edmd,12500,12000,0.0166666669,39.25,10,100,0.5,nan,0.100050721,0.100050721,1,39.25,1e+09,50;50,1,0.0416666667,1,1,0.00999999978,100,1000,nan,39.25,1,step,77.75,-3,step,0.75,3,nan,nan,3,nan,nan,6.52302278e-16,1.17147806e-07,179591288,-179591287,-1.17147805e-07,1.4990168e-09,4.52524134e-08,4.37533966e-08,67075339.2,20,0.349990845,/Users/chrisharing/Desktop/CCS_complex_coupled_systems/Repo/HardDisks/hspist3/experiments_energy_transfer/level2_fast1sigma_20260918/u3/tr_9295.csv,6.73332214,6.3833313,0,"./00ALLINONE_ramp --mode=edmd --experiment=energy_transfer --headless --quiet --edmd-acc=0 --seed-drift-order=drift-first --energy-transfer-summary=experiments_energy_transfer/level2_fast1sigma_20260918/u3/summary.csv --energy-transfer-trace=experiments_energy_transfer/level2_fast1sigma_20260918/u3/tr_9295.csv --particles=100 --particles-boxes=50,50 --particle-radius=0.5 --l0=39.25 --height=10 --num-walls=1 --wall-positions=39.25 --wall-mass-factors=1000000000 --piston-right-protocol-mode=step --velocity-right-piston-step=3 --max-right-piston-travel=0.75 --auto-piston-step --wall-hold-steps=12000 --steps=12500 --fixed-dt=0.4 --energy-measurement --eff-output=wall-ke --kbt1 --seed=9295",9295
2026-09-18 12:52:25,energy_transfer,edmd,12500,12000,0.0166666669,39.25,10,100,0.5,nan,0.100050721,0.100050721,1,39.25,1e+09,50;50,1,0.0416666667,1,1,0.00999999978,100,1000,nan,39.25,1,step,77.75,-3,step,0.75,3,nan,nan,3,nan,nan,22.5561491,1.32876967e-05,5.89094203e-07,0.999999411,22.5561358,0,1.4620764e-07,1.4620764e-07,6.48194154e-09,20,0.349990845,/Users/chrisharing/Desktop/CCS_complex_coupled_systems/Repo/HardDisks/hspist3/experiments_energy_transfer/level2_fast1sigma_20260918/u3/tr_9294.csv,19.1166534,18.7666626,1,"./00ALLINONE_ramp --mode=edmd --experiment=energy_transfer --headless --quiet --edmd-acc=0 --seed-drift-order=drift-first --energy-transfer-summary=experiments_energy_transfer/level2_fast1sigma_20260918/u3/summary.csv --energy-transfer-trace=experiments_energy_transfer/level2_fast1sigma_20260918/u3/tr_9294.csv --particles=100 --particles-boxes=50,50 --particle-radius=0.5 --l0=39.25 --height=10 --num-walls=1 --wall-positions=39.25 --wall-mass-factors=1000000000 --piston-right-protocol-mode=step --velocity-right-piston-step=3 --max-right-piston-travel=0.75 --auto-piston-step --wall-hold-steps=12000 --steps=12500 --fixed-dt=0.4 --energy-measurement --eff-output=wall-ke --kbt1 --seed=9294",9294
2026-09-18 12:52:25,energy_transfer,edmd,12500,12000,0.0166666669,39.25,10,100,0.5,nan,0.100050721,0.100050721,1,39.25,1e+09,50;50,1,0.0416666667,1,1,0.00999999978,100,1000,nan,39.25,1,step,77.75,-3,step,0.75,3,nan,nan,3,nan,nan,4.89880196e-16,1.60149256e-07,326915145,-326915144,-1.60149255e-07,0,3.19748601e-08,3.19748601e-08,65270775,20,0.349990845,/Users/chrisharing/Desktop/CCS_complex_coupled_systems/Repo/HardDisks/hspist3/experiments_energy_transfer/level2_fast1sigma_20260918/u3/tr_9296.csv,19.5833282,19.2333374,1,"./00ALLINONE_ramp --mode=edmd --experiment=energy_transfer --headless --quiet --edmd-acc=0 --seed-drift-order=drift-first --energy-transfer-summary=experiments_energy_transfer/level2_fast1sigma_20260918/u3/summary.csv --energy-transfer-trace=experiments_energy_transfer/level2_fast1sigma_20260918/u3/tr_9296.csv --particles=100 --particles-boxes=50,50 --particle-radius=0.5 --l0=39.25 --height=10 --num-walls=1 --wall-positions=39.25 --wall-mass-factors=1000000000 --piston-right-protocol-mode=step --velocity-right-piston-step=3 --max-right-piston-travel=0.75 --auto-piston-step --wall-hold-steps=12000 --steps=12500 --fixed-dt=0.4 --energy-measurement --eff-output=wall-ke --kbt1 --seed=9296",9296
2026-09-18 12:52:25,energy_transfer,edmd,12500,12000,0.0166666669,39.25,10,100,0.5,nan,0.100050721,0.100050721,1,39.25,1e+09,50;50,1,0.0416666667,1,1,0.00999999978,100,1000,nan,39.25,1,step,77.75,-3,step,0.75,3,nan,nan,3,nan,nan,19.4863834,8.35388892e-06,4.28703919e-07,0.999999571,19.486375,4.04021927e-09,8.53590478e-08,8.13188286e-08,4.17311037e-09,20,0.349990845,/Users/chrisharing/Desktop/CCS_complex_coupled_systems/Repo/HardDisks/hspist3/experiments_energy_transfer/level2_fast1sigma_20260918/u3/tr_9298.csv,14.1499939,13.8000031,0,"./00ALLINONE_ramp --mode=edmd --experiment=energy_transfer --headless --quiet --edmd-acc=0 --seed-drift-order=drift-first --energy-transfer-summary=experiments_energy_transfer/level2_fast1sigma_20260918/u3/summary.csv --energy-transfer-trace=experiments_energy_transfer/level2_fast1sigma_20260918/u3/tr_9298.csv --particles=100 --particles-boxes=50,50 --particle-radius=0.5 --l0=39.25 --height=10 --num-walls=1 --wall-positions=39.25 --wall-mass-factors=1000000000 --piston-right-protocol-mode=step --velocity-right-piston-step=3 --max-right-piston-travel=0.75 --auto-piston-step --wall-hold-steps=12000 --steps=12500 --fixed-dt=0.4 --energy-measurement --eff-output=wall-ke --kbt1 --seed=9298",9298
2026-09-18 12:52:25,energy_transfer,edmd,12500,12000,0.0166666669,39.25,10,100,0.5,nan,0.100050721,0.100050721,1,39.25,1e+09,50;50,1,0.0416666667,1,1,0.00999999978,100,1000,nan,39.25,1,step,77.75,-3,step,0.75,3,nan,nan,3,nan,nan,62.5032886,0.000122283993,1.95644094e-06,0.999998044,62.5031664,0,1.75422656e-06,1.75422656e-06,2.80661482e-08,20,0.349990845,/Users/chrisharing/Desktop/CCS_complex_coupled_systems/Repo/HardDisks/hspist3/experiments_energy_transfer/level2_fast1sigma_20260918/u3/tr_9297.csv,16.6333313,16.2833405,0,"./00ALLINONE_ramp --mode=edmd --experiment=energy_transfer --headless --quiet --edmd-acc=0 --seed-drift-order=drift-first --energy-transfer-summary=experiments_energy_transfer/level2_fast1sigma_20260918/u3/summary.csv --energy-transfer-trace=experiments_energy_transfer/level2_fast1sigma_20260918/u3/tr_9297.csv --particles=100 --particles-boxes=50,50 --particle-radius=0.5 --l0=39.25 --height=10 --num-walls=1 --wall-positions=39.25 --wall-mass-factors=1000000000 --piston-right-protocol-mode=step --velocity-right-piston-step=3 --max-right-piston-travel=0.75 --auto-piston-step --wall-hold-steps=12000 --steps=12500 --fixed-dt=0.4 --energy-measurement --eff-output=wall-ke --kbt1 --seed=9297",9297
2026-09-18 12:52:25,energy_transfer,edmd,12500,12000,0.0166666669,39.25,10,100,0.5,nan,0.100050721,0.100050721,1,39.25,1e+09,50;50,1,0.0416666667,1,1,0.00999999978,100,1000,nan,39.25,1,step,77.75,-3,step,0.75,3,nan,nan,3,nan,nan,24.8364039,1.72241816e-05,6.93505457e-07,0.999999306,24.8363867,6.81700529e-10,5.15023601e-07,5.143419e-07,2.07091937e-08,20,0.349990845,/Users/chrisharing/Desktop/CCS_complex_coupled_systems/Repo/HardDisks/hspist3/experiments_energy_transfer/level2_fast1sigma_20260918/u3/tr_9299.csv,19.9999847,19.6499939,1,"./00ALLINONE_ramp --mode=edmd --experiment=energy_transfer --headless --quiet --edmd-acc=0 --seed-drift-order=drift-first --energy-transfer-summary=experiments_energy_transfer/level2_fast1sigma_20260918/u3/summary.csv --energy-transfer-trace=experiments_energy_transfer/level2_fast1sigma_20260918/u3/tr_9299.csv --particles=100 --particles-boxes=50,50 --particle-radius=0.5 --l0=39.25 --height=10 --num-walls=1 --wall-positions=39.25 --wall-mass-factors=1000000000 --piston-right-protocol-mode=step --velocity-right-piston-step=3 --max-right-piston-travel=0.75 --auto-piston-step --wall-hold-steps=12000 --steps=12500 --fixed-dt=0.4 --energy-measurement --eff-output=wall-ke --kbt1 --seed=9299",9299
