timestamp,mode,sim_mode,steps_after_release,wall_hold_steps,dt_sigma,L0,height,particles_total,radius_sigma,eta_input,eta_nominal,eta_particles_region,num_walls,wall_positions_cli,wall_mass_factors_cli,particles_boxes_cli,wall_thickness_sigma,wall_thickness_vis_sigma,kbt1,kBT,kB_effective,temperature_runtime,spring_k,spring_eq_sigma,spring_eq_sigma_effective,piston_auto,piston_protocol,piston_target_sigma,piston_speed_px,piston_right_protocol_mode,piston_right_travel_sigma,piston_right_v_step_constant,piston_right_v0,piston_right_v_gradient,piston_right_vmax,piston_right_duration,piston_right_sigmoid_steepness,W_in_max,W_out_max,ratio,loss_fraction,total_loss,springE_stop,springE_peak_win,W_out_peak_win,ratio_win,eff_window_T,piston_stop_t_rel,trace_path,spring_peak_t_rel,spring_peak_dt,spring_peak_near_end,command,seed
2026-09-18 13:26:10,energy_transfer,edmd,12500,12000,0.0166666669,39.25,10,100,0.5,nan,0.100050721,0.100050721,1,39.25,1e+09,50;50,1,0.0416666667,1,1,0.00999999978,100,1000,nan,39.25,1,step,73.5,-10,step,5,10,nan,nan,10,nan,nan,1189.59256,0.049815096,4.18757627e-05,0.999958124,1189.54275,2.98840841e-09,0.000461619959,0.00046161697,3.88046281e-07,20,0.549987793,/Users/chrisharing/Desktop/CCS_complex_coupled_systems/Repo/HardDisks/hspist3/experiments_energy_transfer/level2_fastdx_20260918/dx5/tr_9200.csv,20.3666534,19.8166656,1,"./00ALLINONE_ramp --mode=edmd --experiment=energy_transfer --headless --quiet --edmd-acc=0 --seed-drift-order=drift-first --energy-transfer-summary=experiments_energy_transfer/level2_fastdx_20260918/dx5/summary.csv --energy-transfer-trace=experiments_energy_transfer/level2_fastdx_20260918/dx5/tr_9200.csv --particles=100 --particles-boxes=50,50 --particle-radius=0.5 --l0=39.25 --height=10 --num-walls=1 --wall-positions=39.25 --wall-mass-factors=1000000000 --piston-right-protocol-mode=step --velocity-right-piston-step=10 --max-right-piston-travel=5 --auto-piston-step --wall-hold-steps=12000 --steps=12500 --fixed-dt=0.4 --energy-measurement --eff-output=wall-ke --kbt1 --seed=9200",9200
2026-09-18 13:26:10,energy_transfer,edmd,12500,12000,0.0166666669,39.25,10,100,0.5,nan,0.100050721,0.100050721,1,39.25,1e+09,50;50,1,0.0416666667,1,1,0.00999999978,100,1000,nan,39.25,1,step,73.5,-10,step,5,10,nan,nan,10,nan,nan,995.319396,0.0347732417,3.49367669e-05,0.999965063,995.284623,5.46652112e-10,0.000316373771,0.000316373224,3.17861006e-07,20,0.549987793,/Users/chrisharing/Desktop/CCS_complex_coupled_systems/Repo/HardDisks/hspist3/experiments_energy_transfer/level2_fastdx_20260918/dx5/tr_9203.csv,19.9999847,19.4499969,1,"./00ALLINONE_ramp --mode=edmd --experiment=energy_transfer --headless --quiet --edmd-acc=0 --seed-drift-order=drift-first --energy-transfer-summary=experiments_energy_transfer/level2_fastdx_20260918/dx5/summary.csv --energy-transfer-trace=experiments_energy_transfer/level2_fastdx_20260918/dx5/tr_9203.csv --particles=100 --particles-boxes=50,50 --particle-radius=0.5 --l0=39.25 --height=10 --num-walls=1 --wall-positions=39.25 --wall-mass-factors=1000000000 --piston-right-protocol-mode=step --velocity-right-piston-step=10 --max-right-piston-travel=5 --auto-piston-step --wall-hold-steps=12000 --steps=12500 --fixed-dt=0.4 --energy-measurement --eff-output=wall-ke --kbt1 --seed=9203",9203
2026-09-18 13:26:10,energy_transfer,edmd,12500,12000,0.0166666669,39.25,10,100,0.5,nan,0.100050721,0.100050721,1,39.25,1e+09,50;50,1,0.0416666667,1,1,0.00999999978,100,1000,nan,39.25,1,step,73.5,-10,step,5,10,nan,nan,10,nan,nan,921.187389,0.0300481413,3.26189238e-05,0.999967381,921.15734,3.10913767e-10,0.000301961816,0.000301961505,3.27795961e-07,20,0.549987793,/Users/chrisharing/Desktop/CCS_complex_coupled_systems/Repo/HardDisks/hspist3/experiments_energy_transfer/level2_fastdx_20260918/dx5/tr_9201.csv,19.6999969,19.1500092,1,"./00ALLINONE_ramp --mode=edmd --experiment=energy_transfer --headless --quiet --edmd-acc=0 --seed-drift-order=drift-first --energy-transfer-summary=experiments_energy_transfer/level2_fastdx_20260918/dx5/summary.csv --energy-transfer-trace=experiments_energy_transfer/level2_fastdx_20260918/dx5/tr_9201.csv --particles=100 --particles-boxes=50,50 --particle-radius=0.5 --l0=39.25 --height=10 --num-walls=1 --wall-positions=39.25 --wall-mass-factors=1000000000 --piston-right-protocol-mode=step --velocity-right-piston-step=10 --max-right-piston-travel=5 --auto-piston-step --wall-hold-steps=12000 --steps=12500 --fixed-dt=0.4 --energy-measurement --eff-output=wall-ke --kbt1 --seed=9201",9201
2026-09-18 13:26:10,energy_transfer,edmd,12500,12000,0.0166666669,39.25,10,100,0.5,nan,0.100050721,0.100050721,1,39.25,1e+09,50;50,1,0.0416666667,1,1,0.00999999978,100,1000,nan,39.25,1,step,73.5,-10,step,5,10,nan,nan,10,nan,nan,947.308726,0.030388115,3.20783649e-05,0.999967922,947.278338,5.54603652e-09,0.000326905341,0.000326899795,3.45082639e-07,20,0.549987793,/Users/chrisharing/Desktop/CCS_complex_coupled_systems/Repo/HardDisks/hspist3/experiments_energy_transfer/level2_fastdx_20260918/dx5/tr_9202.csv,20.5166626,19.9666748,1,"./00ALLINONE_ramp --mode=edmd --experiment=energy_transfer --headless --quiet --edmd-acc=0 --seed-drift-order=drift-first --energy-transfer-summary=experiments_energy_transfer/level2_fastdx_20260918/dx5/summary.csv --energy-transfer-trace=experiments_energy_transfer/level2_fastdx_20260918/dx5/tr_9202.csv --particles=100 --particles-boxes=50,50 --particle-radius=0.5 --l0=39.25 --height=10 --num-walls=1 --wall-positions=39.25 --wall-mass-factors=1000000000 --piston-right-protocol-mode=step --velocity-right-piston-step=10 --max-right-piston-travel=5 --auto-piston-step --wall-hold-steps=12000 --steps=12500 --fixed-dt=0.4 --energy-measurement --eff-output=wall-ke --kbt1 --seed=9202",9202
2026-09-18 13:26:10,energy_transfer,edmd,12500,12000,0.0166666669,39.25,10,100,0.5,nan,0.100050721,0.100050721,1,39.25,1e+09,50;50,1,0.0416666667,1,1,0.00999999978,100,1000,nan,39.25,1,step,73.5,-10,step,5,10,nan,nan,10,nan,nan,756.500705,0.019377308,2.56143951e-05,0.999974386,756.481328,2.39448594e-09,0.000170233252,0.000170230858,2.25024057e-07,20,0.549987793,/Users/chrisharing/Desktop/CCS_complex_coupled_systems/Repo/HardDisks/hspist3/experiments_energy_transfer/level2_fastdx_20260918/dx5/tr_9208.csv,18.6333313,18.0833435,1,"./00ALLINONE_ramp --mode=edmd --experiment=energy_transfer --headless --quiet --edmd-acc=0 --seed-drift-order=drift-first --energy-transfer-summary=experiments_energy_transfer/level2_fastdx_20260918/dx5/summary.csv --energy-transfer-trace=experiments_energy_transfer/level2_fastdx_20260918/dx5/tr_9208.csv --particles=100 --particles-boxes=50,50 --particle-radius=0.5 --l0=39.25 --height=10 --num-walls=1 --wall-positions=39.25 --wall-mass-factors=1000000000 --piston-right-protocol-mode=step --velocity-right-piston-step=10 --max-right-piston-travel=5 --auto-piston-step --wall-hold-steps=12000 --steps=12500 --fixed-dt=0.4 --energy-measurement --eff-output=wall-ke --kbt1 --seed=9208",9208
2026-09-18 13:26:10,energy_transfer,edmd,12500,12000,0.0166666669,39.25,10,100,0.5,nan,0.100050721,0.100050721,1,39.25,1e+09,50;50,1,0.0416666667,1,1,0.00999999978,100,1000,nan,39.25,1,step,73.5,-10,step,5,10,nan,nan,10,nan,nan,1041.33553,0.0382349119,3.67171875e-05,0.999963283,1041.29729,0,0.000435717346,0.000435717346,4.18421665e-07,20,0.549987793,/Users/chrisharing/Desktop/CCS_complex_coupled_systems/Repo/HardDisks/hspist3/experiments_energy_transfer/level2_fastdx_20260918/dx5/tr_9207.csv,19.9333191,19.3833313,1,"./00ALLINONE_ramp --mode=edmd --experiment=energy_transfer --headless --quiet --edmd-acc=0 --seed-drift-order=drift-first --energy-transfer-summary=experiments_energy_transfer/level2_fastdx_20260918/dx5/summary.csv --energy-transfer-trace=experiments_energy_transfer/level2_fastdx_20260918/dx5/tr_9207.csv --particles=100 --particles-boxes=50,50 --particle-radius=0.5 --l0=39.25 --height=10 --num-walls=1 --wall-positions=39.25 --wall-mass-factors=1000000000 --piston-right-protocol-mode=step --velocity-right-piston-step=10 --max-right-piston-travel=5 --auto-piston-step --wall-hold-steps=12000 --steps=12500 --fixed-dt=0.4 --energy-measurement --eff-output=wall-ke --kbt1 --seed=9207",9207
2026-09-18 13:26:10,energy_transfer,edmd,12500,12000,0.0166666669,39.25,10,100,0.5,nan,0.100050721,0.100050721,1,39.25,1e+09,50;50,1,0.0416666667,1,1,0.00999999978,100,1000,nan,39.25,1,step,73.5,-10,step,5,10,nan,nan,10,nan,nan,1098.9486,0.0413678326,3.76431006e-05,0.999962357,1098.90723,5.96805627e-09,0.000353837444,0.000353831476,3.21972726e-07,20,0.549987793,/Users/chrisharing/Desktop/CCS_complex_coupled_systems/Repo/HardDisks/hspist3/experiments_energy_transfer/level2_fastdx_20260918/dx5/tr_9205.csv,19.9333191,19.3833313,1,"./00ALLINONE_ramp --mode=edmd --experiment=energy_transfer --headless --quiet --edmd-acc=0 --seed-drift-order=drift-first --energy-transfer-summary=experiments_energy_transfer/level2_fastdx_20260918/dx5/summary.csv --energy-transfer-trace=experiments_energy_transfer/level2_fastdx_20260918/dx5/tr_9205.csv --particles=100 --particles-boxes=50,50 --particle-radius=0.5 --l0=39.25 --height=10 --num-walls=1 --wall-positions=39.25 --wall-mass-factors=1000000000 --piston-right-protocol-mode=step --velocity-right-piston-step=10 --max-right-piston-travel=5 --auto-piston-step --wall-hold-steps=12000 --steps=12500 --fixed-dt=0.4 --energy-measurement --eff-output=wall-ke --kbt1 --seed=9205",9205
2026-09-18 13:26:10,energy_transfer,edmd,12500,12000,0.0166666669,39.25,10,100,0.5,nan,0.100050721,0.100050721,1,39.25,1e+09,50;50,1,0.0416666667,1,1,0.00999999978,100,1000,nan,39.25,1,step,73.5,-10,step,5,10,nan,nan,10,nan,nan,1463.01589,0.0741547346,5.06862127e-05,0.999949314,1462.94174,0,0.000786012562,0.000786012562,5.37254972e-07,20,0.549987793,/Users/chrisharing/Desktop/CCS_complex_coupled_systems/Repo/HardDisks/hspist3/experiments_energy_transfer/level2_fastdx_20260918/dx5/tr_9206.csv,20.3166656,19.7666779,1,"./00ALLINONE_ramp --mode=edmd --experiment=energy_transfer --headless --quiet --edmd-acc=0 --seed-drift-order=drift-first --energy-transfer-summary=experiments_energy_transfer/level2_fastdx_20260918/dx5/summary.csv --energy-transfer-trace=experiments_energy_transfer/level2_fastdx_20260918/dx5/tr_9206.csv --particles=100 --particles-boxes=50,50 --particle-radius=0.5 --l0=39.25 --height=10 --num-walls=1 --wall-positions=39.25 --wall-mass-factors=1000000000 --piston-right-protocol-mode=step --velocity-right-piston-step=10 --max-right-piston-travel=5 --auto-piston-step --wall-hold-steps=12000 --steps=12500 --fixed-dt=0.4 --energy-measurement --eff-output=wall-ke --kbt1 --seed=9206",9206
2026-09-18 13:26:10,energy_transfer,edmd,12500,12000,0.0166666669,39.25,10,100,0.5,nan,0.100050721,0.100050721,1,39.25,1e+09,50;50,1,0.0416666667,1,1,0.00999999978,100,1000,nan,39.25,1,step,73.5,-10,step,5,10,nan,nan,10,nan,nan,1811.41349,0.114055827,6.29650977e-05,0.999937035,1811.29943,0,0.00117463816,0.00117463816,6.48464954e-07,20,0.549987793,/Users/chrisharing/Desktop/CCS_complex_coupled_systems/Repo/HardDisks/hspist3/experiments_energy_transfer/level2_fastdx_20260918/dx5/tr_9204.csv,20.5166626,19.9666748,1,"./00ALLINONE_ramp --mode=edmd --experiment=energy_transfer --headless --quiet --edmd-acc=0 --seed-drift-order=drift-first --energy-transfer-summary=experiments_energy_transfer/level2_fastdx_20260918/dx5/summary.csv --energy-transfer-trace=experiments_energy_transfer/level2_fastdx_20260918/dx5/tr_9204.csv --particles=100 --particles-boxes=50,50 --particle-radius=0.5 --l0=39.25 --height=10 --num-walls=1 --wall-positions=39.25 --wall-mass-factors=1000000000 --piston-right-protocol-mode=step --velocity-right-piston-step=10 --max-right-piston-travel=5 --auto-piston-step --wall-hold-steps=12000 --steps=12500 --fixed-dt=0.4 --energy-measurement --eff-output=wall-ke --kbt1 --seed=9204",9204
2026-09-18 13:26:11,energy_transfer,edmd,12500,12000,0.0166666669,39.25,10,100,0.5,nan,0.100050721,0.100050721,1,39.25,1e+09,50;50,1,0.0416666667,1,1,0.00999999978,100,1000,nan,39.25,1,step,73.5,-10,step,5,10,nan,nan,10,nan,nan,592.817948,0.0120048644,2.02505077e-05,0.999979749,592.805943,1.70229331e-10,0.000131155073,0.000131154903,2.21239764e-07,20,0.549987793,/Users/chrisharing/Desktop/CCS_complex_coupled_systems/Repo/HardDisks/hspist3/experiments_energy_transfer/level2_fastdx_20260918/dx5/tr_9213.csv,20.4666595,19.9166718,1,"./00ALLINONE_ramp --mode=edmd --experiment=energy_transfer --headless --quiet --edmd-acc=0 --seed-drift-order=drift-first --energy-transfer-summary=experiments_energy_transfer/level2_fastdx_20260918/dx5/summary.csv --energy-transfer-trace=experiments_energy_transfer/level2_fastdx_20260918/dx5/tr_9213.csv --particles=100 --particles-boxes=50,50 --particle-radius=0.5 --l0=39.25 --height=10 --num-walls=1 --wall-positions=39.25 --wall-mass-factors=1000000000 --piston-right-protocol-mode=step --velocity-right-piston-step=10 --max-right-piston-travel=5 --auto-piston-step --wall-hold-steps=12000 --steps=12500 --fixed-dt=0.4 --energy-measurement --eff-output=wall-ke --kbt1 --seed=9213",9213
2026-09-18 13:26:11,energy_transfer,edmd,12500,12000,0.0166666669,39.25,10,100,0.5,nan,0.100050721,0.100050721,1,39.25,1e+09,50;50,1,0.0416666667,1,1,0.00999999978,100,1000,nan,39.25,1,step,73.5,-10,step,5,10,nan,nan,10,nan,nan,1148.20938,0.0471904203,4.10991419e-05,0.999958901,1148.16219,7.54767859e-10,0.000462312804,0.00046231205,4.02637408e-07,20,0.549987793,/Users/chrisharing/Desktop/CCS_complex_coupled_systems/Repo/HardDisks/hspist3/experiments_energy_transfer/level2_fastdx_20260918/dx5/tr_9209.csv,20.5333252,19.9833374,1,"./00ALLINONE_ramp --mode=edmd --experiment=energy_transfer --headless --quiet --edmd-acc=0 --seed-drift-order=drift-first --energy-transfer-summary=experiments_energy_transfer/level2_fastdx_20260918/dx5/summary.csv --energy-transfer-trace=experiments_energy_transfer/level2_fastdx_20260918/dx5/tr_9209.csv --particles=100 --particles-boxes=50,50 --particle-radius=0.5 --l0=39.25 --height=10 --num-walls=1 --wall-positions=39.25 --wall-mass-factors=1000000000 --piston-right-protocol-mode=step --velocity-right-piston-step=10 --max-right-piston-travel=5 --auto-piston-step --wall-hold-steps=12000 --steps=12500 --fixed-dt=0.4 --energy-measurement --eff-output=wall-ke --kbt1 --seed=9209",9209
2026-09-18 13:26:11,energy_transfer,edmd,12500,12000,0.0166666669,39.25,10,100,0.5,nan,0.100050721,0.100050721,1,39.25,1e+09,50;50,1,0.0416666667,1,1,0.00999999978,100,1000,nan,39.25,1,step,73.5,-10,step,5,10,nan,nan,10,nan,nan,1195.97267,0.0502060987,4.19793025e-05,0.999958021,1195.92247,0,0.00049280806,0.00049280806,4.12056287e-07,20,0.549987793,/Users/chrisharing/Desktop/CCS_complex_coupled_systems/Repo/HardDisks/hspist3/experiments_energy_transfer/level2_fastdx_20260918/dx5/tr_9211.csv,20.2333221,19.6833344,1,"./00ALLINONE_ramp --mode=edmd --experiment=energy_transfer --headless --quiet --edmd-acc=0 --seed-drift-order=drift-first --energy-transfer-summary=experiments_energy_transfer/level2_fastdx_20260918/dx5/summary.csv --energy-transfer-trace=experiments_energy_transfer/level2_fastdx_20260918/dx5/tr_9211.csv --particles=100 --particles-boxes=50,50 --particle-radius=0.5 --l0=39.25 --height=10 --num-walls=1 --wall-positions=39.25 --wall-mass-factors=1000000000 --piston-right-protocol-mode=step --velocity-right-piston-step=10 --max-right-piston-travel=5 --auto-piston-step --wall-hold-steps=12000 --steps=12500 --fixed-dt=0.4 --energy-measurement --eff-output=wall-ke --kbt1 --seed=9211",9211
2026-09-18 13:26:11,energy_transfer,edmd,12500,12000,0.0166666669,39.25,10,100,0.5,nan,0.100050721,0.100050721,1,39.25,1e+09,50;50,1,0.0416666667,1,1,0.00999999978,100,1000,nan,39.25,1,step,73.5,-10,step,5,10,nan,nan,10,nan,nan,946.580371,0.0311419647,3.28994406e-05,0.999967101,946.54923,0,0.00032979736,0.00032979736,3.48409253e-07,20,0.549987793,/Users/chrisharing/Desktop/CCS_complex_coupled_systems/Repo/HardDisks/hspist3/experiments_energy_transfer/level2_fastdx_20260918/dx5/tr_9212.csv,20.4999847,19.9499969,1,"./00ALLINONE_ramp --mode=edmd --experiment=energy_transfer --headless --quiet --edmd-acc=0 --seed-drift-order=drift-first --energy-transfer-summary=experiments_energy_transfer/level2_fastdx_20260918/dx5/summary.csv --energy-transfer-trace=experiments_energy_transfer/level2_fastdx_20260918/dx5/tr_9212.csv --particles=100 --particles-boxes=50,50 --particle-radius=0.5 --l0=39.25 --height=10 --num-walls=1 --wall-positions=39.25 --wall-mass-factors=1000000000 --piston-right-protocol-mode=step --velocity-right-piston-step=10 --max-right-piston-travel=5 --auto-piston-step --wall-hold-steps=12000 --steps=12500 --fixed-dt=0.4 --energy-measurement --eff-output=wall-ke --kbt1 --seed=9212",9212
2026-09-18 13:26:11,energy_transfer,edmd,12500,12000,0.0166666669,39.25,10,100,0.5,nan,0.100050721,0.100050721,1,39.25,1e+09,50;50,1,0.0416666667,1,1,0.00999999978,100,1000,nan,39.25,1,step,73.5,-10,step,5,10,nan,nan,10,nan,nan,823.806197,0.0238944739,2.90049699e-05,0.999970995,823.782302,1.23612365e-08,0.00019814694,0.000198134578,2.40511153e-07,20,0.549987793,/Users/chrisharing/Desktop/CCS_complex_coupled_systems/Repo/HardDisks/hspist3/experiments_energy_transfer/level2_fastdx_20260918/dx5/tr_9215.csv,20.1833191,19.6333313,1,"./00ALLINONE_ramp --mode=edmd --experiment=energy_transfer --headless --quiet --edmd-acc=0 --seed-drift-order=drift-first --energy-transfer-summary=experiments_energy_transfer/level2_fastdx_20260918/dx5/summary.csv --energy-transfer-trace=experiments_energy_transfer/level2_fastdx_20260918/dx5/tr_9215.csv --particles=100 --particles-boxes=50,50 --particle-radius=0.5 --l0=39.25 --height=10 --num-walls=1 --wall-positions=39.25 --wall-mass-factors=1000000000 --piston-right-protocol-mode=step --velocity-right-piston-step=10 --max-right-piston-travel=5 --auto-piston-step --wall-hold-steps=12000 --steps=12500 --fixed-dt=0.4 --energy-measurement --eff-output=wall-ke --kbt1 --seed=9215",9215
2026-09-18 13:26:11,energy_transfer,edmd,12500,12000,0.0166666669,39.25,10,100,0.5,nan,0.100050721,0.100050721,1,39.25,1e+09,50;50,1,0.0416666667,1,1,0.00999999978,100,1000,nan,39.25,1,step,73.5,-10,step,5,10,nan,nan,10,nan,nan,1028.82886,0.0378105231,3.67510326e-05,0.999963249,1028.79105,1.25408861e-09,0.000402971258,0.000402970004,3.91678362e-07,20,0.549987793,/Users/chrisharing/Desktop/CCS_complex_coupled_systems/Repo/HardDisks/hspist3/experiments_energy_transfer/level2_fastdx_20260918/dx5/tr_9214.csv,20.3833313,19.8333435,1,"./00ALLINONE_ramp --mode=edmd --experiment=energy_transfer --headless --quiet --edmd-acc=0 --seed-drift-order=drift-first --energy-transfer-summary=experiments_energy_transfer/level2_fastdx_20260918/dx5/summary.csv --energy-transfer-trace=experiments_energy_transfer/level2_fastdx_20260918/dx5/tr_9214.csv --particles=100 --particles-boxes=50,50 --particle-radius=0.5 --l0=39.25 --height=10 --num-walls=1 --wall-positions=39.25 --wall-mass-factors=1000000000 --piston-right-protocol-mode=step --velocity-right-piston-step=10 --max-right-piston-travel=5 --auto-piston-step --wall-hold-steps=12000 --steps=12500 --fixed-dt=0.4 --energy-measurement --eff-output=wall-ke --kbt1 --seed=9214",9214
2026-09-18 13:26:11,energy_transfer,edmd,12500,12000,0.0166666669,39.25,10,100,0.5,nan,0.100050721,0.100050721,1,39.25,1e+09,50;50,1,0.0416666667,1,1,0.00999999978,100,1000,nan,39.25,1,step,73.5,-10,step,5,10,nan,nan,10,nan,nan,1096.27161,0.0416442119,3.79871298e-05,0.999962013,1096.22996,4.42372139e-09,0.000410709647,0.000410705223,3.74638201e-07,20,0.549987793,/Users/chrisharing/Desktop/CCS_complex_coupled_systems/Repo/HardDisks/hspist3/experiments_energy_transfer/level2_fastdx_20260918/dx5/tr_9216.csv,20.3333282,19.7833405,1,"./00ALLINONE_ramp --mode=edmd --experiment=energy_transfer --headless --quiet --edmd-acc=0 --seed-drift-order=drift-first --energy-transfer-summary=experiments_energy_transfer/level2_fastdx_20260918/dx5/summary.csv --energy-transfer-trace=experiments_energy_transfer/level2_fastdx_20260918/dx5/tr_9216.csv --particles=100 --particles-boxes=50,50 --particle-radius=0.5 --l0=39.25 --height=10 --num-walls=1 --wall-positions=39.25 --wall-mass-factors=1000000000 --piston-right-protocol-mode=step --velocity-right-piston-step=10 --max-right-piston-travel=5 --auto-piston-step --wall-hold-steps=12000 --steps=12500 --fixed-dt=0.4 --energy-measurement --eff-output=wall-ke --kbt1 --seed=9216",9216
2026-09-18 13:26:11,energy_transfer,edmd,12500,12000,0.0166666669,39.25,10,100,0.5,nan,0.100050721,0.100050721,1,39.25,1e+09,50;50,1,0.0416666667,1,1,0.00999999978,100,1000,nan,39.25,1,step,73.5,-10,step,5,10,nan,nan,10,nan,nan,2580.85667,0.230621293,8.93584273e-05,0.999910642,2580.62605,0,0.00239084661,0.00239084661,9.26377135e-07,20,0.549987793,/Users/chrisharing/Desktop/CCS_complex_coupled_systems/Repo/HardDisks/hspist3/experiments_energy_transfer/level2_fastdx_20260918/dx5/tr_9210.csv,20.5499878,20,1,"./00ALLINONE_ramp --mode=edmd --experiment=energy_transfer --headless --quiet --edmd-acc=0 --seed-drift-order=drift-first --energy-transfer-summary=experiments_energy_transfer/level2_fastdx_20260918/dx5/summary.csv --energy-transfer-trace=experiments_energy_transfer/level2_fastdx_20260918/dx5/tr_9210.csv --particles=100 --particles-boxes=50,50 --particle-radius=0.5 --l0=39.25 --height=10 --num-walls=1 --wall-positions=39.25 --wall-mass-factors=1000000000 --piston-right-protocol-mode=step --velocity-right-piston-step=10 --max-right-piston-travel=5 --auto-piston-step --wall-hold-steps=12000 --steps=12500 --fixed-dt=0.4 --energy-measurement --eff-output=wall-ke --kbt1 --seed=9210",9210
2026-09-18 13:26:11,energy_transfer,edmd,12500,12000,0.0166666669,39.25,10,100,0.5,nan,0.100050721,0.100050721,1,39.25,1e+09,50;50,1,0.0416666667,1,1,0.00999999978,100,1000,nan,39.25,1,step,73.5,-10,step,5,10,nan,nan,10,nan,nan,1532.16296,0.0807505175,5.27036092e-05,0.999947296,1532.0822,0,0.000801981019,0.000801981019,5.23430629e-07,20,0.549987793,/Users/chrisharing/Desktop/CCS_complex_coupled_systems/Repo/HardDisks/hspist3/experiments_energy_transfer/level2_fastdx_20260918/dx5/tr_9218.csv,20.5166626,19.9666748,1,"./00ALLINONE_ramp --mode=edmd --experiment=energy_transfer --headless --quiet --edmd-acc=0 --seed-drift-order=drift-first --energy-transfer-summary=experiments_energy_transfer/level2_fastdx_20260918/dx5/summary.csv --energy-transfer-trace=experiments_energy_transfer/level2_fastdx_20260918/dx5/tr_9218.csv --particles=100 --particles-boxes=50,50 --particle-radius=0.5 --l0=39.25 --height=10 --num-walls=1 --wall-positions=39.25 --wall-mass-factors=1000000000 --piston-right-protocol-mode=step --velocity-right-piston-step=10 --max-right-piston-travel=5 --auto-piston-step --wall-hold-steps=12000 --steps=12500 --fixed-dt=0.4 --energy-measurement --eff-output=wall-ke --kbt1 --seed=9218",9218
2026-09-18 13:26:11,energy_transfer,edmd,12500,12000,0.0166666669,39.25,10,100,0.5,nan,0.100050721,0.100050721,1,39.25,1e+09,50;50,1,0.0416666667,1,1,0.00999999978,100,1000,nan,39.25,1,step,73.5,-10,step,5,10,nan,nan,10,nan,nan,1911.89345,0.129630581,6.78021993e-05,0.999932198,1911.76382,1.29811251e-09,0.00128746789,0.0012874666,6.73398718e-07,20,0.549987793,/Users/chrisharing/Desktop/CCS_complex_coupled_systems/Repo/HardDisks/hspist3/experiments_energy_transfer/level2_fastdx_20260918/dx5/tr_9217.csv,20.5166626,19.9666748,1,"./00ALLINONE_ramp --mode=edmd --experiment=energy_transfer --headless --quiet --edmd-acc=0 --seed-drift-order=drift-first --energy-transfer-summary=experiments_energy_transfer/level2_fastdx_20260918/dx5/summary.csv --energy-transfer-trace=experiments_energy_transfer/level2_fastdx_20260918/dx5/tr_9217.csv --particles=100 --particles-boxes=50,50 --particle-radius=0.5 --l0=39.25 --height=10 --num-walls=1 --wall-positions=39.25 --wall-mass-factors=1000000000 --piston-right-protocol-mode=step --velocity-right-piston-step=10 --max-right-piston-travel=5 --auto-piston-step --wall-hold-steps=12000 --steps=12500 --fixed-dt=0.4 --energy-measurement --eff-output=wall-ke --kbt1 --seed=9217",9217
2026-09-18 13:26:11,energy_transfer,edmd,12500,12000,0.0166666669,39.25,10,100,0.5,nan,0.100050721,0.100050721,1,39.25,1e+09,50;50,1,0.0416666667,1,1,0.00999999978,100,1000,nan,39.25,1,step,73.5,-10,step,5,10,nan,nan,10,nan,nan,737.37553,0.0191235449,2.59346075e-05,0.999974065,737.356406,0,0.000193482309,0.000193482309,2.62393178e-07,20,0.549987793,/Users/chrisharing/Desktop/CCS_complex_coupled_systems/Repo/HardDisks/hspist3/experiments_energy_transfer/level2_fastdx_20260918/dx5/tr_9221.csv,20.5499878,20,1,"./00ALLINONE_ramp --mode=edmd --experiment=energy_transfer --headless --quiet --edmd-acc=0 --seed-drift-order=drift-first --energy-transfer-summary=experiments_energy_transfer/level2_fastdx_20260918/dx5/summary.csv --energy-transfer-trace=experiments_energy_transfer/level2_fastdx_20260918/dx5/tr_9221.csv --particles=100 --particles-boxes=50,50 --particle-radius=0.5 --l0=39.25 --height=10 --num-walls=1 --wall-positions=39.25 --wall-mass-factors=1000000000 --piston-right-protocol-mode=step --velocity-right-piston-step=10 --max-right-piston-travel=5 --auto-piston-step --wall-hold-steps=12000 --steps=12500 --fixed-dt=0.4 --energy-measurement --eff-output=wall-ke --kbt1 --seed=9221",9221
2026-09-18 13:26:11,energy_transfer,edmd,12500,12000,0.0166666669,39.25,10,100,0.5,nan,0.100050721,0.100050721,1,39.25,1e+09,50;50,1,0.0416666667,1,1,0.00999999978,100,1000,nan,39.25,1,step,73.5,-10,step,5,10,nan,nan,10,nan,nan,1009.27452,0.0355437584,3.52171363e-05,0.999964783,1009.23898,0,0.000401542842,0.000401542842,3.97852946e-07,20,0.549987793,/Users/chrisharing/Desktop/CCS_complex_coupled_systems/Repo/HardDisks/hspist3/experiments_energy_transfer/level2_fastdx_20260918/dx5/tr_9220.csv,20.4999847,19.9499969,1,"./00ALLINONE_ramp --mode=edmd --experiment=energy_transfer --headless --quiet --edmd-acc=0 --seed-drift-order=drift-first --energy-transfer-summary=experiments_energy_transfer/level2_fastdx_20260918/dx5/summary.csv --energy-transfer-trace=experiments_energy_transfer/level2_fastdx_20260918/dx5/tr_9220.csv --particles=100 --particles-boxes=50,50 --particle-radius=0.5 --l0=39.25 --height=10 --num-walls=1 --wall-positions=39.25 --wall-mass-factors=1000000000 --piston-right-protocol-mode=step --velocity-right-piston-step=10 --max-right-piston-travel=5 --auto-piston-step --wall-hold-steps=12000 --steps=12500 --fixed-dt=0.4 --energy-measurement --eff-output=wall-ke --kbt1 --seed=9220",9220
2026-09-18 13:26:11,energy_transfer,edmd,12500,12000,0.0166666669,39.25,10,100,0.5,nan,0.100050721,0.100050721,1,39.25,1e+09,50;50,1,0.0416666667,1,1,0.00999999978,100,1000,nan,39.25,1,step,73.5,-10,step,5,10,nan,nan,10,nan,nan,1002.63285,0.0349327475,3.48410162e-05,0.999965159,1002.59792,1.65276304e-09,0.000395602314,0.000395600661,3.94561838e-07,20,0.549987793,/Users/chrisharing/Desktop/CCS_complex_coupled_systems/Repo/HardDisks/hspist3/experiments_energy_transfer/level2_fastdx_20260918/dx5/tr_9224.csv,20.5499878,20,1,"./00ALLINONE_ramp --mode=edmd --experiment=energy_transfer --headless --quiet --edmd-acc=0 --seed-drift-order=drift-first --energy-transfer-summary=experiments_energy_transfer/level2_fastdx_20260918/dx5/summary.csv --energy-transfer-trace=experiments_energy_transfer/level2_fastdx_20260918/dx5/tr_9224.csv --particles=100 --particles-boxes=50,50 --particle-radius=0.5 --l0=39.25 --height=10 --num-walls=1 --wall-positions=39.25 --wall-mass-factors=1000000000 --piston-right-protocol-mode=step --velocity-right-piston-step=10 --max-right-piston-travel=5 --auto-piston-step --wall-hold-steps=12000 --steps=12500 --fixed-dt=0.4 --energy-measurement --eff-output=wall-ke --kbt1 --seed=9224",9224
2026-09-18 13:26:11,energy_transfer,edmd,12500,12000,0.0166666669,39.25,10,100,0.5,nan,0.100050721,0.100050721,1,39.25,1e+09,50;50,1,0.0416666667,1,1,0.00999999978,100,1000,nan,39.25,1,step,73.5,-10,step,5,10,nan,nan,10,nan,nan,850.248134,0.0256613661,3.01810319e-05,0.999969819,850.222473,3.46004336e-09,0.000266095012,0.000266091552,3.12957525e-07,20,0.549987793,/Users/chrisharing/Desktop/CCS_complex_coupled_systems/Repo/HardDisks/hspist3/experiments_energy_transfer/level2_fastdx_20260918/dx5/tr_9227.csv,20.1833191,19.6333313,1,"./00ALLINONE_ramp --mode=edmd --experiment=energy_transfer --headless --quiet --edmd-acc=0 --seed-drift-order=drift-first --energy-transfer-summary=experiments_energy_transfer/level2_fastdx_20260918/dx5/summary.csv --energy-transfer-trace=experiments_energy_transfer/level2_fastdx_20260918/dx5/tr_9227.csv --particles=100 --particles-boxes=50,50 --particle-radius=0.5 --l0=39.25 --height=10 --num-walls=1 --wall-positions=39.25 --wall-mass-factors=1000000000 --piston-right-protocol-mode=step --velocity-right-piston-step=10 --max-right-piston-travel=5 --auto-piston-step --wall-hold-steps=12000 --steps=12500 --fixed-dt=0.4 --energy-measurement --eff-output=wall-ke --kbt1 --seed=9227",9227
2026-09-18 13:26:11,energy_transfer,edmd,12500,12000,0.0166666669,39.25,10,100,0.5,nan,0.100050721,0.100050721,1,39.25,1e+09,50;50,1,0.0416666667,1,1,0.00999999978,100,1000,nan,39.25,1,step,73.5,-10,step,5,10,nan,nan,10,nan,nan,1454.12177,0.0739726052,5.08709841e-05,0.999949129,1454.04779,7.48307283e-09,0.000798395718,0.000798388235,5.49051843e-07,20,0.549987793,/Users/chrisharing/Desktop/CCS_complex_coupled_systems/Repo/HardDisks/hspist3/experiments_energy_transfer/level2_fastdx_20260918/dx5/tr_9219.csv,20.1999969,19.6500092,1,"./00ALLINONE_ramp --mode=edmd --experiment=energy_transfer --headless --quiet --edmd-acc=0 --seed-drift-order=drift-first --energy-transfer-summary=experiments_energy_transfer/level2_fastdx_20260918/dx5/summary.csv --energy-transfer-trace=experiments_energy_transfer/level2_fastdx_20260918/dx5/tr_9219.csv --particles=100 --particles-boxes=50,50 --particle-radius=0.5 --l0=39.25 --height=10 --num-walls=1 --wall-positions=39.25 --wall-mass-factors=1000000000 --piston-right-protocol-mode=step --velocity-right-piston-step=10 --max-right-piston-travel=5 --auto-piston-step --wall-hold-steps=12000 --steps=12500 --fixed-dt=0.4 --energy-measurement --eff-output=wall-ke --kbt1 --seed=9219",9219
2026-09-18 13:26:11,energy_transfer,edmd,12500,12000,0.0166666669,39.25,10,100,0.5,nan,0.100050721,0.100050721,1,39.25,1e+09,50;50,1,0.0416666667,1,1,0.00999999978,100,1000,nan,39.25,1,step,73.5,-10,step,5,10,nan,nan,10,nan,nan,1141.27471,0.0451288819,3.95425235e-05,0.999960457,1141.22958,0,0.000441774348,0.000441774348,3.87088529e-07,20,0.549987793,/Users/chrisharing/Desktop/CCS_complex_coupled_systems/Repo/HardDisks/hspist3/experiments_energy_transfer/level2_fastdx_20260918/dx5/tr_9225.csv,20.0833282,19.5333405,1,"./00ALLINONE_ramp --mode=edmd --experiment=energy_transfer --headless --quiet --edmd-acc=0 --seed-drift-order=drift-first --energy-transfer-summary=experiments_energy_transfer/level2_fastdx_20260918/dx5/summary.csv --energy-transfer-trace=experiments_energy_transfer/level2_fastdx_20260918/dx5/tr_9225.csv --particles=100 --particles-boxes=50,50 --particle-radius=0.5 --l0=39.25 --height=10 --num-walls=1 --wall-positions=39.25 --wall-mass-factors=1000000000 --piston-right-protocol-mode=step --velocity-right-piston-step=10 --max-right-piston-travel=5 --auto-piston-step --wall-hold-steps=12000 --steps=12500 --fixed-dt=0.4 --energy-measurement --eff-output=wall-ke --kbt1 --seed=9225",9225
2026-09-18 13:26:11,energy_transfer,edmd,12500,12000,0.0166666669,39.25,10,100,0.5,nan,0.100050721,0.100050721,1,39.25,1e+09,50;50,1,0.0416666667,1,1,0.00999999978,100,1000,nan,39.25,1,step,73.5,-10,step,5,10,nan,nan,10,nan,nan,1118.77405,0.0445947684,3.98603885e-05,0.99996014,1118.72946,0,0.000413208181,0.000413208181,3.69340154e-07,20,0.549987793,/Users/chrisharing/Desktop/CCS_complex_coupled_systems/Repo/HardDisks/hspist3/experiments_energy_transfer/level2_fastdx_20260918/dx5/tr_9226.csv,19.7666626,19.2166748,1,"./00ALLINONE_ramp --mode=edmd --experiment=energy_transfer --headless --quiet --edmd-acc=0 --seed-drift-order=drift-first --energy-transfer-summary=experiments_energy_transfer/level2_fastdx_20260918/dx5/summary.csv --energy-transfer-trace=experiments_energy_transfer/level2_fastdx_20260918/dx5/tr_9226.csv --particles=100 --particles-boxes=50,50 --particle-radius=0.5 --l0=39.25 --height=10 --num-walls=1 --wall-positions=39.25 --wall-mass-factors=1000000000 --piston-right-protocol-mode=step --velocity-right-piston-step=10 --max-right-piston-travel=5 --auto-piston-step --wall-hold-steps=12000 --steps=12500 --fixed-dt=0.4 --energy-measurement --eff-output=wall-ke --kbt1 --seed=9226",9226
2026-09-18 13:26:11,energy_transfer,edmd,12500,12000,0.0166666669,39.25,10,100,0.5,nan,0.100050721,0.100050721,1,39.25,1e+09,50;50,1,0.0416666667,1,1,0.00999999978,100,1000,nan,39.25,1,step,73.5,-10,step,5,10,nan,nan,10,nan,nan,1487.06357,0.0769733712,5.17619909e-05,0.999948238,1486.9866,7.96475064e-09,0.000752789609,0.000752781644,5.06220216e-07,20,0.549987793,/Users/chrisharing/Desktop/CCS_complex_coupled_systems/Repo/HardDisks/hspist3/experiments_energy_transfer/level2_fastdx_20260918/dx5/tr_9222.csv,20.4666595,19.9166718,1,"./00ALLINONE_ramp --mode=edmd --experiment=energy_transfer --headless --quiet --edmd-acc=0 --seed-drift-order=drift-first --energy-transfer-summary=experiments_energy_transfer/level2_fastdx_20260918/dx5/summary.csv --energy-transfer-trace=experiments_energy_transfer/level2_fastdx_20260918/dx5/tr_9222.csv --particles=100 --particles-boxes=50,50 --particle-radius=0.5 --l0=39.25 --height=10 --num-walls=1 --wall-positions=39.25 --wall-mass-factors=1000000000 --piston-right-protocol-mode=step --velocity-right-piston-step=10 --max-right-piston-travel=5 --auto-piston-step --wall-hold-steps=12000 --steps=12500 --fixed-dt=0.4 --energy-measurement --eff-output=wall-ke --kbt1 --seed=9222",9222
2026-09-18 13:26:11,energy_transfer,edmd,12500,12000,0.0166666669,39.25,10,100,0.5,nan,0.100050721,0.100050721,1,39.25,1e+09,50;50,1,0.0416666667,1,1,0.00999999978,100,1000,nan,39.25,1,step,73.5,-10,step,5,10,nan,nan,10,nan,nan,1569.69139,0.0854027644,5.440736e-05,0.999945593,1569.60598,2.26540287e-10,0.000899203005,0.000899202779,5.72853228e-07,20,0.549987793,/Users/chrisharing/Desktop/CCS_complex_coupled_systems/Repo/HardDisks/hspist3/experiments_energy_transfer/level2_fastdx_20260918/dx5/tr_9223.csv,20.5499878,20,1,"./00ALLINONE_ramp --mode=edmd --experiment=energy_transfer --headless --quiet --edmd-acc=0 --seed-drift-order=drift-first --energy-transfer-summary=experiments_energy_transfer/level2_fastdx_20260918/dx5/summary.csv --energy-transfer-trace=experiments_energy_transfer/level2_fastdx_20260918/dx5/tr_9223.csv --particles=100 --particles-boxes=50,50 --particle-radius=0.5 --l0=39.25 --height=10 --num-walls=1 --wall-positions=39.25 --wall-mass-factors=1000000000 --piston-right-protocol-mode=step --velocity-right-piston-step=10 --max-right-piston-travel=5 --auto-piston-step --wall-hold-steps=12000 --steps=12500 --fixed-dt=0.4 --energy-measurement --eff-output=wall-ke --kbt1 --seed=9223",9223
2026-09-18 13:26:11,energy_transfer,edmd,12500,12000,0.0166666669,39.25,10,100,0.5,nan,0.100050721,0.100050721,1,39.25,1e+09,50;50,1,0.0416666667,1,1,0.00999999978,100,1000,nan,39.25,1,step,73.5,-10,step,5,10,nan,nan,10,nan,nan,1148.78782,0.0456265807,3.97171522e-05,0.999960283,1148.74219,3.05265644e-08,0.000465759746,0.000465729219,4.05409259e-07,20,0.549987793,/Users/chrisharing/Desktop/CCS_complex_coupled_systems/Repo/HardDisks/hspist3/experiments_energy_transfer/level2_fastdx_20260918/dx5/tr_9228.csv,20.0333252,19.4833374,1,"./00ALLINONE_ramp --mode=edmd --experiment=energy_transfer --headless --quiet --edmd-acc=0 --seed-drift-order=drift-first --energy-transfer-summary=experiments_energy_transfer/level2_fastdx_20260918/dx5/summary.csv --energy-transfer-trace=experiments_energy_transfer/level2_fastdx_20260918/dx5/tr_9228.csv --particles=100 --particles-boxes=50,50 --particle-radius=0.5 --l0=39.25 --height=10 --num-walls=1 --wall-positions=39.25 --wall-mass-factors=1000000000 --piston-right-protocol-mode=step --velocity-right-piston-step=10 --max-right-piston-travel=5 --auto-piston-step --wall-hold-steps=12000 --steps=12500 --fixed-dt=0.4 --energy-measurement --eff-output=wall-ke --kbt1 --seed=9228",9228
2026-09-18 13:26:11,energy_transfer,edmd,12500,12000,0.0166666669,39.25,10,100,0.5,nan,0.100050721,0.100050721,1,39.25,1e+09,50;50,1,0.0416666667,1,1,0.00999999978,100,1000,nan,39.25,1,step,73.5,-10,step,5,10,nan,nan,10,nan,nan,1312.75412,0.0610378273,4.64960088e-05,0.999953504,1312.69309,5.66834224e-09,0.000682454032,0.000682448364,5.19860004e-07,20,0.549987793,/Users/chrisharing/Desktop/CCS_complex_coupled_systems/Repo/HardDisks/hspist3/experiments_energy_transfer/level2_fastdx_20260918/dx5/tr_9229.csv,20.3166656,19.7666779,1,"./00ALLINONE_ramp --mode=edmd --experiment=energy_transfer --headless --quiet --edmd-acc=0 --seed-drift-order=drift-first --energy-transfer-summary=experiments_energy_transfer/level2_fastdx_20260918/dx5/summary.csv --energy-transfer-trace=experiments_energy_transfer/level2_fastdx_20260918/dx5/tr_9229.csv --particles=100 --particles-boxes=50,50 --particle-radius=0.5 --l0=39.25 --height=10 --num-walls=1 --wall-positions=39.25 --wall-mass-factors=1000000000 --piston-right-protocol-mode=step --velocity-right-piston-step=10 --max-right-piston-travel=5 --auto-piston-step --wall-hold-steps=12000 --steps=12500 --fixed-dt=0.4 --energy-measurement --eff-output=wall-ke --kbt1 --seed=9229",9229
2026-09-18 13:26:11,energy_transfer,edmd,12500,12000,0.0166666669,39.25,10,100,0.5,nan,0.100050721,0.100050721,1,39.25,1e+09,50;50,1,0.0416666667,1,1,0.00999999978,100,1000,nan,39.25,1,step,73.5,-10,step,5,10,nan,nan,10,nan,nan,1868.19855,0.119219758,6.3815357e-05,0.999936185,1868.07933,0,0.0011999642,0.0011999642,6.42310851e-07,20,0.549987793,/Users/chrisharing/Desktop/CCS_complex_coupled_systems/Repo/HardDisks/hspist3/experiments_energy_transfer/level2_fastdx_20260918/dx5/tr_9230.csv,20.5166626,19.9666748,1,"./00ALLINONE_ramp --mode=edmd --experiment=energy_transfer --headless --quiet --edmd-acc=0 --seed-drift-order=drift-first --energy-transfer-summary=experiments_energy_transfer/level2_fastdx_20260918/dx5/summary.csv --energy-transfer-trace=experiments_energy_transfer/level2_fastdx_20260918/dx5/tr_9230.csv --particles=100 --particles-boxes=50,50 --particle-radius=0.5 --l0=39.25 --height=10 --num-walls=1 --wall-positions=39.25 --wall-mass-factors=1000000000 --piston-right-protocol-mode=step --velocity-right-piston-step=10 --max-right-piston-travel=5 --auto-piston-step --wall-hold-steps=12000 --steps=12500 --fixed-dt=0.4 --energy-measurement --eff-output=wall-ke --kbt1 --seed=9230",9230
2026-09-18 13:26:12,energy_transfer,edmd,12500,12000,0.0166666669,39.25,10,100,0.5,nan,0.100050721,0.100050721,1,39.25,1e+09,50;50,1,0.0416666667,1,1,0.00999999978,100,1000,nan,39.25,1,step,73.5,-10,step,5,10,nan,nan,10,nan,nan,825.739051,0.0235330481,2.84993765e-05,0.999971501,825.715518,5.00943553e-09,0.000219088208,0.000219083198,2.65317715e-07,20,0.549987793,/Users/chrisharing/Desktop/CCS_complex_coupled_systems/Repo/HardDisks/hspist3/experiments_energy_transfer/level2_fastdx_20260918/dx5/tr_9233.csv,20.2499847,19.6999969,1,"./00ALLINONE_ramp --mode=edmd --experiment=energy_transfer --headless --quiet --edmd-acc=0 --seed-drift-order=drift-first --energy-transfer-summary=experiments_energy_transfer/level2_fastdx_20260918/dx5/summary.csv --energy-transfer-trace=experiments_energy_transfer/level2_fastdx_20260918/dx5/tr_9233.csv --particles=100 --particles-boxes=50,50 --particle-radius=0.5 --l0=39.25 --height=10 --num-walls=1 --wall-positions=39.25 --wall-mass-factors=1000000000 --piston-right-protocol-mode=step --velocity-right-piston-step=10 --max-right-piston-travel=5 --auto-piston-step --wall-hold-steps=12000 --steps=12500 --fixed-dt=0.4 --energy-measurement --eff-output=wall-ke --kbt1 --seed=9233",9233
2026-09-18 13:26:12,energy_transfer,edmd,12500,12000,0.0166666669,39.25,10,100,0.5,nan,0.100050721,0.100050721,1,39.25,1e+09,50;50,1,0.0416666667,1,1,0.00999999978,100,1000,nan,39.25,1,step,73.5,-10,step,5,10,nan,nan,10,nan,nan,1268.68462,0.0562600531,4.43451842e-05,0.999955655,1268.62836,0,0.000554789207,0.000554789207,4.37294816e-07,20,0.549987793,/Users/chrisharing/Desktop/CCS_complex_coupled_systems/Repo/HardDisks/hspist3/experiments_energy_transfer/level2_fastdx_20260918/dx5/tr_9232.csv,20.3166656,19.7666779,1,"./00ALLINONE_ramp --mode=edmd --experiment=energy_transfer --headless --quiet --edmd-acc=0 --seed-drift-order=drift-first --energy-transfer-summary=experiments_energy_transfer/level2_fastdx_20260918/dx5/summary.csv --energy-transfer-trace=experiments_energy_transfer/level2_fastdx_20260918/dx5/tr_9232.csv --particles=100 --particles-boxes=50,50 --particle-radius=0.5 --l0=39.25 --height=10 --num-walls=1 --wall-positions=39.25 --wall-mass-factors=1000000000 --piston-right-protocol-mode=step --velocity-right-piston-step=10 --max-right-piston-travel=5 --auto-piston-step --wall-hold-steps=12000 --steps=12500 --fixed-dt=0.4 --energy-measurement --eff-output=wall-ke --kbt1 --seed=9232",9232
2026-09-18 13:26:12,energy_transfer,edmd,12500,12000,0.0166666669,39.25,10,100,0.5,nan,0.100050721,0.100050721,1,39.25,1e+09,50;50,1,0.0416666667,1,1,0.00999999978,100,1000,nan,39.25,1,step,73.5,-10,step,5,10,nan,nan,10,nan,nan,1281.93546,0.0578824393,4.51523818e-05,0.999954848,1281.87758,6.96987534e-09,0.000607096939,0.000607089969,4.7357296e-07,20,0.549987793,/Users/chrisharing/Desktop/CCS_complex_coupled_systems/Repo/HardDisks/hspist3/experiments_energy_transfer/level2_fastdx_20260918/dx5/tr_9234.csv,20.5166626,19.9666748,1,"./00ALLINONE_ramp --mode=edmd --experiment=energy_transfer --headless --quiet --edmd-acc=0 --seed-drift-order=drift-first --energy-transfer-summary=experiments_energy_transfer/level2_fastdx_20260918/dx5/summary.csv --energy-transfer-trace=experiments_energy_transfer/level2_fastdx_20260918/dx5/tr_9234.csv --particles=100 --particles-boxes=50,50 --particle-radius=0.5 --l0=39.25 --height=10 --num-walls=1 --wall-positions=39.25 --wall-mass-factors=1000000000 --piston-right-protocol-mode=step --velocity-right-piston-step=10 --max-right-piston-travel=5 --auto-piston-step --wall-hold-steps=12000 --steps=12500 --fixed-dt=0.4 --energy-measurement --eff-output=wall-ke --kbt1 --seed=9234",9234
2026-09-18 13:26:12,energy_transfer,edmd,12500,12000,0.0166666669,39.25,10,100,0.5,nan,0.100050721,0.100050721,1,39.25,1e+09,50;50,1,0.0416666667,1,1,0.00999999978,100,1000,nan,39.25,1,step,73.5,-10,step,5,10,nan,nan,10,nan,nan,1257.11985,0.0563404262,4.48170683e-05,0.999955183,1257.06351,6.99105607e-10,0.000568361138,0.000568360439,4.52113168e-07,20,0.549987793,/Users/chrisharing/Desktop/CCS_complex_coupled_systems/Repo/HardDisks/hspist3/experiments_energy_transfer/level2_fastdx_20260918/dx5/tr_9235.csv,20.5333252,19.9833374,1,"./00ALLINONE_ramp --mode=edmd --experiment=energy_transfer --headless --quiet --edmd-acc=0 --seed-drift-order=drift-first --energy-transfer-summary=experiments_energy_transfer/level2_fastdx_20260918/dx5/summary.csv --energy-transfer-trace=experiments_energy_transfer/level2_fastdx_20260918/dx5/tr_9235.csv --particles=100 --particles-boxes=50,50 --particle-radius=0.5 --l0=39.25 --height=10 --num-walls=1 --wall-positions=39.25 --wall-mass-factors=1000000000 --piston-right-protocol-mode=step --velocity-right-piston-step=10 --max-right-piston-travel=5 --auto-piston-step --wall-hold-steps=12000 --steps=12500 --fixed-dt=0.4 --energy-measurement --eff-output=wall-ke --kbt1 --seed=9235",9235
2026-09-18 13:26:12,energy_transfer,edmd,12500,12000,0.0166666669,39.25,10,100,0.5,nan,0.100050721,0.100050721,1,39.25,1e+09,50;50,1,0.0416666667,1,1,0.00999999978,100,1000,nan,39.25,1,step,73.5,-10,step,5,10,nan,nan,10,nan,nan,1612.26085,0.0912452415,5.65945898e-05,0.999943405,1612.1696,1.21891808e-09,0.000898926985,0.000898925766,5.57556034e-07,20,0.549987793,/Users/chrisharing/Desktop/CCS_complex_coupled_systems/Repo/HardDisks/hspist3/experiments_energy_transfer/level2_fastdx_20260918/dx5/tr_9231.csv,20.2833252,19.7333374,1,"./00ALLINONE_ramp --mode=edmd --experiment=energy_transfer --headless --quiet --edmd-acc=0 --seed-drift-order=drift-first --energy-transfer-summary=experiments_energy_transfer/level2_fastdx_20260918/dx5/summary.csv --energy-transfer-trace=experiments_energy_transfer/level2_fastdx_20260918/dx5/tr_9231.csv --particles=100 --particles-boxes=50,50 --particle-radius=0.5 --l0=39.25 --height=10 --num-walls=1 --wall-positions=39.25 --wall-mass-factors=1000000000 --piston-right-protocol-mode=step --velocity-right-piston-step=10 --max-right-piston-travel=5 --auto-piston-step --wall-hold-steps=12000 --steps=12500 --fixed-dt=0.4 --energy-measurement --eff-output=wall-ke --kbt1 --seed=9231",9231
2026-09-18 13:26:12,energy_transfer,edmd,12500,12000,0.0166666669,39.25,10,100,0.5,nan,0.100050721,0.100050721,1,39.25,1e+09,50;50,1,0.0416666667,1,1,0.00999999978,100,1000,nan,39.25,1,step,73.5,-10,step,5,10,nan,nan,10,nan,nan,1189.8175,0.049791269,4.18478203e-05,0.999958152,1189.76771,6.28725561e-09,0.000471945736,0.000471939448,3.96648602e-07,20,0.549987793,/Users/chrisharing/Desktop/CCS_complex_coupled_systems/Repo/HardDisks/hspist3/experiments_energy_transfer/level2_fastdx_20260918/dx5/tr_9236.csv,19.8166656,19.2666779,1,"./00ALLINONE_ramp --mode=edmd --experiment=energy_transfer --headless --quiet --edmd-acc=0 --seed-drift-order=drift-first --energy-transfer-summary=experiments_energy_transfer/level2_fastdx_20260918/dx5/summary.csv --energy-transfer-trace=experiments_energy_transfer/level2_fastdx_20260918/dx5/tr_9236.csv --particles=100 --particles-boxes=50,50 --particle-radius=0.5 --l0=39.25 --height=10 --num-walls=1 --wall-positions=39.25 --wall-mass-factors=1000000000 --piston-right-protocol-mode=step --velocity-right-piston-step=10 --max-right-piston-travel=5 --auto-piston-step --wall-hold-steps=12000 --steps=12500 --fixed-dt=0.4 --energy-measurement --eff-output=wall-ke --kbt1 --seed=9236",9236
2026-09-18 13:26:12,energy_transfer,edmd,12500,12000,0.0166666669,39.25,10,100,0.5,nan,0.100050721,0.100050721,1,39.25,1e+09,50;50,1,0.0416666667,1,1,0.00999999978,100,1000,nan,39.25,1,step,73.5,-10,step,5,10,nan,nan,10,nan,nan,1205.72082,0.0505682267,4.19402453e-05,0.99995806,1205.67025,0,0.000559777312,0.000559777312,4.64267769e-07,20,0.549987793,/Users/chrisharing/Desktop/CCS_complex_coupled_systems/Repo/HardDisks/hspist3/experiments_energy_transfer/level2_fastdx_20260918/dx5/tr_9238.csv,20.3166656,19.7666779,1,"./00ALLINONE_ramp --mode=edmd --experiment=energy_transfer --headless --quiet --edmd-acc=0 --seed-drift-order=drift-first --energy-transfer-summary=experiments_energy_transfer/level2_fastdx_20260918/dx5/summary.csv --energy-transfer-trace=experiments_energy_transfer/level2_fastdx_20260918/dx5/tr_9238.csv --particles=100 --particles-boxes=50,50 --particle-radius=0.5 --l0=39.25 --height=10 --num-walls=1 --wall-positions=39.25 --wall-mass-factors=1000000000 --piston-right-protocol-mode=step --velocity-right-piston-step=10 --max-right-piston-travel=5 --auto-piston-step --wall-hold-steps=12000 --steps=12500 --fixed-dt=0.4 --energy-measurement --eff-output=wall-ke --kbt1 --seed=9238",9238
2026-09-18 13:26:12,energy_transfer,edmd,12500,12000,0.0166666669,39.25,10,100,0.5,nan,0.100050721,0.100050721,1,39.25,1e+09,50;50,1,0.0416666667,1,1,0.00999999978,100,1000,nan,39.25,1,step,73.5,-10,step,5,10,nan,nan,10,nan,nan,1303.87113,0.0588651486,4.51464466e-05,0.999954854,1303.81227,1.17933094e-11,0.000587648421,0.000587648409,4.5069516e-07,20,0.549987793,/Users/chrisharing/Desktop/CCS_complex_coupled_systems/Repo/HardDisks/hspist3/experiments_energy_transfer/level2_fastdx_20260918/dx5/tr_9239.csv,20.5166626,19.9666748,1,"./00ALLINONE_ramp --mode=edmd --experiment=energy_transfer --headless --quiet --edmd-acc=0 --seed-drift-order=drift-first --energy-transfer-summary=experiments_energy_transfer/level2_fastdx_20260918/dx5/summary.csv --energy-transfer-trace=experiments_energy_transfer/level2_fastdx_20260918/dx5/tr_9239.csv --particles=100 --particles-boxes=50,50 --particle-radius=0.5 --l0=39.25 --height=10 --num-walls=1 --wall-positions=39.25 --wall-mass-factors=1000000000 --piston-right-protocol-mode=step --velocity-right-piston-step=10 --max-right-piston-travel=5 --auto-piston-step --wall-hold-steps=12000 --steps=12500 --fixed-dt=0.4 --energy-measurement --eff-output=wall-ke --kbt1 --seed=9239",9239
2026-09-18 13:26:12,energy_transfer,edmd,12500,12000,0.0166666669,39.25,10,100,0.5,nan,0.100050721,0.100050721,1,39.25,1e+09,50;50,1,0.0416666667,1,1,0.00999999978,100,1000,nan,39.25,1,step,73.5,-10,step,5,10,nan,nan,10,nan,nan,1850.25597,0.118532389,6.4062698e-05,0.999935937,1850.13744,0,0.00123525725,0.00123525725,6.67614251e-07,20,0.549987793,/Users/chrisharing/Desktop/CCS_complex_coupled_systems/Repo/HardDisks/hspist3/experiments_energy_transfer/level2_fastdx_20260918/dx5/tr_9237.csv,20.5499878,20,1,"./00ALLINONE_ramp --mode=edmd --experiment=energy_transfer --headless --quiet --edmd-acc=0 --seed-drift-order=drift-first --energy-transfer-summary=experiments_energy_transfer/level2_fastdx_20260918/dx5/summary.csv --energy-transfer-trace=experiments_energy_transfer/level2_fastdx_20260918/dx5/tr_9237.csv --particles=100 --particles-boxes=50,50 --particle-radius=0.5 --l0=39.25 --height=10 --num-walls=1 --wall-positions=39.25 --wall-mass-factors=1000000000 --piston-right-protocol-mode=step --velocity-right-piston-step=10 --max-right-piston-travel=5 --auto-piston-step --wall-hold-steps=12000 --steps=12500 --fixed-dt=0.4 --energy-measurement --eff-output=wall-ke --kbt1 --seed=9237",9237
2026-09-18 13:26:12,energy_transfer,edmd,12500,12000,0.0166666669,39.25,10,100,0.5,nan,0.100050721,0.100050721,1,39.25,1e+09,50;50,1,0.0416666667,1,1,0.00999999978,100,1000,nan,39.25,1,step,73.5,-10,step,5,10,nan,nan,10,nan,nan,868.708248,0.0258945376,2.98080945e-05,0.999970192,868.682354,0,0.00028175817,0.00028175817,3.24341539e-07,20,0.549987793,/Users/chrisharing/Desktop/CCS_complex_coupled_systems/Repo/HardDisks/hspist3/experiments_energy_transfer/level2_fastdx_20260918/dx5/tr_9241.csv,20.2499847,19.6999969,1,"./00ALLINONE_ramp --mode=edmd --experiment=energy_transfer --headless --quiet --edmd-acc=0 --seed-drift-order=drift-first --energy-transfer-summary=experiments_energy_transfer/level2_fastdx_20260918/dx5/summary.csv --energy-transfer-trace=experiments_energy_transfer/level2_fastdx_20260918/dx5/tr_9241.csv --particles=100 --particles-boxes=50,50 --particle-radius=0.5 --l0=39.25 --height=10 --num-walls=1 --wall-positions=39.25 --wall-mass-factors=1000000000 --piston-right-protocol-mode=step --velocity-right-piston-step=10 --max-right-piston-travel=5 --auto-piston-step --wall-hold-steps=12000 --steps=12500 --fixed-dt=0.4 --energy-measurement --eff-output=wall-ke --kbt1 --seed=9241",9241
2026-09-18 13:26:12,energy_transfer,edmd,12500,12000,0.0166666669,39.25,10,100,0.5,nan,0.100050721,0.100050721,1,39.25,1e+09,50;50,1,0.0416666667,1,1,0.00999999978,100,1000,nan,39.25,1,step,73.5,-10,step,5,10,nan,nan,10,nan,nan,1164.56634,0.0477316864,4.09866614e-05,0.999959013,1164.51861,6.21977181e-09,0.000482272473,0.000482266253,4.14116599e-07,20,0.549987793,/Users/chrisharing/Desktop/CCS_complex_coupled_systems/Repo/HardDisks/hspist3/experiments_energy_transfer/level2_fastdx_20260918/dx5/tr_9242.csv,20.4833221,19.9333344,1,"./00ALLINONE_ramp --mode=edmd --experiment=energy_transfer --headless --quiet --edmd-acc=0 --seed-drift-order=drift-first --energy-transfer-summary=experiments_energy_transfer/level2_fastdx_20260918/dx5/summary.csv --energy-transfer-trace=experiments_energy_transfer/level2_fastdx_20260918/dx5/tr_9242.csv --particles=100 --particles-boxes=50,50 --particle-radius=0.5 --l0=39.25 --height=10 --num-walls=1 --wall-positions=39.25 --wall-mass-factors=1000000000 --piston-right-protocol-mode=step --velocity-right-piston-step=10 --max-right-piston-travel=5 --auto-piston-step --wall-hold-steps=12000 --steps=12500 --fixed-dt=0.4 --energy-measurement --eff-output=wall-ke --kbt1 --seed=9242",9242
2026-09-18 13:26:12,energy_transfer,edmd,12500,12000,0.0166666669,39.25,10,100,0.5,nan,0.100050721,0.100050721,1,39.25,1e+09,50;50,1,0.0416666667,1,1,0.00999999978,100,1000,nan,39.25,1,step,73.5,-10,step,5,10,nan,nan,10,nan,nan,992.096971,0.0339348726,3.42051973e-05,0.999965795,992.063036,0,0.000369373796,0.000369373796,3.72316222e-07,20,0.549987793,/Users/chrisharing/Desktop/CCS_complex_coupled_systems/Repo/HardDisks/hspist3/experiments_energy_transfer/level2_fastdx_20260918/dx5/tr_9246.csv,19.9666595,19.4166718,1,"./00ALLINONE_ramp --mode=edmd --experiment=energy_transfer --headless --quiet --edmd-acc=0 --seed-drift-order=drift-first --energy-transfer-summary=experiments_energy_transfer/level2_fastdx_20260918/dx5/summary.csv --energy-transfer-trace=experiments_energy_transfer/level2_fastdx_20260918/dx5/tr_9246.csv --particles=100 --particles-boxes=50,50 --particle-radius=0.5 --l0=39.25 --height=10 --num-walls=1 --wall-positions=39.25 --wall-mass-factors=1000000000 --piston-right-protocol-mode=step --velocity-right-piston-step=10 --max-right-piston-travel=5 --auto-piston-step --wall-hold-steps=12000 --steps=12500 --fixed-dt=0.4 --energy-measurement --eff-output=wall-ke --kbt1 --seed=9246",9246
2026-09-18 13:26:12,energy_transfer,edmd,12500,12000,0.0166666669,39.25,10,100,0.5,nan,0.100050721,0.100050721,1,39.25,1e+09,50;50,1,0.0416666667,1,1,0.00999999978,100,1000,nan,39.25,1,step,73.5,-10,step,5,10,nan,nan,10,nan,nan,1276.61284,0.0567409508,4.44464828e-05,0.999955554,1276.5561,1.40766565e-09,0.000503720366,0.000503718959,3.94574566e-07,20,0.549987793,/Users/chrisharing/Desktop/CCS_complex_coupled_systems/Repo/HardDisks/hspist3/experiments_energy_transfer/level2_fastdx_20260918/dx5/tr_9243.csv,19.6999969,19.1500092,1,"./00ALLINONE_ramp --mode=edmd --experiment=energy_transfer --headless --quiet --edmd-acc=0 --seed-drift-order=drift-first --energy-transfer-summary=experiments_energy_transfer/level2_fastdx_20260918/dx5/summary.csv --energy-transfer-trace=experiments_energy_transfer/level2_fastdx_20260918/dx5/tr_9243.csv --particles=100 --particles-boxes=50,50 --particle-radius=0.5 --l0=39.25 --height=10 --num-walls=1 --wall-positions=39.25 --wall-mass-factors=1000000000 --piston-right-protocol-mode=step --velocity-right-piston-step=10 --max-right-piston-travel=5 --auto-piston-step --wall-hold-steps=12000 --steps=12500 --fixed-dt=0.4 --energy-measurement --eff-output=wall-ke --kbt1 --seed=9243",9243
2026-09-18 13:26:12,energy_transfer,edmd,12500,12000,0.0166666669,39.25,10,100,0.5,nan,0.100050721,0.100050721,1,39.25,1e+09,50;50,1,0.0416666667,1,1,0.00999999978,100,1000,nan,39.25,1,step,73.5,-10,step,5,10,nan,nan,10,nan,nan,1352.11015,0.0641972125,4.74792772e-05,0.999952521,1352.04595,0,0.000677708013,0.000677708013,5.01222489e-07,20,0.549987793,/Users/chrisharing/Desktop/CCS_complex_coupled_systems/Repo/HardDisks/hspist3/experiments_energy_transfer/level2_fastdx_20260918/dx5/tr_9245.csv,20.5333252,19.9833374,1,"./00ALLINONE_ramp --mode=edmd --experiment=energy_transfer --headless --quiet --edmd-acc=0 --seed-drift-order=drift-first --energy-transfer-summary=experiments_energy_transfer/level2_fastdx_20260918/dx5/summary.csv --energy-transfer-trace=experiments_energy_transfer/level2_fastdx_20260918/dx5/tr_9245.csv --particles=100 --particles-boxes=50,50 --particle-radius=0.5 --l0=39.25 --height=10 --num-walls=1 --wall-positions=39.25 --wall-mass-factors=1000000000 --piston-right-protocol-mode=step --velocity-right-piston-step=10 --max-right-piston-travel=5 --auto-piston-step --wall-hold-steps=12000 --steps=12500 --fixed-dt=0.4 --energy-measurement --eff-output=wall-ke --kbt1 --seed=9245",9245
2026-09-18 13:26:12,energy_transfer,edmd,12500,12000,0.0166666669,39.25,10,100,0.5,nan,0.100050721,0.100050721,1,39.25,1e+09,50;50,1,0.0416666667,1,1,0.00999999978,100,1000,nan,39.25,1,step,73.5,-10,step,5,10,nan,nan,10,nan,nan,1721.9301,0.10464368,6.07711546e-05,0.999939229,1721.82545,0,0.00102408545,0.00102408545,5.94731138e-07,20,0.549987793,/Users/chrisharing/Desktop/CCS_complex_coupled_systems/Repo/HardDisks/hspist3/experiments_energy_transfer/level2_fastdx_20260918/dx5/tr_9244.csv,20.0999908,19.5500031,1,"./00ALLINONE_ramp --mode=edmd --experiment=energy_transfer --headless --quiet --edmd-acc=0 --seed-drift-order=drift-first --energy-transfer-summary=experiments_energy_transfer/level2_fastdx_20260918/dx5/summary.csv --energy-transfer-trace=experiments_energy_transfer/level2_fastdx_20260918/dx5/tr_9244.csv --particles=100 --particles-boxes=50,50 --particle-radius=0.5 --l0=39.25 --height=10 --num-walls=1 --wall-positions=39.25 --wall-mass-factors=1000000000 --piston-right-protocol-mode=step --velocity-right-piston-step=10 --max-right-piston-travel=5 --auto-piston-step --wall-hold-steps=12000 --steps=12500 --fixed-dt=0.4 --energy-measurement --eff-output=wall-ke --kbt1 --seed=9244",9244
2026-09-18 13:26:12,energy_transfer,edmd,12500,12000,0.0166666669,39.25,10,100,0.5,nan,0.100050721,0.100050721,1,39.25,1e+09,50;50,1,0.0416666667,1,1,0.00999999978,100,1000,nan,39.25,1,step,73.5,-10,step,5,10,nan,nan,10,nan,nan,2162.22651,0.16007404,7.40320403e-05,0.999925968,2162.06644,1.3318866e-08,0.00156224787,0.00156223455,7.22511976e-07,20,0.549987793,/Users/chrisharing/Desktop/CCS_complex_coupled_systems/Repo/HardDisks/hspist3/experiments_energy_transfer/level2_fastdx_20260918/dx5/tr_9240.csv,20.5166626,19.9666748,1,"./00ALLINONE_ramp --mode=edmd --experiment=energy_transfer --headless --quiet --edmd-acc=0 --seed-drift-order=drift-first --energy-transfer-summary=experiments_energy_transfer/level2_fastdx_20260918/dx5/summary.csv --energy-transfer-trace=experiments_energy_transfer/level2_fastdx_20260918/dx5/tr_9240.csv --particles=100 --particles-boxes=50,50 --particle-radius=0.5 --l0=39.25 --height=10 --num-walls=1 --wall-positions=39.25 --wall-mass-factors=1000000000 --piston-right-protocol-mode=step --velocity-right-piston-step=10 --max-right-piston-travel=5 --auto-piston-step --wall-hold-steps=12000 --steps=12500 --fixed-dt=0.4 --energy-measurement --eff-output=wall-ke --kbt1 --seed=9240",9240
2026-09-18 13:26:12,energy_transfer,edmd,12500,12000,0.0166666669,39.25,10,100,0.5,nan,0.100050721,0.100050721,1,39.25,1e+09,50;50,1,0.0416666667,1,1,0.00999999978,100,1000,nan,39.25,1,step,73.5,-10,step,5,10,nan,nan,10,nan,nan,1539.54153,0.0827311724,5.37375386e-05,0.999946262,1539.4588,3.26444249e-09,0.000844999682,0.000844996418,5.48862372e-07,20,0.549987793,/Users/chrisharing/Desktop/CCS_complex_coupled_systems/Repo/HardDisks/hspist3/experiments_energy_transfer/level2_fastdx_20260918/dx5/tr_9247.csv,20.4499969,19.9000092,1,"./00ALLINONE_ramp --mode=edmd --experiment=energy_transfer --headless --quiet --edmd-acc=0 --seed-drift-order=drift-first --energy-transfer-summary=experiments_energy_transfer/level2_fastdx_20260918/dx5/summary.csv --energy-transfer-trace=experiments_energy_transfer/level2_fastdx_20260918/dx5/tr_9247.csv --particles=100 --particles-boxes=50,50 --particle-radius=0.5 --l0=39.25 --height=10 --num-walls=1 --wall-positions=39.25 --wall-mass-factors=1000000000 --piston-right-protocol-mode=step --velocity-right-piston-step=10 --max-right-piston-travel=5 --auto-piston-step --wall-hold-steps=12000 --steps=12500 --fixed-dt=0.4 --energy-measurement --eff-output=wall-ke --kbt1 --seed=9247",9247
2026-09-18 13:26:12,energy_transfer,edmd,12500,12000,0.0166666669,39.25,10,100,0.5,nan,0.100050721,0.100050721,1,39.25,1e+09,50;50,1,0.0416666667,1,1,0.00999999978,100,1000,nan,39.25,1,step,73.5,-10,step,5,10,nan,nan,10,nan,nan,1539.34634,0.0809016153,5.25558241e-05,0.999947444,1539.26543,0,0.000808469835,0.000808469835,5.25203338e-07,20,0.549987793,/Users/chrisharing/Desktop/CCS_complex_coupled_systems/Repo/HardDisks/hspist3/experiments_energy_transfer/level2_fastdx_20260918/dx5/tr_9248.csv,20.5499878,20,1,"./00ALLINONE_ramp --mode=edmd --experiment=energy_transfer --headless --quiet --edmd-acc=0 --seed-drift-order=drift-first --energy-transfer-summary=experiments_energy_transfer/level2_fastdx_20260918/dx5/summary.csv --energy-transfer-trace=experiments_energy_transfer/level2_fastdx_20260918/dx5/tr_9248.csv --particles=100 --particles-boxes=50,50 --particle-radius=0.5 --l0=39.25 --height=10 --num-walls=1 --wall-positions=39.25 --wall-mass-factors=1000000000 --piston-right-protocol-mode=step --velocity-right-piston-step=10 --max-right-piston-travel=5 --auto-piston-step --wall-hold-steps=12000 --steps=12500 --fixed-dt=0.4 --energy-measurement --eff-output=wall-ke --kbt1 --seed=9248",9248
2026-09-18 13:26:12,energy_transfer,edmd,12500,12000,0.0166666669,39.25,10,100,0.5,nan,0.100050721,0.100050721,1,39.25,1e+09,50;50,1,0.0416666667,1,1,0.00999999978,100,1000,nan,39.25,1,step,73.5,-10,step,5,10,nan,nan,10,nan,nan,1589.59911,0.0898693949,5.65358864e-05,0.999943464,1589.50924,0,0.000907274429,0.000907274429,5.70756754e-07,20,0.549987793,/Users/chrisharing/Desktop/CCS_complex_coupled_systems/Repo/HardDisks/hspist3/experiments_energy_transfer/level2_fastdx_20260918/dx5/tr_9249.csv,20.2166595,19.6666718,1,"./00ALLINONE_ramp --mode=edmd --experiment=energy_transfer --headless --quiet --edmd-acc=0 --seed-drift-order=drift-first --energy-transfer-summary=experiments_energy_transfer/level2_fastdx_20260918/dx5/summary.csv --energy-transfer-trace=experiments_energy_transfer/level2_fastdx_20260918/dx5/tr_9249.csv --particles=100 --particles-boxes=50,50 --particle-radius=0.5 --l0=39.25 --height=10 --num-walls=1 --wall-positions=39.25 --wall-mass-factors=1000000000 --piston-right-protocol-mode=step --velocity-right-piston-step=10 --max-right-piston-travel=5 --auto-piston-step --wall-hold-steps=12000 --steps=12500 --fixed-dt=0.4 --energy-measurement --eff-output=wall-ke --kbt1 --seed=9249",9249
2026-09-18 13:26:12,energy_transfer,edmd,12500,12000,0.0166666669,39.25,10,100,0.5,nan,0.100050721,0.100050721,1,39.25,1e+09,50;50,1,0.0416666667,1,1,0.00999999978,100,1000,nan,39.25,1,step,73.5,-10,step,5,10,nan,nan,10,nan,nan,623.548719,0.0140121346,2.24715956e-05,0.999977528,623.534707,1.93588368e-09,0.000135516282,0.000135514346,2.17327599e-07,20,0.549987793,/Users/chrisharing/Desktop/CCS_complex_coupled_systems/Repo/HardDisks/hspist3/experiments_energy_transfer/level2_fastdx_20260918/dx5/tr_9254.csv,20.4999847,19.9499969,1,"./00ALLINONE_ramp --mode=edmd --experiment=energy_transfer --headless --quiet --edmd-acc=0 --seed-drift-order=drift-first --energy-transfer-summary=experiments_energy_transfer/level2_fastdx_20260918/dx5/summary.csv --energy-transfer-trace=experiments_energy_transfer/level2_fastdx_20260918/dx5/tr_9254.csv --particles=100 --particles-boxes=50,50 --particle-radius=0.5 --l0=39.25 --height=10 --num-walls=1 --wall-positions=39.25 --wall-mass-factors=1000000000 --piston-right-protocol-mode=step --velocity-right-piston-step=10 --max-right-piston-travel=5 --auto-piston-step --wall-hold-steps=12000 --steps=12500 --fixed-dt=0.4 --energy-measurement --eff-output=wall-ke --kbt1 --seed=9254",9254
2026-09-18 13:26:12,energy_transfer,edmd,12500,12000,0.0166666669,39.25,10,100,0.5,nan,0.100050721,0.100050721,1,39.25,1e+09,50;50,1,0.0416666667,1,1,0.00999999978,100,1000,nan,39.25,1,step,73.5,-10,step,5,10,nan,nan,10,nan,nan,981.193841,0.0338051394,3.44530693e-05,0.999965547,981.160035,2.49992516e-09,0.000349368231,0.000349365731,3.56061887e-07,20,0.549987793,/Users/chrisharing/Desktop/CCS_complex_coupled_systems/Repo/HardDisks/hspist3/experiments_energy_transfer/level2_fastdx_20260918/dx5/tr_9251.csv,20.5333252,19.9833374,1,"./00ALLINONE_ramp --mode=edmd --experiment=energy_transfer --headless --quiet --edmd-acc=0 --seed-drift-order=drift-first --energy-transfer-summary=experiments_energy_transfer/level2_fastdx_20260918/dx5/summary.csv --energy-transfer-trace=experiments_energy_transfer/level2_fastdx_20260918/dx5/tr_9251.csv --particles=100 --particles-boxes=50,50 --particle-radius=0.5 --l0=39.25 --height=10 --num-walls=1 --wall-positions=39.25 --wall-mass-factors=1000000000 --piston-right-protocol-mode=step --velocity-right-piston-step=10 --max-right-piston-travel=5 --auto-piston-step --wall-hold-steps=12000 --steps=12500 --fixed-dt=0.4 --energy-measurement --eff-output=wall-ke --kbt1 --seed=9251",9251
2026-09-18 13:26:12,energy_transfer,edmd,12500,12000,0.0166666669,39.25,10,100,0.5,nan,0.100050721,0.100050721,1,39.25,1e+09,50;50,1,0.0416666667,1,1,0.00999999978,100,1000,nan,39.25,1,step,73.5,-10,step,5,10,nan,nan,10,nan,nan,1225.73794,0.0519776829,4.24052166e-05,0.999957595,1225.68596,6.30336938e-09,0.000522043905,0.000522037602,4.25896584e-07,20,0.549987793,/Users/chrisharing/Desktop/CCS_complex_coupled_systems/Repo/HardDisks/hspist3/experiments_energy_transfer/level2_fastdx_20260918/dx5/tr_9253.csv,20.4999847,19.9499969,1,"./00ALLINONE_ramp --mode=edmd --experiment=energy_transfer --headless --quiet --edmd-acc=0 --seed-drift-order=drift-first --energy-transfer-summary=experiments_energy_transfer/level2_fastdx_20260918/dx5/summary.csv --energy-transfer-trace=experiments_energy_transfer/level2_fastdx_20260918/dx5/tr_9253.csv --particles=100 --particles-boxes=50,50 --particle-radius=0.5 --l0=39.25 --height=10 --num-walls=1 --wall-positions=39.25 --wall-mass-factors=1000000000 --piston-right-protocol-mode=step --velocity-right-piston-step=10 --max-right-piston-travel=5 --auto-piston-step --wall-hold-steps=12000 --steps=12500 --fixed-dt=0.4 --energy-measurement --eff-output=wall-ke --kbt1 --seed=9253",9253
2026-09-18 13:26:12,energy_transfer,edmd,12500,12000,0.0166666669,39.25,10,100,0.5,nan,0.100050721,0.100050721,1,39.25,1e+09,50;50,1,0.0416666667,1,1,0.00999999978,100,1000,nan,39.25,1,step,73.5,-10,step,5,10,nan,nan,10,nan,nan,781.420483,0.0211206432,2.70285252e-05,0.999972971,781.399363,0,0.000205016884,0.000205016884,2.62364359e-07,20,0.549987793,/Users/chrisharing/Desktop/CCS_complex_coupled_systems/Repo/HardDisks/hspist3/experiments_energy_transfer/level2_fastdx_20260918/dx5/tr_9258.csv,20.5499878,20,1,"./00ALLINONE_ramp --mode=edmd --experiment=energy_transfer --headless --quiet --edmd-acc=0 --seed-drift-order=drift-first --energy-transfer-summary=experiments_energy_transfer/level2_fastdx_20260918/dx5/summary.csv --energy-transfer-trace=experiments_energy_transfer/level2_fastdx_20260918/dx5/tr_9258.csv --particles=100 --particles-boxes=50,50 --particle-radius=0.5 --l0=39.25 --height=10 --num-walls=1 --wall-positions=39.25 --wall-mass-factors=1000000000 --piston-right-protocol-mode=step --velocity-right-piston-step=10 --max-right-piston-travel=5 --auto-piston-step --wall-hold-steps=12000 --steps=12500 --fixed-dt=0.4 --energy-measurement --eff-output=wall-ke --kbt1 --seed=9258",9258
2026-09-18 13:26:12,energy_transfer,edmd,12500,12000,0.0166666669,39.25,10,100,0.5,nan,0.100050721,0.100050721,1,39.25,1e+09,50;50,1,0.0416666667,1,1,0.00999999978,100,1000,nan,39.25,1,step,73.5,-10,step,5,10,nan,nan,10,nan,nan,1437.22472,0.0713004172,4.96097904e-05,0.99995039,1437.15342,1.36665756e-09,0.000681147852,0.000681146486,4.73931791e-07,20,0.549987793,/Users/chrisharing/Desktop/CCS_complex_coupled_systems/Repo/HardDisks/hspist3/experiments_energy_transfer/level2_fastdx_20260918/dx5/tr_9250.csv,20.0166626,19.4666748,1,"./00ALLINONE_ramp --mode=edmd --experiment=energy_transfer --headless --quiet --edmd-acc=0 --seed-drift-order=drift-first --energy-transfer-summary=experiments_energy_transfer/level2_fastdx_20260918/dx5/summary.csv --energy-transfer-trace=experiments_energy_transfer/level2_fastdx_20260918/dx5/tr_9250.csv --particles=100 --particles-boxes=50,50 --particle-radius=0.5 --l0=39.25 --height=10 --num-walls=1 --wall-positions=39.25 --wall-mass-factors=1000000000 --piston-right-protocol-mode=step --velocity-right-piston-step=10 --max-right-piston-travel=5 --auto-piston-step --wall-hold-steps=12000 --steps=12500 --fixed-dt=0.4 --energy-measurement --eff-output=wall-ke --kbt1 --seed=9250",9250
2026-09-18 13:26:12,energy_transfer,edmd,12500,12000,0.0166666669,39.25,10,100,0.5,nan,0.100050721,0.100050721,1,39.25,1e+09,50;50,1,0.0416666667,1,1,0.00999999978,100,1000,nan,39.25,1,step,73.5,-10,step,5,10,nan,nan,10,nan,nan,827.158034,0.0234905463,2.83991031e-05,0.999971601,827.134543,0,0.000244052178,0.000244052178,2.95049034e-07,20,0.549987793,/Users/chrisharing/Desktop/CCS_complex_coupled_systems/Repo/HardDisks/hspist3/experiments_energy_transfer/level2_fastdx_20260918/dx5/tr_9259.csv,20.3166656,19.7666779,1,"./00ALLINONE_ramp --mode=edmd --experiment=energy_transfer --headless --quiet --edmd-acc=0 --seed-drift-order=drift-first --energy-transfer-summary=experiments_energy_transfer/level2_fastdx_20260918/dx5/summary.csv --energy-transfer-trace=experiments_energy_transfer/level2_fastdx_20260918/dx5/tr_9259.csv --particles=100 --particles-boxes=50,50 --particle-radius=0.5 --l0=39.25 --height=10 --num-walls=1 --wall-positions=39.25 --wall-mass-factors=1000000000 --piston-right-protocol-mode=step --velocity-right-piston-step=10 --max-right-piston-travel=5 --auto-piston-step --wall-hold-steps=12000 --steps=12500 --fixed-dt=0.4 --energy-measurement --eff-output=wall-ke --kbt1 --seed=9259",9259
2026-09-18 13:26:12,energy_transfer,edmd,12500,12000,0.0166666669,39.25,10,100,0.5,nan,0.100050721,0.100050721,1,39.25,1e+09,50;50,1,0.0416666667,1,1,0.00999999978,100,1000,nan,39.25,1,step,73.5,-10,step,5,10,nan,nan,10,nan,nan,1161.59772,0.0464806519,4.0014414e-05,0.999959986,1161.55124,1.86545446e-09,0.000484682183,0.000484680318,4.1725316e-07,20,0.549987793,/Users/chrisharing/Desktop/CCS_complex_coupled_systems/Repo/HardDisks/hspist3/experiments_energy_transfer/level2_fastdx_20260918/dx5/tr_9256.csv,20.5333252,19.9833374,1,"./00ALLINONE_ramp --mode=edmd --experiment=energy_transfer --headless --quiet --edmd-acc=0 --seed-drift-order=drift-first --energy-transfer-summary=experiments_energy_transfer/level2_fastdx_20260918/dx5/summary.csv --energy-transfer-trace=experiments_energy_transfer/level2_fastdx_20260918/dx5/tr_9256.csv --particles=100 --particles-boxes=50,50 --particle-radius=0.5 --l0=39.25 --height=10 --num-walls=1 --wall-positions=39.25 --wall-mass-factors=1000000000 --piston-right-protocol-mode=step --velocity-right-piston-step=10 --max-right-piston-travel=5 --auto-piston-step --wall-hold-steps=12000 --steps=12500 --fixed-dt=0.4 --energy-measurement --eff-output=wall-ke --kbt1 --seed=9256",9256
2026-09-18 13:26:12,energy_transfer,edmd,12500,12000,0.0166666669,39.25,10,100,0.5,nan,0.100050721,0.100050721,1,39.25,1e+09,50;50,1,0.0416666667,1,1,0.00999999978,100,1000,nan,39.25,1,step,73.5,-10,step,5,10,nan,nan,10,nan,nan,1515.60128,0.08098571,5.34347069e-05,0.999946565,1515.52029,0,0.000843411195,0.000843411195,5.564862e-07,20,0.549987793,/Users/chrisharing/Desktop/CCS_complex_coupled_systems/Repo/HardDisks/hspist3/experiments_energy_transfer/level2_fastdx_20260918/dx5/tr_9252.csv,20.4999847,19.9499969,1,"./00ALLINONE_ramp --mode=edmd --experiment=energy_transfer --headless --quiet --edmd-acc=0 --seed-drift-order=drift-first --energy-transfer-summary=experiments_energy_transfer/level2_fastdx_20260918/dx5/summary.csv --energy-transfer-trace=experiments_energy_transfer/level2_fastdx_20260918/dx5/tr_9252.csv --particles=100 --particles-boxes=50,50 --particle-radius=0.5 --l0=39.25 --height=10 --num-walls=1 --wall-positions=39.25 --wall-mass-factors=1000000000 --piston-right-protocol-mode=step --velocity-right-piston-step=10 --max-right-piston-travel=5 --auto-piston-step --wall-hold-steps=12000 --steps=12500 --fixed-dt=0.4 --energy-measurement --eff-output=wall-ke --kbt1 --seed=9252",9252
2026-09-18 13:26:12,energy_transfer,edmd,12500,12000,0.0166666669,39.25,10,100,0.5,nan,0.100050721,0.100050721,1,39.25,1e+09,50;50,1,0.0416666667,1,1,0.00999999978,100,1000,nan,39.25,1,step,73.5,-10,step,5,10,nan,nan,10,nan,nan,1218.03018,0.0528612435,4.33989604e-05,0.999956601,1217.97732,0,0.000561766559,0.000561766559,4.61209064e-07,20,0.549987793,/Users/chrisharing/Desktop/CCS_complex_coupled_systems/Repo/HardDisks/hspist3/experiments_energy_transfer/level2_fastdx_20260918/dx5/tr_9255.csv,20.5499878,20,1,"./00ALLINONE_ramp --mode=edmd --experiment=energy_transfer --headless --quiet --edmd-acc=0 --seed-drift-order=drift-first --energy-transfer-summary=experiments_energy_transfer/level2_fastdx_20260918/dx5/summary.csv --energy-transfer-trace=experiments_energy_transfer/level2_fastdx_20260918/dx5/tr_9255.csv --particles=100 --particles-boxes=50,50 --particle-radius=0.5 --l0=39.25 --height=10 --num-walls=1 --wall-positions=39.25 --wall-mass-factors=1000000000 --piston-right-protocol-mode=step --velocity-right-piston-step=10 --max-right-piston-travel=5 --auto-piston-step --wall-hold-steps=12000 --steps=12500 --fixed-dt=0.4 --energy-measurement --eff-output=wall-ke --kbt1 --seed=9255",9255
2026-09-18 13:26:12,energy_transfer,edmd,12500,12000,0.0166666669,39.25,10,100,0.5,nan,0.100050721,0.100050721,1,39.25,1e+09,50;50,1,0.0416666667,1,1,0.00999999978,100,1000,nan,39.25,1,step,73.5,-10,step,5,10,nan,nan,10,nan,nan,1662.28487,0.0951657593,5.72499702e-05,0.99994275,1662.1897,0,0.000942668703,0.000942668703,5.67092151e-07,20,0.549987793,/Users/chrisharing/Desktop/CCS_complex_coupled_systems/Repo/HardDisks/hspist3/experiments_energy_transfer/level2_fastdx_20260918/dx5/tr_9257.csv,20.4333191,19.8833313,1,"./00ALLINONE_ramp --mode=edmd --experiment=energy_transfer --headless --quiet --edmd-acc=0 --seed-drift-order=drift-first --energy-transfer-summary=experiments_energy_transfer/level2_fastdx_20260918/dx5/summary.csv --energy-transfer-trace=experiments_energy_transfer/level2_fastdx_20260918/dx5/tr_9257.csv --particles=100 --particles-boxes=50,50 --particle-radius=0.5 --l0=39.25 --height=10 --num-walls=1 --wall-positions=39.25 --wall-mass-factors=1000000000 --piston-right-protocol-mode=step --velocity-right-piston-step=10 --max-right-piston-travel=5 --auto-piston-step --wall-hold-steps=12000 --steps=12500 --fixed-dt=0.4 --energy-measurement --eff-output=wall-ke --kbt1 --seed=9257",9257
2026-09-18 13:26:13,energy_transfer,edmd,12500,12000,0.0166666669,39.25,10,100,0.5,nan,0.100050721,0.100050721,1,39.25,1e+09,50;50,1,0.0416666667,1,1,0.00999999978,100,1000,nan,39.25,1,step,73.5,-10,step,5,10,nan,nan,10,nan,nan,880.382445,0.027110571,3.07940841e-05,0.999969206,880.355335,2.44842013e-09,0.000282780529,0.000282778081,3.21199136e-07,20,0.549987793,/Users/chrisharing/Desktop/CCS_complex_coupled_systems/Repo/HardDisks/hspist3/experiments_energy_transfer/level2_fastdx_20260918/dx5/tr_9264.csv,20.3666534,19.8166656,1,"./00ALLINONE_ramp --mode=edmd --experiment=energy_transfer --headless --quiet --edmd-acc=0 --seed-drift-order=drift-first --energy-transfer-summary=experiments_energy_transfer/level2_fastdx_20260918/dx5/summary.csv --energy-transfer-trace=experiments_energy_transfer/level2_fastdx_20260918/dx5/tr_9264.csv --particles=100 --particles-boxes=50,50 --particle-radius=0.5 --l0=39.25 --height=10 --num-walls=1 --wall-positions=39.25 --wall-mass-factors=1000000000 --piston-right-protocol-mode=step --velocity-right-piston-step=10 --max-right-piston-travel=5 --auto-piston-step --wall-hold-steps=12000 --steps=12500 --fixed-dt=0.4 --energy-measurement --eff-output=wall-ke --kbt1 --seed=9264",9264
2026-09-18 13:26:13,energy_transfer,edmd,12500,12000,0.0166666669,39.25,10,100,0.5,nan,0.100050721,0.100050721,1,39.25,1e+09,50;50,1,0.0416666667,1,1,0.00999999978,100,1000,nan,39.25,1,step,73.5,-10,step,5,10,nan,nan,10,nan,nan,1322.31894,0.0620338283,4.69129091e-05,0.999953087,1322.25691,0,0.000647354871,0.000647354871,4.8956031e-07,20,0.549987793,/Users/chrisharing/Desktop/CCS_complex_coupled_systems/Repo/HardDisks/hspist3/experiments_energy_transfer/level2_fastdx_20260918/dx5/tr_9260.csv,20.2499847,19.6999969,1,"./00ALLINONE_ramp --mode=edmd --experiment=energy_transfer --headless --quiet --edmd-acc=0 --seed-drift-order=drift-first --energy-transfer-summary=experiments_energy_transfer/level2_fastdx_20260918/dx5/summary.csv --energy-transfer-trace=experiments_energy_transfer/level2_fastdx_20260918/dx5/tr_9260.csv --particles=100 --particles-boxes=50,50 --particle-radius=0.5 --l0=39.25 --height=10 --num-walls=1 --wall-positions=39.25 --wall-mass-factors=1000000000 --piston-right-protocol-mode=step --velocity-right-piston-step=10 --max-right-piston-travel=5 --auto-piston-step --wall-hold-steps=12000 --steps=12500 --fixed-dt=0.4 --energy-measurement --eff-output=wall-ke --kbt1 --seed=9260",9260
2026-09-18 13:26:13,energy_transfer,edmd,12500,12000,0.0166666669,39.25,10,100,0.5,nan,0.100050721,0.100050721,1,39.25,1e+09,50;50,1,0.0416666667,1,1,0.00999999978,100,1000,nan,39.25,1,step,73.5,-10,step,5,10,nan,nan,10,nan,nan,1262.87041,0.0559035949,4.42670874e-05,0.999955733,1262.81451,1.42350853e-09,0.000484309421,0.000484307998,3.83497779e-07,20,0.549987793,/Users/chrisharing/Desktop/CCS_complex_coupled_systems/Repo/HardDisks/hspist3/experiments_energy_transfer/level2_fastdx_20260918/dx5/tr_9262.csv,20.2166595,19.6666718,1,"./00ALLINONE_ramp --mode=edmd --experiment=energy_transfer --headless --quiet --edmd-acc=0 --seed-drift-order=drift-first --energy-transfer-summary=experiments_energy_transfer/level2_fastdx_20260918/dx5/summary.csv --energy-transfer-trace=experiments_energy_transfer/level2_fastdx_20260918/dx5/tr_9262.csv --particles=100 --particles-boxes=50,50 --particle-radius=0.5 --l0=39.25 --height=10 --num-walls=1 --wall-positions=39.25 --wall-mass-factors=1000000000 --piston-right-protocol-mode=step --velocity-right-piston-step=10 --max-right-piston-travel=5 --auto-piston-step --wall-hold-steps=12000 --steps=12500 --fixed-dt=0.4 --energy-measurement --eff-output=wall-ke --kbt1 --seed=9262",9262
2026-09-18 13:26:13,energy_transfer,edmd,12500,12000,0.0166666669,39.25,10,100,0.5,nan,0.100050721,0.100050721,1,39.25,1e+09,50;50,1,0.0416666667,1,1,0.00999999978,100,1000,nan,39.25,1,step,73.5,-10,step,5,10,nan,nan,10,nan,nan,1462.45217,0.0741504654,5.07028313e-05,0.999949297,1462.37802,9.14666742e-09,0.000693012902,0.000693003755,4.7386422e-07,20,0.549987793,/Users/chrisharing/Desktop/CCS_complex_coupled_systems/Repo/HardDisks/hspist3/experiments_energy_transfer/level2_fastdx_20260918/dx5/tr_9261.csv,20.4166565,19.8666687,1,"./00ALLINONE_ramp --mode=edmd --experiment=energy_transfer --headless --quiet --edmd-acc=0 --seed-drift-order=drift-first --energy-transfer-summary=experiments_energy_transfer/level2_fastdx_20260918/dx5/summary.csv --energy-transfer-trace=experiments_energy_transfer/level2_fastdx_20260918/dx5/tr_9261.csv --particles=100 --particles-boxes=50,50 --particle-radius=0.5 --l0=39.25 --height=10 --num-walls=1 --wall-positions=39.25 --wall-mass-factors=1000000000 --piston-right-protocol-mode=step --velocity-right-piston-step=10 --max-right-piston-travel=5 --auto-piston-step --wall-hold-steps=12000 --steps=12500 --fixed-dt=0.4 --energy-measurement --eff-output=wall-ke --kbt1 --seed=9261",9261
2026-09-18 13:26:13,energy_transfer,edmd,12500,12000,0.0166666669,39.25,10,100,0.5,nan,0.100050721,0.100050721,1,39.25,1e+09,50;50,1,0.0416666667,1,1,0.00999999978,100,1000,nan,39.25,1,step,73.5,-10,step,5,10,nan,nan,10,nan,nan,694.964866,0.0170352589,2.45124031e-05,0.999975488,694.947831,0,0.000169837163,0.000169837163,2.44382373e-07,20,0.549987793,/Users/chrisharing/Desktop/CCS_complex_coupled_systems/Repo/HardDisks/hspist3/experiments_energy_transfer/level2_fastdx_20260918/dx5/tr_9268.csv,20.1499939,19.6000061,1,"./00ALLINONE_ramp --mode=edmd --experiment=energy_transfer --headless --quiet --edmd-acc=0 --seed-drift-order=drift-first --energy-transfer-summary=experiments_energy_transfer/level2_fastdx_20260918/dx5/summary.csv --energy-transfer-trace=experiments_energy_transfer/level2_fastdx_20260918/dx5/tr_9268.csv --particles=100 --particles-boxes=50,50 --particle-radius=0.5 --l0=39.25 --height=10 --num-walls=1 --wall-positions=39.25 --wall-mass-factors=1000000000 --piston-right-protocol-mode=step --velocity-right-piston-step=10 --max-right-piston-travel=5 --auto-piston-step --wall-hold-steps=12000 --steps=12500 --fixed-dt=0.4 --energy-measurement --eff-output=wall-ke --kbt1 --seed=9268",9268
2026-09-18 13:26:13,energy_transfer,edmd,12500,12000,0.0166666669,39.25,10,100,0.5,nan,0.100050721,0.100050721,1,39.25,1e+09,50;50,1,0.0416666667,1,1,0.00999999978,100,1000,nan,39.25,1,step,73.5,-10,step,5,10,nan,nan,10,nan,nan,1001.24447,0.0356369652,3.55926711e-05,0.999964407,1001.20884,3.2570167e-08,0.000326105452,0.000326072882,3.25667597e-07,20,0.549987793,/Users/chrisharing/Desktop/CCS_complex_coupled_systems/Repo/HardDisks/hspist3/experiments_energy_transfer/level2_fastdx_20260918/dx5/tr_9267.csv,20.3166656,19.7666779,1,"./00ALLINONE_ramp --mode=edmd --experiment=energy_transfer --headless --quiet --edmd-acc=0 --seed-drift-order=drift-first --energy-transfer-summary=experiments_energy_transfer/level2_fastdx_20260918/dx5/summary.csv --energy-transfer-trace=experiments_energy_transfer/level2_fastdx_20260918/dx5/tr_9267.csv --particles=100 --particles-boxes=50,50 --particle-radius=0.5 --l0=39.25 --height=10 --num-walls=1 --wall-positions=39.25 --wall-mass-factors=1000000000 --piston-right-protocol-mode=step --velocity-right-piston-step=10 --max-right-piston-travel=5 --auto-piston-step --wall-hold-steps=12000 --steps=12500 --fixed-dt=0.4 --energy-measurement --eff-output=wall-ke --kbt1 --seed=9267",9267
2026-09-18 13:26:13,energy_transfer,edmd,12500,12000,0.0166666669,39.25,10,100,0.5,nan,0.100050721,0.100050721,1,39.25,1e+09,50;50,1,0.0416666667,1,1,0.00999999978,100,1000,nan,39.25,1,step,73.5,-10,step,5,10,nan,nan,10,nan,nan,1359.01856,0.0637346655,4.68975682e-05,0.999953102,1358.95482,6.29960883e-09,0.000646867149,0.000646860849,4.75976465e-07,20,0.549987793,/Users/chrisharing/Desktop/CCS_complex_coupled_systems/Repo/HardDisks/hspist3/experiments_energy_transfer/level2_fastdx_20260918/dx5/tr_9266.csv,20.5499878,20,1,"./00ALLINONE_ramp --mode=edmd --experiment=energy_transfer --headless --quiet --edmd-acc=0 --seed-drift-order=drift-first --energy-transfer-summary=experiments_energy_transfer/level2_fastdx_20260918/dx5/summary.csv --energy-transfer-trace=experiments_energy_transfer/level2_fastdx_20260918/dx5/tr_9266.csv --particles=100 --particles-boxes=50,50 --particle-radius=0.5 --l0=39.25 --height=10 --num-walls=1 --wall-positions=39.25 --wall-mass-factors=1000000000 --piston-right-protocol-mode=step --velocity-right-piston-step=10 --max-right-piston-travel=5 --auto-piston-step --wall-hold-steps=12000 --steps=12500 --fixed-dt=0.4 --energy-measurement --eff-output=wall-ke --kbt1 --seed=9266",9266
2026-09-18 13:26:13,energy_transfer,edmd,12500,12000,0.0166666669,39.25,10,100,0.5,nan,0.100050721,0.100050721,1,39.25,1e+09,50;50,1,0.0416666667,1,1,0.00999999978,100,1000,nan,39.25,1,step,73.5,-10,step,5,10,nan,nan,10,nan,nan,1595.26801,0.0882406831,5.53140177e-05,0.999944686,1595.17977,1.03748334e-08,0.000821257592,0.000821247217,5.14802034e-07,20,0.549987793,/Users/chrisharing/Desktop/CCS_complex_coupled_systems/Repo/HardDisks/hspist3/experiments_energy_transfer/level2_fastdx_20260918/dx5/tr_9263.csv,20.3666534,19.8166656,1,"./00ALLINONE_ramp --mode=edmd --experiment=energy_transfer --headless --quiet --edmd-acc=0 --seed-drift-order=drift-first --energy-transfer-summary=experiments_energy_transfer/level2_fastdx_20260918/dx5/summary.csv --energy-transfer-trace=experiments_energy_transfer/level2_fastdx_20260918/dx5/tr_9263.csv --particles=100 --particles-boxes=50,50 --particle-radius=0.5 --l0=39.25 --height=10 --num-walls=1 --wall-positions=39.25 --wall-mass-factors=1000000000 --piston-right-protocol-mode=step --velocity-right-piston-step=10 --max-right-piston-travel=5 --auto-piston-step --wall-hold-steps=12000 --steps=12500 --fixed-dt=0.4 --energy-measurement --eff-output=wall-ke --kbt1 --seed=9263",9263
2026-09-18 13:26:13,energy_transfer,edmd,12500,12000,0.0166666669,39.25,10,100,0.5,nan,0.100050721,0.100050721,1,39.25,1e+09,50;50,1,0.0416666667,1,1,0.00999999978,100,1000,nan,39.25,1,step,73.5,-10,step,5,10,nan,nan,10,nan,nan,1845.26781,0.118262567,6.40896493e-05,0.99993591,1845.14955,5.44216627e-09,0.00127338246,0.00127337701,6.90077076e-07,20,0.549987793,/Users/chrisharing/Desktop/CCS_complex_coupled_systems/Repo/HardDisks/hspist3/experiments_energy_transfer/level2_fastdx_20260918/dx5/tr_9265.csv,20.3999939,19.8500061,1,"./00ALLINONE_ramp --mode=edmd --experiment=energy_transfer --headless --quiet --edmd-acc=0 --seed-drift-order=drift-first --energy-transfer-summary=experiments_energy_transfer/level2_fastdx_20260918/dx5/summary.csv --energy-transfer-trace=experiments_energy_transfer/level2_fastdx_20260918/dx5/tr_9265.csv --particles=100 --particles-boxes=50,50 --particle-radius=0.5 --l0=39.25 --height=10 --num-walls=1 --wall-positions=39.25 --wall-mass-factors=1000000000 --piston-right-protocol-mode=step --velocity-right-piston-step=10 --max-right-piston-travel=5 --auto-piston-step --wall-hold-steps=12000 --steps=12500 --fixed-dt=0.4 --energy-measurement --eff-output=wall-ke --kbt1 --seed=9265",9265
2026-09-18 13:26:13,energy_transfer,edmd,12500,12000,0.0166666669,39.25,10,100,0.5,nan,0.100050721,0.100050721,1,39.25,1e+09,50;50,1,0.0416666667,1,1,0.00999999978,100,1000,nan,39.25,1,step,73.5,-10,step,5,10,nan,nan,10,nan,nan,2199.41463,0.168528542,7.66242708e-05,0.999923376,2199.2461,0,0.00163182931,0.00163182931,7.41938007e-07,20,0.549987793,/Users/chrisharing/Desktop/CCS_complex_coupled_systems/Repo/HardDisks/hspist3/experiments_energy_transfer/level2_fastdx_20260918/dx5/tr_9269.csv,19.9999847,19.4499969,1,"./00ALLINONE_ramp --mode=edmd --experiment=energy_transfer --headless --quiet --edmd-acc=0 --seed-drift-order=drift-first --energy-transfer-summary=experiments_energy_transfer/level2_fastdx_20260918/dx5/summary.csv --energy-transfer-trace=experiments_energy_transfer/level2_fastdx_20260918/dx5/tr_9269.csv --particles=100 --particles-boxes=50,50 --particle-radius=0.5 --l0=39.25 --height=10 --num-walls=1 --wall-positions=39.25 --wall-mass-factors=1000000000 --piston-right-protocol-mode=step --velocity-right-piston-step=10 --max-right-piston-travel=5 --auto-piston-step --wall-hold-steps=12000 --steps=12500 --fixed-dt=0.4 --energy-measurement --eff-output=wall-ke --kbt1 --seed=9269",9269
2026-09-18 13:26:13,energy_transfer,edmd,12500,12000,0.0166666669,39.25,10,100,0.5,nan,0.100050721,0.100050721,1,39.25,1e+09,50;50,1,0.0416666667,1,1,0.00999999978,100,1000,nan,39.25,1,step,73.5,-10,step,5,10,nan,nan,10,nan,nan,780.29773,0.0212880839,2.72820015e-05,0.999972718,780.276442,3.98487465e-09,0.000219072739,0.000219068754,2.80750213e-07,20,0.549987793,/Users/chrisharing/Desktop/CCS_complex_coupled_systems/Repo/HardDisks/hspist3/experiments_energy_transfer/level2_fastdx_20260918/dx5/tr_9270.csv,20.5333252,19.9833374,1,"./00ALLINONE_ramp --mode=edmd --experiment=energy_transfer --headless --quiet --edmd-acc=0 --seed-drift-order=drift-first --energy-transfer-summary=experiments_energy_transfer/level2_fastdx_20260918/dx5/summary.csv --energy-transfer-trace=experiments_energy_transfer/level2_fastdx_20260918/dx5/tr_9270.csv --particles=100 --particles-boxes=50,50 --particle-radius=0.5 --l0=39.25 --height=10 --num-walls=1 --wall-positions=39.25 --wall-mass-factors=1000000000 --piston-right-protocol-mode=step --velocity-right-piston-step=10 --max-right-piston-travel=5 --auto-piston-step --wall-hold-steps=12000 --steps=12500 --fixed-dt=0.4 --energy-measurement --eff-output=wall-ke --kbt1 --seed=9270",9270
2026-09-18 13:26:13,energy_transfer,edmd,12500,12000,0.0166666669,39.25,10,100,0.5,nan,0.100050721,0.100050721,1,39.25,1e+09,50;50,1,0.0416666667,1,1,0.00999999978,100,1000,nan,39.25,1,step,73.5,-10,step,5,10,nan,nan,10,nan,nan,1099.97394,0.0418065488,3.80068539e-05,0.999961993,1099.93213,6.50258158e-09,0.000359498401,0.000359491898,3.2681856e-07,20,0.549987793,/Users/chrisharing/Desktop/CCS_complex_coupled_systems/Repo/HardDisks/hspist3/experiments_energy_transfer/level2_fastdx_20260918/dx5/tr_9277.csv,19.8999939,19.3500061,1,"./00ALLINONE_ramp --mode=edmd --experiment=energy_transfer --headless --quiet --edmd-acc=0 --seed-drift-order=drift-first --energy-transfer-summary=experiments_energy_transfer/level2_fastdx_20260918/dx5/summary.csv --energy-transfer-trace=experiments_energy_transfer/level2_fastdx_20260918/dx5/tr_9277.csv --particles=100 --particles-boxes=50,50 --particle-radius=0.5 --l0=39.25 --height=10 --num-walls=1 --wall-positions=39.25 --wall-mass-factors=1000000000 --piston-right-protocol-mode=step --velocity-right-piston-step=10 --max-right-piston-travel=5 --auto-piston-step --wall-hold-steps=12000 --steps=12500 --fixed-dt=0.4 --energy-measurement --eff-output=wall-ke --kbt1 --seed=9277",9277
2026-09-18 13:26:13,energy_transfer,edmd,12500,12000,0.0166666669,39.25,10,100,0.5,nan,0.100050721,0.100050721,1,39.25,1e+09,50;50,1,0.0416666667,1,1,0.00999999978,100,1000,nan,39.25,1,step,73.5,-10,step,5,10,nan,nan,10,nan,nan,1672.13675,0.0958280563,5.73087437e-05,0.999942691,1672.04092,0,0.00102191675,0.00102191675,6.11144242e-07,20,0.549987793,/Users/chrisharing/Desktop/CCS_complex_coupled_systems/Repo/HardDisks/hspist3/experiments_energy_transfer/level2_fastdx_20260918/dx5/tr_9272.csv,20.5166626,19.9666748,1,"./00ALLINONE_ramp --mode=edmd --experiment=energy_transfer --headless --quiet --edmd-acc=0 --seed-drift-order=drift-first --energy-transfer-summary=experiments_energy_transfer/level2_fastdx_20260918/dx5/summary.csv --energy-transfer-trace=experiments_energy_transfer/level2_fastdx_20260918/dx5/tr_9272.csv --particles=100 --particles-boxes=50,50 --particle-radius=0.5 --l0=39.25 --height=10 --num-walls=1 --wall-positions=39.25 --wall-mass-factors=1000000000 --piston-right-protocol-mode=step --velocity-right-piston-step=10 --max-right-piston-travel=5 --auto-piston-step --wall-hold-steps=12000 --steps=12500 --fixed-dt=0.4 --energy-measurement --eff-output=wall-ke --kbt1 --seed=9272",9272
2026-09-18 13:26:13,energy_transfer,edmd,12500,12000,0.0166666669,39.25,10,100,0.5,nan,0.100050721,0.100050721,1,39.25,1e+09,50;50,1,0.0416666667,1,1,0.00999999978,100,1000,nan,39.25,1,step,73.5,-10,step,5,10,nan,nan,10,nan,nan,1634.34021,0.0932948589,5.70841117e-05,0.999942916,1634.24691,0,0.0009382508,0.0009382508,5.74085368e-07,20,0.549987793,/Users/chrisharing/Desktop/CCS_complex_coupled_systems/Repo/HardDisks/hspist3/experiments_energy_transfer/level2_fastdx_20260918/dx5/tr_9273.csv,20.2499847,19.6999969,1,"./00ALLINONE_ramp --mode=edmd --experiment=energy_transfer --headless --quiet --edmd-acc=0 --seed-drift-order=drift-first --energy-transfer-summary=experiments_energy_transfer/level2_fastdx_20260918/dx5/summary.csv --energy-transfer-trace=experiments_energy_transfer/level2_fastdx_20260918/dx5/tr_9273.csv --particles=100 --particles-boxes=50,50 --particle-radius=0.5 --l0=39.25 --height=10 --num-walls=1 --wall-positions=39.25 --wall-mass-factors=1000000000 --piston-right-protocol-mode=step --velocity-right-piston-step=10 --max-right-piston-travel=5 --auto-piston-step --wall-hold-steps=12000 --steps=12500 --fixed-dt=0.4 --energy-measurement --eff-output=wall-ke --kbt1 --seed=9273",9273
2026-09-18 13:26:13,energy_transfer,edmd,12500,12000,0.0166666669,39.25,10,100,0.5,nan,0.100050721,0.100050721,1,39.25,1e+09,50;50,1,0.0416666667,1,1,0.00999999978,100,1000,nan,39.25,1,step,73.5,-10,step,5,10,nan,nan,10,nan,nan,1731.03438,0.100759968,5.82079534e-05,0.999941792,1730.93362,0,0.000921233906,0.000921233906,5.32186951e-07,20,0.549987793,/Users/chrisharing/Desktop/CCS_complex_coupled_systems/Repo/HardDisks/hspist3/experiments_energy_transfer/level2_fastdx_20260918/dx5/tr_9271.csv,20.5333252,19.9833374,1,"./00ALLINONE_ramp --mode=edmd --experiment=energy_transfer --headless --quiet --edmd-acc=0 --seed-drift-order=drift-first --energy-transfer-summary=experiments_energy_transfer/level2_fastdx_20260918/dx5/summary.csv --energy-transfer-trace=experiments_energy_transfer/level2_fastdx_20260918/dx5/tr_9271.csv --particles=100 --particles-boxes=50,50 --particle-radius=0.5 --l0=39.25 --height=10 --num-walls=1 --wall-positions=39.25 --wall-mass-factors=1000000000 --piston-right-protocol-mode=step --velocity-right-piston-step=10 --max-right-piston-travel=5 --auto-piston-step --wall-hold-steps=12000 --steps=12500 --fixed-dt=0.4 --energy-measurement --eff-output=wall-ke --kbt1 --seed=9271",9271
2026-09-18 13:26:13,energy_transfer,edmd,12500,12000,0.0166666669,39.25,10,100,0.5,nan,0.100050721,0.100050721,1,39.25,1e+09,50;50,1,0.0416666667,1,1,0.00999999978,100,1000,nan,39.25,1,step,73.5,-10,step,5,10,nan,nan,10,nan,nan,1322.61901,0.0603440143,4.56246387e-05,0.999954375,1322.55866,0,0.000587945513,0.000587945513,4.44531275e-07,20,0.549987793,/Users/chrisharing/Desktop/CCS_complex_coupled_systems/Repo/HardDisks/hspist3/experiments_energy_transfer/level2_fastdx_20260918/dx5/tr_9276.csv,20.5333252,19.9833374,1,"./00ALLINONE_ramp --mode=edmd --experiment=energy_transfer --headless --quiet --edmd-acc=0 --seed-drift-order=drift-first --energy-transfer-summary=experiments_energy_transfer/level2_fastdx_20260918/dx5/summary.csv --energy-transfer-trace=experiments_energy_transfer/level2_fastdx_20260918/dx5/tr_9276.csv --particles=100 --particles-boxes=50,50 --particle-radius=0.5 --l0=39.25 --height=10 --num-walls=1 --wall-positions=39.25 --wall-mass-factors=1000000000 --piston-right-protocol-mode=step --velocity-right-piston-step=10 --max-right-piston-travel=5 --auto-piston-step --wall-hold-steps=12000 --steps=12500 --fixed-dt=0.4 --energy-measurement --eff-output=wall-ke --kbt1 --seed=9276",9276
2026-09-18 13:26:13,energy_transfer,edmd,12500,12000,0.0166666669,39.25,10,100,0.5,nan,0.100050721,0.100050721,1,39.25,1e+09,50;50,1,0.0416666667,1,1,0.00999999978,100,1000,nan,39.25,1,step,73.5,-10,step,5,10,nan,nan,10,nan,nan,1832.0782,0.11679972,6.37525842e-05,0.999936247,1831.9614,0,0.00119218486,0.00119218486,6.50728154e-07,20,0.549987793,/Users/chrisharing/Desktop/CCS_complex_coupled_systems/Repo/HardDisks/hspist3/experiments_energy_transfer/level2_fastdx_20260918/dx5/tr_9274.csv,20.5499878,20,1,"./00ALLINONE_ramp --mode=edmd --experiment=energy_transfer --headless --quiet --edmd-acc=0 --seed-drift-order=drift-first --energy-transfer-summary=experiments_energy_transfer/level2_fastdx_20260918/dx5/summary.csv --energy-transfer-trace=experiments_energy_transfer/level2_fastdx_20260918/dx5/tr_9274.csv --particles=100 --particles-boxes=50,50 --particle-radius=0.5 --l0=39.25 --height=10 --num-walls=1 --wall-positions=39.25 --wall-mass-factors=1000000000 --piston-right-protocol-mode=step --velocity-right-piston-step=10 --max-right-piston-travel=5 --auto-piston-step --wall-hold-steps=12000 --steps=12500 --fixed-dt=0.4 --energy-measurement --eff-output=wall-ke --kbt1 --seed=9274",9274
2026-09-18 13:26:13,energy_transfer,edmd,12500,12000,0.0166666669,39.25,10,100,0.5,nan,0.100050721,0.100050721,1,39.25,1e+09,50;50,1,0.0416666667,1,1,0.00999999978,100,1000,nan,39.25,1,step,73.5,-10,step,5,10,nan,nan,10,nan,nan,1718.95275,0.0994454846,5.78523665e-05,0.999942148,1718.85331,4.44582282e-09,0.000974405324,0.000974400878,5.66857278e-07,20,0.549987793,/Users/chrisharing/Desktop/CCS_complex_coupled_systems/Repo/HardDisks/hspist3/experiments_energy_transfer/level2_fastdx_20260918/dx5/tr_9275.csv,19.5333252,18.9833374,1,"./00ALLINONE_ramp --mode=edmd --experiment=energy_transfer --headless --quiet --edmd-acc=0 --seed-drift-order=drift-first --energy-transfer-summary=experiments_energy_transfer/level2_fastdx_20260918/dx5/summary.csv --energy-transfer-trace=experiments_energy_transfer/level2_fastdx_20260918/dx5/tr_9275.csv --particles=100 --particles-boxes=50,50 --particle-radius=0.5 --l0=39.25 --height=10 --num-walls=1 --wall-positions=39.25 --wall-mass-factors=1000000000 --piston-right-protocol-mode=step --velocity-right-piston-step=10 --max-right-piston-travel=5 --auto-piston-step --wall-hold-steps=12000 --steps=12500 --fixed-dt=0.4 --energy-measurement --eff-output=wall-ke --kbt1 --seed=9275",9275
2026-09-18 13:26:13,energy_transfer,edmd,12500,12000,0.0166666669,39.25,10,100,0.5,nan,0.100050721,0.100050721,1,39.25,1e+09,50;50,1,0.0416666667,1,1,0.00999999978,100,1000,nan,39.25,1,step,73.5,-10,step,5,10,nan,nan,10,nan,nan,1727.37504,0.103221893,5.97565039e-05,0.999940243,1727.27182,7.86311072e-10,0.00112485699,0.00112485621,6.51193968e-07,20,0.549987793,/Users/chrisharing/Desktop/CCS_complex_coupled_systems/Repo/HardDisks/hspist3/experiments_energy_transfer/level2_fastdx_20260918/dx5/tr_9278.csv,20.5333252,19.9833374,1,"./00ALLINONE_ramp --mode=edmd --experiment=energy_transfer --headless --quiet --edmd-acc=0 --seed-drift-order=drift-first --energy-transfer-summary=experiments_energy_transfer/level2_fastdx_20260918/dx5/summary.csv --energy-transfer-trace=experiments_energy_transfer/level2_fastdx_20260918/dx5/tr_9278.csv --particles=100 --particles-boxes=50,50 --particle-radius=0.5 --l0=39.25 --height=10 --num-walls=1 --wall-positions=39.25 --wall-mass-factors=1000000000 --piston-right-protocol-mode=step --velocity-right-piston-step=10 --max-right-piston-travel=5 --auto-piston-step --wall-hold-steps=12000 --steps=12500 --fixed-dt=0.4 --energy-measurement --eff-output=wall-ke --kbt1 --seed=9278",9278
2026-09-18 13:26:14,energy_transfer,edmd,12500,12000,0.0166666669,39.25,10,100,0.5,nan,0.100050721,0.100050721,1,39.25,1e+09,50;50,1,0.0416666667,1,1,0.00999999978,100,1000,nan,39.25,1,step,73.5,-10,step,5,10,nan,nan,10,nan,nan,1177.82881,0.0503531843,4.27508513e-05,0.999957249,1177.77846,0,0.000509316451,0.000509316451,4.3241976e-07,20,0.549987793,/Users/chrisharing/Desktop/CCS_complex_coupled_systems/Repo/HardDisks/hspist3/experiments_energy_transfer/level2_fastdx_20260918/dx5/tr_9280.csv,19.9833221,19.4333344,1,"./00ALLINONE_ramp --mode=edmd --experiment=energy_transfer --headless --quiet --edmd-acc=0 --seed-drift-order=drift-first --energy-transfer-summary=experiments_energy_transfer/level2_fastdx_20260918/dx5/summary.csv --energy-transfer-trace=experiments_energy_transfer/level2_fastdx_20260918/dx5/tr_9280.csv --particles=100 --particles-boxes=50,50 --particle-radius=0.5 --l0=39.25 --height=10 --num-walls=1 --wall-positions=39.25 --wall-mass-factors=1000000000 --piston-right-protocol-mode=step --velocity-right-piston-step=10 --max-right-piston-travel=5 --auto-piston-step --wall-hold-steps=12000 --steps=12500 --fixed-dt=0.4 --energy-measurement --eff-output=wall-ke --kbt1 --seed=9280",9280
2026-09-18 13:26:14,energy_transfer,edmd,12500,12000,0.0166666669,39.25,10,100,0.5,nan,0.100050721,0.100050721,1,39.25,1e+09,50;50,1,0.0416666667,1,1,0.00999999978,100,1000,nan,39.25,1,step,73.5,-10,step,5,10,nan,nan,10,nan,nan,1296.94632,0.0574092567,4.42649445e-05,0.999955735,1296.88891,4.63442973e-09,0.000585709466,0.000585704831,4.51602987e-07,20,0.549987793,/Users/chrisharing/Desktop/CCS_complex_coupled_systems/Repo/HardDisks/hspist3/experiments_energy_transfer/level2_fastdx_20260918/dx5/tr_9279.csv,20.3999939,19.8500061,1,"./00ALLINONE_ramp --mode=edmd --experiment=energy_transfer --headless --quiet --edmd-acc=0 --seed-drift-order=drift-first --energy-transfer-summary=experiments_energy_transfer/level2_fastdx_20260918/dx5/summary.csv --energy-transfer-trace=experiments_energy_transfer/level2_fastdx_20260918/dx5/tr_9279.csv --particles=100 --particles-boxes=50,50 --particle-radius=0.5 --l0=39.25 --height=10 --num-walls=1 --wall-positions=39.25 --wall-mass-factors=1000000000 --piston-right-protocol-mode=step --velocity-right-piston-step=10 --max-right-piston-travel=5 --auto-piston-step --wall-hold-steps=12000 --steps=12500 --fixed-dt=0.4 --energy-measurement --eff-output=wall-ke --kbt1 --seed=9279",9279
2026-09-18 13:26:14,energy_transfer,edmd,12500,12000,0.0166666669,39.25,10,100,0.5,nan,0.100050721,0.100050721,1,39.25,1e+09,50;50,1,0.0416666667,1,1,0.00999999978,100,1000,nan,39.25,1,step,73.5,-10,step,5,10,nan,nan,10,nan,nan,1464.3872,0.0763204396,5.21176636e-05,0.999947882,1464.31088,0,0.000764799886,0.000764799886,5.22266164e-07,20,0.549987793,/Users/chrisharing/Desktop/CCS_complex_coupled_systems/Repo/HardDisks/hspist3/experiments_energy_transfer/level2_fastdx_20260918/dx5/tr_9281.csv,20.3499908,19.8000031,1,"./00ALLINONE_ramp --mode=edmd --experiment=energy_transfer --headless --quiet --edmd-acc=0 --seed-drift-order=drift-first --energy-transfer-summary=experiments_energy_transfer/level2_fastdx_20260918/dx5/summary.csv --energy-transfer-trace=experiments_energy_transfer/level2_fastdx_20260918/dx5/tr_9281.csv --particles=100 --particles-boxes=50,50 --particle-radius=0.5 --l0=39.25 --height=10 --num-walls=1 --wall-positions=39.25 --wall-mass-factors=1000000000 --piston-right-protocol-mode=step --velocity-right-piston-step=10 --max-right-piston-travel=5 --auto-piston-step --wall-hold-steps=12000 --steps=12500 --fixed-dt=0.4 --energy-measurement --eff-output=wall-ke --kbt1 --seed=9281",9281
2026-09-18 13:26:14,energy_transfer,edmd,12500,12000,0.0166666669,39.25,10,100,0.5,nan,0.100050721,0.100050721,1,39.25,1e+09,50;50,1,0.0416666667,1,1,0.00999999978,100,1000,nan,39.25,1,step,73.5,-10,step,5,10,nan,nan,10,nan,nan,1403.94901,0.0667508021,4.75450329e-05,0.999952455,1403.88226,0,0.00069017394,0.00069017394,4.91594733e-07,20,0.549987793,/Users/chrisharing/Desktop/CCS_complex_coupled_systems/Repo/HardDisks/hspist3/experiments_energy_transfer/level2_fastdx_20260918/dx5/tr_9282.csv,20.4666595,19.9166718,1,"./00ALLINONE_ramp --mode=edmd --experiment=energy_transfer --headless --quiet --edmd-acc=0 --seed-drift-order=drift-first --energy-transfer-summary=experiments_energy_transfer/level2_fastdx_20260918/dx5/summary.csv --energy-transfer-trace=experiments_energy_transfer/level2_fastdx_20260918/dx5/tr_9282.csv --particles=100 --particles-boxes=50,50 --particle-radius=0.5 --l0=39.25 --height=10 --num-walls=1 --wall-positions=39.25 --wall-mass-factors=1000000000 --piston-right-protocol-mode=step --velocity-right-piston-step=10 --max-right-piston-travel=5 --auto-piston-step --wall-hold-steps=12000 --steps=12500 --fixed-dt=0.4 --energy-measurement --eff-output=wall-ke --kbt1 --seed=9282",9282
2026-09-18 13:26:14,energy_transfer,edmd,12500,12000,0.0166666669,39.25,10,100,0.5,nan,0.100050721,0.100050721,1,39.25,1e+09,50;50,1,0.0416666667,1,1,0.00999999978,100,1000,nan,39.25,1,step,73.5,-10,step,5,10,nan,nan,10,nan,nan,1380.16753,0.0657583401,4.76451872e-05,0.999952355,1380.10177,3.39690875e-09,0.000734535162,0.000734531765,5.32204788e-07,20,0.549987793,/Users/chrisharing/Desktop/CCS_complex_coupled_systems/Repo/HardDisks/hspist3/experiments_energy_transfer/level2_fastdx_20260918/dx5/tr_9283.csv,20.2999878,19.75,1,"./00ALLINONE_ramp --mode=edmd --experiment=energy_transfer --headless --quiet --edmd-acc=0 --seed-drift-order=drift-first --energy-transfer-summary=experiments_energy_transfer/level2_fastdx_20260918/dx5/summary.csv --energy-transfer-trace=experiments_energy_transfer/level2_fastdx_20260918/dx5/tr_9283.csv --particles=100 --particles-boxes=50,50 --particle-radius=0.5 --l0=39.25 --height=10 --num-walls=1 --wall-positions=39.25 --wall-mass-factors=1000000000 --piston-right-protocol-mode=step --velocity-right-piston-step=10 --max-right-piston-travel=5 --auto-piston-step --wall-hold-steps=12000 --steps=12500 --fixed-dt=0.4 --energy-measurement --eff-output=wall-ke --kbt1 --seed=9283",9283
2026-09-18 13:26:14,energy_transfer,edmd,12500,12000,0.0166666669,39.25,10,100,0.5,nan,0.100050721,0.100050721,1,39.25,1e+09,50;50,1,0.0416666667,1,1,0.00999999978,100,1000,nan,39.25,1,step,73.5,-10,step,5,10,nan,nan,10,nan,nan,1809.45263,0.111778572,6.17747988e-05,0.999938225,1809.34085,5.18258503e-09,0.00124773069,0.00124772551,6.8955964e-07,20,0.549987793,/Users/chrisharing/Desktop/CCS_complex_coupled_systems/Repo/HardDisks/hspist3/experiments_energy_transfer/level2_fastdx_20260918/dx5/tr_9284.csv,20.5166626,19.9666748,1,"./00ALLINONE_ramp --mode=edmd --experiment=energy_transfer --headless --quiet --edmd-acc=0 --seed-drift-order=drift-first --energy-transfer-summary=experiments_energy_transfer/level2_fastdx_20260918/dx5/summary.csv --energy-transfer-trace=experiments_energy_transfer/level2_fastdx_20260918/dx5/tr_9284.csv --particles=100 --particles-boxes=50,50 --particle-radius=0.5 --l0=39.25 --height=10 --num-walls=1 --wall-positions=39.25 --wall-mass-factors=1000000000 --piston-right-protocol-mode=step --velocity-right-piston-step=10 --max-right-piston-travel=5 --auto-piston-step --wall-hold-steps=12000 --steps=12500 --fixed-dt=0.4 --energy-measurement --eff-output=wall-ke --kbt1 --seed=9284",9284
2026-09-18 13:26:14,energy_transfer,edmd,12500,12000,0.0166666669,39.25,10,100,0.5,nan,0.100050721,0.100050721,1,39.25,1e+09,50;50,1,0.0416666667,1,1,0.00999999978,100,1000,nan,39.25,1,step,73.5,-10,step,5,10,nan,nan,10,nan,nan,1778.88438,0.106707811,5.99858048e-05,0.999940014,1778.77768,0,0.00108085701,0.00108085701,6.07603854e-07,20,0.549987793,/Users/chrisharing/Desktop/CCS_complex_coupled_systems/Repo/HardDisks/hspist3/experiments_energy_transfer/level2_fastdx_20260918/dx5/tr_9285.csv,20.2999878,19.75,1,"./00ALLINONE_ramp --mode=edmd --experiment=energy_transfer --headless --quiet --edmd-acc=0 --seed-drift-order=drift-first --energy-transfer-summary=experiments_energy_transfer/level2_fastdx_20260918/dx5/summary.csv --energy-transfer-trace=experiments_energy_transfer/level2_fastdx_20260918/dx5/tr_9285.csv --particles=100 --particles-boxes=50,50 --particle-radius=0.5 --l0=39.25 --height=10 --num-walls=1 --wall-positions=39.25 --wall-mass-factors=1000000000 --piston-right-protocol-mode=step --velocity-right-piston-step=10 --max-right-piston-travel=5 --auto-piston-step --wall-hold-steps=12000 --steps=12500 --fixed-dt=0.4 --energy-measurement --eff-output=wall-ke --kbt1 --seed=9285",9285
2026-09-18 13:26:14,energy_transfer,edmd,12500,12000,0.0166666669,39.25,10,100,0.5,nan,0.100050721,0.100050721,1,39.25,1e+09,50;50,1,0.0416666667,1,1,0.00999999978,100,1000,nan,39.25,1,step,73.5,-10,step,5,10,nan,nan,10,nan,nan,1788.34048,0.111657508,6.2436381e-05,0.999937564,1788.22883,6.96186042e-09,0.00108285539,0.00108284843,6.05504624e-07,20,0.549987793,/Users/chrisharing/Desktop/CCS_complex_coupled_systems/Repo/HardDisks/hspist3/experiments_energy_transfer/level2_fastdx_20260918/dx5/tr_9287.csv,20.4166565,19.8666687,1,"./00ALLINONE_ramp --mode=edmd --experiment=energy_transfer --headless --quiet --edmd-acc=0 --seed-drift-order=drift-first --energy-transfer-summary=experiments_energy_transfer/level2_fastdx_20260918/dx5/summary.csv --energy-transfer-trace=experiments_energy_transfer/level2_fastdx_20260918/dx5/tr_9287.csv --particles=100 --particles-boxes=50,50 --particle-radius=0.5 --l0=39.25 --height=10 --num-walls=1 --wall-positions=39.25 --wall-mass-factors=1000000000 --piston-right-protocol-mode=step --velocity-right-piston-step=10 --max-right-piston-travel=5 --auto-piston-step --wall-hold-steps=12000 --steps=12500 --fixed-dt=0.4 --energy-measurement --eff-output=wall-ke --kbt1 --seed=9287",9287
2026-09-18 13:26:14,energy_transfer,edmd,12500,12000,0.0166666669,39.25,10,100,0.5,nan,0.100050721,0.100050721,1,39.25,1e+09,50;50,1,0.0416666667,1,1,0.00999999978,100,1000,nan,39.25,1,step,73.5,-10,step,5,10,nan,nan,10,nan,nan,2032.51948,0.139843583,6.88030715e-05,0.999931197,2032.37964,0,0.00135722547,0.00135722547,6.67755208e-07,20,0.549987793,/Users/chrisharing/Desktop/CCS_complex_coupled_systems/Repo/HardDisks/hspist3/experiments_energy_transfer/level2_fastdx_20260918/dx5/tr_9286.csv,20.4166565,19.8666687,1,"./00ALLINONE_ramp --mode=edmd --experiment=energy_transfer --headless --quiet --edmd-acc=0 --seed-drift-order=drift-first --energy-transfer-summary=experiments_energy_transfer/level2_fastdx_20260918/dx5/summary.csv --energy-transfer-trace=experiments_energy_transfer/level2_fastdx_20260918/dx5/tr_9286.csv --particles=100 --particles-boxes=50,50 --particle-radius=0.5 --l0=39.25 --height=10 --num-walls=1 --wall-positions=39.25 --wall-mass-factors=1000000000 --piston-right-protocol-mode=step --velocity-right-piston-step=10 --max-right-piston-travel=5 --auto-piston-step --wall-hold-steps=12000 --steps=12500 --fixed-dt=0.4 --energy-measurement --eff-output=wall-ke --kbt1 --seed=9286",9286
2026-09-18 13:26:14,energy_transfer,edmd,12500,12000,0.0166666669,39.25,10,100,0.5,nan,0.100050721,0.100050721,1,39.25,1e+09,50;50,1,0.0416666667,1,1,0.00999999978,100,1000,nan,39.25,1,step,73.5,-10,step,5,10,nan,nan,10,nan,nan,835.653365,0.0248284321,2.97114009e-05,0.999970289,835.628537,3.31098504e-09,0.000244161929,0.000244158618,2.9217691e-07,20,0.549987793,/Users/chrisharing/Desktop/CCS_complex_coupled_systems/Repo/HardDisks/hspist3/experiments_energy_transfer/level2_fastdx_20260918/dx5/tr_9290.csv,20.0833282,19.5333405,1,"./00ALLINONE_ramp --mode=edmd --experiment=energy_transfer --headless --quiet --edmd-acc=0 --seed-drift-order=drift-first --energy-transfer-summary=experiments_energy_transfer/level2_fastdx_20260918/dx5/summary.csv --energy-transfer-trace=experiments_energy_transfer/level2_fastdx_20260918/dx5/tr_9290.csv --particles=100 --particles-boxes=50,50 --particle-radius=0.5 --l0=39.25 --height=10 --num-walls=1 --wall-positions=39.25 --wall-mass-factors=1000000000 --piston-right-protocol-mode=step --velocity-right-piston-step=10 --max-right-piston-travel=5 --auto-piston-step --wall-hold-steps=12000 --steps=12500 --fixed-dt=0.4 --energy-measurement --eff-output=wall-ke --kbt1 --seed=9290",9290
2026-09-18 13:26:14,energy_transfer,edmd,12500,12000,0.0166666669,39.25,10,100,0.5,nan,0.100050721,0.100050721,1,39.25,1e+09,50;50,1,0.0416666667,1,1,0.00999999978,100,1000,nan,39.25,1,step,73.5,-10,step,5,10,nan,nan,10,nan,nan,1210.464,0.0511181392,4.2230202e-05,0.99995777,1210.41288,0,0.00051211135,0.00051211135,4.23070286e-07,20,0.549987793,/Users/chrisharing/Desktop/CCS_complex_coupled_systems/Repo/HardDisks/hspist3/experiments_energy_transfer/level2_fastdx_20260918/dx5/tr_9288.csv,20.5166626,19.9666748,1,"./00ALLINONE_ramp --mode=edmd --experiment=energy_transfer --headless --quiet --edmd-acc=0 --seed-drift-order=drift-first --energy-transfer-summary=experiments_energy_transfer/level2_fastdx_20260918/dx5/summary.csv --energy-transfer-trace=experiments_energy_transfer/level2_fastdx_20260918/dx5/tr_9288.csv --particles=100 --particles-boxes=50,50 --particle-radius=0.5 --l0=39.25 --height=10 --num-walls=1 --wall-positions=39.25 --wall-mass-factors=1000000000 --piston-right-protocol-mode=step --velocity-right-piston-step=10 --max-right-piston-travel=5 --auto-piston-step --wall-hold-steps=12000 --steps=12500 --fixed-dt=0.4 --energy-measurement --eff-output=wall-ke --kbt1 --seed=9288",9288
2026-09-18 13:26:14,energy_transfer,edmd,12500,12000,0.0166666669,39.25,10,100,0.5,nan,0.100050721,0.100050721,1,39.25,1e+09,50;50,1,0.0416666667,1,1,0.00999999978,100,1000,nan,39.25,1,step,73.5,-10,step,5,10,nan,nan,10,nan,nan,981.683,0.0329487585,3.35635419e-05,0.999966436,981.650051,1.37857104e-08,0.000288385054,0.000288371268,2.93751922e-07,20,0.549987793,/Users/chrisharing/Desktop/CCS_complex_coupled_systems/Repo/HardDisks/hspist3/experiments_energy_transfer/level2_fastdx_20260918/dx5/tr_9289.csv,20.5166626,19.9666748,1,"./00ALLINONE_ramp --mode=edmd --experiment=energy_transfer --headless --quiet --edmd-acc=0 --seed-drift-order=drift-first --energy-transfer-summary=experiments_energy_transfer/level2_fastdx_20260918/dx5/summary.csv --energy-transfer-trace=experiments_energy_transfer/level2_fastdx_20260918/dx5/tr_9289.csv --particles=100 --particles-boxes=50,50 --particle-radius=0.5 --l0=39.25 --height=10 --num-walls=1 --wall-positions=39.25 --wall-mass-factors=1000000000 --piston-right-protocol-mode=step --velocity-right-piston-step=10 --max-right-piston-travel=5 --auto-piston-step --wall-hold-steps=12000 --steps=12500 --fixed-dt=0.4 --energy-measurement --eff-output=wall-ke --kbt1 --seed=9289",9289
2026-09-18 13:26:14,energy_transfer,edmd,12500,12000,0.0166666669,39.25,10,100,0.5,nan,0.100050721,0.100050721,1,39.25,1e+09,50;50,1,0.0416666667,1,1,0.00999999978,100,1000,nan,39.25,1,step,73.5,-10,step,5,10,nan,nan,10,nan,nan,771.810996,0.0208409242,2.70026267e-05,0.999972997,771.790156,0,0.000201196235,0.000201196235,2.60680706e-07,20,0.549987793,/Users/chrisharing/Desktop/CCS_complex_coupled_systems/Repo/HardDisks/hspist3/experiments_energy_transfer/level2_fastdx_20260918/dx5/tr_9296.csv,20.1999969,19.6500092,1,"./00ALLINONE_ramp --mode=edmd --experiment=energy_transfer --headless --quiet --edmd-acc=0 --seed-drift-order=drift-first --energy-transfer-summary=experiments_energy_transfer/level2_fastdx_20260918/dx5/summary.csv --energy-transfer-trace=experiments_energy_transfer/level2_fastdx_20260918/dx5/tr_9296.csv --particles=100 --particles-boxes=50,50 --particle-radius=0.5 --l0=39.25 --height=10 --num-walls=1 --wall-positions=39.25 --wall-mass-factors=1000000000 --piston-right-protocol-mode=step --velocity-right-piston-step=10 --max-right-piston-travel=5 --auto-piston-step --wall-hold-steps=12000 --steps=12500 --fixed-dt=0.4 --energy-measurement --eff-output=wall-ke --kbt1 --seed=9296",9296
2026-09-18 13:26:14,energy_transfer,edmd,12500,12000,0.0166666669,39.25,10,100,0.5,nan,0.100050721,0.100050721,1,39.25,1e+09,50;50,1,0.0416666667,1,1,0.00999999978,100,1000,nan,39.25,1,step,73.5,-10,step,5,10,nan,nan,10,nan,nan,1000.10308,0.035433691,3.5430039e-05,0.99996457,1000.06764,1.4990168e-09,0.000391134905,0.000391133406,3.91093094e-07,20,0.549987793,/Users/chrisharing/Desktop/CCS_complex_coupled_systems/Repo/HardDisks/hspist3/experiments_energy_transfer/level2_fastdx_20260918/dx5/tr_9295.csv,20.2499847,19.6999969,1,"./00ALLINONE_ramp --mode=edmd --experiment=energy_transfer --headless --quiet --edmd-acc=0 --seed-drift-order=drift-first --energy-transfer-summary=experiments_energy_transfer/level2_fastdx_20260918/dx5/summary.csv --energy-transfer-trace=experiments_energy_transfer/level2_fastdx_20260918/dx5/tr_9295.csv --particles=100 --particles-boxes=50,50 --particle-radius=0.5 --l0=39.25 --height=10 --num-walls=1 --wall-positions=39.25 --wall-mass-factors=1000000000 --piston-right-protocol-mode=step --velocity-right-piston-step=10 --max-right-piston-travel=5 --auto-piston-step --wall-hold-steps=12000 --steps=12500 --fixed-dt=0.4 --energy-measurement --eff-output=wall-ke --kbt1 --seed=9295",9295
2026-09-18 13:26:14,energy_transfer,edmd,12500,12000,0.0166666669,39.25,10,100,0.5,nan,0.100050721,0.100050721,1,39.25,1e+09,50;50,1,0.0416666667,1,1,0.00999999978,100,1000,nan,39.25,1,step,73.5,-10,step,5,10,nan,nan,10,nan,nan,1442.50385,0.0724465996,5.02228121e-05,0.999949777,1442.4314,0,0.00070125307,0.00070125307,4.86136014e-07,20,0.549987793,/Users/chrisharing/Desktop/CCS_complex_coupled_systems/Repo/HardDisks/hspist3/experiments_energy_transfer/level2_fastdx_20260918/dx5/tr_9291.csv,20.4833221,19.9333344,1,"./00ALLINONE_ramp --mode=edmd --experiment=energy_transfer --headless --quiet --edmd-acc=0 --seed-drift-order=drift-first --energy-transfer-summary=experiments_energy_transfer/level2_fastdx_20260918/dx5/summary.csv --energy-transfer-trace=experiments_energy_transfer/level2_fastdx_20260918/dx5/tr_9291.csv --particles=100 --particles-boxes=50,50 --particle-radius=0.5 --l0=39.25 --height=10 --num-walls=1 --wall-positions=39.25 --wall-mass-factors=1000000000 --piston-right-protocol-mode=step --velocity-right-piston-step=10 --max-right-piston-travel=5 --auto-piston-step --wall-hold-steps=12000 --steps=12500 --fixed-dt=0.4 --energy-measurement --eff-output=wall-ke --kbt1 --seed=9291",9291
2026-09-18 13:26:14,energy_transfer,edmd,12500,12000,0.0166666669,39.25,10,100,0.5,nan,0.100050721,0.100050721,1,39.25,1e+09,50;50,1,0.0416666667,1,1,0.00999999978,100,1000,nan,39.25,1,step,73.5,-10,step,5,10,nan,nan,10,nan,nan,1286.83896,0.0576879643,4.48292025e-05,0.999955171,1286.78127,4.74262782e-11,0.000549128803,0.000549128756,4.26726865e-07,20,0.549987793,/Users/chrisharing/Desktop/CCS_complex_coupled_systems/Repo/HardDisks/hspist3/experiments_energy_transfer/level2_fastdx_20260918/dx5/tr_9293.csv,20.1999969,19.6500092,1,"./00ALLINONE_ramp --mode=edmd --experiment=energy_transfer --headless --quiet --edmd-acc=0 --seed-drift-order=drift-first --energy-transfer-summary=experiments_energy_transfer/level2_fastdx_20260918/dx5/summary.csv --energy-transfer-trace=experiments_energy_transfer/level2_fastdx_20260918/dx5/tr_9293.csv --particles=100 --particles-boxes=50,50 --particle-radius=0.5 --l0=39.25 --height=10 --num-walls=1 --wall-positions=39.25 --wall-mass-factors=1000000000 --piston-right-protocol-mode=step --velocity-right-piston-step=10 --max-right-piston-travel=5 --auto-piston-step --wall-hold-steps=12000 --steps=12500 --fixed-dt=0.4 --energy-measurement --eff-output=wall-ke --kbt1 --seed=9293",9293
2026-09-18 13:26:14,energy_transfer,edmd,12500,12000,0.0166666669,39.25,10,100,0.5,nan,0.100050721,0.100050721,1,39.25,1e+09,50;50,1,0.0416666667,1,1,0.00999999978,100,1000,nan,39.25,1,step,73.5,-10,step,5,10,nan,nan,10,nan,nan,1442.94643,0.0712972805,4.94108992e-05,0.999950589,1442.87513,1.20381582e-09,0.000709467451,0.000709466247,4.91678855e-07,20,0.549987793,/Users/chrisharing/Desktop/CCS_complex_coupled_systems/Repo/HardDisks/hspist3/experiments_energy_transfer/level2_fastdx_20260918/dx5/tr_9294.csv,20.1333313,19.5833435,1,"./00ALLINONE_ramp --mode=edmd --experiment=energy_transfer --headless --quiet --edmd-acc=0 --seed-drift-order=drift-first --energy-transfer-summary=experiments_energy_transfer/level2_fastdx_20260918/dx5/summary.csv --energy-transfer-trace=experiments_energy_transfer/level2_fastdx_20260918/dx5/tr_9294.csv --particles=100 --particles-boxes=50,50 --particle-radius=0.5 --l0=39.25 --height=10 --num-walls=1 --wall-positions=39.25 --wall-mass-factors=1000000000 --piston-right-protocol-mode=step --velocity-right-piston-step=10 --max-right-piston-travel=5 --auto-piston-step --wall-hold-steps=12000 --steps=12500 --fixed-dt=0.4 --energy-measurement --eff-output=wall-ke --kbt1 --seed=9294",9294
2026-09-18 13:26:14,energy_transfer,edmd,12500,12000,0.0166666669,39.25,10,100,0.5,nan,0.100050721,0.100050721,1,39.25,1e+09,50;50,1,0.0416666667,1,1,0.00999999978,100,1000,nan,39.25,1,step,73.5,-10,step,5,10,nan,nan,10,nan,nan,1317.01271,0.0609092638,4.62480457e-05,0.999953752,1316.9518,0,0.000644488086,0.000644488086,4.89356012e-07,20,0.549987793,/Users/chrisharing/Desktop/CCS_complex_coupled_systems/Repo/HardDisks/hspist3/experiments_energy_transfer/level2_fastdx_20260918/dx5/tr_9297.csv,20.2666626,19.7166748,1,"./00ALLINONE_ramp --mode=edmd --experiment=energy_transfer --headless --quiet --edmd-acc=0 --seed-drift-order=drift-first --energy-transfer-summary=experiments_energy_transfer/level2_fastdx_20260918/dx5/summary.csv --energy-transfer-trace=experiments_energy_transfer/level2_fastdx_20260918/dx5/tr_9297.csv --particles=100 --particles-boxes=50,50 --particle-radius=0.5 --l0=39.25 --height=10 --num-walls=1 --wall-positions=39.25 --wall-mass-factors=1000000000 --piston-right-protocol-mode=step --velocity-right-piston-step=10 --max-right-piston-travel=5 --auto-piston-step --wall-hold-steps=12000 --steps=12500 --fixed-dt=0.4 --energy-measurement --eff-output=wall-ke --kbt1 --seed=9297",9297
2026-09-18 13:26:14,energy_transfer,edmd,12500,12000,0.0166666669,39.25,10,100,0.5,nan,0.100050721,0.100050721,1,39.25,1e+09,50;50,1,0.0416666667,1,1,0.00999999978,100,1000,nan,39.25,1,step,73.5,-10,step,5,10,nan,nan,10,nan,nan,1739.7839,0.105314128,6.05328788e-05,0.999939467,1739.67859,0,0.00112432346,0.00112432346,6.46243169e-07,20,0.549987793,/Users/chrisharing/Desktop/CCS_complex_coupled_systems/Repo/HardDisks/hspist3/experiments_energy_transfer/level2_fastdx_20260918/dx5/tr_9292.csv,20.3499908,19.8000031,1,"./00ALLINONE_ramp --mode=edmd --experiment=energy_transfer --headless --quiet --edmd-acc=0 --seed-drift-order=drift-first --energy-transfer-summary=experiments_energy_transfer/level2_fastdx_20260918/dx5/summary.csv --energy-transfer-trace=experiments_energy_transfer/level2_fastdx_20260918/dx5/tr_9292.csv --particles=100 --particles-boxes=50,50 --particle-radius=0.5 --l0=39.25 --height=10 --num-walls=1 --wall-positions=39.25 --wall-mass-factors=1000000000 --piston-right-protocol-mode=step --velocity-right-piston-step=10 --max-right-piston-travel=5 --auto-piston-step --wall-hold-steps=12000 --steps=12500 --fixed-dt=0.4 --energy-measurement --eff-output=wall-ke --kbt1 --seed=9292",9292
2026-09-18 13:26:14,energy_transfer,edmd,12500,12000,0.0166666669,39.25,10,100,0.5,nan,0.100050721,0.100050721,1,39.25,1e+09,50;50,1,0.0416666667,1,1,0.00999999978,100,1000,nan,39.25,1,step,73.5,-10,step,5,10,nan,nan,10,nan,nan,1825.49677,0.116777502,6.39702595e-05,0.99993603,1825.37999,6.81700529e-10,0.00117090566,0.00117090497,6.41417172e-07,20,0.549987793,/Users/chrisharing/Desktop/CCS_complex_coupled_systems/Repo/HardDisks/hspist3/experiments_energy_transfer/level2_fastdx_20260918/dx5/tr_9299.csv,20.4833221,19.9333344,1,"./00ALLINONE_ramp --mode=edmd --experiment=energy_transfer --headless --quiet --edmd-acc=0 --seed-drift-order=drift-first --energy-transfer-summary=experiments_energy_transfer/level2_fastdx_20260918/dx5/summary.csv --energy-transfer-trace=experiments_energy_transfer/level2_fastdx_20260918/dx5/tr_9299.csv --particles=100 --particles-boxes=50,50 --particle-radius=0.5 --l0=39.25 --height=10 --num-walls=1 --wall-positions=39.25 --wall-mass-factors=1000000000 --piston-right-protocol-mode=step --velocity-right-piston-step=10 --max-right-piston-travel=5 --auto-piston-step --wall-hold-steps=12000 --steps=12500 --fixed-dt=0.4 --energy-measurement --eff-output=wall-ke --kbt1 --seed=9299",9299
2026-09-18 13:26:14,energy_transfer,edmd,12500,12000,0.0166666669,39.25,10,100,0.5,nan,0.100050721,0.100050721,1,39.25,1e+09,50;50,1,0.0416666667,1,1,0.00999999978,100,1000,nan,39.25,1,step,73.5,-10,step,5,10,nan,nan,10,nan,nan,1944.66843,0.131372854,6.75554001e-05,0.999932445,1944.53706,4.04021927e-09,0.00130962278,0.00130961874,6.73440631e-07,20,0.549987793,/Users/chrisharing/Desktop/CCS_complex_coupled_systems/Repo/HardDisks/hspist3/experiments_energy_transfer/level2_fastdx_20260918/dx5/tr_9298.csv,20.3833313,19.8333435,1,"./00ALLINONE_ramp --mode=edmd --experiment=energy_transfer --headless --quiet --edmd-acc=0 --seed-drift-order=drift-first --energy-transfer-summary=experiments_energy_transfer/level2_fastdx_20260918/dx5/summary.csv --energy-transfer-trace=experiments_energy_transfer/level2_fastdx_20260918/dx5/tr_9298.csv --particles=100 --particles-boxes=50,50 --particle-radius=0.5 --l0=39.25 --height=10 --num-walls=1 --wall-positions=39.25 --wall-mass-factors=1000000000 --piston-right-protocol-mode=step --velocity-right-piston-step=10 --max-right-piston-travel=5 --auto-piston-step --wall-hold-steps=12000 --steps=12500 --fixed-dt=0.4 --energy-measurement --eff-output=wall-ke --kbt1 --seed=9298",9298
