timestamp,mode,sim_mode,steps_after_release,wall_hold_steps,dt_sigma,L0,height,particles_total,radius_sigma,eta_input,eta_nominal,eta_particles_region,num_walls,wall_positions_cli,wall_mass_factors_cli,particles_boxes_cli,wall_thickness_sigma,wall_thickness_vis_sigma,kbt1,kBT,kB_effective,temperature_runtime,spring_k,spring_eq_sigma,spring_eq_sigma_effective,piston_auto,piston_protocol,piston_target_sigma,piston_speed_px,piston_right_protocol_mode,piston_right_travel_sigma,piston_right_v_step_constant,piston_right_v0,piston_right_v_gradient,piston_right_vmax,piston_right_duration,piston_right_sigmoid_steepness,W_in_max,W_out_max,ratio,loss_fraction,total_loss,springE_stop,springE_peak_win,W_out_peak_win,ratio_win,eff_window_T,piston_stop_t_rel,trace_path,spring_peak_t_rel,spring_peak_dt,spring_peak_near_end,command,seed
2026-09-17 10:30:27,energy_transfer,edmd,24000,12000,0.0166666669,39.25,10,100,0.5,nan,0.100050721,0.100050721,1,39.25,1e+09,50;50,1,0.0416666667,1,1,0.00999999978,100,1000,nan,39.25,1,step,74.5700022,-0.0299999993,step,3.93000007,0.0299999993,nan,nan,0.0299999993,nan,nan,7.55755672,1.64366684e-05,2.17486537e-06,0.999997825,7.55754028,1.00584532e-06,1.66630832e-06,6.60463002e-07,8.73910744e-08,20,139.349991,/Users/chrisharing/Desktop/CCS_complex_coupled_systems/Repo/HardDisks/hspist3/experiments_energy_transfer/level2_slope_20260917/u0.03/tr_9200.csv,152.349991,13,0,"./00ALLINONE --mode=edmd --experiment=energy_transfer --headless --quiet --edmd-acc=0 --seed-drift-order=drift-first --energy-transfer-summary=experiments_energy_transfer/level2_slope_20260917/u0.03/summary.csv --energy-transfer-trace=experiments_energy_transfer/level2_slope_20260917/u0.03/tr_9200.csv --particles=100 --particles-boxes=50,50 --particle-radius=0.5 --l0=39.25 --height=10 --num-walls=1 --wall-positions=39.25 --wall-mass-factors=1000000000 --piston-right-protocol-mode=step --velocity-right-piston-step=0.03 --max-right-piston-travel=3.93 --auto-piston-step --wall-hold-steps=12000 --steps=24000 --fixed-dt=0.4 --energy-measurement --eff-output=wall-ke --kbt1 --seed=9200",9200
2026-09-17 10:30:27,energy_transfer,edmd,24000,12000,0.0166666669,39.25,10,100,0.5,nan,0.100050721,0.100050721,1,39.25,1e+09,50;50,1,0.0416666667,1,1,0.00999999978,100,1000,nan,39.25,1,step,74.5700022,-0.0299999993,step,3.93000007,0.0299999993,nan,nan,0.0299999993,nan,nan,7.99499893,1.78702649e-05,2.23518039e-06,0.999997765,7.99498106,5.34814774e-07,1.12612145e-06,5.91306673e-07,7.39595688e-08,20,139.349991,/Users/chrisharing/Desktop/CCS_complex_coupled_systems/Repo/HardDisks/hspist3/experiments_energy_transfer/level2_slope_20260917/u0.03/tr_9201.csv,152.949997,13.6000061,0,"./00ALLINONE --mode=edmd --experiment=energy_transfer --headless --quiet --edmd-acc=0 --seed-drift-order=drift-first --energy-transfer-summary=experiments_energy_transfer/level2_slope_20260917/u0.03/summary.csv --energy-transfer-trace=experiments_energy_transfer/level2_slope_20260917/u0.03/tr_9201.csv --particles=100 --particles-boxes=50,50 --particle-radius=0.5 --l0=39.25 --height=10 --num-walls=1 --wall-positions=39.25 --wall-mass-factors=1000000000 --piston-right-protocol-mode=step --velocity-right-piston-step=0.03 --max-right-piston-travel=3.93 --auto-piston-step --wall-hold-steps=12000 --steps=24000 --fixed-dt=0.4 --energy-measurement --eff-output=wall-ke --kbt1 --seed=9201",9201
2026-09-17 10:30:27,energy_transfer,edmd,24000,12000,0.0166666669,39.25,10,100,0.5,nan,0.100050721,0.100050721,1,39.25,1e+09,50;50,1,0.0416666667,1,1,0.00999999978,100,1000,nan,39.25,1,step,74.5700022,-0.0299999993,step,3.93000007,0.0299999993,nan,nan,0.0299999993,nan,nan,7.72489491,1.76078283e-05,2.27936154e-06,0.999997721,7.7248773,1.00657519e-06,1.94414565e-06,9.37570462e-07,1.21369996e-07,20,139.349991,/Users/chrisharing/Desktop/CCS_complex_coupled_systems/Repo/HardDisks/hspist3/experiments_energy_transfer/level2_slope_20260917/u0.03/tr_9202.csv,153.816666,14.4666748,0,"./00ALLINONE --mode=edmd --experiment=energy_transfer --headless --quiet --edmd-acc=0 --seed-drift-order=drift-first --energy-transfer-summary=experiments_energy_transfer/level2_slope_20260917/u0.03/summary.csv --energy-transfer-trace=experiments_energy_transfer/level2_slope_20260917/u0.03/tr_9202.csv --particles=100 --particles-boxes=50,50 --particle-radius=0.5 --l0=39.25 --height=10 --num-walls=1 --wall-positions=39.25 --wall-mass-factors=1000000000 --piston-right-protocol-mode=step --velocity-right-piston-step=0.03 --max-right-piston-travel=3.93 --auto-piston-step --wall-hold-steps=12000 --steps=24000 --fixed-dt=0.4 --energy-measurement --eff-output=wall-ke --kbt1 --seed=9202",9202
2026-09-17 10:30:27,energy_transfer,edmd,24000,12000,0.0166666669,39.25,10,100,0.5,nan,0.100050721,0.100050721,1,39.25,1e+09,50;50,1,0.0416666667,1,1,0.00999999978,100,1000,nan,39.25,1,step,74.5700022,-0.0299999993,step,3.93000007,0.0299999993,nan,nan,0.0299999993,nan,nan,7.55978777,1.92251155e-05,2.54307608e-06,0.999997457,7.55976854,1.18809737e-06,2.18293326e-06,9.94835887e-07,1.31595743e-07,20,139.349991,/Users/chrisharing/Desktop/CCS_complex_coupled_systems/Repo/HardDisks/hspist3/experiments_energy_transfer/level2_slope_20260917/u0.03/tr_9204.csv,155.749985,16.3999939,0,"./00ALLINONE --mode=edmd --experiment=energy_transfer --headless --quiet --edmd-acc=0 --seed-drift-order=drift-first --energy-transfer-summary=experiments_energy_transfer/level2_slope_20260917/u0.03/summary.csv --energy-transfer-trace=experiments_energy_transfer/level2_slope_20260917/u0.03/tr_9204.csv --particles=100 --particles-boxes=50,50 --particle-radius=0.5 --l0=39.25 --height=10 --num-walls=1 --wall-positions=39.25 --wall-mass-factors=1000000000 --piston-right-protocol-mode=step --velocity-right-piston-step=0.03 --max-right-piston-travel=3.93 --auto-piston-step --wall-hold-steps=12000 --steps=24000 --fixed-dt=0.4 --energy-measurement --eff-output=wall-ke --kbt1 --seed=9204",9204
2026-09-17 10:30:27,energy_transfer,edmd,24000,12000,0.0166666669,39.25,10,100,0.5,nan,0.100050721,0.100050721,1,39.25,1e+09,50;50,1,0.0416666667,1,1,0.00999999978,100,1000,nan,39.25,1,step,74.5700022,-0.0299999993,step,3.93000007,0.0299999993,nan,nan,0.0299999993,nan,nan,7.35868671,1.42475501e-05,1.93615392e-06,0.999998064,7.35867246,9.88848399e-08,4.90696607e-07,3.91811767e-07,5.32447953e-08,20,139.349991,/Users/chrisharing/Desktop/CCS_complex_coupled_systems/Repo/HardDisks/hspist3/experiments_energy_transfer/level2_slope_20260917/u0.03/tr_9203.csv,159.199997,19.8500061,1,"./00ALLINONE --mode=edmd --experiment=energy_transfer --headless --quiet --edmd-acc=0 --seed-drift-order=drift-first --energy-transfer-summary=experiments_energy_transfer/level2_slope_20260917/u0.03/summary.csv --energy-transfer-trace=experiments_energy_transfer/level2_slope_20260917/u0.03/tr_9203.csv --particles=100 --particles-boxes=50,50 --particle-radius=0.5 --l0=39.25 --height=10 --num-walls=1 --wall-positions=39.25 --wall-mass-factors=1000000000 --piston-right-protocol-mode=step --velocity-right-piston-step=0.03 --max-right-piston-travel=3.93 --auto-piston-step --wall-hold-steps=12000 --steps=24000 --fixed-dt=0.4 --energy-measurement --eff-output=wall-ke --kbt1 --seed=9203",9203
2026-09-17 10:30:27,energy_transfer,edmd,24000,12000,0.0166666669,39.25,10,100,0.5,nan,0.100050721,0.100050721,1,39.25,1e+09,50;50,1,0.0416666667,1,1,0.00999999978,100,1000,nan,39.25,1,step,74.5700022,-0.0299999993,step,3.93000007,0.0299999993,nan,nan,0.0299999993,nan,nan,7.35398657,1.57267405e-05,2.13853266e-06,0.999997861,7.35397084,4.41866149e-07,1.28089039e-06,8.39024239e-07,1.14091076e-07,20,139.349991,/Users/chrisharing/Desktop/CCS_complex_coupled_systems/Repo/HardDisks/hspist3/experiments_energy_transfer/level2_slope_20260917/u0.03/tr_9205.csv,153.449997,14.1000061,0,"./00ALLINONE --mode=edmd --experiment=energy_transfer --headless --quiet --edmd-acc=0 --seed-drift-order=drift-first --energy-transfer-summary=experiments_energy_transfer/level2_slope_20260917/u0.03/summary.csv --energy-transfer-trace=experiments_energy_transfer/level2_slope_20260917/u0.03/tr_9205.csv --particles=100 --particles-boxes=50,50 --particle-radius=0.5 --l0=39.25 --height=10 --num-walls=1 --wall-positions=39.25 --wall-mass-factors=1000000000 --piston-right-protocol-mode=step --velocity-right-piston-step=0.03 --max-right-piston-travel=3.93 --auto-piston-step --wall-hold-steps=12000 --steps=24000 --fixed-dt=0.4 --energy-measurement --eff-output=wall-ke --kbt1 --seed=9205",9205
2026-09-17 10:30:27,energy_transfer,edmd,24000,12000,0.0166666669,39.25,10,100,0.5,nan,0.100050721,0.100050721,1,39.25,1e+09,50;50,1,0.0416666667,1,1,0.00999999978,100,1000,nan,39.25,1,step,74.5700022,-0.0299999993,step,3.93000007,0.0299999993,nan,nan,0.0299999993,nan,nan,7.38582369,8.99456427e-06,1.21781465e-06,0.999998782,7.3858147,1.34584539e-07,3.54379608e-07,2.19795069e-07,2.97590463e-08,20,139.349991,/Users/chrisharing/Desktop/CCS_complex_coupled_systems/Repo/HardDisks/hspist3/experiments_energy_transfer/level2_slope_20260917/u0.03/tr_9206.csv,155.733322,16.3833313,0,"./00ALLINONE --mode=edmd --experiment=energy_transfer --headless --quiet --edmd-acc=0 --seed-drift-order=drift-first --energy-transfer-summary=experiments_energy_transfer/level2_slope_20260917/u0.03/summary.csv --energy-transfer-trace=experiments_energy_transfer/level2_slope_20260917/u0.03/tr_9206.csv --particles=100 --particles-boxes=50,50 --particle-radius=0.5 --l0=39.25 --height=10 --num-walls=1 --wall-positions=39.25 --wall-mass-factors=1000000000 --piston-right-protocol-mode=step --velocity-right-piston-step=0.03 --max-right-piston-travel=3.93 --auto-piston-step --wall-hold-steps=12000 --steps=24000 --fixed-dt=0.4 --energy-measurement --eff-output=wall-ke --kbt1 --seed=9206",9206
2026-09-17 10:30:27,energy_transfer,edmd,24000,12000,0.0166666669,39.25,10,100,0.5,nan,0.100050721,0.100050721,1,39.25,1e+09,50;50,1,0.0416666667,1,1,0.00999999978,100,1000,nan,39.25,1,step,74.5700022,-0.0299999993,step,3.93000007,0.0299999993,nan,nan,0.0299999993,nan,nan,7.22713257,1.9511388e-05,2.69974126e-06,0.9999973,7.22711306,1.31467004e-06,1.91832055e-06,6.03650506e-07,8.35255891e-08,20,139.349991,/Users/chrisharing/Desktop/CCS_complex_coupled_systems/Repo/HardDisks/hspist3/experiments_energy_transfer/level2_slope_20260917/u0.03/tr_9207.csv,140.349991,1,0,"./00ALLINONE --mode=edmd --experiment=energy_transfer --headless --quiet --edmd-acc=0 --seed-drift-order=drift-first --energy-transfer-summary=experiments_energy_transfer/level2_slope_20260917/u0.03/summary.csv --energy-transfer-trace=experiments_energy_transfer/level2_slope_20260917/u0.03/tr_9207.csv --particles=100 --particles-boxes=50,50 --particle-radius=0.5 --l0=39.25 --height=10 --num-walls=1 --wall-positions=39.25 --wall-mass-factors=1000000000 --piston-right-protocol-mode=step --velocity-right-piston-step=0.03 --max-right-piston-travel=3.93 --auto-piston-step --wall-hold-steps=12000 --steps=24000 --fixed-dt=0.4 --energy-measurement --eff-output=wall-ke --kbt1 --seed=9207",9207
2026-09-17 10:30:27,energy_transfer,edmd,24000,12000,0.0166666669,39.25,10,100,0.5,nan,0.100050721,0.100050721,1,39.25,1e+09,50;50,1,0.0416666667,1,1,0.00999999978,100,1000,nan,39.25,1,step,74.5700022,-0.0299999993,step,3.93000007,0.0299999993,nan,nan,0.0299999993,nan,nan,7.73111965,1.64491394e-05,2.12765293e-06,0.999997872,7.7311032,4.27351011e-07,1.454011e-06,1.02665999e-06,1.3279577e-07,20,139.349991,/Users/chrisharing/Desktop/CCS_complex_coupled_systems/Repo/HardDisks/hspist3/experiments_energy_transfer/level2_slope_20260917/u0.03/tr_9208.csv,159.333328,19.9833374,1,"./00ALLINONE --mode=edmd --experiment=energy_transfer --headless --quiet --edmd-acc=0 --seed-drift-order=drift-first --energy-transfer-summary=experiments_energy_transfer/level2_slope_20260917/u0.03/summary.csv --energy-transfer-trace=experiments_energy_transfer/level2_slope_20260917/u0.03/tr_9208.csv --particles=100 --particles-boxes=50,50 --particle-radius=0.5 --l0=39.25 --height=10 --num-walls=1 --wall-positions=39.25 --wall-mass-factors=1000000000 --piston-right-protocol-mode=step --velocity-right-piston-step=0.03 --max-right-piston-travel=3.93 --auto-piston-step --wall-hold-steps=12000 --steps=24000 --fixed-dt=0.4 --energy-measurement --eff-output=wall-ke --kbt1 --seed=9208",9208
2026-09-17 10:30:27,energy_transfer,edmd,24000,12000,0.0166666669,39.25,10,100,0.5,nan,0.100050721,0.100050721,1,39.25,1e+09,50;50,1,0.0416666667,1,1,0.00999999978,100,1000,nan,39.25,1,step,74.5700022,-0.0299999993,step,3.93000007,0.0299999993,nan,nan,0.0299999993,nan,nan,7.21910211,1.65977563e-05,2.29914413e-06,0.999997701,7.21908551,2.85607882e-07,7.33948355e-07,4.48340472e-07,6.21047418e-08,20,139.349991,/Users/chrisharing/Desktop/CCS_complex_coupled_systems/Repo/HardDisks/hspist3/experiments_energy_transfer/level2_slope_20260917/u0.03/tr_9209.csv,149.78334,10.4333496,0,"./00ALLINONE --mode=edmd --experiment=energy_transfer --headless --quiet --edmd-acc=0 --seed-drift-order=drift-first --energy-transfer-summary=experiments_energy_transfer/level2_slope_20260917/u0.03/summary.csv --energy-transfer-trace=experiments_energy_transfer/level2_slope_20260917/u0.03/tr_9209.csv --particles=100 --particles-boxes=50,50 --particle-radius=0.5 --l0=39.25 --height=10 --num-walls=1 --wall-positions=39.25 --wall-mass-factors=1000000000 --piston-right-protocol-mode=step --velocity-right-piston-step=0.03 --max-right-piston-travel=3.93 --auto-piston-step --wall-hold-steps=12000 --steps=24000 --fixed-dt=0.4 --energy-measurement --eff-output=wall-ke --kbt1 --seed=9209",9209
2026-09-17 10:30:28,energy_transfer,edmd,24000,12000,0.0166666669,39.25,10,100,0.5,nan,0.100050721,0.100050721,1,39.25,1e+09,50;50,1,0.0416666667,1,1,0.00999999978,100,1000,nan,39.25,1,step,74.5700022,-0.0299999993,step,3.93000007,0.0299999993,nan,nan,0.0299999993,nan,nan,7.60381594,1.48816216e-05,1.95712544e-06,0.999998043,7.60380105,4.96010898e-07,1.53082271e-06,1.03481182e-06,1.36091119e-07,20,139.349991,/Users/chrisharing/Desktop/CCS_complex_coupled_systems/Repo/HardDisks/hspist3/experiments_energy_transfer/level2_slope_20260917/u0.03/tr_9211.csv,159.050003,19.7000122,1,"./00ALLINONE --mode=edmd --experiment=energy_transfer --headless --quiet --edmd-acc=0 --seed-drift-order=drift-first --energy-transfer-summary=experiments_energy_transfer/level2_slope_20260917/u0.03/summary.csv --energy-transfer-trace=experiments_energy_transfer/level2_slope_20260917/u0.03/tr_9211.csv --particles=100 --particles-boxes=50,50 --particle-radius=0.5 --l0=39.25 --height=10 --num-walls=1 --wall-positions=39.25 --wall-mass-factors=1000000000 --piston-right-protocol-mode=step --velocity-right-piston-step=0.03 --max-right-piston-travel=3.93 --auto-piston-step --wall-hold-steps=12000 --steps=24000 --fixed-dt=0.4 --energy-measurement --eff-output=wall-ke --kbt1 --seed=9211",9211
2026-09-17 10:30:28,energy_transfer,edmd,24000,12000,0.0166666669,39.25,10,100,0.5,nan,0.100050721,0.100050721,1,39.25,1e+09,50;50,1,0.0416666667,1,1,0.00999999978,100,1000,nan,39.25,1,step,74.5700022,-0.0299999993,step,3.93000007,0.0299999993,nan,nan,0.0299999993,nan,nan,7.08671297,1.1594434e-05,1.63608065e-06,0.999998364,7.08670138,8.68389236e-07,1.01350997e-06,1.45120737e-07,2.04778629e-08,20,139.349991,/Users/chrisharing/Desktop/CCS_complex_coupled_systems/Repo/HardDisks/hspist3/experiments_energy_transfer/level2_slope_20260917/u0.03/tr_9210.csv,157.550003,18.2000122,1,"./00ALLINONE --mode=edmd --experiment=energy_transfer --headless --quiet --edmd-acc=0 --seed-drift-order=drift-first --energy-transfer-summary=experiments_energy_transfer/level2_slope_20260917/u0.03/summary.csv --energy-transfer-trace=experiments_energy_transfer/level2_slope_20260917/u0.03/tr_9210.csv --particles=100 --particles-boxes=50,50 --particle-radius=0.5 --l0=39.25 --height=10 --num-walls=1 --wall-positions=39.25 --wall-mass-factors=1000000000 --piston-right-protocol-mode=step --velocity-right-piston-step=0.03 --max-right-piston-travel=3.93 --auto-piston-step --wall-hold-steps=12000 --steps=24000 --fixed-dt=0.4 --energy-measurement --eff-output=wall-ke --kbt1 --seed=9210",9210
2026-09-17 10:30:28,energy_transfer,edmd,24000,12000,0.0166666669,39.25,10,100,0.5,nan,0.100050721,0.100050721,1,39.25,1e+09,50;50,1,0.0416666667,1,1,0.00999999978,100,1000,nan,39.25,1,step,74.5700022,-0.0299999993,step,3.93000007,0.0299999993,nan,nan,0.0299999993,nan,nan,7.04042351,1.08536551e-05,1.54161963e-06,0.999998458,7.04041266,2.16053422e-07,5.83424139e-07,3.67370717e-07,5.21802014e-08,20,139.349991,/Users/chrisharing/Desktop/CCS_complex_coupled_systems/Repo/HardDisks/hspist3/experiments_energy_transfer/level2_slope_20260917/u0.03/tr_9212.csv,157.316666,17.9666748,0,"./00ALLINONE --mode=edmd --experiment=energy_transfer --headless --quiet --edmd-acc=0 --seed-drift-order=drift-first --energy-transfer-summary=experiments_energy_transfer/level2_slope_20260917/u0.03/summary.csv --energy-transfer-trace=experiments_energy_transfer/level2_slope_20260917/u0.03/tr_9212.csv --particles=100 --particles-boxes=50,50 --particle-radius=0.5 --l0=39.25 --height=10 --num-walls=1 --wall-positions=39.25 --wall-mass-factors=1000000000 --piston-right-protocol-mode=step --velocity-right-piston-step=0.03 --max-right-piston-travel=3.93 --auto-piston-step --wall-hold-steps=12000 --steps=24000 --fixed-dt=0.4 --energy-measurement --eff-output=wall-ke --kbt1 --seed=9212",9212
2026-09-17 10:30:28,energy_transfer,edmd,24000,12000,0.0166666669,39.25,10,100,0.5,nan,0.100050721,0.100050721,1,39.25,1e+09,50;50,1,0.0416666667,1,1,0.00999999978,100,1000,nan,39.25,1,step,74.5700022,-0.0299999993,step,3.93000007,0.0299999993,nan,nan,0.0299999993,nan,nan,7.35577252,1.94231197e-05,2.64052751e-06,0.999997359,7.3557531,4.59644923e-07,1.39786528e-06,9.38220353e-07,1.27548854e-07,20,139.349991,/Users/chrisharing/Desktop/CCS_complex_coupled_systems/Repo/HardDisks/hspist3/experiments_energy_transfer/level2_slope_20260917/u0.03/tr_9213.csv,149.866653,10.5166626,0,"./00ALLINONE --mode=edmd --experiment=energy_transfer --headless --quiet --edmd-acc=0 --seed-drift-order=drift-first --energy-transfer-summary=experiments_energy_transfer/level2_slope_20260917/u0.03/summary.csv --energy-transfer-trace=experiments_energy_transfer/level2_slope_20260917/u0.03/tr_9213.csv --particles=100 --particles-boxes=50,50 --particle-radius=0.5 --l0=39.25 --height=10 --num-walls=1 --wall-positions=39.25 --wall-mass-factors=1000000000 --piston-right-protocol-mode=step --velocity-right-piston-step=0.03 --max-right-piston-travel=3.93 --auto-piston-step --wall-hold-steps=12000 --steps=24000 --fixed-dt=0.4 --energy-measurement --eff-output=wall-ke --kbt1 --seed=9213",9213
2026-09-17 10:30:28,energy_transfer,edmd,24000,12000,0.0166666669,39.25,10,100,0.5,nan,0.100050721,0.100050721,1,39.25,1e+09,50;50,1,0.0416666667,1,1,0.00999999978,100,1000,nan,39.25,1,step,74.5700022,-0.0299999993,step,3.93000007,0.0299999993,nan,nan,0.0299999993,nan,nan,7.1628969,1.77398542e-05,2.47663124e-06,0.999997523,7.16287916,3.94776976e-07,1.62882054e-06,1.23404357e-06,1.72282749e-07,20,139.349991,/Users/chrisharing/Desktop/CCS_complex_coupled_systems/Repo/HardDisks/hspist3/experiments_energy_transfer/level2_slope_20260917/u0.03/tr_9214.csv,157.28334,17.9333496,0,"./00ALLINONE --mode=edmd --experiment=energy_transfer --headless --quiet --edmd-acc=0 --seed-drift-order=drift-first --energy-transfer-summary=experiments_energy_transfer/level2_slope_20260917/u0.03/summary.csv --energy-transfer-trace=experiments_energy_transfer/level2_slope_20260917/u0.03/tr_9214.csv --particles=100 --particles-boxes=50,50 --particle-radius=0.5 --l0=39.25 --height=10 --num-walls=1 --wall-positions=39.25 --wall-mass-factors=1000000000 --piston-right-protocol-mode=step --velocity-right-piston-step=0.03 --max-right-piston-travel=3.93 --auto-piston-step --wall-hold-steps=12000 --steps=24000 --fixed-dt=0.4 --energy-measurement --eff-output=wall-ke --kbt1 --seed=9214",9214
2026-09-17 10:30:28,energy_transfer,edmd,24000,12000,0.0166666669,39.25,10,100,0.5,nan,0.100050721,0.100050721,1,39.25,1e+09,50;50,1,0.0416666667,1,1,0.00999999978,100,1000,nan,39.25,1,step,74.5700022,-0.0299999993,step,3.93000007,0.0299999993,nan,nan,0.0299999993,nan,nan,7.77674133,1.43389025e-05,1.84381888e-06,0.999998156,7.77672699,9.06723869e-07,1.06234131e-06,1.55617442e-07,2.00106235e-08,20,139.349991,/Users/chrisharing/Desktop/CCS_complex_coupled_systems/Repo/HardDisks/hspist3/experiments_energy_transfer/level2_slope_20260917/u0.03/tr_9215.csv,156.316666,16.9666748,0,"./00ALLINONE --mode=edmd --experiment=energy_transfer --headless --quiet --edmd-acc=0 --seed-drift-order=drift-first --energy-transfer-summary=experiments_energy_transfer/level2_slope_20260917/u0.03/summary.csv --energy-transfer-trace=experiments_energy_transfer/level2_slope_20260917/u0.03/tr_9215.csv --particles=100 --particles-boxes=50,50 --particle-radius=0.5 --l0=39.25 --height=10 --num-walls=1 --wall-positions=39.25 --wall-mass-factors=1000000000 --piston-right-protocol-mode=step --velocity-right-piston-step=0.03 --max-right-piston-travel=3.93 --auto-piston-step --wall-hold-steps=12000 --steps=24000 --fixed-dt=0.4 --energy-measurement --eff-output=wall-ke --kbt1 --seed=9215",9215
2026-09-17 10:30:28,energy_transfer,edmd,24000,12000,0.0166666669,39.25,10,100,0.5,nan,0.100050721,0.100050721,1,39.25,1e+09,50;50,1,0.0416666667,1,1,0.00999999978,100,1000,nan,39.25,1,step,74.5700022,-0.0299999993,step,3.93000007,0.0299999993,nan,nan,0.0299999993,nan,nan,8.02606173,1.36155886e-05,1.69642212e-06,0.999998304,8.02604811,1.69193612e-07,4.70643386e-07,3.01449774e-07,3.75588656e-08,20,139.349991,/Users/chrisharing/Desktop/CCS_complex_coupled_systems/Repo/HardDisks/hspist3/experiments_energy_transfer/level2_slope_20260917/u0.03/tr_9216.csv,158.21666,18.8666687,1,"./00ALLINONE --mode=edmd --experiment=energy_transfer --headless --quiet --edmd-acc=0 --seed-drift-order=drift-first --energy-transfer-summary=experiments_energy_transfer/level2_slope_20260917/u0.03/summary.csv --energy-transfer-trace=experiments_energy_transfer/level2_slope_20260917/u0.03/tr_9216.csv --particles=100 --particles-boxes=50,50 --particle-radius=0.5 --l0=39.25 --height=10 --num-walls=1 --wall-positions=39.25 --wall-mass-factors=1000000000 --piston-right-protocol-mode=step --velocity-right-piston-step=0.03 --max-right-piston-travel=3.93 --auto-piston-step --wall-hold-steps=12000 --steps=24000 --fixed-dt=0.4 --energy-measurement --eff-output=wall-ke --kbt1 --seed=9216",9216
2026-09-17 10:30:28,energy_transfer,edmd,24000,12000,0.0166666669,39.25,10,100,0.5,nan,0.100050721,0.100050721,1,39.25,1e+09,50;50,1,0.0416666667,1,1,0.00999999978,100,1000,nan,39.25,1,step,74.5700022,-0.0299999993,step,3.93000007,0.0299999993,nan,nan,0.0299999993,nan,nan,7.01986495,1.62907418e-05,2.32066313e-06,0.999997679,7.01984866,8.82935524e-07,1.41952421e-06,5.36588686e-07,7.64386054e-08,20,139.349991,/Users/chrisharing/Desktop/CCS_complex_coupled_systems/Repo/HardDisks/hspist3/experiments_energy_transfer/level2_slope_20260917/u0.03/tr_9217.csv,153.249985,13.8999939,0,"./00ALLINONE --mode=edmd --experiment=energy_transfer --headless --quiet --edmd-acc=0 --seed-drift-order=drift-first --energy-transfer-summary=experiments_energy_transfer/level2_slope_20260917/u0.03/summary.csv --energy-transfer-trace=experiments_energy_transfer/level2_slope_20260917/u0.03/tr_9217.csv --particles=100 --particles-boxes=50,50 --particle-radius=0.5 --l0=39.25 --height=10 --num-walls=1 --wall-positions=39.25 --wall-mass-factors=1000000000 --piston-right-protocol-mode=step --velocity-right-piston-step=0.03 --max-right-piston-travel=3.93 --auto-piston-step --wall-hold-steps=12000 --steps=24000 --fixed-dt=0.4 --energy-measurement --eff-output=wall-ke --kbt1 --seed=9217",9217
2026-09-17 10:30:28,energy_transfer,edmd,24000,12000,0.0166666669,39.25,10,100,0.5,nan,0.100050721,0.100050721,1,39.25,1e+09,50;50,1,0.0416666667,1,1,0.00999999978,100,1000,nan,39.25,1,step,74.5700022,-0.0299999993,step,3.93000007,0.0299999993,nan,nan,0.0299999993,nan,nan,7.18908953,1.34908814e-05,1.87657719e-06,0.999998123,7.18907604,9.76571869e-07,1.81526423e-06,8.38692358e-07,1.16661832e-07,20,139.349991,/Users/chrisharing/Desktop/CCS_complex_coupled_systems/Repo/HardDisks/hspist3/experiments_energy_transfer/level2_slope_20260917/u0.03/tr_9218.csv,158.566666,19.2166748,1,"./00ALLINONE --mode=edmd --experiment=energy_transfer --headless --quiet --edmd-acc=0 --seed-drift-order=drift-first --energy-transfer-summary=experiments_energy_transfer/level2_slope_20260917/u0.03/summary.csv --energy-transfer-trace=experiments_energy_transfer/level2_slope_20260917/u0.03/tr_9218.csv --particles=100 --particles-boxes=50,50 --particle-radius=0.5 --l0=39.25 --height=10 --num-walls=1 --wall-positions=39.25 --wall-mass-factors=1000000000 --piston-right-protocol-mode=step --velocity-right-piston-step=0.03 --max-right-piston-travel=3.93 --auto-piston-step --wall-hold-steps=12000 --steps=24000 --fixed-dt=0.4 --energy-measurement --eff-output=wall-ke --kbt1 --seed=9218",9218
2026-09-17 10:30:28,energy_transfer,edmd,24000,12000,0.0166666669,39.25,10,100,0.5,nan,0.100050721,0.100050721,1,39.25,1e+09,50;50,1,0.0416666667,1,1,0.00999999978,100,1000,nan,39.25,1,step,74.5700022,-0.0299999993,step,3.93000007,0.0299999993,nan,nan,0.0299999993,nan,nan,7.32993822,1.63291079e-05,2.2277279e-06,0.999997772,7.32992189,7.63653702e-07,1.73296587e-06,9.69312168e-07,1.32240155e-07,20,139.349991,/Users/chrisharing/Desktop/CCS_complex_coupled_systems/Repo/HardDisks/hspist3/experiments_energy_transfer/level2_slope_20260917/u0.03/tr_9219.csv,146.099991,6.75,0,"./00ALLINONE --mode=edmd --experiment=energy_transfer --headless --quiet --edmd-acc=0 --seed-drift-order=drift-first --energy-transfer-summary=experiments_energy_transfer/level2_slope_20260917/u0.03/summary.csv --energy-transfer-trace=experiments_energy_transfer/level2_slope_20260917/u0.03/tr_9219.csv --particles=100 --particles-boxes=50,50 --particle-radius=0.5 --l0=39.25 --height=10 --num-walls=1 --wall-positions=39.25 --wall-mass-factors=1000000000 --piston-right-protocol-mode=step --velocity-right-piston-step=0.03 --max-right-piston-travel=3.93 --auto-piston-step --wall-hold-steps=12000 --steps=24000 --fixed-dt=0.4 --energy-measurement --eff-output=wall-ke --kbt1 --seed=9219",9219
2026-09-17 10:30:29,energy_transfer,edmd,24000,12000,0.0166666669,39.25,10,100,0.5,nan,0.100050721,0.100050721,1,39.25,1e+09,50;50,1,0.0416666667,1,1,0.00999999978,100,1000,nan,39.25,1,step,74.5700022,-0.0299999993,step,3.93000007,0.0299999993,nan,nan,0.0299999993,nan,nan,7.76010608,1.40419761e-05,1.80950827e-06,0.99999819,7.76009204,8.37405764e-07,8.66709456e-07,2.93036919e-08,3.77619734e-09,20,139.349991,/Users/chrisharing/Desktop/CCS_complex_coupled_systems/Repo/HardDisks/hspist3/experiments_energy_transfer/level2_slope_20260917/u0.03/tr_9223.csv,140.733322,1.3833313,0,"./00ALLINONE --mode=edmd --experiment=energy_transfer --headless --quiet --edmd-acc=0 --seed-drift-order=drift-first --energy-transfer-summary=experiments_energy_transfer/level2_slope_20260917/u0.03/summary.csv --energy-transfer-trace=experiments_energy_transfer/level2_slope_20260917/u0.03/tr_9223.csv --particles=100 --particles-boxes=50,50 --particle-radius=0.5 --l0=39.25 --height=10 --num-walls=1 --wall-positions=39.25 --wall-mass-factors=1000000000 --piston-right-protocol-mode=step --velocity-right-piston-step=0.03 --max-right-piston-travel=3.93 --auto-piston-step --wall-hold-steps=12000 --steps=24000 --fixed-dt=0.4 --energy-measurement --eff-output=wall-ke --kbt1 --seed=9223",9223
2026-09-17 10:30:29,energy_transfer,edmd,24000,12000,0.0166666669,39.25,10,100,0.5,nan,0.100050721,0.100050721,1,39.25,1e+09,50;50,1,0.0416666667,1,1,0.00999999978,100,1000,nan,39.25,1,step,74.5700022,-0.0299999993,step,3.93000007,0.0299999993,nan,nan,0.0299999993,nan,nan,7.71906785,1.84059845e-05,2.3844828e-06,0.999997616,7.71904944,6.82959865e-07,1.60638513e-06,9.23425262e-07,1.19629116e-07,20,139.349991,/Users/chrisharing/Desktop/CCS_complex_coupled_systems/Repo/HardDisks/hspist3/experiments_energy_transfer/level2_slope_20260917/u0.03/tr_9222.csv,158.583328,19.2333374,1,"./00ALLINONE --mode=edmd --experiment=energy_transfer --headless --quiet --edmd-acc=0 --seed-drift-order=drift-first --energy-transfer-summary=experiments_energy_transfer/level2_slope_20260917/u0.03/summary.csv --energy-transfer-trace=experiments_energy_transfer/level2_slope_20260917/u0.03/tr_9222.csv --particles=100 --particles-boxes=50,50 --particle-radius=0.5 --l0=39.25 --height=10 --num-walls=1 --wall-positions=39.25 --wall-mass-factors=1000000000 --piston-right-protocol-mode=step --velocity-right-piston-step=0.03 --max-right-piston-travel=3.93 --auto-piston-step --wall-hold-steps=12000 --steps=24000 --fixed-dt=0.4 --energy-measurement --eff-output=wall-ke --kbt1 --seed=9222",9222
2026-09-17 10:30:29,energy_transfer,edmd,24000,12000,0.0166666669,39.25,10,100,0.5,nan,0.100050721,0.100050721,1,39.25,1e+09,50;50,1,0.0416666667,1,1,0.00999999978,100,1000,nan,39.25,1,step,74.5700022,-0.0299999993,step,3.93000007,0.0299999993,nan,nan,0.0299999993,nan,nan,7.34008767,1.09591856e-05,1.49305922e-06,0.999998507,7.34007671,9.46599528e-08,2.95113836e-07,2.00453883e-07,2.73094671e-08,20,139.349991,/Users/chrisharing/Desktop/CCS_complex_coupled_systems/Repo/HardDisks/hspist3/experiments_energy_transfer/level2_slope_20260917/u0.03/tr_9220.csv,146.016678,6.66668701,0,"./00ALLINONE --mode=edmd --experiment=energy_transfer --headless --quiet --edmd-acc=0 --seed-drift-order=drift-first --energy-transfer-summary=experiments_energy_transfer/level2_slope_20260917/u0.03/summary.csv --energy-transfer-trace=experiments_energy_transfer/level2_slope_20260917/u0.03/tr_9220.csv --particles=100 --particles-boxes=50,50 --particle-radius=0.5 --l0=39.25 --height=10 --num-walls=1 --wall-positions=39.25 --wall-mass-factors=1000000000 --piston-right-protocol-mode=step --velocity-right-piston-step=0.03 --max-right-piston-travel=3.93 --auto-piston-step --wall-hold-steps=12000 --steps=24000 --fixed-dt=0.4 --energy-measurement --eff-output=wall-ke --kbt1 --seed=9220",9220
2026-09-17 10:30:29,energy_transfer,edmd,24000,12000,0.0166666669,39.25,10,100,0.5,nan,0.100050721,0.100050721,1,39.25,1e+09,50;50,1,0.0416666667,1,1,0.00999999978,100,1000,nan,39.25,1,step,74.5700022,-0.0299999993,step,3.93000007,0.0299999993,nan,nan,0.0299999993,nan,nan,7.63871809,1.62665146e-05,2.12948226e-06,0.999997871,7.63870182,2.95537234e-07,1.0946477e-06,7.99110467e-07,1.04613164e-07,20,139.349991,/Users/chrisharing/Desktop/CCS_complex_coupled_systems/Repo/HardDisks/hspist3/experiments_energy_transfer/level2_slope_20260917/u0.03/tr_9228.csv,149.849991,10.5,0,"./00ALLINONE --mode=edmd --experiment=energy_transfer --headless --quiet --edmd-acc=0 --seed-drift-order=drift-first --energy-transfer-summary=experiments_energy_transfer/level2_slope_20260917/u0.03/summary.csv --energy-transfer-trace=experiments_energy_transfer/level2_slope_20260917/u0.03/tr_9228.csv --particles=100 --particles-boxes=50,50 --particle-radius=0.5 --l0=39.25 --height=10 --num-walls=1 --wall-positions=39.25 --wall-mass-factors=1000000000 --piston-right-protocol-mode=step --velocity-right-piston-step=0.03 --max-right-piston-travel=3.93 --auto-piston-step --wall-hold-steps=12000 --steps=24000 --fixed-dt=0.4 --energy-measurement --eff-output=wall-ke --kbt1 --seed=9228",9228
2026-09-17 10:30:29,energy_transfer,edmd,24000,12000,0.0166666669,39.25,10,100,0.5,nan,0.100050721,0.100050721,1,39.25,1e+09,50;50,1,0.0416666667,1,1,0.00999999978,100,1000,nan,39.25,1,step,74.5700022,-0.0299999993,step,3.93000007,0.0299999993,nan,nan,0.0299999993,nan,nan,7.76518572,1.45388331e-05,1.87230976e-06,0.999998128,7.76517119,7.63987998e-07,1.55099326e-06,7.87005263e-07,1.01350475e-07,20,139.349991,/Users/chrisharing/Desktop/CCS_complex_coupled_systems/Repo/HardDisks/hspist3/experiments_energy_transfer/level2_slope_20260917/u0.03/tr_9229.csv,158.166672,18.8166809,1,"./00ALLINONE --mode=edmd --experiment=energy_transfer --headless --quiet --edmd-acc=0 --seed-drift-order=drift-first --energy-transfer-summary=experiments_energy_transfer/level2_slope_20260917/u0.03/summary.csv --energy-transfer-trace=experiments_energy_transfer/level2_slope_20260917/u0.03/tr_9229.csv --particles=100 --particles-boxes=50,50 --particle-radius=0.5 --l0=39.25 --height=10 --num-walls=1 --wall-positions=39.25 --wall-mass-factors=1000000000 --piston-right-protocol-mode=step --velocity-right-piston-step=0.03 --max-right-piston-travel=3.93 --auto-piston-step --wall-hold-steps=12000 --steps=24000 --fixed-dt=0.4 --energy-measurement --eff-output=wall-ke --kbt1 --seed=9229",9229
2026-09-17 10:30:29,energy_transfer,edmd,24000,12000,0.0166666669,39.25,10,100,0.5,nan,0.100050721,0.100050721,1,39.25,1e+09,50;50,1,0.0416666667,1,1,0.00999999978,100,1000,nan,39.25,1,step,74.5700022,-0.0299999993,step,3.93000007,0.0299999993,nan,nan,0.0299999993,nan,nan,7.47981981,1.52703997e-05,2.04154646e-06,0.999997958,7.47980454,8.61137607e-07,1.51707047e-06,6.55932865e-07,8.7693672e-08,20,139.349991,/Users/chrisharing/Desktop/CCS_complex_coupled_systems/Repo/HardDisks/hspist3/experiments_energy_transfer/level2_slope_20260917/u0.03/tr_9226.csv,156.900009,17.5500183,0,"./00ALLINONE --mode=edmd --experiment=energy_transfer --headless --quiet --edmd-acc=0 --seed-drift-order=drift-first --energy-transfer-summary=experiments_energy_transfer/level2_slope_20260917/u0.03/summary.csv --energy-transfer-trace=experiments_energy_transfer/level2_slope_20260917/u0.03/tr_9226.csv --particles=100 --particles-boxes=50,50 --particle-radius=0.5 --l0=39.25 --height=10 --num-walls=1 --wall-positions=39.25 --wall-mass-factors=1000000000 --piston-right-protocol-mode=step --velocity-right-piston-step=0.03 --max-right-piston-travel=3.93 --auto-piston-step --wall-hold-steps=12000 --steps=24000 --fixed-dt=0.4 --energy-measurement --eff-output=wall-ke --kbt1 --seed=9226",9226
2026-09-17 10:30:29,energy_transfer,edmd,24000,12000,0.0166666669,39.25,10,100,0.5,nan,0.100050721,0.100050721,1,39.25,1e+09,50;50,1,0.0416666667,1,1,0.00999999978,100,1000,nan,39.25,1,step,74.5700022,-0.0299999993,step,3.93000007,0.0299999993,nan,nan,0.0299999993,nan,nan,7.54038073,1.42758781e-05,1.89325694e-06,0.999998107,7.54036646,5.22263235e-07,1.53253063e-06,1.0102674e-06,1.33980953e-07,20,139.349991,/Users/chrisharing/Desktop/CCS_complex_coupled_systems/Repo/HardDisks/hspist3/experiments_energy_transfer/level2_slope_20260917/u0.03/tr_9227.csv,155.71666,16.3666687,0,"./00ALLINONE --mode=edmd --experiment=energy_transfer --headless --quiet --edmd-acc=0 --seed-drift-order=drift-first --energy-transfer-summary=experiments_energy_transfer/level2_slope_20260917/u0.03/summary.csv --energy-transfer-trace=experiments_energy_transfer/level2_slope_20260917/u0.03/tr_9227.csv --particles=100 --particles-boxes=50,50 --particle-radius=0.5 --l0=39.25 --height=10 --num-walls=1 --wall-positions=39.25 --wall-mass-factors=1000000000 --piston-right-protocol-mode=step --velocity-right-piston-step=0.03 --max-right-piston-travel=3.93 --auto-piston-step --wall-hold-steps=12000 --steps=24000 --fixed-dt=0.4 --energy-measurement --eff-output=wall-ke --kbt1 --seed=9227",9227
2026-09-17 10:30:29,energy_transfer,edmd,24000,12000,0.0166666669,39.25,10,100,0.5,nan,0.100050721,0.100050721,1,39.25,1e+09,50;50,1,0.0416666667,1,1,0.00999999978,100,1000,nan,39.25,1,step,74.5700022,-0.0299999993,step,3.93000007,0.0299999993,nan,nan,0.0299999993,nan,nan,7.31624606,2.47957796e-05,3.38913965e-06,0.999996611,7.31622127,6.83322298e-07,1.77106972e-06,1.08774742e-06,1.4867562e-07,20,139.349991,/Users/chrisharing/Desktop/CCS_complex_coupled_systems/Repo/HardDisks/hspist3/experiments_energy_transfer/level2_slope_20260917/u0.03/tr_9225.csv,158.03334,18.6833496,1,"./00ALLINONE --mode=edmd --experiment=energy_transfer --headless --quiet --edmd-acc=0 --seed-drift-order=drift-first --energy-transfer-summary=experiments_energy_transfer/level2_slope_20260917/u0.03/summary.csv --energy-transfer-trace=experiments_energy_transfer/level2_slope_20260917/u0.03/tr_9225.csv --particles=100 --particles-boxes=50,50 --particle-radius=0.5 --l0=39.25 --height=10 --num-walls=1 --wall-positions=39.25 --wall-mass-factors=1000000000 --piston-right-protocol-mode=step --velocity-right-piston-step=0.03 --max-right-piston-travel=3.93 --auto-piston-step --wall-hold-steps=12000 --steps=24000 --fixed-dt=0.4 --energy-measurement --eff-output=wall-ke --kbt1 --seed=9225",9225
2026-09-17 10:30:29,energy_transfer,edmd,24000,12000,0.0166666669,39.25,10,100,0.5,nan,0.100050721,0.100050721,1,39.25,1e+09,50;50,1,0.0416666667,1,1,0.00999999978,100,1000,nan,39.25,1,step,74.5700022,-0.0299999993,step,3.93000007,0.0299999993,nan,nan,0.0299999993,nan,nan,7.10790414,1.20276627e-05,1.69215319e-06,0.999998308,7.10789212,1.61393245e-07,4.22346716e-07,2.6095347e-07,3.67131387e-08,20,139.349991,/Users/chrisharing/Desktop/CCS_complex_coupled_systems/Repo/HardDisks/hspist3/experiments_energy_transfer/level2_slope_20260917/u0.03/tr_9224.csv,157.416672,18.0666809,1,"./00ALLINONE --mode=edmd --experiment=energy_transfer --headless --quiet --edmd-acc=0 --seed-drift-order=drift-first --energy-transfer-summary=experiments_energy_transfer/level2_slope_20260917/u0.03/summary.csv --energy-transfer-trace=experiments_energy_transfer/level2_slope_20260917/u0.03/tr_9224.csv --particles=100 --particles-boxes=50,50 --particle-radius=0.5 --l0=39.25 --height=10 --num-walls=1 --wall-positions=39.25 --wall-mass-factors=1000000000 --piston-right-protocol-mode=step --velocity-right-piston-step=0.03 --max-right-piston-travel=3.93 --auto-piston-step --wall-hold-steps=12000 --steps=24000 --fixed-dt=0.4 --energy-measurement --eff-output=wall-ke --kbt1 --seed=9224",9224
2026-09-17 10:30:29,energy_transfer,edmd,24000,12000,0.0166666669,39.25,10,100,0.5,nan,0.100050721,0.100050721,1,39.25,1e+09,50;50,1,0.0416666667,1,1,0.00999999978,100,1000,nan,39.25,1,step,74.5700022,-0.0299999993,step,3.93000007,0.0299999993,nan,nan,0.0299999993,nan,nan,7.48952874,1.93384185e-05,2.58206079e-06,0.999997418,7.4895094,3.59705922e-07,1.39101405e-06,1.03130813e-06,1.37700003e-07,20,139.349991,/Users/chrisharing/Desktop/CCS_complex_coupled_systems/Repo/HardDisks/hspist3/experiments_energy_transfer/level2_slope_20260917/u0.03/tr_9221.csv,159.066666,19.7166748,1,"./00ALLINONE --mode=edmd --experiment=energy_transfer --headless --quiet --edmd-acc=0 --seed-drift-order=drift-first --energy-transfer-summary=experiments_energy_transfer/level2_slope_20260917/u0.03/summary.csv --energy-transfer-trace=experiments_energy_transfer/level2_slope_20260917/u0.03/tr_9221.csv --particles=100 --particles-boxes=50,50 --particle-radius=0.5 --l0=39.25 --height=10 --num-walls=1 --wall-positions=39.25 --wall-mass-factors=1000000000 --piston-right-protocol-mode=step --velocity-right-piston-step=0.03 --max-right-piston-travel=3.93 --auto-piston-step --wall-hold-steps=12000 --steps=24000 --fixed-dt=0.4 --energy-measurement --eff-output=wall-ke --kbt1 --seed=9221",9221
2026-09-17 10:30:30,energy_transfer,edmd,24000,12000,0.0166666669,39.25,10,100,0.5,nan,0.100050721,0.100050721,1,39.25,1e+09,50;50,1,0.0416666667,1,1,0.00999999978,100,1000,nan,39.25,1,step,74.5700022,-0.0299999993,step,3.93000007,0.0299999993,nan,nan,0.0299999993,nan,nan,7.14653637,1.38965734e-05,1.94451867e-06,0.999998055,7.14652247,7.38527433e-07,1.50389224e-06,7.65364803e-07,1.07095908e-07,20,139.349991,/Users/chrisharing/Desktop/CCS_complex_coupled_systems/Repo/HardDisks/hspist3/experiments_energy_transfer/level2_slope_20260917/u0.03/tr_9230.csv,151.999985,12.6499939,0,"./00ALLINONE --mode=edmd --experiment=energy_transfer --headless --quiet --edmd-acc=0 --seed-drift-order=drift-first --energy-transfer-summary=experiments_energy_transfer/level2_slope_20260917/u0.03/summary.csv --energy-transfer-trace=experiments_energy_transfer/level2_slope_20260917/u0.03/tr_9230.csv --particles=100 --particles-boxes=50,50 --particle-radius=0.5 --l0=39.25 --height=10 --num-walls=1 --wall-positions=39.25 --wall-mass-factors=1000000000 --piston-right-protocol-mode=step --velocity-right-piston-step=0.03 --max-right-piston-travel=3.93 --auto-piston-step --wall-hold-steps=12000 --steps=24000 --fixed-dt=0.4 --energy-measurement --eff-output=wall-ke --kbt1 --seed=9230",9230
2026-09-17 10:30:30,energy_transfer,edmd,24000,12000,0.0166666669,39.25,10,100,0.5,nan,0.100050721,0.100050721,1,39.25,1e+09,50;50,1,0.0416666667,1,1,0.00999999978,100,1000,nan,39.25,1,step,74.5700022,-0.0299999993,step,3.93000007,0.0299999993,nan,nan,0.0299999993,nan,nan,6.8885587,1.33723806e-05,1.94124507e-06,0.999998059,6.88854533,7.91503112e-08,5.87800571e-07,5.0865026e-07,7.38398672e-08,20,139.349991,/Users/chrisharing/Desktop/CCS_complex_coupled_systems/Repo/HardDisks/hspist3/experiments_energy_transfer/level2_slope_20260917/u0.03/tr_9232.csv,146.083328,6.7333374,0,"./00ALLINONE --mode=edmd --experiment=energy_transfer --headless --quiet --edmd-acc=0 --seed-drift-order=drift-first --energy-transfer-summary=experiments_energy_transfer/level2_slope_20260917/u0.03/summary.csv --energy-transfer-trace=experiments_energy_transfer/level2_slope_20260917/u0.03/tr_9232.csv --particles=100 --particles-boxes=50,50 --particle-radius=0.5 --l0=39.25 --height=10 --num-walls=1 --wall-positions=39.25 --wall-mass-factors=1000000000 --piston-right-protocol-mode=step --velocity-right-piston-step=0.03 --max-right-piston-travel=3.93 --auto-piston-step --wall-hold-steps=12000 --steps=24000 --fixed-dt=0.4 --energy-measurement --eff-output=wall-ke --kbt1 --seed=9232",9232
2026-09-17 10:30:30,energy_transfer,edmd,24000,12000,0.0166666669,39.25,10,100,0.5,nan,0.100050721,0.100050721,1,39.25,1e+09,50;50,1,0.0416666667,1,1,0.00999999978,100,1000,nan,39.25,1,step,74.5700022,-0.0299999993,step,3.93000007,0.0299999993,nan,nan,0.0299999993,nan,nan,7.58479858,1.76685899e-05,2.32947384e-06,0.999997671,7.58478091,7.79788422e-07,1.42829731e-06,6.48508887e-07,8.5501135e-08,20,139.349991,/Users/chrisharing/Desktop/CCS_complex_coupled_systems/Repo/HardDisks/hspist3/experiments_energy_transfer/level2_slope_20260917/u0.03/tr_9231.csv,156.666672,17.3166809,0,"./00ALLINONE --mode=edmd --experiment=energy_transfer --headless --quiet --edmd-acc=0 --seed-drift-order=drift-first --energy-transfer-summary=experiments_energy_transfer/level2_slope_20260917/u0.03/summary.csv --energy-transfer-trace=experiments_energy_transfer/level2_slope_20260917/u0.03/tr_9231.csv --particles=100 --particles-boxes=50,50 --particle-radius=0.5 --l0=39.25 --height=10 --num-walls=1 --wall-positions=39.25 --wall-mass-factors=1000000000 --piston-right-protocol-mode=step --velocity-right-piston-step=0.03 --max-right-piston-travel=3.93 --auto-piston-step --wall-hold-steps=12000 --steps=24000 --fixed-dt=0.4 --energy-measurement --eff-output=wall-ke --kbt1 --seed=9231",9231
2026-09-17 10:30:30,energy_transfer,edmd,24000,12000,0.0166666669,39.25,10,100,0.5,nan,0.100050721,0.100050721,1,39.25,1e+09,50;50,1,0.0416666667,1,1,0.00999999978,100,1000,nan,39.25,1,step,74.5700022,-0.0299999993,step,3.93000007,0.0299999993,nan,nan,0.0299999993,nan,nan,7.64091903,1.41694427e-05,1.85441603e-06,0.999998146,7.64090486,5.79174639e-07,1.36044048e-06,7.8126584e-07,1.02247627e-07,20,139.349991,/Users/chrisharing/Desktop/CCS_complex_coupled_systems/Repo/HardDisks/hspist3/experiments_energy_transfer/level2_slope_20260917/u0.03/tr_9233.csv,153.833328,14.4833374,0,"./00ALLINONE --mode=edmd --experiment=energy_transfer --headless --quiet --edmd-acc=0 --seed-drift-order=drift-first --energy-transfer-summary=experiments_energy_transfer/level2_slope_20260917/u0.03/summary.csv --energy-transfer-trace=experiments_energy_transfer/level2_slope_20260917/u0.03/tr_9233.csv --particles=100 --particles-boxes=50,50 --particle-radius=0.5 --l0=39.25 --height=10 --num-walls=1 --wall-positions=39.25 --wall-mass-factors=1000000000 --piston-right-protocol-mode=step --velocity-right-piston-step=0.03 --max-right-piston-travel=3.93 --auto-piston-step --wall-hold-steps=12000 --steps=24000 --fixed-dt=0.4 --energy-measurement --eff-output=wall-ke --kbt1 --seed=9233",9233
2026-09-17 10:30:30,energy_transfer,edmd,24000,12000,0.0166666669,39.25,10,100,0.5,nan,0.100050721,0.100050721,1,39.25,1e+09,50;50,1,0.0416666667,1,1,0.00999999978,100,1000,nan,39.25,1,step,74.5700022,-0.0299999993,step,3.93000007,0.0299999993,nan,nan,0.0299999993,nan,nan,7.61579282,1.59830724e-05,2.0986748e-06,0.999997901,7.61577683,7.85477027e-07,1.73872809e-06,9.5325106e-07,1.25167672e-07,20,139.349991,/Users/chrisharing/Desktop/CCS_complex_coupled_systems/Repo/HardDisks/hspist3/experiments_energy_transfer/level2_slope_20260917/u0.03/tr_9236.csv,151.03334,11.6833496,0,"./00ALLINONE --mode=edmd --experiment=energy_transfer --headless --quiet --edmd-acc=0 --seed-drift-order=drift-first --energy-transfer-summary=experiments_energy_transfer/level2_slope_20260917/u0.03/summary.csv --energy-transfer-trace=experiments_energy_transfer/level2_slope_20260917/u0.03/tr_9236.csv --particles=100 --particles-boxes=50,50 --particle-radius=0.5 --l0=39.25 --height=10 --num-walls=1 --wall-positions=39.25 --wall-mass-factors=1000000000 --piston-right-protocol-mode=step --velocity-right-piston-step=0.03 --max-right-piston-travel=3.93 --auto-piston-step --wall-hold-steps=12000 --steps=24000 --fixed-dt=0.4 --energy-measurement --eff-output=wall-ke --kbt1 --seed=9236",9236
2026-09-17 10:30:30,energy_transfer,edmd,24000,12000,0.0166666669,39.25,10,100,0.5,nan,0.100050721,0.100050721,1,39.25,1e+09,50;50,1,0.0416666667,1,1,0.00999999978,100,1000,nan,39.25,1,step,74.5700022,-0.0299999993,step,3.93000007,0.0299999993,nan,nan,0.0299999993,nan,nan,7.70766748,2.1684129e-05,2.81331922e-06,0.999997187,7.70764579,1.38801556e-06,2.71528847e-06,1.32727291e-06,1.72201631e-07,20,139.349991,/Users/chrisharing/Desktop/CCS_complex_coupled_systems/Repo/HardDisks/hspist3/experiments_energy_transfer/level2_slope_20260917/u0.03/tr_9234.csv,156.833328,17.4833374,0,"./00ALLINONE --mode=edmd --experiment=energy_transfer --headless --quiet --edmd-acc=0 --seed-drift-order=drift-first --energy-transfer-summary=experiments_energy_transfer/level2_slope_20260917/u0.03/summary.csv --energy-transfer-trace=experiments_energy_transfer/level2_slope_20260917/u0.03/tr_9234.csv --particles=100 --particles-boxes=50,50 --particle-radius=0.5 --l0=39.25 --height=10 --num-walls=1 --wall-positions=39.25 --wall-mass-factors=1000000000 --piston-right-protocol-mode=step --velocity-right-piston-step=0.03 --max-right-piston-travel=3.93 --auto-piston-step --wall-hold-steps=12000 --steps=24000 --fixed-dt=0.4 --energy-measurement --eff-output=wall-ke --kbt1 --seed=9234",9234
2026-09-17 10:30:30,energy_transfer,edmd,24000,12000,0.0166666669,39.25,10,100,0.5,nan,0.100050721,0.100050721,1,39.25,1e+09,50;50,1,0.0416666667,1,1,0.00999999978,100,1000,nan,39.25,1,step,74.5700022,-0.0299999993,step,3.93000007,0.0299999993,nan,nan,0.0299999993,nan,nan,7.07074707,1.26176928e-05,1.78449218e-06,0.999998216,7.07073445,1.82700163e-07,1.38481209e-06,1.20211193e-06,1.70012012e-07,20,139.349991,/Users/chrisharing/Desktop/CCS_complex_coupled_systems/Repo/HardDisks/hspist3/experiments_energy_transfer/level2_slope_20260917/u0.03/tr_9237.csv,157.349991,18,1,"./00ALLINONE --mode=edmd --experiment=energy_transfer --headless --quiet --edmd-acc=0 --seed-drift-order=drift-first --energy-transfer-summary=experiments_energy_transfer/level2_slope_20260917/u0.03/summary.csv --energy-transfer-trace=experiments_energy_transfer/level2_slope_20260917/u0.03/tr_9237.csv --particles=100 --particles-boxes=50,50 --particle-radius=0.5 --l0=39.25 --height=10 --num-walls=1 --wall-positions=39.25 --wall-mass-factors=1000000000 --piston-right-protocol-mode=step --velocity-right-piston-step=0.03 --max-right-piston-travel=3.93 --auto-piston-step --wall-hold-steps=12000 --steps=24000 --fixed-dt=0.4 --energy-measurement --eff-output=wall-ke --kbt1 --seed=9237",9237
2026-09-17 10:30:30,energy_transfer,edmd,24000,12000,0.0166666669,39.25,10,100,0.5,nan,0.100050721,0.100050721,1,39.25,1e+09,50;50,1,0.0416666667,1,1,0.00999999978,100,1000,nan,39.25,1,step,74.5700022,-0.0299999993,step,3.93000007,0.0299999993,nan,nan,0.0299999993,nan,nan,7.05870854,1.76619651e-05,2.50215248e-06,0.999997498,7.05869088,6.92666617e-07,1.40068744e-06,7.08020821e-07,1.00304584e-07,20,139.349991,/Users/chrisharing/Desktop/CCS_complex_coupled_systems/Repo/HardDisks/hspist3/experiments_energy_transfer/level2_slope_20260917/u0.03/tr_9235.csv,158.433334,19.0833435,1,"./00ALLINONE --mode=edmd --experiment=energy_transfer --headless --quiet --edmd-acc=0 --seed-drift-order=drift-first --energy-transfer-summary=experiments_energy_transfer/level2_slope_20260917/u0.03/summary.csv --energy-transfer-trace=experiments_energy_transfer/level2_slope_20260917/u0.03/tr_9235.csv --particles=100 --particles-boxes=50,50 --particle-radius=0.5 --l0=39.25 --height=10 --num-walls=1 --wall-positions=39.25 --wall-mass-factors=1000000000 --piston-right-protocol-mode=step --velocity-right-piston-step=0.03 --max-right-piston-travel=3.93 --auto-piston-step --wall-hold-steps=12000 --steps=24000 --fixed-dt=0.4 --energy-measurement --eff-output=wall-ke --kbt1 --seed=9235",9235
2026-09-17 10:30:30,energy_transfer,edmd,24000,12000,0.0166666669,39.25,10,100,0.5,nan,0.100050721,0.100050721,1,39.25,1e+09,50;50,1,0.0416666667,1,1,0.00999999978,100,1000,nan,39.25,1,step,74.5700022,-0.0299999993,step,3.93000007,0.0299999993,nan,nan,0.0299999993,nan,nan,7.21478191,1.21413477e-05,1.68284335e-06,0.999998317,7.21476976,8.65390689e-07,9.23495691e-07,5.81050017e-08,8.05360473e-09,20,139.349991,/Users/chrisharing/Desktop/CCS_complex_coupled_systems/Repo/HardDisks/hspist3/experiments_energy_transfer/level2_slope_20260917/u0.03/tr_9238.csv,158.416672,19.0666809,1,"./00ALLINONE --mode=edmd --experiment=energy_transfer --headless --quiet --edmd-acc=0 --seed-drift-order=drift-first --energy-transfer-summary=experiments_energy_transfer/level2_slope_20260917/u0.03/summary.csv --energy-transfer-trace=experiments_energy_transfer/level2_slope_20260917/u0.03/tr_9238.csv --particles=100 --particles-boxes=50,50 --particle-radius=0.5 --l0=39.25 --height=10 --num-walls=1 --wall-positions=39.25 --wall-mass-factors=1000000000 --piston-right-protocol-mode=step --velocity-right-piston-step=0.03 --max-right-piston-travel=3.93 --auto-piston-step --wall-hold-steps=12000 --steps=24000 --fixed-dt=0.4 --energy-measurement --eff-output=wall-ke --kbt1 --seed=9238",9238
2026-09-17 10:30:30,energy_transfer,edmd,24000,12000,0.0166666669,39.25,10,100,0.5,nan,0.100050721,0.100050721,1,39.25,1e+09,50;50,1,0.0416666667,1,1,0.00999999978,100,1000,nan,39.25,1,step,74.5700022,-0.0299999993,step,3.93000007,0.0299999993,nan,nan,0.0299999993,nan,nan,7.10719977,1.33761669e-05,1.88205866e-06,0.999998118,7.10718639,4.5398636e-07,9.95041546e-07,5.41055186e-07,7.61277584e-08,20,139.349991,/Users/chrisharing/Desktop/CCS_complex_coupled_systems/Repo/HardDisks/hspist3/experiments_energy_transfer/level2_slope_20260917/u0.03/tr_9239.csv,153.066666,13.7166748,0,"./00ALLINONE --mode=edmd --experiment=energy_transfer --headless --quiet --edmd-acc=0 --seed-drift-order=drift-first --energy-transfer-summary=experiments_energy_transfer/level2_slope_20260917/u0.03/summary.csv --energy-transfer-trace=experiments_energy_transfer/level2_slope_20260917/u0.03/tr_9239.csv --particles=100 --particles-boxes=50,50 --particle-radius=0.5 --l0=39.25 --height=10 --num-walls=1 --wall-positions=39.25 --wall-mass-factors=1000000000 --piston-right-protocol-mode=step --velocity-right-piston-step=0.03 --max-right-piston-travel=3.93 --auto-piston-step --wall-hold-steps=12000 --steps=24000 --fixed-dt=0.4 --energy-measurement --eff-output=wall-ke --kbt1 --seed=9239",9239
2026-09-17 10:30:31,energy_transfer,edmd,24000,12000,0.0166666669,39.25,10,100,0.5,nan,0.100050721,0.100050721,1,39.25,1e+09,50;50,1,0.0416666667,1,1,0.00999999978,100,1000,nan,39.25,1,step,74.5700022,-0.0299999993,step,3.93000007,0.0299999993,nan,nan,0.0299999993,nan,nan,7.74129556,1.52633802e-05,1.97168292e-06,0.999998028,7.74128029,8.80729317e-07,1.9096683e-06,1.02893898e-06,1.32915605e-07,20,139.349991,/Users/chrisharing/Desktop/CCS_complex_coupled_systems/Repo/HardDisks/hspist3/experiments_energy_transfer/level2_slope_20260917/u0.03/tr_9242.csv,156.016678,16.666687,0,"./00ALLINONE --mode=edmd --experiment=energy_transfer --headless --quiet --edmd-acc=0 --seed-drift-order=drift-first --energy-transfer-summary=experiments_energy_transfer/level2_slope_20260917/u0.03/summary.csv --energy-transfer-trace=experiments_energy_transfer/level2_slope_20260917/u0.03/tr_9242.csv --particles=100 --particles-boxes=50,50 --particle-radius=0.5 --l0=39.25 --height=10 --num-walls=1 --wall-positions=39.25 --wall-mass-factors=1000000000 --piston-right-protocol-mode=step --velocity-right-piston-step=0.03 --max-right-piston-travel=3.93 --auto-piston-step --wall-hold-steps=12000 --steps=24000 --fixed-dt=0.4 --energy-measurement --eff-output=wall-ke --kbt1 --seed=9242",9242
2026-09-17 10:30:31,energy_transfer,edmd,24000,12000,0.0166666669,39.25,10,100,0.5,nan,0.100050721,0.100050721,1,39.25,1e+09,50;50,1,0.0416666667,1,1,0.00999999978,100,1000,nan,39.25,1,step,74.5700022,-0.0299999993,step,3.93000007,0.0299999993,nan,nan,0.0299999993,nan,nan,7.53042599,1.34728862e-05,1.78912669e-06,0.999998211,7.53041252,6.49203997e-08,4.21074844e-07,3.56154445e-07,4.72953914e-08,20,139.349991,/Users/chrisharing/Desktop/CCS_complex_coupled_systems/Repo/HardDisks/hspist3/experiments_energy_transfer/level2_slope_20260917/u0.03/tr_9240.csv,158.900009,19.5500183,1,"./00ALLINONE --mode=edmd --experiment=energy_transfer --headless --quiet --edmd-acc=0 --seed-drift-order=drift-first --energy-transfer-summary=experiments_energy_transfer/level2_slope_20260917/u0.03/summary.csv --energy-transfer-trace=experiments_energy_transfer/level2_slope_20260917/u0.03/tr_9240.csv --particles=100 --particles-boxes=50,50 --particle-radius=0.5 --l0=39.25 --height=10 --num-walls=1 --wall-positions=39.25 --wall-mass-factors=1000000000 --piston-right-protocol-mode=step --velocity-right-piston-step=0.03 --max-right-piston-travel=3.93 --auto-piston-step --wall-hold-steps=12000 --steps=24000 --fixed-dt=0.4 --energy-measurement --eff-output=wall-ke --kbt1 --seed=9240",9240
2026-09-17 10:30:31,energy_transfer,edmd,24000,12000,0.0166666669,39.25,10,100,0.5,nan,0.100050721,0.100050721,1,39.25,1e+09,50;50,1,0.0416666667,1,1,0.00999999978,100,1000,nan,39.25,1,step,74.5700022,-0.0299999993,step,3.93000007,0.0299999993,nan,nan,0.0299999993,nan,nan,7.52283143,1.6413318e-05,2.18180058e-06,0.999997818,7.52281501,9.36588151e-07,1.50627795e-06,5.69689803e-07,7.57281096e-08,20,139.349991,/Users/chrisharing/Desktop/CCS_complex_coupled_systems/Repo/HardDisks/hspist3/experiments_energy_transfer/level2_slope_20260917/u0.03/tr_9241.csv,158.699997,19.3500061,1,"./00ALLINONE --mode=edmd --experiment=energy_transfer --headless --quiet --edmd-acc=0 --seed-drift-order=drift-first --energy-transfer-summary=experiments_energy_transfer/level2_slope_20260917/u0.03/summary.csv --energy-transfer-trace=experiments_energy_transfer/level2_slope_20260917/u0.03/tr_9241.csv --particles=100 --particles-boxes=50,50 --particle-radius=0.5 --l0=39.25 --height=10 --num-walls=1 --wall-positions=39.25 --wall-mass-factors=1000000000 --piston-right-protocol-mode=step --velocity-right-piston-step=0.03 --max-right-piston-travel=3.93 --auto-piston-step --wall-hold-steps=12000 --steps=24000 --fixed-dt=0.4 --energy-measurement --eff-output=wall-ke --kbt1 --seed=9241",9241
2026-09-17 10:30:31,energy_transfer,edmd,24000,12000,0.0166666669,39.25,10,100,0.5,nan,0.100050721,0.100050721,1,39.25,1e+09,50;50,1,0.0416666667,1,1,0.00999999978,100,1000,nan,39.25,1,step,74.5700022,-0.0299999993,step,3.93000007,0.0299999993,nan,nan,0.0299999993,nan,nan,7.51361296,1.48923082e-05,1.98204356e-06,0.999998018,7.51359807,3.94635947e-07,1.25183419e-06,8.57198245e-07,1.14086026e-07,20,139.349991,/Users/chrisharing/Desktop/CCS_complex_coupled_systems/Repo/HardDisks/hspist3/experiments_energy_transfer/level2_slope_20260917/u0.03/tr_9243.csv,157.449997,18.1000061,1,"./00ALLINONE --mode=edmd --experiment=energy_transfer --headless --quiet --edmd-acc=0 --seed-drift-order=drift-first --energy-transfer-summary=experiments_energy_transfer/level2_slope_20260917/u0.03/summary.csv --energy-transfer-trace=experiments_energy_transfer/level2_slope_20260917/u0.03/tr_9243.csv --particles=100 --particles-boxes=50,50 --particle-radius=0.5 --l0=39.25 --height=10 --num-walls=1 --wall-positions=39.25 --wall-mass-factors=1000000000 --piston-right-protocol-mode=step --velocity-right-piston-step=0.03 --max-right-piston-travel=3.93 --auto-piston-step --wall-hold-steps=12000 --steps=24000 --fixed-dt=0.4 --energy-measurement --eff-output=wall-ke --kbt1 --seed=9243",9243
2026-09-17 10:30:31,energy_transfer,edmd,24000,12000,0.0166666669,39.25,10,100,0.5,nan,0.100050721,0.100050721,1,39.25,1e+09,50;50,1,0.0416666667,1,1,0.00999999978,100,1000,nan,39.25,1,step,74.5700022,-0.0299999993,step,3.93000007,0.0299999993,nan,nan,0.0299999993,nan,nan,7.83562458,2.29901125e-05,2.93404977e-06,0.999997066,7.83560159,9.37254981e-07,2.20428774e-06,1.26703276e-06,1.61701565e-07,20,139.349991,/Users/chrisharing/Desktop/CCS_complex_coupled_systems/Repo/HardDisks/hspist3/experiments_energy_transfer/level2_slope_20260917/u0.03/tr_9245.csv,157.416672,18.0666809,1,"./00ALLINONE --mode=edmd --experiment=energy_transfer --headless --quiet --edmd-acc=0 --seed-drift-order=drift-first --energy-transfer-summary=experiments_energy_transfer/level2_slope_20260917/u0.03/summary.csv --energy-transfer-trace=experiments_energy_transfer/level2_slope_20260917/u0.03/tr_9245.csv --particles=100 --particles-boxes=50,50 --particle-radius=0.5 --l0=39.25 --height=10 --num-walls=1 --wall-positions=39.25 --wall-mass-factors=1000000000 --piston-right-protocol-mode=step --velocity-right-piston-step=0.03 --max-right-piston-travel=3.93 --auto-piston-step --wall-hold-steps=12000 --steps=24000 --fixed-dt=0.4 --energy-measurement --eff-output=wall-ke --kbt1 --seed=9245",9245
2026-09-17 10:30:31,energy_transfer,edmd,24000,12000,0.0166666669,39.25,10,100,0.5,nan,0.100050721,0.100050721,1,39.25,1e+09,50;50,1,0.0416666667,1,1,0.00999999978,100,1000,nan,39.25,1,step,74.5700022,-0.0299999993,step,3.93000007,0.0299999993,nan,nan,0.0299999993,nan,nan,7.38110476,1.11860954e-05,1.51550422e-06,0.999998484,7.38109357,1.23448217e-07,4.18754468e-07,2.95306251e-07,4.0008408e-08,20,139.349991,/Users/chrisharing/Desktop/CCS_complex_coupled_systems/Repo/HardDisks/hspist3/experiments_energy_transfer/level2_slope_20260917/u0.03/tr_9244.csv,158.53334,19.1833496,1,"./00ALLINONE --mode=edmd --experiment=energy_transfer --headless --quiet --edmd-acc=0 --seed-drift-order=drift-first --energy-transfer-summary=experiments_energy_transfer/level2_slope_20260917/u0.03/summary.csv --energy-transfer-trace=experiments_energy_transfer/level2_slope_20260917/u0.03/tr_9244.csv --particles=100 --particles-boxes=50,50 --particle-radius=0.5 --l0=39.25 --height=10 --num-walls=1 --wall-positions=39.25 --wall-mass-factors=1000000000 --piston-right-protocol-mode=step --velocity-right-piston-step=0.03 --max-right-piston-travel=3.93 --auto-piston-step --wall-hold-steps=12000 --steps=24000 --fixed-dt=0.4 --energy-measurement --eff-output=wall-ke --kbt1 --seed=9244",9244
2026-09-17 10:30:31,energy_transfer,edmd,24000,12000,0.0166666669,39.25,10,100,0.5,nan,0.100050721,0.100050721,1,39.25,1e+09,50;50,1,0.0416666667,1,1,0.00999999978,100,1000,nan,39.25,1,step,74.5700022,-0.0299999993,step,3.93000007,0.0299999993,nan,nan,0.0299999993,nan,nan,7.49764665,1.67068447e-05,2.22827848e-06,0.999997772,7.49762994,5.63256265e-07,7.8944754e-07,2.26191275e-07,3.0168303e-08,20,139.349991,/Users/chrisharing/Desktop/CCS_complex_coupled_systems/Repo/HardDisks/hspist3/experiments_energy_transfer/level2_slope_20260917/u0.03/tr_9246.csv,158.133347,18.7833557,1,"./00ALLINONE --mode=edmd --experiment=energy_transfer --headless --quiet --edmd-acc=0 --seed-drift-order=drift-first --energy-transfer-summary=experiments_energy_transfer/level2_slope_20260917/u0.03/summary.csv --energy-transfer-trace=experiments_energy_transfer/level2_slope_20260917/u0.03/tr_9246.csv --particles=100 --particles-boxes=50,50 --particle-radius=0.5 --l0=39.25 --height=10 --num-walls=1 --wall-positions=39.25 --wall-mass-factors=1000000000 --piston-right-protocol-mode=step --velocity-right-piston-step=0.03 --max-right-piston-travel=3.93 --auto-piston-step --wall-hold-steps=12000 --steps=24000 --fixed-dt=0.4 --energy-measurement --eff-output=wall-ke --kbt1 --seed=9246",9246
2026-09-17 10:30:31,energy_transfer,edmd,24000,12000,0.0166666669,39.25,10,100,0.5,nan,0.100050721,0.100050721,1,39.25,1e+09,50;50,1,0.0416666667,1,1,0.00999999978,100,1000,nan,39.25,1,step,74.5700022,-0.0299999993,step,3.93000007,0.0299999993,nan,nan,0.0299999993,nan,nan,7.4553691,1.740888e-05,2.33507956e-06,0.999997665,7.45535169,5.4443899e-07,1.22330744e-06,6.78868446e-07,9.10576575e-08,20,139.349991,/Users/chrisharing/Desktop/CCS_complex_coupled_systems/Repo/HardDisks/hspist3/experiments_energy_transfer/level2_slope_20260917/u0.03/tr_9248.csv,158.900009,19.5500183,1,"./00ALLINONE --mode=edmd --experiment=energy_transfer --headless --quiet --edmd-acc=0 --seed-drift-order=drift-first --energy-transfer-summary=experiments_energy_transfer/level2_slope_20260917/u0.03/summary.csv --energy-transfer-trace=experiments_energy_transfer/level2_slope_20260917/u0.03/tr_9248.csv --particles=100 --particles-boxes=50,50 --particle-radius=0.5 --l0=39.25 --height=10 --num-walls=1 --wall-positions=39.25 --wall-mass-factors=1000000000 --piston-right-protocol-mode=step --velocity-right-piston-step=0.03 --max-right-piston-travel=3.93 --auto-piston-step --wall-hold-steps=12000 --steps=24000 --fixed-dt=0.4 --energy-measurement --eff-output=wall-ke --kbt1 --seed=9248",9248
2026-09-17 10:30:31,energy_transfer,edmd,24000,12000,0.0166666669,39.25,10,100,0.5,nan,0.100050721,0.100050721,1,39.25,1e+09,50;50,1,0.0416666667,1,1,0.00999999978,100,1000,nan,39.25,1,step,74.5700022,-0.0299999993,step,3.93000007,0.0299999993,nan,nan,0.0299999993,nan,nan,7.68438443,1.60416166e-05,2.0875604e-06,0.999997912,7.68436839,3.88773515e-07,8.83807616e-07,4.95034101e-07,6.4420788e-08,20,139.349991,/Users/chrisharing/Desktop/CCS_complex_coupled_systems/Repo/HardDisks/hspist3/experiments_energy_transfer/level2_slope_20260917/u0.03/tr_9247.csv,157.683334,18.3333435,1,"./00ALLINONE --mode=edmd --experiment=energy_transfer --headless --quiet --edmd-acc=0 --seed-drift-order=drift-first --energy-transfer-summary=experiments_energy_transfer/level2_slope_20260917/u0.03/summary.csv --energy-transfer-trace=experiments_energy_transfer/level2_slope_20260917/u0.03/tr_9247.csv --particles=100 --particles-boxes=50,50 --particle-radius=0.5 --l0=39.25 --height=10 --num-walls=1 --wall-positions=39.25 --wall-mass-factors=1000000000 --piston-right-protocol-mode=step --velocity-right-piston-step=0.03 --max-right-piston-travel=3.93 --auto-piston-step --wall-hold-steps=12000 --steps=24000 --fixed-dt=0.4 --energy-measurement --eff-output=wall-ke --kbt1 --seed=9247",9247
2026-09-17 10:30:31,energy_transfer,edmd,24000,12000,0.0166666669,39.25,10,100,0.5,nan,0.100050721,0.100050721,1,39.25,1e+09,50;50,1,0.0416666667,1,1,0.00999999978,100,1000,nan,39.25,1,step,74.5700022,-0.0299999993,step,3.93000007,0.0299999993,nan,nan,0.0299999993,nan,nan,7.08877871,1.22199817e-05,1.72384867e-06,0.999998276,7.08876649,1.71060492e-07,6.44625061e-07,4.73564569e-07,6.68048177e-08,20,139.349991,/Users/chrisharing/Desktop/CCS_complex_coupled_systems/Repo/HardDisks/hspist3/experiments_energy_transfer/level2_slope_20260917/u0.03/tr_9249.csv,151.433334,12.0833435,0,"./00ALLINONE --mode=edmd --experiment=energy_transfer --headless --quiet --edmd-acc=0 --seed-drift-order=drift-first --energy-transfer-summary=experiments_energy_transfer/level2_slope_20260917/u0.03/summary.csv --energy-transfer-trace=experiments_energy_transfer/level2_slope_20260917/u0.03/tr_9249.csv --particles=100 --particles-boxes=50,50 --particle-radius=0.5 --l0=39.25 --height=10 --num-walls=1 --wall-positions=39.25 --wall-mass-factors=1000000000 --piston-right-protocol-mode=step --velocity-right-piston-step=0.03 --max-right-piston-travel=3.93 --auto-piston-step --wall-hold-steps=12000 --steps=24000 --fixed-dt=0.4 --energy-measurement --eff-output=wall-ke --kbt1 --seed=9249",9249
2026-09-17 10:30:32,energy_transfer,edmd,24000,12000,0.0166666669,39.25,10,100,0.5,nan,0.100050721,0.100050721,1,39.25,1e+09,50;50,1,0.0416666667,1,1,0.00999999978,100,1000,nan,39.25,1,step,74.5700022,-0.0299999993,step,3.93000007,0.0299999993,nan,nan,0.0299999993,nan,nan,7.47443463,1.35582777e-05,1.81395362e-06,0.999998186,7.47442107,6.80654182e-07,1.20366087e-06,5.2300669e-07,6.99727426e-08,20,139.349991,/Users/chrisharing/Desktop/CCS_complex_coupled_systems/Repo/HardDisks/hspist3/experiments_energy_transfer/level2_slope_20260917/u0.03/tr_9252.csv,143.28334,3.93334961,0,"./00ALLINONE --mode=edmd --experiment=energy_transfer --headless --quiet --edmd-acc=0 --seed-drift-order=drift-first --energy-transfer-summary=experiments_energy_transfer/level2_slope_20260917/u0.03/summary.csv --energy-transfer-trace=experiments_energy_transfer/level2_slope_20260917/u0.03/tr_9252.csv --particles=100 --particles-boxes=50,50 --particle-radius=0.5 --l0=39.25 --height=10 --num-walls=1 --wall-positions=39.25 --wall-mass-factors=1000000000 --piston-right-protocol-mode=step --velocity-right-piston-step=0.03 --max-right-piston-travel=3.93 --auto-piston-step --wall-hold-steps=12000 --steps=24000 --fixed-dt=0.4 --energy-measurement --eff-output=wall-ke --kbt1 --seed=9252",9252
2026-09-17 10:30:32,energy_transfer,edmd,24000,12000,0.0166666669,39.25,10,100,0.5,nan,0.100050721,0.100050721,1,39.25,1e+09,50;50,1,0.0416666667,1,1,0.00999999978,100,1000,nan,39.25,1,step,74.5700022,-0.0299999993,step,3.93000007,0.0299999993,nan,nan,0.0299999993,nan,nan,7.82538377,1.53282817e-05,1.95878978e-06,0.999998041,7.82536844,3.67751255e-07,8.58319993e-07,4.90568738e-07,6.26894159e-08,20,139.349991,/Users/chrisharing/Desktop/CCS_complex_coupled_systems/Repo/HardDisks/hspist3/experiments_energy_transfer/level2_slope_20260917/u0.03/tr_9250.csv,156.383347,17.0333557,0,"./00ALLINONE --mode=edmd --experiment=energy_transfer --headless --quiet --edmd-acc=0 --seed-drift-order=drift-first --energy-transfer-summary=experiments_energy_transfer/level2_slope_20260917/u0.03/summary.csv --energy-transfer-trace=experiments_energy_transfer/level2_slope_20260917/u0.03/tr_9250.csv --particles=100 --particles-boxes=50,50 --particle-radius=0.5 --l0=39.25 --height=10 --num-walls=1 --wall-positions=39.25 --wall-mass-factors=1000000000 --piston-right-protocol-mode=step --velocity-right-piston-step=0.03 --max-right-piston-travel=3.93 --auto-piston-step --wall-hold-steps=12000 --steps=24000 --fixed-dt=0.4 --energy-measurement --eff-output=wall-ke --kbt1 --seed=9250",9250
2026-09-17 10:30:32,energy_transfer,edmd,24000,12000,0.0166666669,39.25,10,100,0.5,nan,0.100050721,0.100050721,1,39.25,1e+09,50;50,1,0.0416666667,1,1,0.00999999978,100,1000,nan,39.25,1,step,74.5700022,-0.0299999993,step,3.93000007,0.0299999993,nan,nan,0.0299999993,nan,nan,7.27060941,1.37132211e-05,1.88611714e-06,0.999998114,7.27059569,6.08882999e-07,9.82419124e-07,3.73536125e-07,5.13761782e-08,20,139.349991,/Users/chrisharing/Desktop/CCS_complex_coupled_systems/Repo/HardDisks/hspist3/experiments_energy_transfer/level2_slope_20260917/u0.03/tr_9251.csv,141.483322,2.1333313,0,"./00ALLINONE --mode=edmd --experiment=energy_transfer --headless --quiet --edmd-acc=0 --seed-drift-order=drift-first --energy-transfer-summary=experiments_energy_transfer/level2_slope_20260917/u0.03/summary.csv --energy-transfer-trace=experiments_energy_transfer/level2_slope_20260917/u0.03/tr_9251.csv --particles=100 --particles-boxes=50,50 --particle-radius=0.5 --l0=39.25 --height=10 --num-walls=1 --wall-positions=39.25 --wall-mass-factors=1000000000 --piston-right-protocol-mode=step --velocity-right-piston-step=0.03 --max-right-piston-travel=3.93 --auto-piston-step --wall-hold-steps=12000 --steps=24000 --fixed-dt=0.4 --energy-measurement --eff-output=wall-ke --kbt1 --seed=9251",9251
2026-09-17 10:30:32,energy_transfer,edmd,24000,12000,0.0166666669,39.25,10,100,0.5,nan,0.100050721,0.100050721,1,39.25,1e+09,50;50,1,0.0416666667,1,1,0.00999999978,100,1000,nan,39.25,1,step,74.5700022,-0.0299999993,step,3.93000007,0.0299999993,nan,nan,0.0299999993,nan,nan,7.25824916,1.66418122e-05,2.29281357e-06,0.999997707,7.25823252,4.91772425e-07,1.08543452e-06,5.93662094e-07,8.17913633e-08,20,139.349991,/Users/chrisharing/Desktop/CCS_complex_coupled_systems/Repo/HardDisks/hspist3/experiments_energy_transfer/level2_slope_20260917/u0.03/tr_9256.csv,150.066666,10.7166748,0,"./00ALLINONE --mode=edmd --experiment=energy_transfer --headless --quiet --edmd-acc=0 --seed-drift-order=drift-first --energy-transfer-summary=experiments_energy_transfer/level2_slope_20260917/u0.03/summary.csv --energy-transfer-trace=experiments_energy_transfer/level2_slope_20260917/u0.03/tr_9256.csv --particles=100 --particles-boxes=50,50 --particle-radius=0.5 --l0=39.25 --height=10 --num-walls=1 --wall-positions=39.25 --wall-mass-factors=1000000000 --piston-right-protocol-mode=step --velocity-right-piston-step=0.03 --max-right-piston-travel=3.93 --auto-piston-step --wall-hold-steps=12000 --steps=24000 --fixed-dt=0.4 --energy-measurement --eff-output=wall-ke --kbt1 --seed=9256",9256
2026-09-17 10:30:32,energy_transfer,edmd,24000,12000,0.0166666669,39.25,10,100,0.5,nan,0.100050721,0.100050721,1,39.25,1e+09,50;50,1,0.0416666667,1,1,0.00999999978,100,1000,nan,39.25,1,step,74.5700022,-0.0299999993,step,3.93000007,0.0299999993,nan,nan,0.0299999993,nan,nan,8.20779959,2.34029048e-05,2.85130072e-06,0.999997149,8.20777619,4.65956958e-07,1.55488624e-06,1.08892928e-06,1.32670062e-07,20,139.349991,/Users/chrisharing/Desktop/CCS_complex_coupled_systems/Repo/HardDisks/hspist3/experiments_energy_transfer/level2_slope_20260917/u0.03/tr_9254.csv,157.583328,18.2333374,1,"./00ALLINONE --mode=edmd --experiment=energy_transfer --headless --quiet --edmd-acc=0 --seed-drift-order=drift-first --energy-transfer-summary=experiments_energy_transfer/level2_slope_20260917/u0.03/summary.csv --energy-transfer-trace=experiments_energy_transfer/level2_slope_20260917/u0.03/tr_9254.csv --particles=100 --particles-boxes=50,50 --particle-radius=0.5 --l0=39.25 --height=10 --num-walls=1 --wall-positions=39.25 --wall-mass-factors=1000000000 --piston-right-protocol-mode=step --velocity-right-piston-step=0.03 --max-right-piston-travel=3.93 --auto-piston-step --wall-hold-steps=12000 --steps=24000 --fixed-dt=0.4 --energy-measurement --eff-output=wall-ke --kbt1 --seed=9254",9254
2026-09-17 10:30:32,energy_transfer,edmd,24000,12000,0.0166666669,39.25,10,100,0.5,nan,0.100050721,0.100050721,1,39.25,1e+09,50;50,1,0.0416666667,1,1,0.00999999978,100,1000,nan,39.25,1,step,74.5700022,-0.0299999993,step,3.93000007,0.0299999993,nan,nan,0.0299999993,nan,nan,7.23066116,1.53104847e-05,2.11743911e-06,0.999997883,7.23064585,1.15574449e-06,1.56677083e-06,4.11026349e-07,5.68449191e-08,20,139.349991,/Users/chrisharing/Desktop/CCS_complex_coupled_systems/Repo/HardDisks/hspist3/experiments_energy_transfer/level2_slope_20260917/u0.03/tr_9253.csv,159.083328,19.7333374,1,"./00ALLINONE --mode=edmd --experiment=energy_transfer --headless --quiet --edmd-acc=0 --seed-drift-order=drift-first --energy-transfer-summary=experiments_energy_transfer/level2_slope_20260917/u0.03/summary.csv --energy-transfer-trace=experiments_energy_transfer/level2_slope_20260917/u0.03/tr_9253.csv --particles=100 --particles-boxes=50,50 --particle-radius=0.5 --l0=39.25 --height=10 --num-walls=1 --wall-positions=39.25 --wall-mass-factors=1000000000 --piston-right-protocol-mode=step --velocity-right-piston-step=0.03 --max-right-piston-travel=3.93 --auto-piston-step --wall-hold-steps=12000 --steps=24000 --fixed-dt=0.4 --energy-measurement --eff-output=wall-ke --kbt1 --seed=9253",9253
2026-09-17 10:30:32,energy_transfer,edmd,24000,12000,0.0166666669,39.25,10,100,0.5,nan,0.100050721,0.100050721,1,39.25,1e+09,50;50,1,0.0416666667,1,1,0.00999999978,100,1000,nan,39.25,1,step,74.5700022,-0.0299999993,step,3.93000007,0.0299999993,nan,nan,0.0299999993,nan,nan,7.56677524,1.5458063e-05,2.0428865e-06,0.999997957,7.56675978,1.81973036e-07,9.37298296e-07,7.5532526e-07,9.98212893e-08,20,139.349991,/Users/chrisharing/Desktop/CCS_complex_coupled_systems/Repo/HardDisks/hspist3/experiments_energy_transfer/level2_slope_20260917/u0.03/tr_9255.csv,147.516678,8.16668701,0,"./00ALLINONE --mode=edmd --experiment=energy_transfer --headless --quiet --edmd-acc=0 --seed-drift-order=drift-first --energy-transfer-summary=experiments_energy_transfer/level2_slope_20260917/u0.03/summary.csv --energy-transfer-trace=experiments_energy_transfer/level2_slope_20260917/u0.03/tr_9255.csv --particles=100 --particles-boxes=50,50 --particle-radius=0.5 --l0=39.25 --height=10 --num-walls=1 --wall-positions=39.25 --wall-mass-factors=1000000000 --piston-right-protocol-mode=step --velocity-right-piston-step=0.03 --max-right-piston-travel=3.93 --auto-piston-step --wall-hold-steps=12000 --steps=24000 --fixed-dt=0.4 --energy-measurement --eff-output=wall-ke --kbt1 --seed=9255",9255
2026-09-17 10:30:32,energy_transfer,edmd,24000,12000,0.0166666669,39.25,10,100,0.5,nan,0.100050721,0.100050721,1,39.25,1e+09,50;50,1,0.0416666667,1,1,0.00999999978,100,1000,nan,39.25,1,step,74.5700022,-0.0299999993,step,3.93000007,0.0299999993,nan,nan,0.0299999993,nan,nan,7.12554493,1.05939653e-05,1.48675861e-06,0.999998513,7.12553434,9.06290225e-08,4.21447027e-07,3.30818004e-07,4.64270463e-08,20,139.349991,/Users/chrisharing/Desktop/CCS_complex_coupled_systems/Repo/HardDisks/hspist3/experiments_energy_transfer/level2_slope_20260917/u0.03/tr_9259.csv,155.849991,16.5,0,"./00ALLINONE --mode=edmd --experiment=energy_transfer --headless --quiet --edmd-acc=0 --seed-drift-order=drift-first --energy-transfer-summary=experiments_energy_transfer/level2_slope_20260917/u0.03/summary.csv --energy-transfer-trace=experiments_energy_transfer/level2_slope_20260917/u0.03/tr_9259.csv --particles=100 --particles-boxes=50,50 --particle-radius=0.5 --l0=39.25 --height=10 --num-walls=1 --wall-positions=39.25 --wall-mass-factors=1000000000 --piston-right-protocol-mode=step --velocity-right-piston-step=0.03 --max-right-piston-travel=3.93 --auto-piston-step --wall-hold-steps=12000 --steps=24000 --fixed-dt=0.4 --energy-measurement --eff-output=wall-ke --kbt1 --seed=9259",9259
2026-09-17 10:30:32,energy_transfer,edmd,24000,12000,0.0166666669,39.25,10,100,0.5,nan,0.100050721,0.100050721,1,39.25,1e+09,50;50,1,0.0416666667,1,1,0.00999999978,100,1000,nan,39.25,1,step,74.5700022,-0.0299999993,step,3.93000007,0.0299999993,nan,nan,0.0299999993,nan,nan,7.5374356,1.26963641e-05,1.68444081e-06,0.999998316,7.5374229,1.40719678e-07,5.4442836e-07,4.03708682e-07,5.35604819e-08,20,139.349991,/Users/chrisharing/Desktop/CCS_complex_coupled_systems/Repo/HardDisks/hspist3/experiments_energy_transfer/level2_slope_20260917/u0.03/tr_9257.csv,153.683334,14.3333435,0,"./00ALLINONE --mode=edmd --experiment=energy_transfer --headless --quiet --edmd-acc=0 --seed-drift-order=drift-first --energy-transfer-summary=experiments_energy_transfer/level2_slope_20260917/u0.03/summary.csv --energy-transfer-trace=experiments_energy_transfer/level2_slope_20260917/u0.03/tr_9257.csv --particles=100 --particles-boxes=50,50 --particle-radius=0.5 --l0=39.25 --height=10 --num-walls=1 --wall-positions=39.25 --wall-mass-factors=1000000000 --piston-right-protocol-mode=step --velocity-right-piston-step=0.03 --max-right-piston-travel=3.93 --auto-piston-step --wall-hold-steps=12000 --steps=24000 --fixed-dt=0.4 --energy-measurement --eff-output=wall-ke --kbt1 --seed=9257",9257
2026-09-17 10:30:32,energy_transfer,edmd,24000,12000,0.0166666669,39.25,10,100,0.5,nan,0.100050721,0.100050721,1,39.25,1e+09,50;50,1,0.0416666667,1,1,0.00999999978,100,1000,nan,39.25,1,step,74.5700022,-0.0299999993,step,3.93000007,0.0299999993,nan,nan,0.0299999993,nan,nan,8.32693452,1.99315418e-05,2.39362298e-06,0.999997606,8.32691459,8.57044142e-07,3.59774663e-06,2.74070248e-06,3.29137028e-07,20,139.349991,/Users/chrisharing/Desktop/CCS_complex_coupled_systems/Repo/HardDisks/hspist3/experiments_energy_transfer/level2_slope_20260917/u0.03/tr_9258.csv,157.550003,18.2000122,1,"./00ALLINONE --mode=edmd --experiment=energy_transfer --headless --quiet --edmd-acc=0 --seed-drift-order=drift-first --energy-transfer-summary=experiments_energy_transfer/level2_slope_20260917/u0.03/summary.csv --energy-transfer-trace=experiments_energy_transfer/level2_slope_20260917/u0.03/tr_9258.csv --particles=100 --particles-boxes=50,50 --particle-radius=0.5 --l0=39.25 --height=10 --num-walls=1 --wall-positions=39.25 --wall-mass-factors=1000000000 --piston-right-protocol-mode=step --velocity-right-piston-step=0.03 --max-right-piston-travel=3.93 --auto-piston-step --wall-hold-steps=12000 --steps=24000 --fixed-dt=0.4 --energy-measurement --eff-output=wall-ke --kbt1 --seed=9258",9258
2026-09-17 10:30:33,energy_transfer,edmd,24000,12000,0.0166666669,39.25,10,100,0.5,nan,0.100050721,0.100050721,1,39.25,1e+09,50;50,1,0.0416666667,1,1,0.00999999978,100,1000,nan,39.25,1,step,74.5700022,-0.0299999993,step,3.93000007,0.0299999993,nan,nan,0.0299999993,nan,nan,7.18960993,1.09856537e-05,1.52799023e-06,0.999998472,7.18959894,5.26750796e-07,5.73220404e-07,4.64696086e-08,6.46343948e-09,20,139.349991,/Users/chrisharing/Desktop/CCS_complex_coupled_systems/Repo/HardDisks/hspist3/experiments_energy_transfer/level2_slope_20260917/u0.03/tr_9260.csv,159.249985,19.8999939,1,"./00ALLINONE --mode=edmd --experiment=energy_transfer --headless --quiet --edmd-acc=0 --seed-drift-order=drift-first --energy-transfer-summary=experiments_energy_transfer/level2_slope_20260917/u0.03/summary.csv --energy-transfer-trace=experiments_energy_transfer/level2_slope_20260917/u0.03/tr_9260.csv --particles=100 --particles-boxes=50,50 --particle-radius=0.5 --l0=39.25 --height=10 --num-walls=1 --wall-positions=39.25 --wall-mass-factors=1000000000 --piston-right-protocol-mode=step --velocity-right-piston-step=0.03 --max-right-piston-travel=3.93 --auto-piston-step --wall-hold-steps=12000 --steps=24000 --fixed-dt=0.4 --energy-measurement --eff-output=wall-ke --kbt1 --seed=9260",9260
2026-09-17 10:30:33,energy_transfer,edmd,24000,12000,0.0166666669,39.25,10,100,0.5,nan,0.100050721,0.100050721,1,39.25,1e+09,50;50,1,0.0416666667,1,1,0.00999999978,100,1000,nan,39.25,1,step,74.5700022,-0.0299999993,step,3.93000007,0.0299999993,nan,nan,0.0299999993,nan,nan,7.80868321,1.44533624e-05,1.85093466e-06,0.999998149,7.80866875,5.47985451e-07,9.73754368e-07,4.25768917e-07,5.45250596e-08,20,139.349991,/Users/chrisharing/Desktop/CCS_complex_coupled_systems/Repo/HardDisks/hspist3/experiments_energy_transfer/level2_slope_20260917/u0.03/tr_9261.csv,152.400009,13.0500183,0,"./00ALLINONE --mode=edmd --experiment=energy_transfer --headless --quiet --edmd-acc=0 --seed-drift-order=drift-first --energy-transfer-summary=experiments_energy_transfer/level2_slope_20260917/u0.03/summary.csv --energy-transfer-trace=experiments_energy_transfer/level2_slope_20260917/u0.03/tr_9261.csv --particles=100 --particles-boxes=50,50 --particle-radius=0.5 --l0=39.25 --height=10 --num-walls=1 --wall-positions=39.25 --wall-mass-factors=1000000000 --piston-right-protocol-mode=step --velocity-right-piston-step=0.03 --max-right-piston-travel=3.93 --auto-piston-step --wall-hold-steps=12000 --steps=24000 --fixed-dt=0.4 --energy-measurement --eff-output=wall-ke --kbt1 --seed=9261",9261
2026-09-17 10:30:33,energy_transfer,edmd,24000,12000,0.0166666669,39.25,10,100,0.5,nan,0.100050721,0.100050721,1,39.25,1e+09,50;50,1,0.0416666667,1,1,0.00999999978,100,1000,nan,39.25,1,step,74.5700022,-0.0299999993,step,3.93000007,0.0299999993,nan,nan,0.0299999993,nan,nan,7.57401537,1.20042623e-05,1.58492711e-06,0.999998415,7.57400337,2.95051137e-07,3.3053584e-07,3.54847032e-08,4.68505825e-09,20,139.349991,/Users/chrisharing/Desktop/CCS_complex_coupled_systems/Repo/HardDisks/hspist3/experiments_energy_transfer/level2_slope_20260917/u0.03/tr_9263.csv,139.499985,0.149993896,0,"./00ALLINONE --mode=edmd --experiment=energy_transfer --headless --quiet --edmd-acc=0 --seed-drift-order=drift-first --energy-transfer-summary=experiments_energy_transfer/level2_slope_20260917/u0.03/summary.csv --energy-transfer-trace=experiments_energy_transfer/level2_slope_20260917/u0.03/tr_9263.csv --particles=100 --particles-boxes=50,50 --particle-radius=0.5 --l0=39.25 --height=10 --num-walls=1 --wall-positions=39.25 --wall-mass-factors=1000000000 --piston-right-protocol-mode=step --velocity-right-piston-step=0.03 --max-right-piston-travel=3.93 --auto-piston-step --wall-hold-steps=12000 --steps=24000 --fixed-dt=0.4 --energy-measurement --eff-output=wall-ke --kbt1 --seed=9263",9263
2026-09-17 10:30:33,energy_transfer,edmd,24000,12000,0.0166666669,39.25,10,100,0.5,nan,0.100050721,0.100050721,1,39.25,1e+09,50;50,1,0.0416666667,1,1,0.00999999978,100,1000,nan,39.25,1,step,74.5700022,-0.0299999993,step,3.93000007,0.0299999993,nan,nan,0.0299999993,nan,nan,7.3650154,1.73795743e-05,2.35974717e-06,0.99999764,7.36499802,5.93103891e-07,1.83854957e-06,1.24544567e-06,1.69102929e-07,20,139.349991,/Users/chrisharing/Desktop/CCS_complex_coupled_systems/Repo/HardDisks/hspist3/experiments_energy_transfer/level2_slope_20260917/u0.03/tr_9262.csv,158.833328,19.4833374,1,"./00ALLINONE --mode=edmd --experiment=energy_transfer --headless --quiet --edmd-acc=0 --seed-drift-order=drift-first --energy-transfer-summary=experiments_energy_transfer/level2_slope_20260917/u0.03/summary.csv --energy-transfer-trace=experiments_energy_transfer/level2_slope_20260917/u0.03/tr_9262.csv --particles=100 --particles-boxes=50,50 --particle-radius=0.5 --l0=39.25 --height=10 --num-walls=1 --wall-positions=39.25 --wall-mass-factors=1000000000 --piston-right-protocol-mode=step --velocity-right-piston-step=0.03 --max-right-piston-travel=3.93 --auto-piston-step --wall-hold-steps=12000 --steps=24000 --fixed-dt=0.4 --energy-measurement --eff-output=wall-ke --kbt1 --seed=9262",9262
2026-09-17 10:30:33,energy_transfer,edmd,24000,12000,0.0166666669,39.25,10,100,0.5,nan,0.100050721,0.100050721,1,39.25,1e+09,50;50,1,0.0416666667,1,1,0.00999999978,100,1000,nan,39.25,1,step,74.5700022,-0.0299999993,step,3.93000007,0.0299999993,nan,nan,0.0299999993,nan,nan,7.30529751,1.34152333e-05,1.83637056e-06,0.999998164,7.3052841,3.42058506e-08,3.92060116e-07,3.57854265e-07,4.8985584e-08,20,139.349991,/Users/chrisharing/Desktop/CCS_complex_coupled_systems/Repo/HardDisks/hspist3/experiments_energy_transfer/level2_slope_20260917/u0.03/tr_9264.csv,155.449997,16.1000061,0,"./00ALLINONE --mode=edmd --experiment=energy_transfer --headless --quiet --edmd-acc=0 --seed-drift-order=drift-first --energy-transfer-summary=experiments_energy_transfer/level2_slope_20260917/u0.03/summary.csv --energy-transfer-trace=experiments_energy_transfer/level2_slope_20260917/u0.03/tr_9264.csv --particles=100 --particles-boxes=50,50 --particle-radius=0.5 --l0=39.25 --height=10 --num-walls=1 --wall-positions=39.25 --wall-mass-factors=1000000000 --piston-right-protocol-mode=step --velocity-right-piston-step=0.03 --max-right-piston-travel=3.93 --auto-piston-step --wall-hold-steps=12000 --steps=24000 --fixed-dt=0.4 --energy-measurement --eff-output=wall-ke --kbt1 --seed=9264",9264
2026-09-17 10:30:33,energy_transfer,edmd,24000,12000,0.0166666669,39.25,10,100,0.5,nan,0.100050721,0.100050721,1,39.25,1e+09,50;50,1,0.0416666667,1,1,0.00999999978,100,1000,nan,39.25,1,step,74.5700022,-0.0299999993,step,3.93000007,0.0299999993,nan,nan,0.0299999993,nan,nan,7.95376409,1.82716049e-05,2.29722741e-06,0.999997703,7.95374582,6.76302079e-07,1.39322526e-06,7.16923182e-07,9.01363397e-08,20,139.349991,/Users/chrisharing/Desktop/CCS_complex_coupled_systems/Repo/HardDisks/hspist3/experiments_energy_transfer/level2_slope_20260917/u0.03/tr_9266.csv,145.400009,6.05001831,0,"./00ALLINONE --mode=edmd --experiment=energy_transfer --headless --quiet --edmd-acc=0 --seed-drift-order=drift-first --energy-transfer-summary=experiments_energy_transfer/level2_slope_20260917/u0.03/summary.csv --energy-transfer-trace=experiments_energy_transfer/level2_slope_20260917/u0.03/tr_9266.csv --particles=100 --particles-boxes=50,50 --particle-radius=0.5 --l0=39.25 --height=10 --num-walls=1 --wall-positions=39.25 --wall-mass-factors=1000000000 --piston-right-protocol-mode=step --velocity-right-piston-step=0.03 --max-right-piston-travel=3.93 --auto-piston-step --wall-hold-steps=12000 --steps=24000 --fixed-dt=0.4 --energy-measurement --eff-output=wall-ke --kbt1 --seed=9266",9266
2026-09-17 10:30:33,energy_transfer,edmd,24000,12000,0.0166666669,39.25,10,100,0.5,nan,0.100050721,0.100050721,1,39.25,1e+09,50;50,1,0.0416666667,1,1,0.00999999978,100,1000,nan,39.25,1,step,74.5700022,-0.0299999993,step,3.93000007,0.0299999993,nan,nan,0.0299999993,nan,nan,7.7588405,2.28391727e-05,2.9436322e-06,0.999997056,7.75881766,1.7381235e-06,2.24633618e-06,5.08212679e-07,6.55011118e-08,20,139.349991,/Users/chrisharing/Desktop/CCS_complex_coupled_systems/Repo/HardDisks/hspist3/experiments_energy_transfer/level2_slope_20260917/u0.03/tr_9265.csv,154.866653,15.5166626,0,"./00ALLINONE --mode=edmd --experiment=energy_transfer --headless --quiet --edmd-acc=0 --seed-drift-order=drift-first --energy-transfer-summary=experiments_energy_transfer/level2_slope_20260917/u0.03/summary.csv --energy-transfer-trace=experiments_energy_transfer/level2_slope_20260917/u0.03/tr_9265.csv --particles=100 --particles-boxes=50,50 --particle-radius=0.5 --l0=39.25 --height=10 --num-walls=1 --wall-positions=39.25 --wall-mass-factors=1000000000 --piston-right-protocol-mode=step --velocity-right-piston-step=0.03 --max-right-piston-travel=3.93 --auto-piston-step --wall-hold-steps=12000 --steps=24000 --fixed-dt=0.4 --energy-measurement --eff-output=wall-ke --kbt1 --seed=9265",9265
2026-09-17 10:30:33,energy_transfer,edmd,24000,12000,0.0166666669,39.25,10,100,0.5,nan,0.100050721,0.100050721,1,39.25,1e+09,50;50,1,0.0416666667,1,1,0.00999999978,100,1000,nan,39.25,1,step,74.5700022,-0.0299999993,step,3.93000007,0.0299999993,nan,nan,0.0299999993,nan,nan,7.82400768,1.53055498e-05,1.95622889e-06,0.999998044,7.82399237,9.34002571e-07,1.70923317e-06,7.75230603e-07,9.90835689e-08,20,139.349991,/Users/chrisharing/Desktop/CCS_complex_coupled_systems/Repo/HardDisks/hspist3/experiments_energy_transfer/level2_slope_20260917/u0.03/tr_9267.csv,158.133347,18.7833557,1,"./00ALLINONE --mode=edmd --experiment=energy_transfer --headless --quiet --edmd-acc=0 --seed-drift-order=drift-first --energy-transfer-summary=experiments_energy_transfer/level2_slope_20260917/u0.03/summary.csv --energy-transfer-trace=experiments_energy_transfer/level2_slope_20260917/u0.03/tr_9267.csv --particles=100 --particles-boxes=50,50 --particle-radius=0.5 --l0=39.25 --height=10 --num-walls=1 --wall-positions=39.25 --wall-mass-factors=1000000000 --piston-right-protocol-mode=step --velocity-right-piston-step=0.03 --max-right-piston-travel=3.93 --auto-piston-step --wall-hold-steps=12000 --steps=24000 --fixed-dt=0.4 --energy-measurement --eff-output=wall-ke --kbt1 --seed=9267",9267
2026-09-17 10:30:33,energy_transfer,edmd,24000,12000,0.0166666669,39.25,10,100,0.5,nan,0.100050721,0.100050721,1,39.25,1e+09,50;50,1,0.0416666667,1,1,0.00999999978,100,1000,nan,39.25,1,step,74.5700022,-0.0299999993,step,3.93000007,0.0299999993,nan,nan,0.0299999993,nan,nan,7.74973977,1.44436262e-05,1.86375629e-06,0.999998136,7.74972533,2.04998784e-07,1.52744087e-06,1.32244209e-06,1.70643419e-07,20,139.349991,/Users/chrisharing/Desktop/CCS_complex_coupled_systems/Repo/HardDisks/hspist3/experiments_energy_transfer/level2_slope_20260917/u0.03/tr_9268.csv,158.300003,18.9500122,1,"./00ALLINONE --mode=edmd --experiment=energy_transfer --headless --quiet --edmd-acc=0 --seed-drift-order=drift-first --energy-transfer-summary=experiments_energy_transfer/level2_slope_20260917/u0.03/summary.csv --energy-transfer-trace=experiments_energy_transfer/level2_slope_20260917/u0.03/tr_9268.csv --particles=100 --particles-boxes=50,50 --particle-radius=0.5 --l0=39.25 --height=10 --num-walls=1 --wall-positions=39.25 --wall-mass-factors=1000000000 --piston-right-protocol-mode=step --velocity-right-piston-step=0.03 --max-right-piston-travel=3.93 --auto-piston-step --wall-hold-steps=12000 --steps=24000 --fixed-dt=0.4 --energy-measurement --eff-output=wall-ke --kbt1 --seed=9268",9268
2026-09-17 10:30:33,energy_transfer,edmd,24000,12000,0.0166666669,39.25,10,100,0.5,nan,0.100050721,0.100050721,1,39.25,1e+09,50;50,1,0.0416666667,1,1,0.00999999978,100,1000,nan,39.25,1,step,74.5700022,-0.0299999993,step,3.93000007,0.0299999993,nan,nan,0.0299999993,nan,nan,7.25717772,1.35235377e-05,1.86347066e-06,0.999998137,7.2571642,4.31219917e-07,7.06757248e-07,2.75537332e-07,3.79675601e-08,20,139.349991,/Users/chrisharing/Desktop/CCS_complex_coupled_systems/Repo/HardDisks/hspist3/experiments_energy_transfer/level2_slope_20260917/u0.03/tr_9269.csv,157.96666,18.6166687,1,"./00ALLINONE --mode=edmd --experiment=energy_transfer --headless --quiet --edmd-acc=0 --seed-drift-order=drift-first --energy-transfer-summary=experiments_energy_transfer/level2_slope_20260917/u0.03/summary.csv --energy-transfer-trace=experiments_energy_transfer/level2_slope_20260917/u0.03/tr_9269.csv --particles=100 --particles-boxes=50,50 --particle-radius=0.5 --l0=39.25 --height=10 --num-walls=1 --wall-positions=39.25 --wall-mass-factors=1000000000 --piston-right-protocol-mode=step --velocity-right-piston-step=0.03 --max-right-piston-travel=3.93 --auto-piston-step --wall-hold-steps=12000 --steps=24000 --fixed-dt=0.4 --energy-measurement --eff-output=wall-ke --kbt1 --seed=9269",9269
2026-09-17 10:30:33,energy_transfer,edmd,24000,12000,0.0166666669,39.25,10,100,0.5,nan,0.100050721,0.100050721,1,39.25,1e+09,50;50,1,0.0416666667,1,1,0.00999999978,100,1000,nan,39.25,1,step,74.5700022,-0.0299999993,step,3.93000007,0.0299999993,nan,nan,0.0299999993,nan,nan,7.60601276,1.49124398e-05,1.96061199e-06,0.999998039,7.60599784,5.26879489e-07,1.03556192e-06,5.08682433e-07,6.68789876e-08,20,139.349991,/Users/chrisharing/Desktop/CCS_complex_coupled_systems/Repo/HardDisks/hspist3/experiments_energy_transfer/level2_slope_20260917/u0.03/tr_9270.csv,146.116653,6.7666626,0,"./00ALLINONE --mode=edmd --experiment=energy_transfer --headless --quiet --edmd-acc=0 --seed-drift-order=drift-first --energy-transfer-summary=experiments_energy_transfer/level2_slope_20260917/u0.03/summary.csv --energy-transfer-trace=experiments_energy_transfer/level2_slope_20260917/u0.03/tr_9270.csv --particles=100 --particles-boxes=50,50 --particle-radius=0.5 --l0=39.25 --height=10 --num-walls=1 --wall-positions=39.25 --wall-mass-factors=1000000000 --piston-right-protocol-mode=step --velocity-right-piston-step=0.03 --max-right-piston-travel=3.93 --auto-piston-step --wall-hold-steps=12000 --steps=24000 --fixed-dt=0.4 --energy-measurement --eff-output=wall-ke --kbt1 --seed=9270",9270
2026-09-17 10:30:33,energy_transfer,edmd,24000,12000,0.0166666669,39.25,10,100,0.5,nan,0.100050721,0.100050721,1,39.25,1e+09,50;50,1,0.0416666667,1,1,0.00999999978,100,1000,nan,39.25,1,step,74.5700022,-0.0299999993,step,3.93000007,0.0299999993,nan,nan,0.0299999993,nan,nan,7.37979054,1.24509743e-05,1.68717177e-06,0.999998313,7.37977809,2.27249146e-07,6.21556808e-07,3.94307662e-07,5.3430739e-08,20,139.349991,/Users/chrisharing/Desktop/CCS_complex_coupled_systems/Repo/HardDisks/hspist3/experiments_energy_transfer/level2_slope_20260917/u0.03/tr_9271.csv,157.800003,18.4500122,1,"./00ALLINONE --mode=edmd --experiment=energy_transfer --headless --quiet --edmd-acc=0 --seed-drift-order=drift-first --energy-transfer-summary=experiments_energy_transfer/level2_slope_20260917/u0.03/summary.csv --energy-transfer-trace=experiments_energy_transfer/level2_slope_20260917/u0.03/tr_9271.csv --particles=100 --particles-boxes=50,50 --particle-radius=0.5 --l0=39.25 --height=10 --num-walls=1 --wall-positions=39.25 --wall-mass-factors=1000000000 --piston-right-protocol-mode=step --velocity-right-piston-step=0.03 --max-right-piston-travel=3.93 --auto-piston-step --wall-hold-steps=12000 --steps=24000 --fixed-dt=0.4 --energy-measurement --eff-output=wall-ke --kbt1 --seed=9271",9271
2026-09-17 10:30:33,energy_transfer,edmd,24000,12000,0.0166666669,39.25,10,100,0.5,nan,0.100050721,0.100050721,1,39.25,1e+09,50;50,1,0.0416666667,1,1,0.00999999978,100,1000,nan,39.25,1,step,74.5700022,-0.0299999993,step,3.93000007,0.0299999993,nan,nan,0.0299999993,nan,nan,7.47651816,1.31680481e-05,1.76125408e-06,0.999998239,7.47650499,6.36314837e-07,1.76394474e-06,1.1276299e-06,1.50822867e-07,20,139.349991,/Users/chrisharing/Desktop/CCS_complex_coupled_systems/Repo/HardDisks/hspist3/experiments_energy_transfer/level2_slope_20260917/u0.03/tr_9273.csv,157.766678,18.416687,1,"./00ALLINONE --mode=edmd --experiment=energy_transfer --headless --quiet --edmd-acc=0 --seed-drift-order=drift-first --energy-transfer-summary=experiments_energy_transfer/level2_slope_20260917/u0.03/summary.csv --energy-transfer-trace=experiments_energy_transfer/level2_slope_20260917/u0.03/tr_9273.csv --particles=100 --particles-boxes=50,50 --particle-radius=0.5 --l0=39.25 --height=10 --num-walls=1 --wall-positions=39.25 --wall-mass-factors=1000000000 --piston-right-protocol-mode=step --velocity-right-piston-step=0.03 --max-right-piston-travel=3.93 --auto-piston-step --wall-hold-steps=12000 --steps=24000 --fixed-dt=0.4 --energy-measurement --eff-output=wall-ke --kbt1 --seed=9273",9273
2026-09-17 10:30:33,energy_transfer,edmd,24000,12000,0.0166666669,39.25,10,100,0.5,nan,0.100050721,0.100050721,1,39.25,1e+09,50;50,1,0.0416666667,1,1,0.00999999978,100,1000,nan,39.25,1,step,74.5700022,-0.0299999993,step,3.93000007,0.0299999993,nan,nan,0.0299999993,nan,nan,6.89412008,1.51220738e-05,2.1934741e-06,0.999997807,6.89410496,5.39068481e-07,1.21359471e-06,6.74526234e-07,9.78408014e-08,20,139.349991,/Users/chrisharing/Desktop/CCS_complex_coupled_systems/Repo/HardDisks/hspist3/experiments_energy_transfer/level2_slope_20260917/u0.03/tr_9274.csv,147.949997,8.6000061,0,"./00ALLINONE --mode=edmd --experiment=energy_transfer --headless --quiet --edmd-acc=0 --seed-drift-order=drift-first --energy-transfer-summary=experiments_energy_transfer/level2_slope_20260917/u0.03/summary.csv --energy-transfer-trace=experiments_energy_transfer/level2_slope_20260917/u0.03/tr_9274.csv --particles=100 --particles-boxes=50,50 --particle-radius=0.5 --l0=39.25 --height=10 --num-walls=1 --wall-positions=39.25 --wall-mass-factors=1000000000 --piston-right-protocol-mode=step --velocity-right-piston-step=0.03 --max-right-piston-travel=3.93 --auto-piston-step --wall-hold-steps=12000 --steps=24000 --fixed-dt=0.4 --energy-measurement --eff-output=wall-ke --kbt1 --seed=9274",9274
2026-09-17 10:30:33,energy_transfer,edmd,24000,12000,0.0166666669,39.25,10,100,0.5,nan,0.100050721,0.100050721,1,39.25,1e+09,50;50,1,0.0416666667,1,1,0.00999999978,100,1000,nan,39.25,1,step,74.5700022,-0.0299999993,step,3.93000007,0.0299999993,nan,nan,0.0299999993,nan,nan,7.84559694,1.58576731e-05,2.02121945e-06,0.999997979,7.84558108,2.51501291e-07,1.24364908e-06,9.9214779e-07,1.26459184e-07,20,139.349991,/Users/chrisharing/Desktop/CCS_complex_coupled_systems/Repo/HardDisks/hspist3/experiments_energy_transfer/level2_slope_20260917/u0.03/tr_9272.csv,151.983322,12.6333313,0,"./00ALLINONE --mode=edmd --experiment=energy_transfer --headless --quiet --edmd-acc=0 --seed-drift-order=drift-first --energy-transfer-summary=experiments_energy_transfer/level2_slope_20260917/u0.03/summary.csv --energy-transfer-trace=experiments_energy_transfer/level2_slope_20260917/u0.03/tr_9272.csv --particles=100 --particles-boxes=50,50 --particle-radius=0.5 --l0=39.25 --height=10 --num-walls=1 --wall-positions=39.25 --wall-mass-factors=1000000000 --piston-right-protocol-mode=step --velocity-right-piston-step=0.03 --max-right-piston-travel=3.93 --auto-piston-step --wall-hold-steps=12000 --steps=24000 --fixed-dt=0.4 --energy-measurement --eff-output=wall-ke --kbt1 --seed=9272",9272
2026-09-17 10:30:33,energy_transfer,edmd,24000,12000,0.0166666669,39.25,10,100,0.5,nan,0.100050721,0.100050721,1,39.25,1e+09,50;50,1,0.0416666667,1,1,0.00999999978,100,1000,nan,39.25,1,step,74.5700022,-0.0299999993,step,3.93000007,0.0299999993,nan,nan,0.0299999993,nan,nan,7.18809404,1.7181359e-05,2.3902524e-06,0.99999761,7.18807686,1.01289936e-06,1.12846283e-06,1.15563466e-07,1.60770666e-08,20,139.349991,/Users/chrisharing/Desktop/CCS_complex_coupled_systems/Repo/HardDisks/hspist3/experiments_energy_transfer/level2_slope_20260917/u0.03/tr_9276.csv,158.316666,18.9666748,1,"./00ALLINONE --mode=edmd --experiment=energy_transfer --headless --quiet --edmd-acc=0 --seed-drift-order=drift-first --energy-transfer-summary=experiments_energy_transfer/level2_slope_20260917/u0.03/summary.csv --energy-transfer-trace=experiments_energy_transfer/level2_slope_20260917/u0.03/tr_9276.csv --particles=100 --particles-boxes=50,50 --particle-radius=0.5 --l0=39.25 --height=10 --num-walls=1 --wall-positions=39.25 --wall-mass-factors=1000000000 --piston-right-protocol-mode=step --velocity-right-piston-step=0.03 --max-right-piston-travel=3.93 --auto-piston-step --wall-hold-steps=12000 --steps=24000 --fixed-dt=0.4 --energy-measurement --eff-output=wall-ke --kbt1 --seed=9276",9276
2026-09-17 10:30:33,energy_transfer,edmd,24000,12000,0.0166666669,39.25,10,100,0.5,nan,0.100050721,0.100050721,1,39.25,1e+09,50;50,1,0.0416666667,1,1,0.00999999978,100,1000,nan,39.25,1,step,74.5700022,-0.0299999993,step,3.93000007,0.0299999993,nan,nan,0.0299999993,nan,nan,6.98236858,1.5132925e-05,2.16730538e-06,0.999997833,6.98235345,7.74244484e-07,1.21438336e-06,4.40138876e-07,6.30357552e-08,20,139.349991,/Users/chrisharing/Desktop/CCS_complex_coupled_systems/Repo/HardDisks/hspist3/experiments_energy_transfer/level2_slope_20260917/u0.03/tr_9278.csv,151.883347,12.5333557,0,"./00ALLINONE --mode=edmd --experiment=energy_transfer --headless --quiet --edmd-acc=0 --seed-drift-order=drift-first --energy-transfer-summary=experiments_energy_transfer/level2_slope_20260917/u0.03/summary.csv --energy-transfer-trace=experiments_energy_transfer/level2_slope_20260917/u0.03/tr_9278.csv --particles=100 --particles-boxes=50,50 --particle-radius=0.5 --l0=39.25 --height=10 --num-walls=1 --wall-positions=39.25 --wall-mass-factors=1000000000 --piston-right-protocol-mode=step --velocity-right-piston-step=0.03 --max-right-piston-travel=3.93 --auto-piston-step --wall-hold-steps=12000 --steps=24000 --fixed-dt=0.4 --energy-measurement --eff-output=wall-ke --kbt1 --seed=9278",9278
2026-09-17 10:30:33,energy_transfer,edmd,24000,12000,0.0166666669,39.25,10,100,0.5,nan,0.100050721,0.100050721,1,39.25,1e+09,50;50,1,0.0416666667,1,1,0.00999999978,100,1000,nan,39.25,1,step,74.5700022,-0.0299999993,step,3.93000007,0.0299999993,nan,nan,0.0299999993,nan,nan,7.25571469,1.33766271e-05,1.84359882e-06,0.999998156,7.25570131,3.45478242e-07,5.12073655e-07,1.66595413e-07,2.29605794e-08,20,139.349991,/Users/chrisharing/Desktop/CCS_complex_coupled_systems/Repo/HardDisks/hspist3/experiments_energy_transfer/level2_slope_20260917/u0.03/tr_9275.csv,155.050003,15.7000122,0,"./00ALLINONE --mode=edmd --experiment=energy_transfer --headless --quiet --edmd-acc=0 --seed-drift-order=drift-first --energy-transfer-summary=experiments_energy_transfer/level2_slope_20260917/u0.03/summary.csv --energy-transfer-trace=experiments_energy_transfer/level2_slope_20260917/u0.03/tr_9275.csv --particles=100 --particles-boxes=50,50 --particle-radius=0.5 --l0=39.25 --height=10 --num-walls=1 --wall-positions=39.25 --wall-mass-factors=1000000000 --piston-right-protocol-mode=step --velocity-right-piston-step=0.03 --max-right-piston-travel=3.93 --auto-piston-step --wall-hold-steps=12000 --steps=24000 --fixed-dt=0.4 --energy-measurement --eff-output=wall-ke --kbt1 --seed=9275",9275
2026-09-17 10:30:33,energy_transfer,edmd,24000,12000,0.0166666669,39.25,10,100,0.5,nan,0.100050721,0.100050721,1,39.25,1e+09,50;50,1,0.0416666667,1,1,0.00999999978,100,1000,nan,39.25,1,step,74.5700022,-0.0299999993,step,3.93000007,0.0299999993,nan,nan,0.0299999993,nan,nan,7.62613029,1.25567785e-05,1.64654655e-06,0.999998353,7.62611774,2.4540816e-07,8.80664118e-07,6.35255958e-07,8.32999088e-08,20,139.349991,/Users/chrisharing/Desktop/CCS_complex_coupled_systems/Repo/HardDisks/hspist3/experiments_energy_transfer/level2_slope_20260917/u0.03/tr_9277.csv,158.800003,19.4500122,1,"./00ALLINONE --mode=edmd --experiment=energy_transfer --headless --quiet --edmd-acc=0 --seed-drift-order=drift-first --energy-transfer-summary=experiments_energy_transfer/level2_slope_20260917/u0.03/summary.csv --energy-transfer-trace=experiments_energy_transfer/level2_slope_20260917/u0.03/tr_9277.csv --particles=100 --particles-boxes=50,50 --particle-radius=0.5 --l0=39.25 --height=10 --num-walls=1 --wall-positions=39.25 --wall-mass-factors=1000000000 --piston-right-protocol-mode=step --velocity-right-piston-step=0.03 --max-right-piston-travel=3.93 --auto-piston-step --wall-hold-steps=12000 --steps=24000 --fixed-dt=0.4 --energy-measurement --eff-output=wall-ke --kbt1 --seed=9277",9277
2026-09-17 10:30:33,energy_transfer,edmd,24000,12000,0.0166666669,39.25,10,100,0.5,nan,0.100050721,0.100050721,1,39.25,1e+09,50;50,1,0.0416666667,1,1,0.00999999978,100,1000,nan,39.25,1,step,74.5700022,-0.0299999993,step,3.93000007,0.0299999993,nan,nan,0.0299999993,nan,nan,7.71210007,1.83241664e-05,2.37602809e-06,0.999997624,7.71208175,1.1036434e-06,1.89561649e-06,7.91973093e-07,1.02692274e-07,20,139.349991,/Users/chrisharing/Desktop/CCS_complex_coupled_systems/Repo/HardDisks/hspist3/experiments_energy_transfer/level2_slope_20260917/u0.03/tr_9279.csv,157.583328,18.2333374,1,"./00ALLINONE --mode=edmd --experiment=energy_transfer --headless --quiet --edmd-acc=0 --seed-drift-order=drift-first --energy-transfer-summary=experiments_energy_transfer/level2_slope_20260917/u0.03/summary.csv --energy-transfer-trace=experiments_energy_transfer/level2_slope_20260917/u0.03/tr_9279.csv --particles=100 --particles-boxes=50,50 --particle-radius=0.5 --l0=39.25 --height=10 --num-walls=1 --wall-positions=39.25 --wall-mass-factors=1000000000 --piston-right-protocol-mode=step --velocity-right-piston-step=0.03 --max-right-piston-travel=3.93 --auto-piston-step --wall-hold-steps=12000 --steps=24000 --fixed-dt=0.4 --energy-measurement --eff-output=wall-ke --kbt1 --seed=9279",9279
2026-09-17 10:30:34,energy_transfer,edmd,24000,12000,0.0166666669,39.25,10,100,0.5,nan,0.100050721,0.100050721,1,39.25,1e+09,50;50,1,0.0416666667,1,1,0.00999999978,100,1000,nan,39.25,1,step,74.5700022,-0.0299999993,step,3.93000007,0.0299999993,nan,nan,0.0299999993,nan,nan,7.59542713,1.5752652e-05,2.07396525e-06,0.999997926,7.59541138,7.40159578e-07,1.34249524e-06,6.0233566e-07,7.93024079e-08,20,139.349991,/Users/chrisharing/Desktop/CCS_complex_coupled_systems/Repo/HardDisks/hspist3/experiments_energy_transfer/level2_slope_20260917/u0.03/tr_9280.csv,142.166672,2.81668091,0,"./00ALLINONE --mode=edmd --experiment=energy_transfer --headless --quiet --edmd-acc=0 --seed-drift-order=drift-first --energy-transfer-summary=experiments_energy_transfer/level2_slope_20260917/u0.03/summary.csv --energy-transfer-trace=experiments_energy_transfer/level2_slope_20260917/u0.03/tr_9280.csv --particles=100 --particles-boxes=50,50 --particle-radius=0.5 --l0=39.25 --height=10 --num-walls=1 --wall-positions=39.25 --wall-mass-factors=1000000000 --piston-right-protocol-mode=step --velocity-right-piston-step=0.03 --max-right-piston-travel=3.93 --auto-piston-step --wall-hold-steps=12000 --steps=24000 --fixed-dt=0.4 --energy-measurement --eff-output=wall-ke --kbt1 --seed=9280",9280
2026-09-17 10:30:34,energy_transfer,edmd,24000,12000,0.0166666669,39.25,10,100,0.5,nan,0.100050721,0.100050721,1,39.25,1e+09,50;50,1,0.0416666667,1,1,0.00999999978,100,1000,nan,39.25,1,step,74.5700022,-0.0299999993,step,3.93000007,0.0299999993,nan,nan,0.0299999993,nan,nan,7.41552945,1.76676167e-05,2.38251589e-06,0.999997617,7.41551178,3.00605848e-07,1.35353389e-06,1.05292804e-06,1.41989598e-07,20,139.349991,/Users/chrisharing/Desktop/CCS_complex_coupled_systems/Repo/HardDisks/hspist3/experiments_energy_transfer/level2_slope_20260917/u0.03/tr_9281.csv,156.849991,17.5,0,"./00ALLINONE --mode=edmd --experiment=energy_transfer --headless --quiet --edmd-acc=0 --seed-drift-order=drift-first --energy-transfer-summary=experiments_energy_transfer/level2_slope_20260917/u0.03/summary.csv --energy-transfer-trace=experiments_energy_transfer/level2_slope_20260917/u0.03/tr_9281.csv --particles=100 --particles-boxes=50,50 --particle-radius=0.5 --l0=39.25 --height=10 --num-walls=1 --wall-positions=39.25 --wall-mass-factors=1000000000 --piston-right-protocol-mode=step --velocity-right-piston-step=0.03 --max-right-piston-travel=3.93 --auto-piston-step --wall-hold-steps=12000 --steps=24000 --fixed-dt=0.4 --energy-measurement --eff-output=wall-ke --kbt1 --seed=9281",9281
2026-09-17 10:30:34,energy_transfer,edmd,24000,12000,0.0166666669,39.25,10,100,0.5,nan,0.100050721,0.100050721,1,39.25,1e+09,50;50,1,0.0416666667,1,1,0.00999999978,100,1000,nan,39.25,1,step,74.5700022,-0.0299999993,step,3.93000007,0.0299999993,nan,nan,0.0299999993,nan,nan,7.51517921,1.5714284e-05,2.09100589e-06,0.999997909,7.51516349,2.1414408e-07,7.79186109e-07,5.65042029e-07,7.51867672e-08,20,139.349991,/Users/chrisharing/Desktop/CCS_complex_coupled_systems/Repo/HardDisks/hspist3/experiments_energy_transfer/level2_slope_20260917/u0.03/tr_9282.csv,156.03334,16.6833496,0,"./00ALLINONE --mode=edmd --experiment=energy_transfer --headless --quiet --edmd-acc=0 --seed-drift-order=drift-first --energy-transfer-summary=experiments_energy_transfer/level2_slope_20260917/u0.03/summary.csv --energy-transfer-trace=experiments_energy_transfer/level2_slope_20260917/u0.03/tr_9282.csv --particles=100 --particles-boxes=50,50 --particle-radius=0.5 --l0=39.25 --height=10 --num-walls=1 --wall-positions=39.25 --wall-mass-factors=1000000000 --piston-right-protocol-mode=step --velocity-right-piston-step=0.03 --max-right-piston-travel=3.93 --auto-piston-step --wall-hold-steps=12000 --steps=24000 --fixed-dt=0.4 --energy-measurement --eff-output=wall-ke --kbt1 --seed=9282",9282
2026-09-17 10:30:34,energy_transfer,edmd,24000,12000,0.0166666669,39.25,10,100,0.5,nan,0.100050721,0.100050721,1,39.25,1e+09,50;50,1,0.0416666667,1,1,0.00999999978,100,1000,nan,39.25,1,step,74.5700022,-0.0299999993,step,3.93000007,0.0299999993,nan,nan,0.0299999993,nan,nan,7.66157285,2.02769425e-05,2.646577e-06,0.999997353,7.66155257,1.54542033e-06,1.83799671e-06,2.92576374e-07,3.81875079e-08,20,139.349991,/Users/chrisharing/Desktop/CCS_complex_coupled_systems/Repo/HardDisks/hspist3/experiments_energy_transfer/level2_slope_20260917/u0.03/tr_9284.csv,158.583328,19.2333374,1,"./00ALLINONE --mode=edmd --experiment=energy_transfer --headless --quiet --edmd-acc=0 --seed-drift-order=drift-first --energy-transfer-summary=experiments_energy_transfer/level2_slope_20260917/u0.03/summary.csv --energy-transfer-trace=experiments_energy_transfer/level2_slope_20260917/u0.03/tr_9284.csv --particles=100 --particles-boxes=50,50 --particle-radius=0.5 --l0=39.25 --height=10 --num-walls=1 --wall-positions=39.25 --wall-mass-factors=1000000000 --piston-right-protocol-mode=step --velocity-right-piston-step=0.03 --max-right-piston-travel=3.93 --auto-piston-step --wall-hold-steps=12000 --steps=24000 --fixed-dt=0.4 --energy-measurement --eff-output=wall-ke --kbt1 --seed=9284",9284
2026-09-17 10:30:34,energy_transfer,edmd,24000,12000,0.0166666669,39.25,10,100,0.5,nan,0.100050721,0.100050721,1,39.25,1e+09,50;50,1,0.0416666667,1,1,0.00999999978,100,1000,nan,39.25,1,step,74.5700022,-0.0299999993,step,3.93000007,0.0299999993,nan,nan,0.0299999993,nan,nan,7.76549298,1.74640118e-05,2.24892506e-06,0.999997751,7.76547552,8.05484376e-07,2.50112544e-06,1.69564106e-06,2.18355881e-07,20,139.349991,/Users/chrisharing/Desktop/CCS_complex_coupled_systems/Repo/HardDisks/hspist3/experiments_energy_transfer/level2_slope_20260917/u0.03/tr_9283.csv,155.499985,16.1499939,0,"./00ALLINONE --mode=edmd --experiment=energy_transfer --headless --quiet --edmd-acc=0 --seed-drift-order=drift-first --energy-transfer-summary=experiments_energy_transfer/level2_slope_20260917/u0.03/summary.csv --energy-transfer-trace=experiments_energy_transfer/level2_slope_20260917/u0.03/tr_9283.csv --particles=100 --particles-boxes=50,50 --particle-radius=0.5 --l0=39.25 --height=10 --num-walls=1 --wall-positions=39.25 --wall-mass-factors=1000000000 --piston-right-protocol-mode=step --velocity-right-piston-step=0.03 --max-right-piston-travel=3.93 --auto-piston-step --wall-hold-steps=12000 --steps=24000 --fixed-dt=0.4 --energy-measurement --eff-output=wall-ke --kbt1 --seed=9283",9283
2026-09-17 10:30:34,energy_transfer,edmd,24000,12000,0.0166666669,39.25,10,100,0.5,nan,0.100050721,0.100050721,1,39.25,1e+09,50;50,1,0.0416666667,1,1,0.00999999978,100,1000,nan,39.25,1,step,74.5700022,-0.0299999993,step,3.93000007,0.0299999993,nan,nan,0.0299999993,nan,nan,7.14990467,1.29502223e-05,1.81124405e-06,0.999998189,7.14989171,1.79315137e-07,5.09054928e-07,3.29739791e-07,4.61180682e-08,20,139.349991,/Users/chrisharing/Desktop/CCS_complex_coupled_systems/Repo/HardDisks/hspist3/experiments_energy_transfer/level2_slope_20260917/u0.03/tr_9287.csv,158.28334,18.9333496,1,"./00ALLINONE --mode=edmd --experiment=energy_transfer --headless --quiet --edmd-acc=0 --seed-drift-order=drift-first --energy-transfer-summary=experiments_energy_transfer/level2_slope_20260917/u0.03/summary.csv --energy-transfer-trace=experiments_energy_transfer/level2_slope_20260917/u0.03/tr_9287.csv --particles=100 --particles-boxes=50,50 --particle-radius=0.5 --l0=39.25 --height=10 --num-walls=1 --wall-positions=39.25 --wall-mass-factors=1000000000 --piston-right-protocol-mode=step --velocity-right-piston-step=0.03 --max-right-piston-travel=3.93 --auto-piston-step --wall-hold-steps=12000 --steps=24000 --fixed-dt=0.4 --energy-measurement --eff-output=wall-ke --kbt1 --seed=9287",9287
2026-09-17 10:30:34,energy_transfer,edmd,24000,12000,0.0166666669,39.25,10,100,0.5,nan,0.100050721,0.100050721,1,39.25,1e+09,50;50,1,0.0416666667,1,1,0.00999999978,100,1000,nan,39.25,1,step,74.5700022,-0.0299999993,step,3.93000007,0.0299999993,nan,nan,0.0299999993,nan,nan,7.42626531,1.08117056e-05,1.45587387e-06,0.999998544,7.42625449,1.12351074e-07,3.09741239e-07,1.97390165e-07,2.65800044e-08,20,139.349991,/Users/chrisharing/Desktop/CCS_complex_coupled_systems/Repo/HardDisks/hspist3/experiments_energy_transfer/level2_slope_20260917/u0.03/tr_9285.csv,149.066666,9.7166748,0,"./00ALLINONE --mode=edmd --experiment=energy_transfer --headless --quiet --edmd-acc=0 --seed-drift-order=drift-first --energy-transfer-summary=experiments_energy_transfer/level2_slope_20260917/u0.03/summary.csv --energy-transfer-trace=experiments_energy_transfer/level2_slope_20260917/u0.03/tr_9285.csv --particles=100 --particles-boxes=50,50 --particle-radius=0.5 --l0=39.25 --height=10 --num-walls=1 --wall-positions=39.25 --wall-mass-factors=1000000000 --piston-right-protocol-mode=step --velocity-right-piston-step=0.03 --max-right-piston-travel=3.93 --auto-piston-step --wall-hold-steps=12000 --steps=24000 --fixed-dt=0.4 --energy-measurement --eff-output=wall-ke --kbt1 --seed=9285",9285
2026-09-17 10:30:34,energy_transfer,edmd,24000,12000,0.0166666669,39.25,10,100,0.5,nan,0.100050721,0.100050721,1,39.25,1e+09,50;50,1,0.0416666667,1,1,0.00999999978,100,1000,nan,39.25,1,step,74.5700022,-0.0299999993,step,3.93000007,0.0299999993,nan,nan,0.0299999993,nan,nan,7.41522875,9.94617494e-06,1.34131735e-06,0.999998659,7.4152188,3.17801465e-07,7.79151208e-07,4.61349742e-07,6.2216522e-08,20,139.349991,/Users/chrisharing/Desktop/CCS_complex_coupled_systems/Repo/HardDisks/hspist3/experiments_energy_transfer/level2_slope_20260917/u0.03/tr_9289.csv,155.749985,16.3999939,0,"./00ALLINONE --mode=edmd --experiment=energy_transfer --headless --quiet --edmd-acc=0 --seed-drift-order=drift-first --energy-transfer-summary=experiments_energy_transfer/level2_slope_20260917/u0.03/summary.csv --energy-transfer-trace=experiments_energy_transfer/level2_slope_20260917/u0.03/tr_9289.csv --particles=100 --particles-boxes=50,50 --particle-radius=0.5 --l0=39.25 --height=10 --num-walls=1 --wall-positions=39.25 --wall-mass-factors=1000000000 --piston-right-protocol-mode=step --velocity-right-piston-step=0.03 --max-right-piston-travel=3.93 --auto-piston-step --wall-hold-steps=12000 --steps=24000 --fixed-dt=0.4 --energy-measurement --eff-output=wall-ke --kbt1 --seed=9289",9289
2026-09-17 10:30:34,energy_transfer,edmd,24000,12000,0.0166666669,39.25,10,100,0.5,nan,0.100050721,0.100050721,1,39.25,1e+09,50;50,1,0.0416666667,1,1,0.00999999978,100,1000,nan,39.25,1,step,74.5700022,-0.0299999993,step,3.93000007,0.0299999993,nan,nan,0.0299999993,nan,nan,7.24710598,1.31763809e-05,1.81815761e-06,0.999998182,7.24709281,6.22508651e-07,9.80460641e-07,3.5795199e-07,4.93924044e-08,20,139.349991,/Users/chrisharing/Desktop/CCS_complex_coupled_systems/Repo/HardDisks/hspist3/experiments_energy_transfer/level2_slope_20260917/u0.03/tr_9286.csv,147.883347,8.53335571,0,"./00ALLINONE --mode=edmd --experiment=energy_transfer --headless --quiet --edmd-acc=0 --seed-drift-order=drift-first --energy-transfer-summary=experiments_energy_transfer/level2_slope_20260917/u0.03/summary.csv --energy-transfer-trace=experiments_energy_transfer/level2_slope_20260917/u0.03/tr_9286.csv --particles=100 --particles-boxes=50,50 --particle-radius=0.5 --l0=39.25 --height=10 --num-walls=1 --wall-positions=39.25 --wall-mass-factors=1000000000 --piston-right-protocol-mode=step --velocity-right-piston-step=0.03 --max-right-piston-travel=3.93 --auto-piston-step --wall-hold-steps=12000 --steps=24000 --fixed-dt=0.4 --energy-measurement --eff-output=wall-ke --kbt1 --seed=9286",9286
2026-09-17 10:30:34,energy_transfer,edmd,24000,12000,0.0166666669,39.25,10,100,0.5,nan,0.100050721,0.100050721,1,39.25,1e+09,50;50,1,0.0416666667,1,1,0.00999999978,100,1000,nan,39.25,1,step,74.5700022,-0.0299999993,step,3.93000007,0.0299999993,nan,nan,0.0299999993,nan,nan,7.60444091,1.43674843e-05,1.88935445e-06,0.999998111,7.60442655,2.14138893e-07,7.71167038e-07,5.57028144e-07,7.32503745e-08,20,139.349991,/Users/chrisharing/Desktop/CCS_complex_coupled_systems/Repo/HardDisks/hspist3/experiments_energy_transfer/level2_slope_20260917/u0.03/tr_9291.csv,159.300003,19.9500122,1,"./00ALLINONE --mode=edmd --experiment=energy_transfer --headless --quiet --edmd-acc=0 --seed-drift-order=drift-first --energy-transfer-summary=experiments_energy_transfer/level2_slope_20260917/u0.03/summary.csv --energy-transfer-trace=experiments_energy_transfer/level2_slope_20260917/u0.03/tr_9291.csv --particles=100 --particles-boxes=50,50 --particle-radius=0.5 --l0=39.25 --height=10 --num-walls=1 --wall-positions=39.25 --wall-mass-factors=1000000000 --piston-right-protocol-mode=step --velocity-right-piston-step=0.03 --max-right-piston-travel=3.93 --auto-piston-step --wall-hold-steps=12000 --steps=24000 --fixed-dt=0.4 --energy-measurement --eff-output=wall-ke --kbt1 --seed=9291",9291
2026-09-17 10:30:34,energy_transfer,edmd,24000,12000,0.0166666669,39.25,10,100,0.5,nan,0.100050721,0.100050721,1,39.25,1e+09,50;50,1,0.0416666667,1,1,0.00999999978,100,1000,nan,39.25,1,step,74.5700022,-0.0299999993,step,3.93000007,0.0299999993,nan,nan,0.0299999993,nan,nan,7.02555619,1.45080003e-05,2.06503227e-06,0.999997935,7.02554168,7.79011131e-08,7.84243184e-07,7.06342071e-07,1.00538954e-07,20,139.349991,/Users/chrisharing/Desktop/CCS_complex_coupled_systems/Repo/HardDisks/hspist3/experiments_energy_transfer/level2_slope_20260917/u0.03/tr_9290.csv,153.400009,14.0500183,0,"./00ALLINONE --mode=edmd --experiment=energy_transfer --headless --quiet --edmd-acc=0 --seed-drift-order=drift-first --energy-transfer-summary=experiments_energy_transfer/level2_slope_20260917/u0.03/summary.csv --energy-transfer-trace=experiments_energy_transfer/level2_slope_20260917/u0.03/tr_9290.csv --particles=100 --particles-boxes=50,50 --particle-radius=0.5 --l0=39.25 --height=10 --num-walls=1 --wall-positions=39.25 --wall-mass-factors=1000000000 --piston-right-protocol-mode=step --velocity-right-piston-step=0.03 --max-right-piston-travel=3.93 --auto-piston-step --wall-hold-steps=12000 --steps=24000 --fixed-dt=0.4 --energy-measurement --eff-output=wall-ke --kbt1 --seed=9290",9290
2026-09-17 10:30:34,energy_transfer,edmd,24000,12000,0.0166666669,39.25,10,100,0.5,nan,0.100050721,0.100050721,1,39.25,1e+09,50;50,1,0.0416666667,1,1,0.00999999978,100,1000,nan,39.25,1,step,74.5700022,-0.0299999993,step,3.93000007,0.0299999993,nan,nan,0.0299999993,nan,nan,7.52537582,1.72496366e-05,2.29219603e-06,0.999997708,7.52535857,1.31345394e-06,1.99817532e-06,6.84721385e-07,9.0988331e-08,20,139.349991,/Users/chrisharing/Desktop/CCS_complex_coupled_systems/Repo/HardDisks/hspist3/experiments_energy_transfer/level2_slope_20260917/u0.03/tr_9288.csv,158.633347,19.2833557,1,"./00ALLINONE --mode=edmd --experiment=energy_transfer --headless --quiet --edmd-acc=0 --seed-drift-order=drift-first --energy-transfer-summary=experiments_energy_transfer/level2_slope_20260917/u0.03/summary.csv --energy-transfer-trace=experiments_energy_transfer/level2_slope_20260917/u0.03/tr_9288.csv --particles=100 --particles-boxes=50,50 --particle-radius=0.5 --l0=39.25 --height=10 --num-walls=1 --wall-positions=39.25 --wall-mass-factors=1000000000 --piston-right-protocol-mode=step --velocity-right-piston-step=0.03 --max-right-piston-travel=3.93 --auto-piston-step --wall-hold-steps=12000 --steps=24000 --fixed-dt=0.4 --energy-measurement --eff-output=wall-ke --kbt1 --seed=9288",9288
2026-09-17 10:30:35,energy_transfer,edmd,24000,12000,0.0166666669,39.25,10,100,0.5,nan,0.100050721,0.100050721,1,39.25,1e+09,50;50,1,0.0416666667,1,1,0.00999999978,100,1000,nan,39.25,1,step,74.5700022,-0.0299999993,step,3.93000007,0.0299999993,nan,nan,0.0299999993,nan,nan,6.93704173,1.23521486e-05,1.78060751e-06,0.999998219,6.93702938,5.52391271e-07,7.69394546e-07,2.17003276e-07,3.12818178e-08,20,139.349991,/Users/chrisharing/Desktop/CCS_complex_coupled_systems/Repo/HardDisks/hspist3/experiments_energy_transfer/level2_slope_20260917/u0.03/tr_9292.csv,153.96666,14.6166687,0,"./00ALLINONE --mode=edmd --experiment=energy_transfer --headless --quiet --edmd-acc=0 --seed-drift-order=drift-first --energy-transfer-summary=experiments_energy_transfer/level2_slope_20260917/u0.03/summary.csv --energy-transfer-trace=experiments_energy_transfer/level2_slope_20260917/u0.03/tr_9292.csv --particles=100 --particles-boxes=50,50 --particle-radius=0.5 --l0=39.25 --height=10 --num-walls=1 --wall-positions=39.25 --wall-mass-factors=1000000000 --piston-right-protocol-mode=step --velocity-right-piston-step=0.03 --max-right-piston-travel=3.93 --auto-piston-step --wall-hold-steps=12000 --steps=24000 --fixed-dt=0.4 --energy-measurement --eff-output=wall-ke --kbt1 --seed=9292",9292
2026-09-17 10:30:35,energy_transfer,edmd,24000,12000,0.0166666669,39.25,10,100,0.5,nan,0.100050721,0.100050721,1,39.25,1e+09,50;50,1,0.0416666667,1,1,0.00999999978,100,1000,nan,39.25,1,step,74.5700022,-0.0299999993,step,3.93000007,0.0299999993,nan,nan,0.0299999993,nan,nan,7.75296126,1.32439891e-05,1.7082491e-06,0.999998292,7.75294801,3.07128317e-07,7.66057326e-07,4.58929009e-07,5.91940284e-08,20,139.349991,/Users/chrisharing/Desktop/CCS_complex_coupled_systems/Repo/HardDisks/hspist3/experiments_energy_transfer/level2_slope_20260917/u0.03/tr_9293.csv,157.933334,18.5833435,1,"./00ALLINONE --mode=edmd --experiment=energy_transfer --headless --quiet --edmd-acc=0 --seed-drift-order=drift-first --energy-transfer-summary=experiments_energy_transfer/level2_slope_20260917/u0.03/summary.csv --energy-transfer-trace=experiments_energy_transfer/level2_slope_20260917/u0.03/tr_9293.csv --particles=100 --particles-boxes=50,50 --particle-radius=0.5 --l0=39.25 --height=10 --num-walls=1 --wall-positions=39.25 --wall-mass-factors=1000000000 --piston-right-protocol-mode=step --velocity-right-piston-step=0.03 --max-right-piston-travel=3.93 --auto-piston-step --wall-hold-steps=12000 --steps=24000 --fixed-dt=0.4 --energy-measurement --eff-output=wall-ke --kbt1 --seed=9293",9293
2026-09-17 10:30:35,energy_transfer,edmd,24000,12000,0.0166666669,39.25,10,100,0.5,nan,0.100050721,0.100050721,1,39.25,1e+09,50;50,1,0.0416666667,1,1,0.00999999978,100,1000,nan,39.25,1,step,74.5700022,-0.0299999993,step,3.93000007,0.0299999993,nan,nan,0.0299999993,nan,nan,7.3359479,1.78192277e-05,2.42902865e-06,0.999997571,7.33593009,1.53455375e-07,7.99825784e-07,6.4637041e-07,8.81100054e-08,20,139.349991,/Users/chrisharing/Desktop/CCS_complex_coupled_systems/Repo/HardDisks/hspist3/experiments_energy_transfer/level2_slope_20260917/u0.03/tr_9294.csv,158.933334,19.5833435,1,"./00ALLINONE --mode=edmd --experiment=energy_transfer --headless --quiet --edmd-acc=0 --seed-drift-order=drift-first --energy-transfer-summary=experiments_energy_transfer/level2_slope_20260917/u0.03/summary.csv --energy-transfer-trace=experiments_energy_transfer/level2_slope_20260917/u0.03/tr_9294.csv --particles=100 --particles-boxes=50,50 --particle-radius=0.5 --l0=39.25 --height=10 --num-walls=1 --wall-positions=39.25 --wall-mass-factors=1000000000 --piston-right-protocol-mode=step --velocity-right-piston-step=0.03 --max-right-piston-travel=3.93 --auto-piston-step --wall-hold-steps=12000 --steps=24000 --fixed-dt=0.4 --energy-measurement --eff-output=wall-ke --kbt1 --seed=9294",9294
2026-09-17 10:30:35,energy_transfer,edmd,24000,12000,0.0166666669,39.25,10,100,0.5,nan,0.100050721,0.100050721,1,39.25,1e+09,50;50,1,0.0416666667,1,1,0.00999999978,100,1000,nan,39.25,1,step,74.5700022,-0.0299999993,step,3.93000007,0.0299999993,nan,nan,0.0299999993,nan,nan,7.96745345,1.72607597e-05,2.1664086e-06,0.999997834,7.96743619,4.71067779e-07,1.2753386e-06,8.04270826e-07,1.00944528e-07,20,139.349991,/Users/chrisharing/Desktop/CCS_complex_coupled_systems/Repo/HardDisks/hspist3/experiments_energy_transfer/level2_slope_20260917/u0.03/tr_9295.csv,159.249985,19.8999939,1,"./00ALLINONE --mode=edmd --experiment=energy_transfer --headless --quiet --edmd-acc=0 --seed-drift-order=drift-first --energy-transfer-summary=experiments_energy_transfer/level2_slope_20260917/u0.03/summary.csv --energy-transfer-trace=experiments_energy_transfer/level2_slope_20260917/u0.03/tr_9295.csv --particles=100 --particles-boxes=50,50 --particle-radius=0.5 --l0=39.25 --height=10 --num-walls=1 --wall-positions=39.25 --wall-mass-factors=1000000000 --piston-right-protocol-mode=step --velocity-right-piston-step=0.03 --max-right-piston-travel=3.93 --auto-piston-step --wall-hold-steps=12000 --steps=24000 --fixed-dt=0.4 --energy-measurement --eff-output=wall-ke --kbt1 --seed=9295",9295
2026-09-17 10:30:35,energy_transfer,edmd,24000,12000,0.0166666669,39.25,10,100,0.5,nan,0.100050721,0.100050721,1,39.25,1e+09,50;50,1,0.0416666667,1,1,0.00999999978,100,1000,nan,39.25,1,step,74.5700022,-0.0299999993,step,3.93000007,0.0299999993,nan,nan,0.0299999993,nan,nan,7.83404667,1.57178001e-05,2.00634497e-06,0.999997994,7.83403095,3.48670511e-07,1.1831861e-06,8.34515589e-07,1.06524204e-07,20,139.349991,/Users/chrisharing/Desktop/CCS_complex_coupled_systems/Repo/HardDisks/hspist3/experiments_energy_transfer/level2_slope_20260917/u0.03/tr_9296.csv,158.46666,19.1166687,1,"./00ALLINONE --mode=edmd --experiment=energy_transfer --headless --quiet --edmd-acc=0 --seed-drift-order=drift-first --energy-transfer-summary=experiments_energy_transfer/level2_slope_20260917/u0.03/summary.csv --energy-transfer-trace=experiments_energy_transfer/level2_slope_20260917/u0.03/tr_9296.csv --particles=100 --particles-boxes=50,50 --particle-radius=0.5 --l0=39.25 --height=10 --num-walls=1 --wall-positions=39.25 --wall-mass-factors=1000000000 --piston-right-protocol-mode=step --velocity-right-piston-step=0.03 --max-right-piston-travel=3.93 --auto-piston-step --wall-hold-steps=12000 --steps=24000 --fixed-dt=0.4 --energy-measurement --eff-output=wall-ke --kbt1 --seed=9296",9296
2026-09-17 10:30:35,energy_transfer,edmd,24000,12000,0.0166666669,39.25,10,100,0.5,nan,0.100050721,0.100050721,1,39.25,1e+09,50;50,1,0.0416666667,1,1,0.00999999978,100,1000,nan,39.25,1,step,74.5700022,-0.0299999993,step,3.93000007,0.0299999993,nan,nan,0.0299999993,nan,nan,7.52040187,1.58014245e-05,2.10114098e-06,0.999997899,7.52038607,2.19516441e-08,5.86931549e-07,5.64979905e-07,7.51262917e-08,20,139.349991,/Users/chrisharing/Desktop/CCS_complex_coupled_systems/Repo/HardDisks/hspist3/experiments_energy_transfer/level2_slope_20260917/u0.03/tr_9298.csv,153.566666,14.2166748,0,"./00ALLINONE --mode=edmd --experiment=energy_transfer --headless --quiet --edmd-acc=0 --seed-drift-order=drift-first --energy-transfer-summary=experiments_energy_transfer/level2_slope_20260917/u0.03/summary.csv --energy-transfer-trace=experiments_energy_transfer/level2_slope_20260917/u0.03/tr_9298.csv --particles=100 --particles-boxes=50,50 --particle-radius=0.5 --l0=39.25 --height=10 --num-walls=1 --wall-positions=39.25 --wall-mass-factors=1000000000 --piston-right-protocol-mode=step --velocity-right-piston-step=0.03 --max-right-piston-travel=3.93 --auto-piston-step --wall-hold-steps=12000 --steps=24000 --fixed-dt=0.4 --energy-measurement --eff-output=wall-ke --kbt1 --seed=9298",9298
2026-09-17 10:30:35,energy_transfer,edmd,24000,12000,0.0166666669,39.25,10,100,0.5,nan,0.100050721,0.100050721,1,39.25,1e+09,50;50,1,0.0416666667,1,1,0.00999999978,100,1000,nan,39.25,1,step,74.5700022,-0.0299999993,step,3.93000007,0.0299999993,nan,nan,0.0299999993,nan,nan,7.06759542,1.4176886e-05,2.00589948e-06,0.999997994,7.06758124,4.13888074e-07,1.96759697e-06,1.5537089e-06,2.19835574e-07,20,139.349991,/Users/chrisharing/Desktop/CCS_complex_coupled_systems/Repo/HardDisks/hspist3/experiments_energy_transfer/level2_slope_20260917/u0.03/tr_9297.csv,156.766678,17.416687,0,"./00ALLINONE --mode=edmd --experiment=energy_transfer --headless --quiet --edmd-acc=0 --seed-drift-order=drift-first --energy-transfer-summary=experiments_energy_transfer/level2_slope_20260917/u0.03/summary.csv --energy-transfer-trace=experiments_energy_transfer/level2_slope_20260917/u0.03/tr_9297.csv --particles=100 --particles-boxes=50,50 --particle-radius=0.5 --l0=39.25 --height=10 --num-walls=1 --wall-positions=39.25 --wall-mass-factors=1000000000 --piston-right-protocol-mode=step --velocity-right-piston-step=0.03 --max-right-piston-travel=3.93 --auto-piston-step --wall-hold-steps=12000 --steps=24000 --fixed-dt=0.4 --energy-measurement --eff-output=wall-ke --kbt1 --seed=9297",9297
2026-09-17 10:30:35,energy_transfer,edmd,24000,12000,0.0166666669,39.25,10,100,0.5,nan,0.100050721,0.100050721,1,39.25,1e+09,50;50,1,0.0416666667,1,1,0.00999999978,100,1000,nan,39.25,1,step,74.5700022,-0.0299999993,step,3.93000007,0.0299999993,nan,nan,0.0299999993,nan,nan,7.30315027,1.36221861e-05,1.86524795e-06,0.999998135,7.30313665,5.03909291e-07,1.08548636e-06,5.81577069e-07,7.96337262e-08,20,139.349991,/Users/chrisharing/Desktop/CCS_complex_coupled_systems/Repo/HardDisks/hspist3/experiments_energy_transfer/level2_slope_20260917/u0.03/tr_9299.csv,148.749985,9.3999939,0,"./00ALLINONE --mode=edmd --experiment=energy_transfer --headless --quiet --edmd-acc=0 --seed-drift-order=drift-first --energy-transfer-summary=experiments_energy_transfer/level2_slope_20260917/u0.03/summary.csv --energy-transfer-trace=experiments_energy_transfer/level2_slope_20260917/u0.03/tr_9299.csv --particles=100 --particles-boxes=50,50 --particle-radius=0.5 --l0=39.25 --height=10 --num-walls=1 --wall-positions=39.25 --wall-mass-factors=1000000000 --piston-right-protocol-mode=step --velocity-right-piston-step=0.03 --max-right-piston-travel=3.93 --auto-piston-step --wall-hold-steps=12000 --steps=24000 --fixed-dt=0.4 --energy-measurement --eff-output=wall-ke --kbt1 --seed=9299",9299
