timestamp,mode,sim_mode,steps_after_release,wall_hold_steps,dt_sigma,L0,height,particles_total,radius_sigma,eta_input,eta_nominal,eta_particles_region,num_walls,wall_positions_cli,wall_mass_factors_cli,particles_boxes_cli,wall_thickness_sigma,wall_thickness_vis_sigma,kbt1,kBT,kB_effective,temperature_runtime,spring_k,spring_eq_sigma,spring_eq_sigma_effective,piston_auto,piston_protocol,piston_target_sigma,piston_speed_px,piston_right_protocol_mode,piston_right_travel_sigma,piston_right_v_step_constant,piston_right_v0,piston_right_v_gradient,piston_right_vmax,piston_right_duration,piston_right_sigmoid_steepness,W_in_max,W_out_max,ratio,loss_fraction,total_loss,springE_stop,springE_peak_win,W_out_peak_win,ratio_win,eff_window_T,piston_stop_t_rel,trace_path,spring_peak_t_rel,spring_peak_dt,spring_peak_near_end,command,seed
2026-09-17 10:39:13,energy_transfer,edmd,36000,12000,0.0166666669,39.25,10,100,0.5,nan,0.100050721,0.100050721,1,39.25,1e+09,50;50,1,0.0416666667,1,1,0.00999999978,100,1000,nan,39.25,1,step,74.5700022,-0.00999999978,step,3.93000007,0.00999999978,nan,nan,0.00999999978,nan,nan,7.55942407,2.57171014e-05,3.40199216e-06,0.999996598,7.55939835,9.19390095e-06,1.1000614e-05,1.80671304e-06,2.39001414e-07,20,418.016724,/Users/chrisharing/Desktop/CCS_complex_coupled_systems/Repo/HardDisks/hspist3/experiments_energy_transfer/level2_slope_20260917/u0.01/tr_9200.csv,433.233337,15.2166138,0,"./00ALLINONE --mode=edmd --experiment=energy_transfer --headless --quiet --edmd-acc=0 --seed-drift-order=drift-first --energy-transfer-summary=experiments_energy_transfer/level2_slope_20260917/u0.01/summary.csv --energy-transfer-trace=experiments_energy_transfer/level2_slope_20260917/u0.01/tr_9200.csv --particles=100 --particles-boxes=50,50 --particle-radius=0.5 --l0=39.25 --height=10 --num-walls=1 --wall-positions=39.25 --wall-mass-factors=1000000000 --piston-right-protocol-mode=step --velocity-right-piston-step=0.01 --max-right-piston-travel=3.93 --auto-piston-step --wall-hold-steps=12000 --steps=36000 --fixed-dt=0.4 --energy-measurement --eff-output=wall-ke --kbt1 --seed=9200",9200
2026-09-17 10:39:15,energy_transfer,edmd,36000,12000,0.0166666669,39.25,10,100,0.5,nan,0.100050721,0.100050721,1,39.25,1e+09,50;50,1,0.0416666667,1,1,0.00999999978,100,1000,nan,39.25,1,step,74.5700022,-0.00999999978,step,3.93000007,0.00999999978,nan,nan,0.00999999978,nan,nan,7.72069833,2.57988286e-05,3.34151491e-06,0.999996658,7.72067254,5.06271863e-06,7.83944233e-06,2.7767237e-06,3.59646703e-07,20,418.016724,/Users/chrisharing/Desktop/CCS_complex_coupled_systems/Repo/HardDisks/hspist3/experiments_energy_transfer/level2_slope_20260917/u0.01/tr_9201.csv,435.716675,17.6999512,0,"./00ALLINONE --mode=edmd --experiment=energy_transfer --headless --quiet --edmd-acc=0 --seed-drift-order=drift-first --energy-transfer-summary=experiments_energy_transfer/level2_slope_20260917/u0.01/summary.csv --energy-transfer-trace=experiments_energy_transfer/level2_slope_20260917/u0.01/tr_9201.csv --particles=100 --particles-boxes=50,50 --particle-radius=0.5 --l0=39.25 --height=10 --num-walls=1 --wall-positions=39.25 --wall-mass-factors=1000000000 --piston-right-protocol-mode=step --velocity-right-piston-step=0.01 --max-right-piston-travel=3.93 --auto-piston-step --wall-hold-steps=12000 --steps=36000 --fixed-dt=0.4 --energy-measurement --eff-output=wall-ke --kbt1 --seed=9201",9201
2026-09-17 10:39:15,energy_transfer,edmd,36000,12000,0.0166666669,39.25,10,100,0.5,nan,0.100050721,0.100050721,1,39.25,1e+09,50;50,1,0.0416666667,1,1,0.00999999978,100,1000,nan,39.25,1,step,74.5700022,-0.00999999978,step,3.93000007,0.00999999978,nan,nan,0.00999999978,nan,nan,7.42791068,1.59835108e-05,2.15181785e-06,0.999997848,7.42789469,3.9949432e-06,4.84775182e-06,8.52808625e-07,1.14811373e-07,20,418.016724,/Users/chrisharing/Desktop/CCS_complex_coupled_systems/Repo/HardDisks/hspist3/experiments_energy_transfer/level2_slope_20260917/u0.01/tr_9203.csv,437.566711,19.5499878,1,"./00ALLINONE --mode=edmd --experiment=energy_transfer --headless --quiet --edmd-acc=0 --seed-drift-order=drift-first --energy-transfer-summary=experiments_energy_transfer/level2_slope_20260917/u0.01/summary.csv --energy-transfer-trace=experiments_energy_transfer/level2_slope_20260917/u0.01/tr_9203.csv --particles=100 --particles-boxes=50,50 --particle-radius=0.5 --l0=39.25 --height=10 --num-walls=1 --wall-positions=39.25 --wall-mass-factors=1000000000 --piston-right-protocol-mode=step --velocity-right-piston-step=0.01 --max-right-piston-travel=3.93 --auto-piston-step --wall-hold-steps=12000 --steps=36000 --fixed-dt=0.4 --energy-measurement --eff-output=wall-ke --kbt1 --seed=9203",9203
2026-09-17 10:39:15,energy_transfer,edmd,36000,12000,0.0166666669,39.25,10,100,0.5,nan,0.100050721,0.100050721,1,39.25,1e+09,50;50,1,0.0416666667,1,1,0.00999999978,100,1000,nan,39.25,1,step,74.5700022,-0.00999999978,step,3.93000007,0.00999999978,nan,nan,0.00999999978,nan,nan,7.36950696,1.73999251e-05,2.36107045e-06,0.999997639,7.36948956,3.76941512e-06,6.43605335e-06,2.66663824e-06,3.61847577e-07,20,418.016724,/Users/chrisharing/Desktop/CCS_complex_coupled_systems/Repo/HardDisks/hspist3/experiments_energy_transfer/level2_slope_20260917/u0.01/tr_9202.csv,437.333374,19.3166504,1,"./00ALLINONE --mode=edmd --experiment=energy_transfer --headless --quiet --edmd-acc=0 --seed-drift-order=drift-first --energy-transfer-summary=experiments_energy_transfer/level2_slope_20260917/u0.01/summary.csv --energy-transfer-trace=experiments_energy_transfer/level2_slope_20260917/u0.01/tr_9202.csv --particles=100 --particles-boxes=50,50 --particle-radius=0.5 --l0=39.25 --height=10 --num-walls=1 --wall-positions=39.25 --wall-mass-factors=1000000000 --piston-right-protocol-mode=step --velocity-right-piston-step=0.01 --max-right-piston-travel=3.93 --auto-piston-step --wall-hold-steps=12000 --steps=36000 --fixed-dt=0.4 --energy-measurement --eff-output=wall-ke --kbt1 --seed=9202",9202
2026-09-17 10:39:16,energy_transfer,edmd,36000,12000,0.0166666669,39.25,10,100,0.5,nan,0.100050721,0.100050721,1,39.25,1e+09,50;50,1,0.0416666667,1,1,0.00999999978,100,1000,nan,39.25,1,step,74.5700022,-0.00999999978,step,3.93000007,0.00999999978,nan,nan,0.00999999978,nan,nan,7.59839949,2.64800874e-05,3.48495594e-06,0.999996515,7.59837301,5.75676813e-06,7.56269401e-06,1.80592588e-06,2.37671878e-07,20,418.016724,/Users/chrisharing/Desktop/CCS_complex_coupled_systems/Repo/HardDisks/hspist3/experiments_energy_transfer/level2_slope_20260917/u0.01/tr_9204.csv,436.18335,18.166626,1,"./00ALLINONE --mode=edmd --experiment=energy_transfer --headless --quiet --edmd-acc=0 --seed-drift-order=drift-first --energy-transfer-summary=experiments_energy_transfer/level2_slope_20260917/u0.01/summary.csv --energy-transfer-trace=experiments_energy_transfer/level2_slope_20260917/u0.01/tr_9204.csv --particles=100 --particles-boxes=50,50 --particle-radius=0.5 --l0=39.25 --height=10 --num-walls=1 --wall-positions=39.25 --wall-mass-factors=1000000000 --piston-right-protocol-mode=step --velocity-right-piston-step=0.01 --max-right-piston-travel=3.93 --auto-piston-step --wall-hold-steps=12000 --steps=36000 --fixed-dt=0.4 --energy-measurement --eff-output=wall-ke --kbt1 --seed=9204",9204
2026-09-17 10:39:17,energy_transfer,edmd,36000,12000,0.0166666669,39.25,10,100,0.5,nan,0.100050721,0.100050721,1,39.25,1e+09,50;50,1,0.0416666667,1,1,0.00999999978,100,1000,nan,39.25,1,step,74.5700022,-0.00999999978,step,3.93000007,0.00999999978,nan,nan,0.00999999978,nan,nan,7.5989075,1.74338729e-05,2.29426045e-06,0.999997706,7.59889006,5.23619019e-06,6.48755122e-06,1.25136103e-06,1.64676439e-07,20,418.016724,/Users/chrisharing/Desktop/CCS_complex_coupled_systems/Repo/HardDisks/hspist3/experiments_energy_transfer/level2_slope_20260917/u0.01/tr_9205.csv,423.600037,5.58331299,0,"./00ALLINONE --mode=edmd --experiment=energy_transfer --headless --quiet --edmd-acc=0 --seed-drift-order=drift-first --energy-transfer-summary=experiments_energy_transfer/level2_slope_20260917/u0.01/summary.csv --energy-transfer-trace=experiments_energy_transfer/level2_slope_20260917/u0.01/tr_9205.csv --particles=100 --particles-boxes=50,50 --particle-radius=0.5 --l0=39.25 --height=10 --num-walls=1 --wall-positions=39.25 --wall-mass-factors=1000000000 --piston-right-protocol-mode=step --velocity-right-piston-step=0.01 --max-right-piston-travel=3.93 --auto-piston-step --wall-hold-steps=12000 --steps=36000 --fixed-dt=0.4 --energy-measurement --eff-output=wall-ke --kbt1 --seed=9205",9205
2026-09-17 10:39:17,energy_transfer,edmd,36000,12000,0.0166666669,39.25,10,100,0.5,nan,0.100050721,0.100050721,1,39.25,1e+09,50;50,1,0.0416666667,1,1,0.00999999978,100,1000,nan,39.25,1,step,74.5700022,-0.00999999978,step,3.93000007,0.00999999978,nan,nan,0.00999999978,nan,nan,7.41933096,1.46217417e-05,1.97076283e-06,0.999998029,7.41931634,2.57577881e-06,4.50253219e-06,1.92675338e-06,2.59693683e-07,20,418.016724,/Users/chrisharing/Desktop/CCS_complex_coupled_systems/Repo/HardDisks/hspist3/experiments_energy_transfer/level2_slope_20260917/u0.01/tr_9206.csv,425.68335,7.66662598,0,"./00ALLINONE --mode=edmd --experiment=energy_transfer --headless --quiet --edmd-acc=0 --seed-drift-order=drift-first --energy-transfer-summary=experiments_energy_transfer/level2_slope_20260917/u0.01/summary.csv --energy-transfer-trace=experiments_energy_transfer/level2_slope_20260917/u0.01/tr_9206.csv --particles=100 --particles-boxes=50,50 --particle-radius=0.5 --l0=39.25 --height=10 --num-walls=1 --wall-positions=39.25 --wall-mass-factors=1000000000 --piston-right-protocol-mode=step --velocity-right-piston-step=0.01 --max-right-piston-travel=3.93 --auto-piston-step --wall-hold-steps=12000 --steps=36000 --fixed-dt=0.4 --energy-measurement --eff-output=wall-ke --kbt1 --seed=9206",9206
2026-09-17 10:39:17,energy_transfer,edmd,36000,12000,0.0166666669,39.25,10,100,0.5,nan,0.100050721,0.100050721,1,39.25,1e+09,50;50,1,0.0416666667,1,1,0.00999999978,100,1000,nan,39.25,1,step,74.5700022,-0.00999999978,step,3.93000007,0.00999999978,nan,nan,0.00999999978,nan,nan,7.79128735,2.98299565e-05,3.82863e-06,0.999996171,7.79125752,8.57019495e-06,1.20122177e-05,3.44202272e-06,4.41778433e-07,20,418.016724,/Users/chrisharing/Desktop/CCS_complex_coupled_systems/Repo/HardDisks/hspist3/experiments_energy_transfer/level2_slope_20260917/u0.01/tr_9207.csv,434.466675,16.4499512,0,"./00ALLINONE --mode=edmd --experiment=energy_transfer --headless --quiet --edmd-acc=0 --seed-drift-order=drift-first --energy-transfer-summary=experiments_energy_transfer/level2_slope_20260917/u0.01/summary.csv --energy-transfer-trace=experiments_energy_transfer/level2_slope_20260917/u0.01/tr_9207.csv --particles=100 --particles-boxes=50,50 --particle-radius=0.5 --l0=39.25 --height=10 --num-walls=1 --wall-positions=39.25 --wall-mass-factors=1000000000 --piston-right-protocol-mode=step --velocity-right-piston-step=0.01 --max-right-piston-travel=3.93 --auto-piston-step --wall-hold-steps=12000 --steps=36000 --fixed-dt=0.4 --energy-measurement --eff-output=wall-ke --kbt1 --seed=9207",9207
2026-09-17 10:39:17,energy_transfer,edmd,36000,12000,0.0166666669,39.25,10,100,0.5,nan,0.100050721,0.100050721,1,39.25,1e+09,50;50,1,0.0416666667,1,1,0.00999999978,100,1000,nan,39.25,1,step,74.5700022,-0.00999999978,step,3.93000007,0.00999999978,nan,nan,0.00999999978,nan,nan,7.43000262,2.0112142e-05,2.70688222e-06,0.999997293,7.42998251,4.11003157e-06,4.47725188e-06,3.67220309e-07,4.94239811e-08,20,418.016724,/Users/chrisharing/Desktop/CCS_complex_coupled_systems/Repo/HardDisks/hspist3/experiments_energy_transfer/level2_slope_20260917/u0.01/tr_9208.csv,418.866699,0.849975586,0,"./00ALLINONE --mode=edmd --experiment=energy_transfer --headless --quiet --edmd-acc=0 --seed-drift-order=drift-first --energy-transfer-summary=experiments_energy_transfer/level2_slope_20260917/u0.01/summary.csv --energy-transfer-trace=experiments_energy_transfer/level2_slope_20260917/u0.01/tr_9208.csv --particles=100 --particles-boxes=50,50 --particle-radius=0.5 --l0=39.25 --height=10 --num-walls=1 --wall-positions=39.25 --wall-mass-factors=1000000000 --piston-right-protocol-mode=step --velocity-right-piston-step=0.01 --max-right-piston-travel=3.93 --auto-piston-step --wall-hold-steps=12000 --steps=36000 --fixed-dt=0.4 --energy-measurement --eff-output=wall-ke --kbt1 --seed=9208",9208
2026-09-17 10:39:17,energy_transfer,edmd,36000,12000,0.0166666669,39.25,10,100,0.5,nan,0.100050721,0.100050721,1,39.25,1e+09,50;50,1,0.0416666667,1,1,0.00999999978,100,1000,nan,39.25,1,step,74.5700022,-0.00999999978,step,3.93000007,0.00999999978,nan,nan,0.00999999978,nan,nan,7.47225148,2.17409251e-05,2.9095548e-06,0.99999709,7.47222974,4.85971259e-06,6.72510214e-06,1.86538955e-06,2.49642234e-07,20,418.016724,/Users/chrisharing/Desktop/CCS_complex_coupled_systems/Repo/HardDisks/hspist3/experiments_energy_transfer/level2_slope_20260917/u0.01/tr_9209.csv,436.350037,18.333313,1,"./00ALLINONE --mode=edmd --experiment=energy_transfer --headless --quiet --edmd-acc=0 --seed-drift-order=drift-first --energy-transfer-summary=experiments_energy_transfer/level2_slope_20260917/u0.01/summary.csv --energy-transfer-trace=experiments_energy_transfer/level2_slope_20260917/u0.01/tr_9209.csv --particles=100 --particles-boxes=50,50 --particle-radius=0.5 --l0=39.25 --height=10 --num-walls=1 --wall-positions=39.25 --wall-mass-factors=1000000000 --piston-right-protocol-mode=step --velocity-right-piston-step=0.01 --max-right-piston-travel=3.93 --auto-piston-step --wall-hold-steps=12000 --steps=36000 --fixed-dt=0.4 --energy-measurement --eff-output=wall-ke --kbt1 --seed=9209",9209
2026-09-17 10:39:17,energy_transfer,edmd,36000,12000,0.0166666669,39.25,10,100,0.5,nan,0.100050721,0.100050721,1,39.25,1e+09,50;50,1,0.0416666667,1,1,0.00999999978,100,1000,nan,39.25,1,step,74.5700022,-0.00999999978,step,3.93000007,0.00999999978,nan,nan,0.00999999978,nan,nan,7.53467854,1.44703399e-05,1.92049865e-06,0.99999808,7.53466406,3.46946717e-06,4.66233951e-06,1.19287233e-06,1.58317615e-07,20,418.016724,/Users/chrisharing/Desktop/CCS_complex_coupled_systems/Repo/HardDisks/hspist3/experiments_energy_transfer/level2_slope_20260917/u0.01/tr_9211.csv,434.350037,16.333313,0,"./00ALLINONE --mode=edmd --experiment=energy_transfer --headless --quiet --edmd-acc=0 --seed-drift-order=drift-first --energy-transfer-summary=experiments_energy_transfer/level2_slope_20260917/u0.01/summary.csv --energy-transfer-trace=experiments_energy_transfer/level2_slope_20260917/u0.01/tr_9211.csv --particles=100 --particles-boxes=50,50 --particle-radius=0.5 --l0=39.25 --height=10 --num-walls=1 --wall-positions=39.25 --wall-mass-factors=1000000000 --piston-right-protocol-mode=step --velocity-right-piston-step=0.01 --max-right-piston-travel=3.93 --auto-piston-step --wall-hold-steps=12000 --steps=36000 --fixed-dt=0.4 --energy-measurement --eff-output=wall-ke --kbt1 --seed=9211",9211
2026-09-17 10:39:17,energy_transfer,edmd,36000,12000,0.0166666669,39.25,10,100,0.5,nan,0.100050721,0.100050721,1,39.25,1e+09,50;50,1,0.0416666667,1,1,0.00999999978,100,1000,nan,39.25,1,step,74.5700022,-0.00999999978,step,3.93000007,0.00999999978,nan,nan,0.00999999978,nan,nan,7.36617739,1.94107906e-05,2.63512397e-06,0.999997365,7.36615798,3.67744315e-06,4.95702943e-06,1.27958629e-06,1.73711033e-07,20,418.016724,/Users/chrisharing/Desktop/CCS_complex_coupled_systems/Repo/HardDisks/hspist3/experiments_energy_transfer/level2_slope_20260917/u0.01/tr_9210.csv,428.916687,10.8999634,0,"./00ALLINONE --mode=edmd --experiment=energy_transfer --headless --quiet --edmd-acc=0 --seed-drift-order=drift-first --energy-transfer-summary=experiments_energy_transfer/level2_slope_20260917/u0.01/summary.csv --energy-transfer-trace=experiments_energy_transfer/level2_slope_20260917/u0.01/tr_9210.csv --particles=100 --particles-boxes=50,50 --particle-radius=0.5 --l0=39.25 --height=10 --num-walls=1 --wall-positions=39.25 --wall-mass-factors=1000000000 --piston-right-protocol-mode=step --velocity-right-piston-step=0.01 --max-right-piston-travel=3.93 --auto-piston-step --wall-hold-steps=12000 --steps=36000 --fixed-dt=0.4 --energy-measurement --eff-output=wall-ke --kbt1 --seed=9210",9210
2026-09-17 10:39:18,energy_transfer,edmd,36000,12000,0.0166666669,39.25,10,100,0.5,nan,0.100050721,0.100050721,1,39.25,1e+09,50;50,1,0.0416666667,1,1,0.00999999978,100,1000,nan,39.25,1,step,74.5700022,-0.00999999978,step,3.93000007,0.00999999978,nan,nan,0.00999999978,nan,nan,7.58131419,2.0132311e-05,2.6555173e-06,0.999997344,7.58129406,6.08924847e-06,7.34867081e-06,1.25942233e-06,1.66121902e-07,20,418.016724,/Users/chrisharing/Desktop/CCS_complex_coupled_systems/Repo/HardDisks/hspist3/experiments_energy_transfer/level2_slope_20260917/u0.01/tr_9213.csv,420.450012,2.43328857,0,"./00ALLINONE --mode=edmd --experiment=energy_transfer --headless --quiet --edmd-acc=0 --seed-drift-order=drift-first --energy-transfer-summary=experiments_energy_transfer/level2_slope_20260917/u0.01/summary.csv --energy-transfer-trace=experiments_energy_transfer/level2_slope_20260917/u0.01/tr_9213.csv --particles=100 --particles-boxes=50,50 --particle-radius=0.5 --l0=39.25 --height=10 --num-walls=1 --wall-positions=39.25 --wall-mass-factors=1000000000 --piston-right-protocol-mode=step --velocity-right-piston-step=0.01 --max-right-piston-travel=3.93 --auto-piston-step --wall-hold-steps=12000 --steps=36000 --fixed-dt=0.4 --energy-measurement --eff-output=wall-ke --kbt1 --seed=9213",9213
2026-09-17 10:39:18,energy_transfer,edmd,36000,12000,0.0166666669,39.25,10,100,0.5,nan,0.100050721,0.100050721,1,39.25,1e+09,50;50,1,0.0416666667,1,1,0.00999999978,100,1000,nan,39.25,1,step,74.5700022,-0.00999999978,step,3.93000007,0.00999999978,nan,nan,0.00999999978,nan,nan,7.58839556,1.93698834e-05,2.55256638e-06,0.999997447,7.58837619,5.2269811e-06,5.91958678e-06,6.92605681e-07,9.12716892e-08,20,418.016724,/Users/chrisharing/Desktop/CCS_complex_coupled_systems/Repo/HardDisks/hspist3/experiments_energy_transfer/level2_slope_20260917/u0.01/tr_9212.csv,437.716675,19.6999512,1,"./00ALLINONE --mode=edmd --experiment=energy_transfer --headless --quiet --edmd-acc=0 --seed-drift-order=drift-first --energy-transfer-summary=experiments_energy_transfer/level2_slope_20260917/u0.01/summary.csv --energy-transfer-trace=experiments_energy_transfer/level2_slope_20260917/u0.01/tr_9212.csv --particles=100 --particles-boxes=50,50 --particle-radius=0.5 --l0=39.25 --height=10 --num-walls=1 --wall-positions=39.25 --wall-mass-factors=1000000000 --piston-right-protocol-mode=step --velocity-right-piston-step=0.01 --max-right-piston-travel=3.93 --auto-piston-step --wall-hold-steps=12000 --steps=36000 --fixed-dt=0.4 --energy-measurement --eff-output=wall-ke --kbt1 --seed=9212",9212
2026-09-17 10:39:20,energy_transfer,edmd,36000,12000,0.0166666669,39.25,10,100,0.5,nan,0.100050721,0.100050721,1,39.25,1e+09,50;50,1,0.0416666667,1,1,0.00999999978,100,1000,nan,39.25,1,step,74.5700022,-0.00999999978,step,3.93000007,0.00999999978,nan,nan,0.00999999978,nan,nan,7.47628522,1.99200313e-05,2.66442901e-06,0.999997336,7.4762653,7.04628928e-06,8.7003491e-06,1.65405982e-06,2.21240866e-07,20,418.016724,/Users/chrisharing/Desktop/CCS_complex_coupled_systems/Repo/HardDisks/hspist3/experiments_energy_transfer/level2_slope_20260917/u0.01/tr_9214.csv,421.43335,3.41662598,0,"./00ALLINONE --mode=edmd --experiment=energy_transfer --headless --quiet --edmd-acc=0 --seed-drift-order=drift-first --energy-transfer-summary=experiments_energy_transfer/level2_slope_20260917/u0.01/summary.csv --energy-transfer-trace=experiments_energy_transfer/level2_slope_20260917/u0.01/tr_9214.csv --particles=100 --particles-boxes=50,50 --particle-radius=0.5 --l0=39.25 --height=10 --num-walls=1 --wall-positions=39.25 --wall-mass-factors=1000000000 --piston-right-protocol-mode=step --velocity-right-piston-step=0.01 --max-right-piston-travel=3.93 --auto-piston-step --wall-hold-steps=12000 --steps=36000 --fixed-dt=0.4 --energy-measurement --eff-output=wall-ke --kbt1 --seed=9214",9214
2026-09-17 10:39:21,energy_transfer,edmd,36000,12000,0.0166666669,39.25,10,100,0.5,nan,0.100050721,0.100050721,1,39.25,1e+09,50;50,1,0.0416666667,1,1,0.00999999978,100,1000,nan,39.25,1,step,74.5700022,-0.00999999978,step,3.93000007,0.00999999978,nan,nan,0.00999999978,nan,nan,7.42095034,1.89012644e-05,2.547014e-06,0.999997453,7.42093144,3.96403811e-06,6.30221984e-06,2.33818173e-06,3.15078477e-07,20,418.016724,/Users/chrisharing/Desktop/CCS_complex_coupled_systems/Repo/HardDisks/hspist3/experiments_energy_transfer/level2_slope_20260917/u0.01/tr_9218.csv,435.733337,17.7166138,0,"./00ALLINONE --mode=edmd --experiment=energy_transfer --headless --quiet --edmd-acc=0 --seed-drift-order=drift-first --energy-transfer-summary=experiments_energy_transfer/level2_slope_20260917/u0.01/summary.csv --energy-transfer-trace=experiments_energy_transfer/level2_slope_20260917/u0.01/tr_9218.csv --particles=100 --particles-boxes=50,50 --particle-radius=0.5 --l0=39.25 --height=10 --num-walls=1 --wall-positions=39.25 --wall-mass-factors=1000000000 --piston-right-protocol-mode=step --velocity-right-piston-step=0.01 --max-right-piston-travel=3.93 --auto-piston-step --wall-hold-steps=12000 --steps=36000 --fixed-dt=0.4 --energy-measurement --eff-output=wall-ke --kbt1 --seed=9218",9218
2026-09-17 10:39:21,energy_transfer,edmd,36000,12000,0.0166666669,39.25,10,100,0.5,nan,0.100050721,0.100050721,1,39.25,1e+09,50;50,1,0.0416666667,1,1,0.00999999978,100,1000,nan,39.25,1,step,74.5700022,-0.00999999978,step,3.93000007,0.00999999978,nan,nan,0.00999999978,nan,nan,7.44794759,1.68387032e-05,2.26085147e-06,0.999997739,7.44793075,3.51042831e-06,5.30891566e-06,1.79848735e-06,2.41474222e-07,20,418.016724,/Users/chrisharing/Desktop/CCS_complex_coupled_systems/Repo/HardDisks/hspist3/experiments_energy_transfer/level2_slope_20260917/u0.01/tr_9216.csv,437.233337,19.2166138,1,"./00ALLINONE --mode=edmd --experiment=energy_transfer --headless --quiet --edmd-acc=0 --seed-drift-order=drift-first --energy-transfer-summary=experiments_energy_transfer/level2_slope_20260917/u0.01/summary.csv --energy-transfer-trace=experiments_energy_transfer/level2_slope_20260917/u0.01/tr_9216.csv --particles=100 --particles-boxes=50,50 --particle-radius=0.5 --l0=39.25 --height=10 --num-walls=1 --wall-positions=39.25 --wall-mass-factors=1000000000 --piston-right-protocol-mode=step --velocity-right-piston-step=0.01 --max-right-piston-travel=3.93 --auto-piston-step --wall-hold-steps=12000 --steps=36000 --fixed-dt=0.4 --energy-measurement --eff-output=wall-ke --kbt1 --seed=9216",9216
2026-09-17 10:39:21,energy_transfer,edmd,36000,12000,0.0166666669,39.25,10,100,0.5,nan,0.100050721,0.100050721,1,39.25,1e+09,50;50,1,0.0416666667,1,1,0.00999999978,100,1000,nan,39.25,1,step,74.5700022,-0.00999999978,step,3.93000007,0.00999999978,nan,nan,0.00999999978,nan,nan,7.57576474,2.07509802e-05,2.73912679e-06,0.999997261,7.57574399,4.68451708e-06,7.19508398e-06,2.5105669e-06,3.31394518e-07,20,418.016724,/Users/chrisharing/Desktop/CCS_complex_coupled_systems/Repo/HardDisks/hspist3/experiments_energy_transfer/level2_slope_20260917/u0.01/tr_9219.csv,436.450012,18.4332886,1,"./00ALLINONE --mode=edmd --experiment=energy_transfer --headless --quiet --edmd-acc=0 --seed-drift-order=drift-first --energy-transfer-summary=experiments_energy_transfer/level2_slope_20260917/u0.01/summary.csv --energy-transfer-trace=experiments_energy_transfer/level2_slope_20260917/u0.01/tr_9219.csv --particles=100 --particles-boxes=50,50 --particle-radius=0.5 --l0=39.25 --height=10 --num-walls=1 --wall-positions=39.25 --wall-mass-factors=1000000000 --piston-right-protocol-mode=step --velocity-right-piston-step=0.01 --max-right-piston-travel=3.93 --auto-piston-step --wall-hold-steps=12000 --steps=36000 --fixed-dt=0.4 --energy-measurement --eff-output=wall-ke --kbt1 --seed=9219",9219
2026-09-17 10:39:21,energy_transfer,edmd,36000,12000,0.0166666669,39.25,10,100,0.5,nan,0.100050721,0.100050721,1,39.25,1e+09,50;50,1,0.0416666667,1,1,0.00999999978,100,1000,nan,39.25,1,step,74.5700022,-0.00999999978,step,3.93000007,0.00999999978,nan,nan,0.00999999978,nan,nan,7.47346607,2.20205511e-05,2.94649777e-06,0.999997054,7.47344405,4.3376217e-06,6.52402377e-06,2.18640207e-06,2.92555295e-07,20,418.016724,/Users/chrisharing/Desktop/CCS_complex_coupled_systems/Repo/HardDisks/hspist3/experiments_energy_transfer/level2_slope_20260917/u0.01/tr_9215.csv,437.833374,19.8166504,1,"./00ALLINONE --mode=edmd --experiment=energy_transfer --headless --quiet --edmd-acc=0 --seed-drift-order=drift-first --energy-transfer-summary=experiments_energy_transfer/level2_slope_20260917/u0.01/summary.csv --energy-transfer-trace=experiments_energy_transfer/level2_slope_20260917/u0.01/tr_9215.csv --particles=100 --particles-boxes=50,50 --particle-radius=0.5 --l0=39.25 --height=10 --num-walls=1 --wall-positions=39.25 --wall-mass-factors=1000000000 --piston-right-protocol-mode=step --velocity-right-piston-step=0.01 --max-right-piston-travel=3.93 --auto-piston-step --wall-hold-steps=12000 --steps=36000 --fixed-dt=0.4 --energy-measurement --eff-output=wall-ke --kbt1 --seed=9215",9215
2026-09-17 10:39:21,energy_transfer,edmd,36000,12000,0.0166666669,39.25,10,100,0.5,nan,0.100050721,0.100050721,1,39.25,1e+09,50;50,1,0.0416666667,1,1,0.00999999978,100,1000,nan,39.25,1,step,74.5700022,-0.00999999978,step,3.93000007,0.00999999978,nan,nan,0.00999999978,nan,nan,7.41647023,1.73910048e-05,2.34491669e-06,0.999997655,7.41645284,3.85760131e-06,6.37161384e-06,2.51401252e-06,3.38976959e-07,20,418.016724,/Users/chrisharing/Desktop/CCS_complex_coupled_systems/Repo/HardDisks/hspist3/experiments_energy_transfer/level2_slope_20260917/u0.01/tr_9221.csv,435.150024,17.1333008,0,"./00ALLINONE --mode=edmd --experiment=energy_transfer --headless --quiet --edmd-acc=0 --seed-drift-order=drift-first --energy-transfer-summary=experiments_energy_transfer/level2_slope_20260917/u0.01/summary.csv --energy-transfer-trace=experiments_energy_transfer/level2_slope_20260917/u0.01/tr_9221.csv --particles=100 --particles-boxes=50,50 --particle-radius=0.5 --l0=39.25 --height=10 --num-walls=1 --wall-positions=39.25 --wall-mass-factors=1000000000 --piston-right-protocol-mode=step --velocity-right-piston-step=0.01 --max-right-piston-travel=3.93 --auto-piston-step --wall-hold-steps=12000 --steps=36000 --fixed-dt=0.4 --energy-measurement --eff-output=wall-ke --kbt1 --seed=9221",9221
2026-09-17 10:39:21,energy_transfer,edmd,36000,12000,0.0166666669,39.25,10,100,0.5,nan,0.100050721,0.100050721,1,39.25,1e+09,50;50,1,0.0416666667,1,1,0.00999999978,100,1000,nan,39.25,1,step,74.5700022,-0.00999999978,step,3.93000007,0.00999999978,nan,nan,0.00999999978,nan,nan,7.44130395,1.92539464e-05,2.58744255e-06,0.999997413,7.44128469,4.02045544e-06,6.53199413e-06,2.5115387e-06,3.37513252e-07,20,418.016724,/Users/chrisharing/Desktop/CCS_complex_coupled_systems/Repo/HardDisks/hspist3/experiments_energy_transfer/level2_slope_20260917/u0.01/tr_9220.csv,432.466675,14.4499512,0,"./00ALLINONE --mode=edmd --experiment=energy_transfer --headless --quiet --edmd-acc=0 --seed-drift-order=drift-first --energy-transfer-summary=experiments_energy_transfer/level2_slope_20260917/u0.01/summary.csv --energy-transfer-trace=experiments_energy_transfer/level2_slope_20260917/u0.01/tr_9220.csv --particles=100 --particles-boxes=50,50 --particle-radius=0.5 --l0=39.25 --height=10 --num-walls=1 --wall-positions=39.25 --wall-mass-factors=1000000000 --piston-right-protocol-mode=step --velocity-right-piston-step=0.01 --max-right-piston-travel=3.93 --auto-piston-step --wall-hold-steps=12000 --steps=36000 --fixed-dt=0.4 --energy-measurement --eff-output=wall-ke --kbt1 --seed=9220",9220
2026-09-17 10:39:21,energy_transfer,edmd,36000,12000,0.0166666669,39.25,10,100,0.5,nan,0.100050721,0.100050721,1,39.25,1e+09,50;50,1,0.0416666667,1,1,0.00999999978,100,1000,nan,39.25,1,step,74.5700022,-0.00999999978,step,3.93000007,0.00999999978,nan,nan,0.00999999978,nan,nan,7.49725826,1.673519e-05,2.23217467e-06,0.999997768,7.49724153,4.39218502e-06,6.465365e-06,2.07317999e-06,2.76525086e-07,20,418.016724,/Users/chrisharing/Desktop/CCS_complex_coupled_systems/Repo/HardDisks/hspist3/experiments_energy_transfer/level2_slope_20260917/u0.01/tr_9217.csv,436.416687,18.3999634,1,"./00ALLINONE --mode=edmd --experiment=energy_transfer --headless --quiet --edmd-acc=0 --seed-drift-order=drift-first --energy-transfer-summary=experiments_energy_transfer/level2_slope_20260917/u0.01/summary.csv --energy-transfer-trace=experiments_energy_transfer/level2_slope_20260917/u0.01/tr_9217.csv --particles=100 --particles-boxes=50,50 --particle-radius=0.5 --l0=39.25 --height=10 --num-walls=1 --wall-positions=39.25 --wall-mass-factors=1000000000 --piston-right-protocol-mode=step --velocity-right-piston-step=0.01 --max-right-piston-travel=3.93 --auto-piston-step --wall-hold-steps=12000 --steps=36000 --fixed-dt=0.4 --energy-measurement --eff-output=wall-ke --kbt1 --seed=9217",9217
2026-09-17 10:39:21,energy_transfer,edmd,36000,12000,0.0166666669,39.25,10,100,0.5,nan,0.100050721,0.100050721,1,39.25,1e+09,50;50,1,0.0416666667,1,1,0.00999999978,100,1000,nan,39.25,1,step,74.5700022,-0.00999999978,step,3.93000007,0.00999999978,nan,nan,0.00999999978,nan,nan,7.55230117,2.1194528e-05,2.8063669e-06,0.999997194,7.55227997,5.13945452e-06,8.02641443e-06,2.88695992e-06,3.82262287e-07,20,418.016724,/Users/chrisharing/Desktop/CCS_complex_coupled_systems/Repo/HardDisks/hspist3/experiments_energy_transfer/level2_slope_20260917/u0.01/tr_9222.csv,435.43335,17.416626,0,"./00ALLINONE --mode=edmd --experiment=energy_transfer --headless --quiet --edmd-acc=0 --seed-drift-order=drift-first --energy-transfer-summary=experiments_energy_transfer/level2_slope_20260917/u0.01/summary.csv --energy-transfer-trace=experiments_energy_transfer/level2_slope_20260917/u0.01/tr_9222.csv --particles=100 --particles-boxes=50,50 --particle-radius=0.5 --l0=39.25 --height=10 --num-walls=1 --wall-positions=39.25 --wall-mass-factors=1000000000 --piston-right-protocol-mode=step --velocity-right-piston-step=0.01 --max-right-piston-travel=3.93 --auto-piston-step --wall-hold-steps=12000 --steps=36000 --fixed-dt=0.4 --energy-measurement --eff-output=wall-ke --kbt1 --seed=9222",9222
2026-09-17 10:39:21,energy_transfer,edmd,36000,12000,0.0166666669,39.25,10,100,0.5,nan,0.100050721,0.100050721,1,39.25,1e+09,50;50,1,0.0416666667,1,1,0.00999999978,100,1000,nan,39.25,1,step,74.5700022,-0.00999999978,step,3.93000007,0.00999999978,nan,nan,0.00999999978,nan,nan,7.54280807,2.21925384e-05,2.94221173e-06,0.999997058,7.54278588,5.78219078e-06,7.45355464e-06,1.67136386e-06,2.21583772e-07,20,418.016724,/Users/chrisharing/Desktop/CCS_complex_coupled_systems/Repo/HardDisks/hspist3/experiments_energy_transfer/level2_slope_20260917/u0.01/tr_9223.csv,424.666687,6.64996338,0,"./00ALLINONE --mode=edmd --experiment=energy_transfer --headless --quiet --edmd-acc=0 --seed-drift-order=drift-first --energy-transfer-summary=experiments_energy_transfer/level2_slope_20260917/u0.01/summary.csv --energy-transfer-trace=experiments_energy_transfer/level2_slope_20260917/u0.01/tr_9223.csv --particles=100 --particles-boxes=50,50 --particle-radius=0.5 --l0=39.25 --height=10 --num-walls=1 --wall-positions=39.25 --wall-mass-factors=1000000000 --piston-right-protocol-mode=step --velocity-right-piston-step=0.01 --max-right-piston-travel=3.93 --auto-piston-step --wall-hold-steps=12000 --steps=36000 --fixed-dt=0.4 --energy-measurement --eff-output=wall-ke --kbt1 --seed=9223",9223
2026-09-17 10:39:22,energy_transfer,edmd,36000,12000,0.0166666669,39.25,10,100,0.5,nan,0.100050721,0.100050721,1,39.25,1e+09,50;50,1,0.0416666667,1,1,0.00999999978,100,1000,nan,39.25,1,step,74.5700022,-0.00999999978,step,3.93000007,0.00999999978,nan,nan,0.00999999978,nan,nan,7.4916875,1.91560412e-05,2.5569728e-06,0.999997443,7.49166834,4.6497712e-06,6.30992008e-06,1.66014888e-06,2.2159879e-07,20,418.016724,/Users/chrisharing/Desktop/CCS_complex_coupled_systems/Repo/HardDisks/hspist3/experiments_energy_transfer/level2_slope_20260917/u0.01/tr_9224.csv,426.5,8.48327637,0,"./00ALLINONE --mode=edmd --experiment=energy_transfer --headless --quiet --edmd-acc=0 --seed-drift-order=drift-first --energy-transfer-summary=experiments_energy_transfer/level2_slope_20260917/u0.01/summary.csv --energy-transfer-trace=experiments_energy_transfer/level2_slope_20260917/u0.01/tr_9224.csv --particles=100 --particles-boxes=50,50 --particle-radius=0.5 --l0=39.25 --height=10 --num-walls=1 --wall-positions=39.25 --wall-mass-factors=1000000000 --piston-right-protocol-mode=step --velocity-right-piston-step=0.01 --max-right-piston-travel=3.93 --auto-piston-step --wall-hold-steps=12000 --steps=36000 --fixed-dt=0.4 --energy-measurement --eff-output=wall-ke --kbt1 --seed=9224",9224
2026-09-17 10:39:23,energy_transfer,edmd,36000,12000,0.0166666669,39.25,10,100,0.5,nan,0.100050721,0.100050721,1,39.25,1e+09,50;50,1,0.0416666667,1,1,0.00999999978,100,1000,nan,39.25,1,step,74.5700022,-0.00999999978,step,3.93000007,0.00999999978,nan,nan,0.00999999978,nan,nan,7.55078615,2.21445425e-05,2.93274662e-06,0.999997067,7.550764,7.03412661e-06,8.21049252e-06,1.17636591e-06,1.55793833e-07,20,418.016724,/Users/chrisharing/Desktop/CCS_complex_coupled_systems/Repo/HardDisks/hspist3/experiments_energy_transfer/level2_slope_20260917/u0.01/tr_9225.csv,432.516724,14.5,0,"./00ALLINONE --mode=edmd --experiment=energy_transfer --headless --quiet --edmd-acc=0 --seed-drift-order=drift-first --energy-transfer-summary=experiments_energy_transfer/level2_slope_20260917/u0.01/summary.csv --energy-transfer-trace=experiments_energy_transfer/level2_slope_20260917/u0.01/tr_9225.csv --particles=100 --particles-boxes=50,50 --particle-radius=0.5 --l0=39.25 --height=10 --num-walls=1 --wall-positions=39.25 --wall-mass-factors=1000000000 --piston-right-protocol-mode=step --velocity-right-piston-step=0.01 --max-right-piston-travel=3.93 --auto-piston-step --wall-hold-steps=12000 --steps=36000 --fixed-dt=0.4 --energy-measurement --eff-output=wall-ke --kbt1 --seed=9225",9225
2026-09-17 10:39:23,energy_transfer,edmd,36000,12000,0.0166666669,39.25,10,100,0.5,nan,0.100050721,0.100050721,1,39.25,1e+09,50;50,1,0.0416666667,1,1,0.00999999978,100,1000,nan,39.25,1,step,74.5700022,-0.00999999978,step,3.93000007,0.00999999978,nan,nan,0.00999999978,nan,nan,7.55427735,2.4329509e-05,3.22062691e-06,0.999996779,7.55425302,6.22848302e-06,8.07728429e-06,1.84880128e-06,2.44735689e-07,20,418.016724,/Users/chrisharing/Desktop/CCS_complex_coupled_systems/Repo/HardDisks/hspist3/experiments_energy_transfer/level2_slope_20260917/u0.01/tr_9227.csv,433.133362,15.1166382,0,"./00ALLINONE --mode=edmd --experiment=energy_transfer --headless --quiet --edmd-acc=0 --seed-drift-order=drift-first --energy-transfer-summary=experiments_energy_transfer/level2_slope_20260917/u0.01/summary.csv --energy-transfer-trace=experiments_energy_transfer/level2_slope_20260917/u0.01/tr_9227.csv --particles=100 --particles-boxes=50,50 --particle-radius=0.5 --l0=39.25 --height=10 --num-walls=1 --wall-positions=39.25 --wall-mass-factors=1000000000 --piston-right-protocol-mode=step --velocity-right-piston-step=0.01 --max-right-piston-travel=3.93 --auto-piston-step --wall-hold-steps=12000 --steps=36000 --fixed-dt=0.4 --energy-measurement --eff-output=wall-ke --kbt1 --seed=9227",9227
2026-09-17 10:39:23,energy_transfer,edmd,36000,12000,0.0166666669,39.25,10,100,0.5,nan,0.100050721,0.100050721,1,39.25,1e+09,50;50,1,0.0416666667,1,1,0.00999999978,100,1000,nan,39.25,1,step,74.5700022,-0.00999999978,step,3.93000007,0.00999999978,nan,nan,0.00999999978,nan,nan,7.45106514,1.79335384e-05,2.40684225e-06,0.999997593,7.4510472,4.80468861e-06,5.28050668e-06,4.75818069e-07,6.38590672e-08,20,418.016724,/Users/chrisharing/Desktop/CCS_complex_coupled_systems/Repo/HardDisks/hspist3/experiments_energy_transfer/level2_slope_20260917/u0.01/tr_9226.csv,419.43335,1.41662598,0,"./00ALLINONE --mode=edmd --experiment=energy_transfer --headless --quiet --edmd-acc=0 --seed-drift-order=drift-first --energy-transfer-summary=experiments_energy_transfer/level2_slope_20260917/u0.01/summary.csv --energy-transfer-trace=experiments_energy_transfer/level2_slope_20260917/u0.01/tr_9226.csv --particles=100 --particles-boxes=50,50 --particle-radius=0.5 --l0=39.25 --height=10 --num-walls=1 --wall-positions=39.25 --wall-mass-factors=1000000000 --piston-right-protocol-mode=step --velocity-right-piston-step=0.01 --max-right-piston-travel=3.93 --auto-piston-step --wall-hold-steps=12000 --steps=36000 --fixed-dt=0.4 --energy-measurement --eff-output=wall-ke --kbt1 --seed=9226",9226
2026-09-17 10:39:24,energy_transfer,edmd,36000,12000,0.0166666669,39.25,10,100,0.5,nan,0.100050721,0.100050721,1,39.25,1e+09,50;50,1,0.0416666667,1,1,0.00999999978,100,1000,nan,39.25,1,step,74.5700022,-0.00999999978,step,3.93000007,0.00999999978,nan,nan,0.00999999978,nan,nan,7.54231923,1.9451114e-05,2.57893009e-06,0.999997421,7.54229978,5.47431591e-06,7.50705749e-06,2.03274158e-06,2.69511475e-07,20,418.016724,/Users/chrisharing/Desktop/CCS_complex_coupled_systems/Repo/HardDisks/hspist3/experiments_energy_transfer/level2_slope_20260917/u0.01/tr_9228.csv,436.766724,18.75,1,"./00ALLINONE --mode=edmd --experiment=energy_transfer --headless --quiet --edmd-acc=0 --seed-drift-order=drift-first --energy-transfer-summary=experiments_energy_transfer/level2_slope_20260917/u0.01/summary.csv --energy-transfer-trace=experiments_energy_transfer/level2_slope_20260917/u0.01/tr_9228.csv --particles=100 --particles-boxes=50,50 --particle-radius=0.5 --l0=39.25 --height=10 --num-walls=1 --wall-positions=39.25 --wall-mass-factors=1000000000 --piston-right-protocol-mode=step --velocity-right-piston-step=0.01 --max-right-piston-travel=3.93 --auto-piston-step --wall-hold-steps=12000 --steps=36000 --fixed-dt=0.4 --energy-measurement --eff-output=wall-ke --kbt1 --seed=9228",9228
2026-09-17 10:39:24,energy_transfer,edmd,36000,12000,0.0166666669,39.25,10,100,0.5,nan,0.100050721,0.100050721,1,39.25,1e+09,50;50,1,0.0416666667,1,1,0.00999999978,100,1000,nan,39.25,1,step,74.5700022,-0.00999999978,step,3.93000007,0.00999999978,nan,nan,0.00999999978,nan,nan,7.38461269,2.43218929e-05,3.29359086e-06,0.999996706,7.38458837,5.5948376e-06,7.07742811e-06,1.48259051e-06,2.00767538e-07,20,418.016724,/Users/chrisharing/Desktop/CCS_complex_coupled_systems/Repo/HardDisks/hspist3/experiments_energy_transfer/level2_slope_20260917/u0.01/tr_9231.csv,427.916687,9.89996338,0,"./00ALLINONE --mode=edmd --experiment=energy_transfer --headless --quiet --edmd-acc=0 --seed-drift-order=drift-first --energy-transfer-summary=experiments_energy_transfer/level2_slope_20260917/u0.01/summary.csv --energy-transfer-trace=experiments_energy_transfer/level2_slope_20260917/u0.01/tr_9231.csv --particles=100 --particles-boxes=50,50 --particle-radius=0.5 --l0=39.25 --height=10 --num-walls=1 --wall-positions=39.25 --wall-mass-factors=1000000000 --piston-right-protocol-mode=step --velocity-right-piston-step=0.01 --max-right-piston-travel=3.93 --auto-piston-step --wall-hold-steps=12000 --steps=36000 --fixed-dt=0.4 --energy-measurement --eff-output=wall-ke --kbt1 --seed=9231",9231
2026-09-17 10:39:24,energy_transfer,edmd,36000,12000,0.0166666669,39.25,10,100,0.5,nan,0.100050721,0.100050721,1,39.25,1e+09,50;50,1,0.0416666667,1,1,0.00999999978,100,1000,nan,39.25,1,step,74.5700022,-0.00999999978,step,3.93000007,0.00999999978,nan,nan,0.00999999978,nan,nan,7.39156005,1.8832161e-05,2.54779246e-06,0.999997452,7.39154122,3.5269461e-06,4.96728399e-06,1.44033788e-06,1.94862502e-07,20,418.016724,/Users/chrisharing/Desktop/CCS_complex_coupled_systems/Repo/HardDisks/hspist3/experiments_energy_transfer/level2_slope_20260917/u0.01/tr_9229.csv,436.916687,18.8999634,1,"./00ALLINONE --mode=edmd --experiment=energy_transfer --headless --quiet --edmd-acc=0 --seed-drift-order=drift-first --energy-transfer-summary=experiments_energy_transfer/level2_slope_20260917/u0.01/summary.csv --energy-transfer-trace=experiments_energy_transfer/level2_slope_20260917/u0.01/tr_9229.csv --particles=100 --particles-boxes=50,50 --particle-radius=0.5 --l0=39.25 --height=10 --num-walls=1 --wall-positions=39.25 --wall-mass-factors=1000000000 --piston-right-protocol-mode=step --velocity-right-piston-step=0.01 --max-right-piston-travel=3.93 --auto-piston-step --wall-hold-steps=12000 --steps=36000 --fixed-dt=0.4 --energy-measurement --eff-output=wall-ke --kbt1 --seed=9229",9229
2026-09-17 10:39:24,energy_transfer,edmd,36000,12000,0.0166666669,39.25,10,100,0.5,nan,0.100050721,0.100050721,1,39.25,1e+09,50;50,1,0.0416666667,1,1,0.00999999978,100,1000,nan,39.25,1,step,74.5700022,-0.00999999978,step,3.93000007,0.00999999978,nan,nan,0.00999999978,nan,nan,7.31552227,2.27359087e-05,3.1078996e-06,0.999996892,7.31549953,4.75026854e-06,6.57332566e-06,1.82305712e-06,2.4920396e-07,20,418.016724,/Users/chrisharing/Desktop/CCS_complex_coupled_systems/Repo/HardDisks/hspist3/experiments_energy_transfer/level2_slope_20260917/u0.01/tr_9230.csv,436.983337,18.9666138,1,"./00ALLINONE --mode=edmd --experiment=energy_transfer --headless --quiet --edmd-acc=0 --seed-drift-order=drift-first --energy-transfer-summary=experiments_energy_transfer/level2_slope_20260917/u0.01/summary.csv --energy-transfer-trace=experiments_energy_transfer/level2_slope_20260917/u0.01/tr_9230.csv --particles=100 --particles-boxes=50,50 --particle-radius=0.5 --l0=39.25 --height=10 --num-walls=1 --wall-positions=39.25 --wall-mass-factors=1000000000 --piston-right-protocol-mode=step --velocity-right-piston-step=0.01 --max-right-piston-travel=3.93 --auto-piston-step --wall-hold-steps=12000 --steps=36000 --fixed-dt=0.4 --energy-measurement --eff-output=wall-ke --kbt1 --seed=9230",9230
2026-09-17 10:39:24,energy_transfer,edmd,36000,12000,0.0166666669,39.25,10,100,0.5,nan,0.100050721,0.100050721,1,39.25,1e+09,50;50,1,0.0416666667,1,1,0.00999999978,100,1000,nan,39.25,1,step,74.5700022,-0.00999999978,step,3.93000007,0.00999999978,nan,nan,0.00999999978,nan,nan,7.53919894,1.79317376e-05,2.37846723e-06,0.999997622,7.53918101,4.0915952e-06,6.58824956e-06,2.49665436e-06,3.3115645e-07,20,418.016724,/Users/chrisharing/Desktop/CCS_complex_coupled_systems/Repo/HardDisks/hspist3/experiments_energy_transfer/level2_slope_20260917/u0.01/tr_9232.csv,435.700012,17.6832886,0,"./00ALLINONE --mode=edmd --experiment=energy_transfer --headless --quiet --edmd-acc=0 --seed-drift-order=drift-first --energy-transfer-summary=experiments_energy_transfer/level2_slope_20260917/u0.01/summary.csv --energy-transfer-trace=experiments_energy_transfer/level2_slope_20260917/u0.01/tr_9232.csv --particles=100 --particles-boxes=50,50 --particle-radius=0.5 --l0=39.25 --height=10 --num-walls=1 --wall-positions=39.25 --wall-mass-factors=1000000000 --piston-right-protocol-mode=step --velocity-right-piston-step=0.01 --max-right-piston-travel=3.93 --auto-piston-step --wall-hold-steps=12000 --steps=36000 --fixed-dt=0.4 --energy-measurement --eff-output=wall-ke --kbt1 --seed=9232",9232
2026-09-17 10:39:24,energy_transfer,edmd,36000,12000,0.0166666669,39.25,10,100,0.5,nan,0.100050721,0.100050721,1,39.25,1e+09,50;50,1,0.0416666667,1,1,0.00999999978,100,1000,nan,39.25,1,step,74.5700022,-0.00999999978,step,3.93000007,0.00999999978,nan,nan,0.00999999978,nan,nan,7.53883726,1.15958874e-05,1.5381533e-06,0.999998462,7.53882566,3.01778095e-06,4.12853115e-06,1.11075019e-06,1.4733707e-07,20,418.016724,/Users/chrisharing/Desktop/CCS_complex_coupled_systems/Repo/HardDisks/hspist3/experiments_energy_transfer/level2_slope_20260917/u0.01/tr_9233.csv,429.18335,11.166626,0,"./00ALLINONE --mode=edmd --experiment=energy_transfer --headless --quiet --edmd-acc=0 --seed-drift-order=drift-first --energy-transfer-summary=experiments_energy_transfer/level2_slope_20260917/u0.01/summary.csv --energy-transfer-trace=experiments_energy_transfer/level2_slope_20260917/u0.01/tr_9233.csv --particles=100 --particles-boxes=50,50 --particle-radius=0.5 --l0=39.25 --height=10 --num-walls=1 --wall-positions=39.25 --wall-mass-factors=1000000000 --piston-right-protocol-mode=step --velocity-right-piston-step=0.01 --max-right-piston-travel=3.93 --auto-piston-step --wall-hold-steps=12000 --steps=36000 --fixed-dt=0.4 --energy-measurement --eff-output=wall-ke --kbt1 --seed=9233",9233
2026-09-17 10:39:24,energy_transfer,edmd,36000,12000,0.0166666669,39.25,10,100,0.5,nan,0.100050721,0.100050721,1,39.25,1e+09,50;50,1,0.0416666667,1,1,0.00999999978,100,1000,nan,39.25,1,step,74.5700022,-0.00999999978,step,3.93000007,0.00999999978,nan,nan,0.00999999978,nan,nan,7.49820476,2.28876088e-05,3.05241181e-06,0.999996948,7.49818187,8.20890091e-06,8.33572085e-06,1.26819941e-07,1.6913374e-08,20,418.016724,/Users/chrisharing/Desktop/CCS_complex_coupled_systems/Repo/HardDisks/hspist3/experiments_energy_transfer/level2_slope_20260917/u0.01/tr_9234.csv,436.016724,18,1,"./00ALLINONE --mode=edmd --experiment=energy_transfer --headless --quiet --edmd-acc=0 --seed-drift-order=drift-first --energy-transfer-summary=experiments_energy_transfer/level2_slope_20260917/u0.01/summary.csv --energy-transfer-trace=experiments_energy_transfer/level2_slope_20260917/u0.01/tr_9234.csv --particles=100 --particles-boxes=50,50 --particle-radius=0.5 --l0=39.25 --height=10 --num-walls=1 --wall-positions=39.25 --wall-mass-factors=1000000000 --piston-right-protocol-mode=step --velocity-right-piston-step=0.01 --max-right-piston-travel=3.93 --auto-piston-step --wall-hold-steps=12000 --steps=36000 --fixed-dt=0.4 --energy-measurement --eff-output=wall-ke --kbt1 --seed=9234",9234
2026-09-17 10:39:25,energy_transfer,edmd,36000,12000,0.0166666669,39.25,10,100,0.5,nan,0.100050721,0.100050721,1,39.25,1e+09,50;50,1,0.0416666667,1,1,0.00999999978,100,1000,nan,39.25,1,step,74.5700022,-0.00999999978,step,3.93000007,0.00999999978,nan,nan,0.00999999978,nan,nan,7.43819221,1.55773614e-05,2.09424024e-06,0.999997906,7.43817663,3.62921378e-06,4.77174581e-06,1.14253203e-06,1.53603456e-07,20,418.016724,/Users/chrisharing/Desktop/CCS_complex_coupled_systems/Repo/HardDisks/hspist3/experiments_energy_transfer/level2_slope_20260917/u0.01/tr_9235.csv,437.383362,19.3666382,1,"./00ALLINONE --mode=edmd --experiment=energy_transfer --headless --quiet --edmd-acc=0 --seed-drift-order=drift-first --energy-transfer-summary=experiments_energy_transfer/level2_slope_20260917/u0.01/summary.csv --energy-transfer-trace=experiments_energy_transfer/level2_slope_20260917/u0.01/tr_9235.csv --particles=100 --particles-boxes=50,50 --particle-radius=0.5 --l0=39.25 --height=10 --num-walls=1 --wall-positions=39.25 --wall-mass-factors=1000000000 --piston-right-protocol-mode=step --velocity-right-piston-step=0.01 --max-right-piston-travel=3.93 --auto-piston-step --wall-hold-steps=12000 --steps=36000 --fixed-dt=0.4 --energy-measurement --eff-output=wall-ke --kbt1 --seed=9235",9235
2026-09-17 10:39:26,energy_transfer,edmd,36000,12000,0.0166666669,39.25,10,100,0.5,nan,0.100050721,0.100050721,1,39.25,1e+09,50;50,1,0.0416666667,1,1,0.00999999978,100,1000,nan,39.25,1,step,74.5700022,-0.00999999978,step,3.93000007,0.00999999978,nan,nan,0.00999999978,nan,nan,7.44661477,1.99512579e-05,2.67923862e-06,0.999997321,7.44659482,3.06433094e-06,5.68592213e-06,2.62159119e-06,3.52051405e-07,20,418.016724,/Users/chrisharing/Desktop/CCS_complex_coupled_systems/Repo/HardDisks/hspist3/experiments_energy_transfer/level2_slope_20260917/u0.01/tr_9237.csv,434.300049,16.2833252,0,"./00ALLINONE --mode=edmd --experiment=energy_transfer --headless --quiet --edmd-acc=0 --seed-drift-order=drift-first --energy-transfer-summary=experiments_energy_transfer/level2_slope_20260917/u0.01/summary.csv --energy-transfer-trace=experiments_energy_transfer/level2_slope_20260917/u0.01/tr_9237.csv --particles=100 --particles-boxes=50,50 --particle-radius=0.5 --l0=39.25 --height=10 --num-walls=1 --wall-positions=39.25 --wall-mass-factors=1000000000 --piston-right-protocol-mode=step --velocity-right-piston-step=0.01 --max-right-piston-travel=3.93 --auto-piston-step --wall-hold-steps=12000 --steps=36000 --fixed-dt=0.4 --energy-measurement --eff-output=wall-ke --kbt1 --seed=9237",9237
2026-09-17 10:39:26,energy_transfer,edmd,36000,12000,0.0166666669,39.25,10,100,0.5,nan,0.100050721,0.100050721,1,39.25,1e+09,50;50,1,0.0416666667,1,1,0.00999999978,100,1000,nan,39.25,1,step,74.5700022,-0.00999999978,step,3.93000007,0.00999999978,nan,nan,0.00999999978,nan,nan,7.59968362,2.22852141e-05,2.93238708e-06,0.999997068,7.59966133,4.1706644e-06,6.81397887e-06,2.64331447e-06,3.47819016e-07,20,418.016724,/Users/chrisharing/Desktop/CCS_complex_coupled_systems/Repo/HardDisks/hspist3/experiments_energy_transfer/level2_slope_20260917/u0.01/tr_9236.csv,433.68335,15.666626,0,"./00ALLINONE --mode=edmd --experiment=energy_transfer --headless --quiet --edmd-acc=0 --seed-drift-order=drift-first --energy-transfer-summary=experiments_energy_transfer/level2_slope_20260917/u0.01/summary.csv --energy-transfer-trace=experiments_energy_transfer/level2_slope_20260917/u0.01/tr_9236.csv --particles=100 --particles-boxes=50,50 --particle-radius=0.5 --l0=39.25 --height=10 --num-walls=1 --wall-positions=39.25 --wall-mass-factors=1000000000 --piston-right-protocol-mode=step --velocity-right-piston-step=0.01 --max-right-piston-travel=3.93 --auto-piston-step --wall-hold-steps=12000 --steps=36000 --fixed-dt=0.4 --energy-measurement --eff-output=wall-ke --kbt1 --seed=9236",9236
2026-09-17 10:39:26,energy_transfer,edmd,36000,12000,0.0166666669,39.25,10,100,0.5,nan,0.100050721,0.100050721,1,39.25,1e+09,50;50,1,0.0416666667,1,1,0.00999999978,100,1000,nan,39.25,1,step,74.5700022,-0.00999999978,step,3.93000007,0.00999999978,nan,nan,0.00999999978,nan,nan,7.55696836,2.00990762e-05,2.65967452e-06,0.99999734,7.55694826,5.41316604e-06,6.98853637e-06,1.57537033e-06,2.08465916e-07,20,418.016724,/Users/chrisharing/Desktop/CCS_complex_coupled_systems/Repo/HardDisks/hspist3/experiments_energy_transfer/level2_slope_20260917/u0.01/tr_9238.csv,437.316711,19.2999878,1,"./00ALLINONE --mode=edmd --experiment=energy_transfer --headless --quiet --edmd-acc=0 --seed-drift-order=drift-first --energy-transfer-summary=experiments_energy_transfer/level2_slope_20260917/u0.01/summary.csv --energy-transfer-trace=experiments_energy_transfer/level2_slope_20260917/u0.01/tr_9238.csv --particles=100 --particles-boxes=50,50 --particle-radius=0.5 --l0=39.25 --height=10 --num-walls=1 --wall-positions=39.25 --wall-mass-factors=1000000000 --piston-right-protocol-mode=step --velocity-right-piston-step=0.01 --max-right-piston-travel=3.93 --auto-piston-step --wall-hold-steps=12000 --steps=36000 --fixed-dt=0.4 --energy-measurement --eff-output=wall-ke --kbt1 --seed=9238",9238
2026-09-17 10:39:26,energy_transfer,edmd,36000,12000,0.0166666669,39.25,10,100,0.5,nan,0.100050721,0.100050721,1,39.25,1e+09,50;50,1,0.0416666667,1,1,0.00999999978,100,1000,nan,39.25,1,step,74.5700022,-0.00999999978,step,3.93000007,0.00999999978,nan,nan,0.00999999978,nan,nan,7.53376613,1.39590557e-05,1.85286554e-06,0.999998147,7.53375217,4.55458257e-06,5.36331027e-06,8.08727691e-07,1.07347066e-07,20,418.016724,/Users/chrisharing/Desktop/CCS_complex_coupled_systems/Repo/HardDisks/hspist3/experiments_energy_transfer/level2_slope_20260917/u0.01/tr_9240.csv,435.266724,17.25,0,"./00ALLINONE --mode=edmd --experiment=energy_transfer --headless --quiet --edmd-acc=0 --seed-drift-order=drift-first --energy-transfer-summary=experiments_energy_transfer/level2_slope_20260917/u0.01/summary.csv --energy-transfer-trace=experiments_energy_transfer/level2_slope_20260917/u0.01/tr_9240.csv --particles=100 --particles-boxes=50,50 --particle-radius=0.5 --l0=39.25 --height=10 --num-walls=1 --wall-positions=39.25 --wall-mass-factors=1000000000 --piston-right-protocol-mode=step --velocity-right-piston-step=0.01 --max-right-piston-travel=3.93 --auto-piston-step --wall-hold-steps=12000 --steps=36000 --fixed-dt=0.4 --energy-measurement --eff-output=wall-ke --kbt1 --seed=9240",9240
2026-09-17 10:39:26,energy_transfer,edmd,36000,12000,0.0166666669,39.25,10,100,0.5,nan,0.100050721,0.100050721,1,39.25,1e+09,50;50,1,0.0416666667,1,1,0.00999999978,100,1000,nan,39.25,1,step,74.5700022,-0.00999999978,step,3.93000007,0.00999999978,nan,nan,0.00999999978,nan,nan,7.36653123,2.05317428e-05,2.78716566e-06,0.999997213,7.3665107,6.11627593e-06,7.00721193e-06,8.90936008e-07,1.20943763e-07,20,418.016724,/Users/chrisharing/Desktop/CCS_complex_coupled_systems/Repo/HardDisks/hspist3/experiments_energy_transfer/level2_slope_20260917/u0.01/tr_9243.csv,437.783386,19.7666626,1,"./00ALLINONE --mode=edmd --experiment=energy_transfer --headless --quiet --edmd-acc=0 --seed-drift-order=drift-first --energy-transfer-summary=experiments_energy_transfer/level2_slope_20260917/u0.01/summary.csv --energy-transfer-trace=experiments_energy_transfer/level2_slope_20260917/u0.01/tr_9243.csv --particles=100 --particles-boxes=50,50 --particle-radius=0.5 --l0=39.25 --height=10 --num-walls=1 --wall-positions=39.25 --wall-mass-factors=1000000000 --piston-right-protocol-mode=step --velocity-right-piston-step=0.01 --max-right-piston-travel=3.93 --auto-piston-step --wall-hold-steps=12000 --steps=36000 --fixed-dt=0.4 --energy-measurement --eff-output=wall-ke --kbt1 --seed=9243",9243
2026-09-17 10:39:26,energy_transfer,edmd,36000,12000,0.0166666669,39.25,10,100,0.5,nan,0.100050721,0.100050721,1,39.25,1e+09,50;50,1,0.0416666667,1,1,0.00999999978,100,1000,nan,39.25,1,step,74.5700022,-0.00999999978,step,3.93000007,0.00999999978,nan,nan,0.00999999978,nan,nan,7.42498056,1.84256478e-05,2.48157522e-06,0.999997518,7.42496213,4.53313805e-06,5.85069347e-06,1.31755542e-06,1.77449005e-07,20,418.016724,/Users/chrisharing/Desktop/CCS_complex_coupled_systems/Repo/HardDisks/hspist3/experiments_energy_transfer/level2_slope_20260917/u0.01/tr_9239.csv,435.033386,17.0166626,0,"./00ALLINONE --mode=edmd --experiment=energy_transfer --headless --quiet --edmd-acc=0 --seed-drift-order=drift-first --energy-transfer-summary=experiments_energy_transfer/level2_slope_20260917/u0.01/summary.csv --energy-transfer-trace=experiments_energy_transfer/level2_slope_20260917/u0.01/tr_9239.csv --particles=100 --particles-boxes=50,50 --particle-radius=0.5 --l0=39.25 --height=10 --num-walls=1 --wall-positions=39.25 --wall-mass-factors=1000000000 --piston-right-protocol-mode=step --velocity-right-piston-step=0.01 --max-right-piston-travel=3.93 --auto-piston-step --wall-hold-steps=12000 --steps=36000 --fixed-dt=0.4 --energy-measurement --eff-output=wall-ke --kbt1 --seed=9239",9239
2026-09-17 10:39:26,energy_transfer,edmd,36000,12000,0.0166666669,39.25,10,100,0.5,nan,0.100050721,0.100050721,1,39.25,1e+09,50;50,1,0.0416666667,1,1,0.00999999978,100,1000,nan,39.25,1,step,74.5700022,-0.00999999978,step,3.93000007,0.00999999978,nan,nan,0.00999999978,nan,nan,7.62348261,2.27210658e-05,2.98040501e-06,0.99999702,7.62345989,5.34490346e-06,6.88089904e-06,1.53599558e-06,2.01482139e-07,20,418.016724,/Users/chrisharing/Desktop/CCS_complex_coupled_systems/Repo/HardDisks/hspist3/experiments_energy_transfer/level2_slope_20260917/u0.01/tr_9241.csv,430.066711,12.0499878,0,"./00ALLINONE --mode=edmd --experiment=energy_transfer --headless --quiet --edmd-acc=0 --seed-drift-order=drift-first --energy-transfer-summary=experiments_energy_transfer/level2_slope_20260917/u0.01/summary.csv --energy-transfer-trace=experiments_energy_transfer/level2_slope_20260917/u0.01/tr_9241.csv --particles=100 --particles-boxes=50,50 --particle-radius=0.5 --l0=39.25 --height=10 --num-walls=1 --wall-positions=39.25 --wall-mass-factors=1000000000 --piston-right-protocol-mode=step --velocity-right-piston-step=0.01 --max-right-piston-travel=3.93 --auto-piston-step --wall-hold-steps=12000 --steps=36000 --fixed-dt=0.4 --energy-measurement --eff-output=wall-ke --kbt1 --seed=9241",9241
2026-09-17 10:39:27,energy_transfer,edmd,36000,12000,0.0166666669,39.25,10,100,0.5,nan,0.100050721,0.100050721,1,39.25,1e+09,50;50,1,0.0416666667,1,1,0.00999999978,100,1000,nan,39.25,1,step,74.5700022,-0.00999999978,step,3.93000007,0.00999999978,nan,nan,0.00999999978,nan,nan,7.60172209,2.31974373e-05,3.05160291e-06,0.999996948,7.6016989,7.25736891e-06,8.37355674e-06,1.11618783e-06,1.46833549e-07,20,418.016724,/Users/chrisharing/Desktop/CCS_complex_coupled_systems/Repo/HardDisks/hspist3/experiments_energy_transfer/level2_slope_20260917/u0.01/tr_9242.csv,426.166687,8.14996338,0,"./00ALLINONE --mode=edmd --experiment=energy_transfer --headless --quiet --edmd-acc=0 --seed-drift-order=drift-first --energy-transfer-summary=experiments_energy_transfer/level2_slope_20260917/u0.01/summary.csv --energy-transfer-trace=experiments_energy_transfer/level2_slope_20260917/u0.01/tr_9242.csv --particles=100 --particles-boxes=50,50 --particle-radius=0.5 --l0=39.25 --height=10 --num-walls=1 --wall-positions=39.25 --wall-mass-factors=1000000000 --piston-right-protocol-mode=step --velocity-right-piston-step=0.01 --max-right-piston-travel=3.93 --auto-piston-step --wall-hold-steps=12000 --steps=36000 --fixed-dt=0.4 --energy-measurement --eff-output=wall-ke --kbt1 --seed=9242",9242
2026-09-17 10:39:27,energy_transfer,edmd,36000,12000,0.0166666669,39.25,10,100,0.5,nan,0.100050721,0.100050721,1,39.25,1e+09,50;50,1,0.0416666667,1,1,0.00999999978,100,1000,nan,39.25,1,step,74.5700022,-0.00999999978,step,3.93000007,0.00999999978,nan,nan,0.00999999978,nan,nan,7.24377047,1.68258248e-05,2.32279927e-06,0.999997677,7.24375365,2.69202133e-06,3.85292697e-06,1.16090564e-06,1.60262621e-07,20,418.016724,/Users/chrisharing/Desktop/CCS_complex_coupled_systems/Repo/HardDisks/hspist3/experiments_energy_transfer/level2_slope_20260917/u0.01/tr_9244.csv,437.566711,19.5499878,1,"./00ALLINONE --mode=edmd --experiment=energy_transfer --headless --quiet --edmd-acc=0 --seed-drift-order=drift-first --energy-transfer-summary=experiments_energy_transfer/level2_slope_20260917/u0.01/summary.csv --energy-transfer-trace=experiments_energy_transfer/level2_slope_20260917/u0.01/tr_9244.csv --particles=100 --particles-boxes=50,50 --particle-radius=0.5 --l0=39.25 --height=10 --num-walls=1 --wall-positions=39.25 --wall-mass-factors=1000000000 --piston-right-protocol-mode=step --velocity-right-piston-step=0.01 --max-right-piston-travel=3.93 --auto-piston-step --wall-hold-steps=12000 --steps=36000 --fixed-dt=0.4 --energy-measurement --eff-output=wall-ke --kbt1 --seed=9244",9244
2026-09-17 10:39:28,energy_transfer,edmd,36000,12000,0.0166666669,39.25,10,100,0.5,nan,0.100050721,0.100050721,1,39.25,1e+09,50;50,1,0.0416666667,1,1,0.00999999978,100,1000,nan,39.25,1,step,74.5700022,-0.00999999978,step,3.93000007,0.00999999978,nan,nan,0.00999999978,nan,nan,7.64021151,2.2154125e-05,2.8996743e-06,0.9999971,7.64018936,6.63498486e-06,9.02485681e-06,2.38987195e-06,3.12801805e-07,20,418.016724,/Users/chrisharing/Desktop/CCS_complex_coupled_systems/Repo/HardDisks/hspist3/experiments_energy_transfer/level2_slope_20260917/u0.01/tr_9245.csv,430.283386,12.2666626,0,"./00ALLINONE --mode=edmd --experiment=energy_transfer --headless --quiet --edmd-acc=0 --seed-drift-order=drift-first --energy-transfer-summary=experiments_energy_transfer/level2_slope_20260917/u0.01/summary.csv --energy-transfer-trace=experiments_energy_transfer/level2_slope_20260917/u0.01/tr_9245.csv --particles=100 --particles-boxes=50,50 --particle-radius=0.5 --l0=39.25 --height=10 --num-walls=1 --wall-positions=39.25 --wall-mass-factors=1000000000 --piston-right-protocol-mode=step --velocity-right-piston-step=0.01 --max-right-piston-travel=3.93 --auto-piston-step --wall-hold-steps=12000 --steps=36000 --fixed-dt=0.4 --energy-measurement --eff-output=wall-ke --kbt1 --seed=9245",9245
2026-09-17 10:39:28,energy_transfer,edmd,36000,12000,0.0166666669,39.25,10,100,0.5,nan,0.100050721,0.100050721,1,39.25,1e+09,50;50,1,0.0416666667,1,1,0.00999999978,100,1000,nan,39.25,1,step,74.5700022,-0.00999999978,step,3.93000007,0.00999999978,nan,nan,0.00999999978,nan,nan,7.21356507,1.56763672e-05,2.17317887e-06,0.999997827,7.21354939,2.88582464e-06,3.7433299e-06,8.57505256e-07,1.18873989e-07,20,418.016724,/Users/chrisharing/Desktop/CCS_complex_coupled_systems/Repo/HardDisks/hspist3/experiments_energy_transfer/level2_slope_20260917/u0.01/tr_9247.csv,430.283386,12.2666626,0,"./00ALLINONE --mode=edmd --experiment=energy_transfer --headless --quiet --edmd-acc=0 --seed-drift-order=drift-first --energy-transfer-summary=experiments_energy_transfer/level2_slope_20260917/u0.01/summary.csv --energy-transfer-trace=experiments_energy_transfer/level2_slope_20260917/u0.01/tr_9247.csv --particles=100 --particles-boxes=50,50 --particle-radius=0.5 --l0=39.25 --height=10 --num-walls=1 --wall-positions=39.25 --wall-mass-factors=1000000000 --piston-right-protocol-mode=step --velocity-right-piston-step=0.01 --max-right-piston-travel=3.93 --auto-piston-step --wall-hold-steps=12000 --steps=36000 --fixed-dt=0.4 --energy-measurement --eff-output=wall-ke --kbt1 --seed=9247",9247
2026-09-17 10:39:28,energy_transfer,edmd,36000,12000,0.0166666669,39.25,10,100,0.5,nan,0.100050721,0.100050721,1,39.25,1e+09,50;50,1,0.0416666667,1,1,0.00999999978,100,1000,nan,39.25,1,step,74.5700022,-0.00999999978,step,3.93000007,0.00999999978,nan,nan,0.00999999978,nan,nan,7.55769056,2.16154313e-05,2.86005772e-06,0.99999714,7.55766894,6.45333739e-06,8.2795641e-06,1.82622671e-06,2.41638195e-07,20,418.016724,/Users/chrisharing/Desktop/CCS_complex_coupled_systems/Repo/HardDisks/hspist3/experiments_energy_transfer/level2_slope_20260917/u0.01/tr_9246.csv,437.050049,19.0333252,1,"./00ALLINONE --mode=edmd --experiment=energy_transfer --headless --quiet --edmd-acc=0 --seed-drift-order=drift-first --energy-transfer-summary=experiments_energy_transfer/level2_slope_20260917/u0.01/summary.csv --energy-transfer-trace=experiments_energy_transfer/level2_slope_20260917/u0.01/tr_9246.csv --particles=100 --particles-boxes=50,50 --particle-radius=0.5 --l0=39.25 --height=10 --num-walls=1 --wall-positions=39.25 --wall-mass-factors=1000000000 --piston-right-protocol-mode=step --velocity-right-piston-step=0.01 --max-right-piston-travel=3.93 --auto-piston-step --wall-hold-steps=12000 --steps=36000 --fixed-dt=0.4 --energy-measurement --eff-output=wall-ke --kbt1 --seed=9246",9246
2026-09-17 10:39:29,energy_transfer,edmd,36000,12000,0.0166666669,39.25,10,100,0.5,nan,0.100050721,0.100050721,1,39.25,1e+09,50;50,1,0.0416666667,1,1,0.00999999978,100,1000,nan,39.25,1,step,74.5700022,-0.00999999978,step,3.93000007,0.00999999978,nan,nan,0.00999999978,nan,nan,7.5525984,2.30210608e-05,3.04809809e-06,0.999996952,7.55257538,5.08856419e-06,6.2215413e-06,1.1329771e-06,1.50011565e-07,20,418.016724,/Users/chrisharing/Desktop/CCS_complex_coupled_systems/Repo/HardDisks/hspist3/experiments_energy_transfer/level2_slope_20260917/u0.01/tr_9254.csv,433.700012,15.6832886,0,"./00ALLINONE --mode=edmd --experiment=energy_transfer --headless --quiet --edmd-acc=0 --seed-drift-order=drift-first --energy-transfer-summary=experiments_energy_transfer/level2_slope_20260917/u0.01/summary.csv --energy-transfer-trace=experiments_energy_transfer/level2_slope_20260917/u0.01/tr_9254.csv --particles=100 --particles-boxes=50,50 --particle-radius=0.5 --l0=39.25 --height=10 --num-walls=1 --wall-positions=39.25 --wall-mass-factors=1000000000 --piston-right-protocol-mode=step --velocity-right-piston-step=0.01 --max-right-piston-travel=3.93 --auto-piston-step --wall-hold-steps=12000 --steps=36000 --fixed-dt=0.4 --energy-measurement --eff-output=wall-ke --kbt1 --seed=9254",9254
2026-09-17 10:39:29,energy_transfer,edmd,36000,12000,0.0166666669,39.25,10,100,0.5,nan,0.100050721,0.100050721,1,39.25,1e+09,50;50,1,0.0416666667,1,1,0.00999999978,100,1000,nan,39.25,1,step,74.5700022,-0.00999999978,step,3.93000007,0.00999999978,nan,nan,0.00999999978,nan,nan,7.40396452,1.82174172e-05,2.46049493e-06,0.99999754,7.4039463,4.53230814e-06,5.16038654e-06,6.28078396e-07,8.48300117e-08,20,418.016724,/Users/chrisharing/Desktop/CCS_complex_coupled_systems/Repo/HardDisks/hspist3/experiments_energy_transfer/level2_slope_20260917/u0.01/tr_9249.csv,428.833374,10.8166504,0,"./00ALLINONE --mode=edmd --experiment=energy_transfer --headless --quiet --edmd-acc=0 --seed-drift-order=drift-first --energy-transfer-summary=experiments_energy_transfer/level2_slope_20260917/u0.01/summary.csv --energy-transfer-trace=experiments_energy_transfer/level2_slope_20260917/u0.01/tr_9249.csv --particles=100 --particles-boxes=50,50 --particle-radius=0.5 --l0=39.25 --height=10 --num-walls=1 --wall-positions=39.25 --wall-mass-factors=1000000000 --piston-right-protocol-mode=step --velocity-right-piston-step=0.01 --max-right-piston-travel=3.93 --auto-piston-step --wall-hold-steps=12000 --steps=36000 --fixed-dt=0.4 --energy-measurement --eff-output=wall-ke --kbt1 --seed=9249",9249
2026-09-17 10:39:29,energy_transfer,edmd,36000,12000,0.0166666669,39.25,10,100,0.5,nan,0.100050721,0.100050721,1,39.25,1e+09,50;50,1,0.0416666667,1,1,0.00999999978,100,1000,nan,39.25,1,step,74.5700022,-0.00999999978,step,3.93000007,0.00999999978,nan,nan,0.00999999978,nan,nan,7.52636857,1.70980311e-05,2.27175044e-06,0.999997728,7.52635147,3.6202764e-06,5.60464969e-06,1.98437328e-06,2.6365614e-07,20,418.016724,/Users/chrisharing/Desktop/CCS_complex_coupled_systems/Repo/HardDisks/hspist3/experiments_energy_transfer/level2_slope_20260917/u0.01/tr_9248.csv,433.033386,15.0166626,0,"./00ALLINONE --mode=edmd --experiment=energy_transfer --headless --quiet --edmd-acc=0 --seed-drift-order=drift-first --energy-transfer-summary=experiments_energy_transfer/level2_slope_20260917/u0.01/summary.csv --energy-transfer-trace=experiments_energy_transfer/level2_slope_20260917/u0.01/tr_9248.csv --particles=100 --particles-boxes=50,50 --particle-radius=0.5 --l0=39.25 --height=10 --num-walls=1 --wall-positions=39.25 --wall-mass-factors=1000000000 --piston-right-protocol-mode=step --velocity-right-piston-step=0.01 --max-right-piston-travel=3.93 --auto-piston-step --wall-hold-steps=12000 --steps=36000 --fixed-dt=0.4 --energy-measurement --eff-output=wall-ke --kbt1 --seed=9248",9248
2026-09-17 10:39:29,energy_transfer,edmd,36000,12000,0.0166666669,39.25,10,100,0.5,nan,0.100050721,0.100050721,1,39.25,1e+09,50;50,1,0.0416666667,1,1,0.00999999978,100,1000,nan,39.25,1,step,74.5700022,-0.00999999978,step,3.93000007,0.00999999978,nan,nan,0.00999999978,nan,nan,7.26992402,9.88034571e-06,1.35907139e-06,0.999998641,7.26991414,1.75282196e-06,2.00848967e-06,2.55667715e-07,3.51678661e-08,20,418.016724,/Users/chrisharing/Desktop/CCS_complex_coupled_systems/Repo/HardDisks/hspist3/experiments_energy_transfer/level2_slope_20260917/u0.01/tr_9250.csv,427.566711,9.54998779,0,"./00ALLINONE --mode=edmd --experiment=energy_transfer --headless --quiet --edmd-acc=0 --seed-drift-order=drift-first --energy-transfer-summary=experiments_energy_transfer/level2_slope_20260917/u0.01/summary.csv --energy-transfer-trace=experiments_energy_transfer/level2_slope_20260917/u0.01/tr_9250.csv --particles=100 --particles-boxes=50,50 --particle-radius=0.5 --l0=39.25 --height=10 --num-walls=1 --wall-positions=39.25 --wall-mass-factors=1000000000 --piston-right-protocol-mode=step --velocity-right-piston-step=0.01 --max-right-piston-travel=3.93 --auto-piston-step --wall-hold-steps=12000 --steps=36000 --fixed-dt=0.4 --energy-measurement --eff-output=wall-ke --kbt1 --seed=9250",9250
2026-09-17 10:39:29,energy_transfer,edmd,36000,12000,0.0166666669,39.25,10,100,0.5,nan,0.100050721,0.100050721,1,39.25,1e+09,50;50,1,0.0416666667,1,1,0.00999999978,100,1000,nan,39.25,1,step,74.5700022,-0.00999999978,step,3.93000007,0.00999999978,nan,nan,0.00999999978,nan,nan,7.3282613,1.65743204e-05,2.26169888e-06,0.999997738,7.32824473,2.64158712e-06,3.28920305e-06,6.47615934e-07,8.83723857e-08,20,418.016724,/Users/chrisharing/Desktop/CCS_complex_coupled_systems/Repo/HardDisks/hspist3/experiments_energy_transfer/level2_slope_20260917/u0.01/tr_9251.csv,437.716675,19.6999512,1,"./00ALLINONE --mode=edmd --experiment=energy_transfer --headless --quiet --edmd-acc=0 --seed-drift-order=drift-first --energy-transfer-summary=experiments_energy_transfer/level2_slope_20260917/u0.01/summary.csv --energy-transfer-trace=experiments_energy_transfer/level2_slope_20260917/u0.01/tr_9251.csv --particles=100 --particles-boxes=50,50 --particle-radius=0.5 --l0=39.25 --height=10 --num-walls=1 --wall-positions=39.25 --wall-mass-factors=1000000000 --piston-right-protocol-mode=step --velocity-right-piston-step=0.01 --max-right-piston-travel=3.93 --auto-piston-step --wall-hold-steps=12000 --steps=36000 --fixed-dt=0.4 --energy-measurement --eff-output=wall-ke --kbt1 --seed=9251",9251
2026-09-17 10:39:29,energy_transfer,edmd,36000,12000,0.0166666669,39.25,10,100,0.5,nan,0.100050721,0.100050721,1,39.25,1e+09,50;50,1,0.0416666667,1,1,0.00999999978,100,1000,nan,39.25,1,step,74.5700022,-0.00999999978,step,3.93000007,0.00999999978,nan,nan,0.00999999978,nan,nan,7.63747858,1.93630767e-05,2.53527084e-06,0.999997465,7.63745921,5.93911773e-06,7.64451488e-06,1.70539715e-06,2.23293216e-07,20,418.016724,/Users/chrisharing/Desktop/CCS_complex_coupled_systems/Repo/HardDisks/hspist3/experiments_energy_transfer/level2_slope_20260917/u0.01/tr_9253.csv,426.733337,8.71661377,0,"./00ALLINONE --mode=edmd --experiment=energy_transfer --headless --quiet --edmd-acc=0 --seed-drift-order=drift-first --energy-transfer-summary=experiments_energy_transfer/level2_slope_20260917/u0.01/summary.csv --energy-transfer-trace=experiments_energy_transfer/level2_slope_20260917/u0.01/tr_9253.csv --particles=100 --particles-boxes=50,50 --particle-radius=0.5 --l0=39.25 --height=10 --num-walls=1 --wall-positions=39.25 --wall-mass-factors=1000000000 --piston-right-protocol-mode=step --velocity-right-piston-step=0.01 --max-right-piston-travel=3.93 --auto-piston-step --wall-hold-steps=12000 --steps=36000 --fixed-dt=0.4 --energy-measurement --eff-output=wall-ke --kbt1 --seed=9253",9253
2026-09-17 10:39:29,energy_transfer,edmd,36000,12000,0.0166666669,39.25,10,100,0.5,nan,0.100050721,0.100050721,1,39.25,1e+09,50;50,1,0.0416666667,1,1,0.00999999978,100,1000,nan,39.25,1,step,74.5700022,-0.00999999978,step,3.93000007,0.00999999978,nan,nan,0.00999999978,nan,nan,7.40747582,1.8085806e-05,2.44156126e-06,0.999997558,7.40745773,4.41725388e-06,6.07674156e-06,1.65948768e-06,2.24028768e-07,20,418.016724,/Users/chrisharing/Desktop/CCS_complex_coupled_systems/Repo/HardDisks/hspist3/experiments_energy_transfer/level2_slope_20260917/u0.01/tr_9252.csv,429,10.9832764,0,"./00ALLINONE --mode=edmd --experiment=energy_transfer --headless --quiet --edmd-acc=0 --seed-drift-order=drift-first --energy-transfer-summary=experiments_energy_transfer/level2_slope_20260917/u0.01/summary.csv --energy-transfer-trace=experiments_energy_transfer/level2_slope_20260917/u0.01/tr_9252.csv --particles=100 --particles-boxes=50,50 --particle-radius=0.5 --l0=39.25 --height=10 --num-walls=1 --wall-positions=39.25 --wall-mass-factors=1000000000 --piston-right-protocol-mode=step --velocity-right-piston-step=0.01 --max-right-piston-travel=3.93 --auto-piston-step --wall-hold-steps=12000 --steps=36000 --fixed-dt=0.4 --energy-measurement --eff-output=wall-ke --kbt1 --seed=9252",9252
2026-09-17 10:39:30,energy_transfer,edmd,36000,12000,0.0166666669,39.25,10,100,0.5,nan,0.100050721,0.100050721,1,39.25,1e+09,50;50,1,0.0416666667,1,1,0.00999999978,100,1000,nan,39.25,1,step,74.5700022,-0.00999999978,step,3.93000007,0.00999999978,nan,nan,0.00999999978,nan,nan,7.41119225,1.44945434e-05,1.95576405e-06,0.999998044,7.41117775,2.20972902e-06,4.97413021e-06,2.76440119e-06,3.73003573e-07,20,418.016724,/Users/chrisharing/Desktop/CCS_complex_coupled_systems/Repo/HardDisks/hspist3/experiments_energy_transfer/level2_slope_20260917/u0.01/tr_9255.csv,437.383362,19.3666382,1,"./00ALLINONE --mode=edmd --experiment=energy_transfer --headless --quiet --edmd-acc=0 --seed-drift-order=drift-first --energy-transfer-summary=experiments_energy_transfer/level2_slope_20260917/u0.01/summary.csv --energy-transfer-trace=experiments_energy_transfer/level2_slope_20260917/u0.01/tr_9255.csv --particles=100 --particles-boxes=50,50 --particle-radius=0.5 --l0=39.25 --height=10 --num-walls=1 --wall-positions=39.25 --wall-mass-factors=1000000000 --piston-right-protocol-mode=step --velocity-right-piston-step=0.01 --max-right-piston-travel=3.93 --auto-piston-step --wall-hold-steps=12000 --steps=36000 --fixed-dt=0.4 --energy-measurement --eff-output=wall-ke --kbt1 --seed=9255",9255
2026-09-17 10:39:30,energy_transfer,edmd,36000,12000,0.0166666669,39.25,10,100,0.5,nan,0.100050721,0.100050721,1,39.25,1e+09,50;50,1,0.0416666667,1,1,0.00999999978,100,1000,nan,39.25,1,step,74.5700022,-0.00999999978,step,3.93000007,0.00999999978,nan,nan,0.00999999978,nan,nan,7.4206094,2.60810557e-05,3.51467841e-06,0.999996485,7.42058332,6.0802472e-06,8.8504512e-06,2.77020399e-06,3.73312196e-07,20,418.016724,/Users/chrisharing/Desktop/CCS_complex_coupled_systems/Repo/HardDisks/hspist3/experiments_energy_transfer/level2_slope_20260917/u0.01/tr_9256.csv,435.75,17.7332764,0,"./00ALLINONE --mode=edmd --experiment=energy_transfer --headless --quiet --edmd-acc=0 --seed-drift-order=drift-first --energy-transfer-summary=experiments_energy_transfer/level2_slope_20260917/u0.01/summary.csv --energy-transfer-trace=experiments_energy_transfer/level2_slope_20260917/u0.01/tr_9256.csv --particles=100 --particles-boxes=50,50 --particle-radius=0.5 --l0=39.25 --height=10 --num-walls=1 --wall-positions=39.25 --wall-mass-factors=1000000000 --piston-right-protocol-mode=step --velocity-right-piston-step=0.01 --max-right-piston-travel=3.93 --auto-piston-step --wall-hold-steps=12000 --steps=36000 --fixed-dt=0.4 --energy-measurement --eff-output=wall-ke --kbt1 --seed=9256",9256
2026-09-17 10:39:30,energy_transfer,edmd,36000,12000,0.0166666669,39.25,10,100,0.5,nan,0.100050721,0.100050721,1,39.25,1e+09,50;50,1,0.0416666667,1,1,0.00999999978,100,1000,nan,39.25,1,step,74.5700022,-0.00999999978,step,3.93000007,0.00999999978,nan,nan,0.00999999978,nan,nan,7.41296349,1.72497184e-05,2.3269666e-06,0.999997673,7.41294624,3.82644066e-06,4.54933661e-06,7.22895948e-07,9.75178076e-08,20,418.016724,/Users/chrisharing/Desktop/CCS_complex_coupled_systems/Repo/HardDisks/hspist3/experiments_energy_transfer/level2_slope_20260917/u0.01/tr_9257.csv,423.483337,5.46661377,0,"./00ALLINONE --mode=edmd --experiment=energy_transfer --headless --quiet --edmd-acc=0 --seed-drift-order=drift-first --energy-transfer-summary=experiments_energy_transfer/level2_slope_20260917/u0.01/summary.csv --energy-transfer-trace=experiments_energy_transfer/level2_slope_20260917/u0.01/tr_9257.csv --particles=100 --particles-boxes=50,50 --particle-radius=0.5 --l0=39.25 --height=10 --num-walls=1 --wall-positions=39.25 --wall-mass-factors=1000000000 --piston-right-protocol-mode=step --velocity-right-piston-step=0.01 --max-right-piston-travel=3.93 --auto-piston-step --wall-hold-steps=12000 --steps=36000 --fixed-dt=0.4 --energy-measurement --eff-output=wall-ke --kbt1 --seed=9257",9257
2026-09-17 10:39:31,energy_transfer,edmd,36000,12000,0.0166666669,39.25,10,100,0.5,nan,0.100050721,0.100050721,1,39.25,1e+09,50;50,1,0.0416666667,1,1,0.00999999978,100,1000,nan,39.25,1,step,74.5700022,-0.00999999978,step,3.93000007,0.00999999978,nan,nan,0.00999999978,nan,nan,7.32989492,1.27429448e-05,1.73848943e-06,0.999998262,7.32988218,2.49494951e-06,3.99051487e-06,1.49556536e-06,2.04036398e-07,20,418.016724,/Users/chrisharing/Desktop/CCS_complex_coupled_systems/Repo/HardDisks/hspist3/experiments_energy_transfer/level2_slope_20260917/u0.01/tr_9259.csv,434.18335,16.166626,0,"./00ALLINONE --mode=edmd --experiment=energy_transfer --headless --quiet --edmd-acc=0 --seed-drift-order=drift-first --energy-transfer-summary=experiments_energy_transfer/level2_slope_20260917/u0.01/summary.csv --energy-transfer-trace=experiments_energy_transfer/level2_slope_20260917/u0.01/tr_9259.csv --particles=100 --particles-boxes=50,50 --particle-radius=0.5 --l0=39.25 --height=10 --num-walls=1 --wall-positions=39.25 --wall-mass-factors=1000000000 --piston-right-protocol-mode=step --velocity-right-piston-step=0.01 --max-right-piston-travel=3.93 --auto-piston-step --wall-hold-steps=12000 --steps=36000 --fixed-dt=0.4 --energy-measurement --eff-output=wall-ke --kbt1 --seed=9259",9259
2026-09-17 10:39:31,energy_transfer,edmd,36000,12000,0.0166666669,39.25,10,100,0.5,nan,0.100050721,0.100050721,1,39.25,1e+09,50;50,1,0.0416666667,1,1,0.00999999978,100,1000,nan,39.25,1,step,74.5700022,-0.00999999978,step,3.93000007,0.00999999978,nan,nan,0.00999999978,nan,nan,7.45474985,1.92377793e-05,2.58060695e-06,0.999997419,7.45473061,4.27645591e-06,6.19284674e-06,1.91639083e-06,2.5706977e-07,20,418.016724,/Users/chrisharing/Desktop/CCS_complex_coupled_systems/Repo/HardDisks/hspist3/experiments_energy_transfer/level2_slope_20260917/u0.01/tr_9258.csv,437.783386,19.7666626,1,"./00ALLINONE --mode=edmd --experiment=energy_transfer --headless --quiet --edmd-acc=0 --seed-drift-order=drift-first --energy-transfer-summary=experiments_energy_transfer/level2_slope_20260917/u0.01/summary.csv --energy-transfer-trace=experiments_energy_transfer/level2_slope_20260917/u0.01/tr_9258.csv --particles=100 --particles-boxes=50,50 --particle-radius=0.5 --l0=39.25 --height=10 --num-walls=1 --wall-positions=39.25 --wall-mass-factors=1000000000 --piston-right-protocol-mode=step --velocity-right-piston-step=0.01 --max-right-piston-travel=3.93 --auto-piston-step --wall-hold-steps=12000 --steps=36000 --fixed-dt=0.4 --energy-measurement --eff-output=wall-ke --kbt1 --seed=9258",9258
2026-09-17 10:39:31,energy_transfer,edmd,36000,12000,0.0166666669,39.25,10,100,0.5,nan,0.100050721,0.100050721,1,39.25,1e+09,50;50,1,0.0416666667,1,1,0.00999999978,100,1000,nan,39.25,1,step,74.5700022,-0.00999999978,step,3.93000007,0.00999999978,nan,nan,0.00999999978,nan,nan,7.50720164,2.06459408e-05,2.75015136e-06,0.99999725,7.50718099,5.34659603e-06,7.60534203e-06,2.25874601e-06,3.00877226e-07,20,418.016724,/Users/chrisharing/Desktop/CCS_complex_coupled_systems/Repo/HardDisks/hspist3/experiments_energy_transfer/level2_slope_20260917/u0.01/tr_9262.csv,432.233337,14.2166138,0,"./00ALLINONE --mode=edmd --experiment=energy_transfer --headless --quiet --edmd-acc=0 --seed-drift-order=drift-first --energy-transfer-summary=experiments_energy_transfer/level2_slope_20260917/u0.01/summary.csv --energy-transfer-trace=experiments_energy_transfer/level2_slope_20260917/u0.01/tr_9262.csv --particles=100 --particles-boxes=50,50 --particle-radius=0.5 --l0=39.25 --height=10 --num-walls=1 --wall-positions=39.25 --wall-mass-factors=1000000000 --piston-right-protocol-mode=step --velocity-right-piston-step=0.01 --max-right-piston-travel=3.93 --auto-piston-step --wall-hold-steps=12000 --steps=36000 --fixed-dt=0.4 --energy-measurement --eff-output=wall-ke --kbt1 --seed=9262",9262
2026-09-17 10:39:31,energy_transfer,edmd,36000,12000,0.0166666669,39.25,10,100,0.5,nan,0.100050721,0.100050721,1,39.25,1e+09,50;50,1,0.0416666667,1,1,0.00999999978,100,1000,nan,39.25,1,step,74.5700022,-0.00999999978,step,3.93000007,0.00999999978,nan,nan,0.00999999978,nan,nan,7.49044977,1.40080292e-05,1.87011857e-06,0.99999813,7.49043576,3.12200154e-06,3.58723878e-06,4.65237235e-07,6.21107209e-08,20,418.016724,/Users/chrisharing/Desktop/CCS_complex_coupled_systems/Repo/HardDisks/hspist3/experiments_energy_transfer/level2_slope_20260917/u0.01/tr_9264.csv,437.316711,19.2999878,1,"./00ALLINONE --mode=edmd --experiment=energy_transfer --headless --quiet --edmd-acc=0 --seed-drift-order=drift-first --energy-transfer-summary=experiments_energy_transfer/level2_slope_20260917/u0.01/summary.csv --energy-transfer-trace=experiments_energy_transfer/level2_slope_20260917/u0.01/tr_9264.csv --particles=100 --particles-boxes=50,50 --particle-radius=0.5 --l0=39.25 --height=10 --num-walls=1 --wall-positions=39.25 --wall-mass-factors=1000000000 --piston-right-protocol-mode=step --velocity-right-piston-step=0.01 --max-right-piston-travel=3.93 --auto-piston-step --wall-hold-steps=12000 --steps=36000 --fixed-dt=0.4 --energy-measurement --eff-output=wall-ke --kbt1 --seed=9264",9264
2026-09-17 10:39:31,energy_transfer,edmd,36000,12000,0.0166666669,39.25,10,100,0.5,nan,0.100050721,0.100050721,1,39.25,1e+09,50;50,1,0.0416666667,1,1,0.00999999978,100,1000,nan,39.25,1,step,74.5700022,-0.00999999978,step,3.93000007,0.00999999978,nan,nan,0.00999999978,nan,nan,7.25885639,1.6802036e-05,2.31469465e-06,0.999997685,7.25883958,3.00034844e-06,3.14301474e-06,1.42666295e-07,1.96541008e-08,20,418.016724,/Users/chrisharing/Desktop/CCS_complex_coupled_systems/Repo/HardDisks/hspist3/experiments_energy_transfer/level2_slope_20260917/u0.01/tr_9260.csv,428.883362,10.8666382,0,"./00ALLINONE --mode=edmd --experiment=energy_transfer --headless --quiet --edmd-acc=0 --seed-drift-order=drift-first --energy-transfer-summary=experiments_energy_transfer/level2_slope_20260917/u0.01/summary.csv --energy-transfer-trace=experiments_energy_transfer/level2_slope_20260917/u0.01/tr_9260.csv --particles=100 --particles-boxes=50,50 --particle-radius=0.5 --l0=39.25 --height=10 --num-walls=1 --wall-positions=39.25 --wall-mass-factors=1000000000 --piston-right-protocol-mode=step --velocity-right-piston-step=0.01 --max-right-piston-travel=3.93 --auto-piston-step --wall-hold-steps=12000 --steps=36000 --fixed-dt=0.4 --energy-measurement --eff-output=wall-ke --kbt1 --seed=9260",9260
2026-09-17 10:39:31,energy_transfer,edmd,36000,12000,0.0166666669,39.25,10,100,0.5,nan,0.100050721,0.100050721,1,39.25,1e+09,50;50,1,0.0416666667,1,1,0.00999999978,100,1000,nan,39.25,1,step,74.5700022,-0.00999999978,step,3.93000007,0.00999999978,nan,nan,0.00999999978,nan,nan,7.54779998,2.30508522e-05,3.05398292e-06,0.999996946,7.54777693,3.30653666e-06,4.717293e-06,1.41075634e-06,1.86909609e-07,20,418.016724,/Users/chrisharing/Desktop/CCS_complex_coupled_systems/Repo/HardDisks/hspist3/experiments_energy_transfer/level2_slope_20260917/u0.01/tr_9261.csv,436.900024,18.8833008,1,"./00ALLINONE --mode=edmd --experiment=energy_transfer --headless --quiet --edmd-acc=0 --seed-drift-order=drift-first --energy-transfer-summary=experiments_energy_transfer/level2_slope_20260917/u0.01/summary.csv --energy-transfer-trace=experiments_energy_transfer/level2_slope_20260917/u0.01/tr_9261.csv --particles=100 --particles-boxes=50,50 --particle-radius=0.5 --l0=39.25 --height=10 --num-walls=1 --wall-positions=39.25 --wall-mass-factors=1000000000 --piston-right-protocol-mode=step --velocity-right-piston-step=0.01 --max-right-piston-travel=3.93 --auto-piston-step --wall-hold-steps=12000 --steps=36000 --fixed-dt=0.4 --energy-measurement --eff-output=wall-ke --kbt1 --seed=9261",9261
2026-09-17 10:39:31,energy_transfer,edmd,36000,12000,0.0166666669,39.25,10,100,0.5,nan,0.100050721,0.100050721,1,39.25,1e+09,50;50,1,0.0416666667,1,1,0.00999999978,100,1000,nan,39.25,1,step,74.5700022,-0.00999999978,step,3.93000007,0.00999999978,nan,nan,0.00999999978,nan,nan,7.57371293,1.96733927e-05,2.59758891e-06,0.999997402,7.57369325,4.796349e-06,6.2260774e-06,1.4297284e-06,1.88775098e-07,20,418.016724,/Users/chrisharing/Desktop/CCS_complex_coupled_systems/Repo/HardDisks/hspist3/experiments_energy_transfer/level2_slope_20260917/u0.01/tr_9263.csv,437.93335,19.916626,1,"./00ALLINONE --mode=edmd --experiment=energy_transfer --headless --quiet --edmd-acc=0 --seed-drift-order=drift-first --energy-transfer-summary=experiments_energy_transfer/level2_slope_20260917/u0.01/summary.csv --energy-transfer-trace=experiments_energy_transfer/level2_slope_20260917/u0.01/tr_9263.csv --particles=100 --particles-boxes=50,50 --particle-radius=0.5 --l0=39.25 --height=10 --num-walls=1 --wall-positions=39.25 --wall-mass-factors=1000000000 --piston-right-protocol-mode=step --velocity-right-piston-step=0.01 --max-right-piston-travel=3.93 --auto-piston-step --wall-hold-steps=12000 --steps=36000 --fixed-dt=0.4 --energy-measurement --eff-output=wall-ke --kbt1 --seed=9263",9263
2026-09-17 10:39:32,energy_transfer,edmd,36000,12000,0.0166666669,39.25,10,100,0.5,nan,0.100050721,0.100050721,1,39.25,1e+09,50;50,1,0.0416666667,1,1,0.00999999978,100,1000,nan,39.25,1,step,74.5700022,-0.00999999978,step,3.93000007,0.00999999978,nan,nan,0.00999999978,nan,nan,7.50598919,2.49240893e-05,3.32056024e-06,0.999996679,7.50596427,7.10468885e-06,8.10321308e-06,9.98524229e-07,1.33030331e-07,20,418.016724,/Users/chrisharing/Desktop/CCS_complex_coupled_systems/Repo/HardDisks/hspist3/experiments_energy_transfer/level2_slope_20260917/u0.01/tr_9265.csv,427.333374,9.31665039,0,"./00ALLINONE --mode=edmd --experiment=energy_transfer --headless --quiet --edmd-acc=0 --seed-drift-order=drift-first --energy-transfer-summary=experiments_energy_transfer/level2_slope_20260917/u0.01/summary.csv --energy-transfer-trace=experiments_energy_transfer/level2_slope_20260917/u0.01/tr_9265.csv --particles=100 --particles-boxes=50,50 --particle-radius=0.5 --l0=39.25 --height=10 --num-walls=1 --wall-positions=39.25 --wall-mass-factors=1000000000 --piston-right-protocol-mode=step --velocity-right-piston-step=0.01 --max-right-piston-travel=3.93 --auto-piston-step --wall-hold-steps=12000 --steps=36000 --fixed-dt=0.4 --energy-measurement --eff-output=wall-ke --kbt1 --seed=9265",9265
2026-09-17 10:39:32,energy_transfer,edmd,36000,12000,0.0166666669,39.25,10,100,0.5,nan,0.100050721,0.100050721,1,39.25,1e+09,50;50,1,0.0416666667,1,1,0.00999999978,100,1000,nan,39.25,1,step,74.5700022,-0.00999999978,step,3.93000007,0.00999999978,nan,nan,0.00999999978,nan,nan,7.49799621,2.30918286e-05,3.07973329e-06,0.99999692,7.49797312,6.51672917e-06,8.60364889e-06,2.08691972e-06,2.78330325e-07,20,418.016724,/Users/chrisharing/Desktop/CCS_complex_coupled_systems/Repo/HardDisks/hspist3/experiments_energy_transfer/level2_slope_20260917/u0.01/tr_9267.csv,427.066711,9.04998779,0,"./00ALLINONE --mode=edmd --experiment=energy_transfer --headless --quiet --edmd-acc=0 --seed-drift-order=drift-first --energy-transfer-summary=experiments_energy_transfer/level2_slope_20260917/u0.01/summary.csv --energy-transfer-trace=experiments_energy_transfer/level2_slope_20260917/u0.01/tr_9267.csv --particles=100 --particles-boxes=50,50 --particle-radius=0.5 --l0=39.25 --height=10 --num-walls=1 --wall-positions=39.25 --wall-mass-factors=1000000000 --piston-right-protocol-mode=step --velocity-right-piston-step=0.01 --max-right-piston-travel=3.93 --auto-piston-step --wall-hold-steps=12000 --steps=36000 --fixed-dt=0.4 --energy-measurement --eff-output=wall-ke --kbt1 --seed=9267",9267
2026-09-17 10:39:32,energy_transfer,edmd,36000,12000,0.0166666669,39.25,10,100,0.5,nan,0.100050721,0.100050721,1,39.25,1e+09,50;50,1,0.0416666667,1,1,0.00999999978,100,1000,nan,39.25,1,step,74.5700022,-0.00999999978,step,3.93000007,0.00999999978,nan,nan,0.00999999978,nan,nan,7.45946707,2.29494253e-05,3.07655026e-06,0.999996923,7.45944412,2.96830126e-06,6.52413473e-06,3.55583347e-06,4.76687334e-07,20,418.016724,/Users/chrisharing/Desktop/CCS_complex_coupled_systems/Repo/HardDisks/hspist3/experiments_energy_transfer/level2_slope_20260917/u0.01/tr_9266.csv,432.066711,14.0499878,0,"./00ALLINONE --mode=edmd --experiment=energy_transfer --headless --quiet --edmd-acc=0 --seed-drift-order=drift-first --energy-transfer-summary=experiments_energy_transfer/level2_slope_20260917/u0.01/summary.csv --energy-transfer-trace=experiments_energy_transfer/level2_slope_20260917/u0.01/tr_9266.csv --particles=100 --particles-boxes=50,50 --particle-radius=0.5 --l0=39.25 --height=10 --num-walls=1 --wall-positions=39.25 --wall-mass-factors=1000000000 --piston-right-protocol-mode=step --velocity-right-piston-step=0.01 --max-right-piston-travel=3.93 --auto-piston-step --wall-hold-steps=12000 --steps=36000 --fixed-dt=0.4 --energy-measurement --eff-output=wall-ke --kbt1 --seed=9266",9266
2026-09-17 10:39:33,energy_transfer,edmd,36000,12000,0.0166666669,39.25,10,100,0.5,nan,0.100050721,0.100050721,1,39.25,1e+09,50;50,1,0.0416666667,1,1,0.00999999978,100,1000,nan,39.25,1,step,74.5700022,-0.00999999978,step,3.93000007,0.00999999978,nan,nan,0.00999999978,nan,nan,7.50670812,1.71420634e-05,2.28356599e-06,0.999997716,7.50669098,3.70874227e-06,6.7433125e-06,3.03457023e-06,4.04247798e-07,20,418.016724,/Users/chrisharing/Desktop/CCS_complex_coupled_systems/Repo/HardDisks/hspist3/experiments_energy_transfer/level2_slope_20260917/u0.01/tr_9269.csv,435.816711,17.7999878,0,"./00ALLINONE --mode=edmd --experiment=energy_transfer --headless --quiet --edmd-acc=0 --seed-drift-order=drift-first --energy-transfer-summary=experiments_energy_transfer/level2_slope_20260917/u0.01/summary.csv --energy-transfer-trace=experiments_energy_transfer/level2_slope_20260917/u0.01/tr_9269.csv --particles=100 --particles-boxes=50,50 --particle-radius=0.5 --l0=39.25 --height=10 --num-walls=1 --wall-positions=39.25 --wall-mass-factors=1000000000 --piston-right-protocol-mode=step --velocity-right-piston-step=0.01 --max-right-piston-travel=3.93 --auto-piston-step --wall-hold-steps=12000 --steps=36000 --fixed-dt=0.4 --energy-measurement --eff-output=wall-ke --kbt1 --seed=9269",9269
2026-09-17 10:39:33,energy_transfer,edmd,36000,12000,0.0166666669,39.25,10,100,0.5,nan,0.100050721,0.100050721,1,39.25,1e+09,50;50,1,0.0416666667,1,1,0.00999999978,100,1000,nan,39.25,1,step,74.5700022,-0.00999999978,step,3.93000007,0.00999999978,nan,nan,0.00999999978,nan,nan,7.49376068,2.03572017e-05,2.71655349e-06,0.999997283,7.49374032,5.58199054e-06,8.09446283e-06,2.51247229e-06,3.35275224e-07,20,418.016724,/Users/chrisharing/Desktop/CCS_complex_coupled_systems/Repo/HardDisks/hspist3/experiments_energy_transfer/level2_slope_20260917/u0.01/tr_9270.csv,435.416687,17.3999634,0,"./00ALLINONE --mode=edmd --experiment=energy_transfer --headless --quiet --edmd-acc=0 --seed-drift-order=drift-first --energy-transfer-summary=experiments_energy_transfer/level2_slope_20260917/u0.01/summary.csv --energy-transfer-trace=experiments_energy_transfer/level2_slope_20260917/u0.01/tr_9270.csv --particles=100 --particles-boxes=50,50 --particle-radius=0.5 --l0=39.25 --height=10 --num-walls=1 --wall-positions=39.25 --wall-mass-factors=1000000000 --piston-right-protocol-mode=step --velocity-right-piston-step=0.01 --max-right-piston-travel=3.93 --auto-piston-step --wall-hold-steps=12000 --steps=36000 --fixed-dt=0.4 --energy-measurement --eff-output=wall-ke --kbt1 --seed=9270",9270
2026-09-17 10:39:33,energy_transfer,edmd,36000,12000,0.0166666669,39.25,10,100,0.5,nan,0.100050721,0.100050721,1,39.25,1e+09,50;50,1,0.0416666667,1,1,0.00999999978,100,1000,nan,39.25,1,step,74.5700022,-0.00999999978,step,3.93000007,0.00999999978,nan,nan,0.00999999978,nan,nan,7.51906884,1.79416875e-05,2.38615816e-06,0.999997614,7.5190509,5.48226444e-06,7.72034491e-06,2.23808047e-06,2.97653941e-07,20,418.016724,/Users/chrisharing/Desktop/CCS_complex_coupled_systems/Repo/HardDisks/hspist3/experiments_energy_transfer/level2_slope_20260917/u0.01/tr_9268.csv,438.016724,20,1,"./00ALLINONE --mode=edmd --experiment=energy_transfer --headless --quiet --edmd-acc=0 --seed-drift-order=drift-first --energy-transfer-summary=experiments_energy_transfer/level2_slope_20260917/u0.01/summary.csv --energy-transfer-trace=experiments_energy_transfer/level2_slope_20260917/u0.01/tr_9268.csv --particles=100 --particles-boxes=50,50 --particle-radius=0.5 --l0=39.25 --height=10 --num-walls=1 --wall-positions=39.25 --wall-mass-factors=1000000000 --piston-right-protocol-mode=step --velocity-right-piston-step=0.01 --max-right-piston-travel=3.93 --auto-piston-step --wall-hold-steps=12000 --steps=36000 --fixed-dt=0.4 --energy-measurement --eff-output=wall-ke --kbt1 --seed=9268",9268
2026-09-17 10:39:33,energy_transfer,edmd,36000,12000,0.0166666669,39.25,10,100,0.5,nan,0.100050721,0.100050721,1,39.25,1e+09,50;50,1,0.0416666667,1,1,0.00999999978,100,1000,nan,39.25,1,step,74.5700022,-0.00999999978,step,3.93000007,0.00999999978,nan,nan,0.00999999978,nan,nan,7.49096163,2.36942615e-05,3.1630467e-06,0.999996837,7.49093793,6.58725776e-06,7.72384101e-06,1.13658325e-06,1.51727282e-07,20,418.016724,/Users/chrisharing/Desktop/CCS_complex_coupled_systems/Repo/HardDisks/hspist3/experiments_energy_transfer/level2_slope_20260917/u0.01/tr_9272.csv,433.450012,15.4332886,0,"./00ALLINONE --mode=edmd --experiment=energy_transfer --headless --quiet --edmd-acc=0 --seed-drift-order=drift-first --energy-transfer-summary=experiments_energy_transfer/level2_slope_20260917/u0.01/summary.csv --energy-transfer-trace=experiments_energy_transfer/level2_slope_20260917/u0.01/tr_9272.csv --particles=100 --particles-boxes=50,50 --particle-radius=0.5 --l0=39.25 --height=10 --num-walls=1 --wall-positions=39.25 --wall-mass-factors=1000000000 --piston-right-protocol-mode=step --velocity-right-piston-step=0.01 --max-right-piston-travel=3.93 --auto-piston-step --wall-hold-steps=12000 --steps=36000 --fixed-dt=0.4 --energy-measurement --eff-output=wall-ke --kbt1 --seed=9272",9272
2026-09-17 10:39:33,energy_transfer,edmd,36000,12000,0.0166666669,39.25,10,100,0.5,nan,0.100050721,0.100050721,1,39.25,1e+09,50;50,1,0.0416666667,1,1,0.00999999978,100,1000,nan,39.25,1,step,74.5700022,-0.00999999978,step,3.93000007,0.00999999978,nan,nan,0.00999999978,nan,nan,7.4336626,2.57787378e-05,3.46783802e-06,0.999996532,7.43363683,5.11084681e-06,8.18580702e-06,3.0749602e-06,4.13653453e-07,20,418.016724,/Users/chrisharing/Desktop/CCS_complex_coupled_systems/Repo/HardDisks/hspist3/experiments_energy_transfer/level2_slope_20260917/u0.01/tr_9273.csv,437.816711,19.7999878,1,"./00ALLINONE --mode=edmd --experiment=energy_transfer --headless --quiet --edmd-acc=0 --seed-drift-order=drift-first --energy-transfer-summary=experiments_energy_transfer/level2_slope_20260917/u0.01/summary.csv --energy-transfer-trace=experiments_energy_transfer/level2_slope_20260917/u0.01/tr_9273.csv --particles=100 --particles-boxes=50,50 --particle-radius=0.5 --l0=39.25 --height=10 --num-walls=1 --wall-positions=39.25 --wall-mass-factors=1000000000 --piston-right-protocol-mode=step --velocity-right-piston-step=0.01 --max-right-piston-travel=3.93 --auto-piston-step --wall-hold-steps=12000 --steps=36000 --fixed-dt=0.4 --energy-measurement --eff-output=wall-ke --kbt1 --seed=9273",9273
2026-09-17 10:39:33,energy_transfer,edmd,36000,12000,0.0166666669,39.25,10,100,0.5,nan,0.100050721,0.100050721,1,39.25,1e+09,50;50,1,0.0416666667,1,1,0.00999999978,100,1000,nan,39.25,1,step,74.5700022,-0.00999999978,step,3.93000007,0.00999999978,nan,nan,0.00999999978,nan,nan,7.50987601,2.08360179e-05,2.77448228e-06,0.999997226,7.50985517,3.96362748e-06,5.42945509e-06,1.46582761e-06,1.95186659e-07,20,418.016724,/Users/chrisharing/Desktop/CCS_complex_coupled_systems/Repo/HardDisks/hspist3/experiments_energy_transfer/level2_slope_20260917/u0.01/tr_9271.csv,421.733337,3.71661377,0,"./00ALLINONE --mode=edmd --experiment=energy_transfer --headless --quiet --edmd-acc=0 --seed-drift-order=drift-first --energy-transfer-summary=experiments_energy_transfer/level2_slope_20260917/u0.01/summary.csv --energy-transfer-trace=experiments_energy_transfer/level2_slope_20260917/u0.01/tr_9271.csv --particles=100 --particles-boxes=50,50 --particle-radius=0.5 --l0=39.25 --height=10 --num-walls=1 --wall-positions=39.25 --wall-mass-factors=1000000000 --piston-right-protocol-mode=step --velocity-right-piston-step=0.01 --max-right-piston-travel=3.93 --auto-piston-step --wall-hold-steps=12000 --steps=36000 --fixed-dt=0.4 --energy-measurement --eff-output=wall-ke --kbt1 --seed=9271",9271
2026-09-17 10:39:34,energy_transfer,edmd,36000,12000,0.0166666669,39.25,10,100,0.5,nan,0.100050721,0.100050721,1,39.25,1e+09,50;50,1,0.0416666667,1,1,0.00999999978,100,1000,nan,39.25,1,step,74.5700022,-0.00999999978,step,3.93000007,0.00999999978,nan,nan,0.00999999978,nan,nan,7.52079902,2.52222617e-05,3.35366783e-06,0.999996646,7.52077379,7.06834135e-06,7.70403949e-06,6.35698143e-07,8.45253465e-08,20,418.016724,/Users/chrisharing/Desktop/CCS_complex_coupled_systems/Repo/HardDisks/hspist3/experiments_energy_transfer/level2_slope_20260917/u0.01/tr_9274.csv,418.550049,0.533325195,0,"./00ALLINONE --mode=edmd --experiment=energy_transfer --headless --quiet --edmd-acc=0 --seed-drift-order=drift-first --energy-transfer-summary=experiments_energy_transfer/level2_slope_20260917/u0.01/summary.csv --energy-transfer-trace=experiments_energy_transfer/level2_slope_20260917/u0.01/tr_9274.csv --particles=100 --particles-boxes=50,50 --particle-radius=0.5 --l0=39.25 --height=10 --num-walls=1 --wall-positions=39.25 --wall-mass-factors=1000000000 --piston-right-protocol-mode=step --velocity-right-piston-step=0.01 --max-right-piston-travel=3.93 --auto-piston-step --wall-hold-steps=12000 --steps=36000 --fixed-dt=0.4 --energy-measurement --eff-output=wall-ke --kbt1 --seed=9274",9274
2026-09-17 10:39:34,energy_transfer,edmd,36000,12000,0.0166666669,39.25,10,100,0.5,nan,0.100050721,0.100050721,1,39.25,1e+09,50;50,1,0.0416666667,1,1,0.00999999978,100,1000,nan,39.25,1,step,74.5700022,-0.00999999978,step,3.93000007,0.00999999978,nan,nan,0.00999999978,nan,nan,7.6370034,2.12020368e-05,2.77622461e-06,0.999997224,7.63698219,6.28309635e-06,7.89687329e-06,1.61377693e-06,2.11310228e-07,20,418.016724,/Users/chrisharing/Desktop/CCS_complex_coupled_systems/Repo/HardDisks/hspist3/experiments_energy_transfer/level2_slope_20260917/u0.01/tr_9276.csv,427,8.98327637,0,"./00ALLINONE --mode=edmd --experiment=energy_transfer --headless --quiet --edmd-acc=0 --seed-drift-order=drift-first --energy-transfer-summary=experiments_energy_transfer/level2_slope_20260917/u0.01/summary.csv --energy-transfer-trace=experiments_energy_transfer/level2_slope_20260917/u0.01/tr_9276.csv --particles=100 --particles-boxes=50,50 --particle-radius=0.5 --l0=39.25 --height=10 --num-walls=1 --wall-positions=39.25 --wall-mass-factors=1000000000 --piston-right-protocol-mode=step --velocity-right-piston-step=0.01 --max-right-piston-travel=3.93 --auto-piston-step --wall-hold-steps=12000 --steps=36000 --fixed-dt=0.4 --energy-measurement --eff-output=wall-ke --kbt1 --seed=9276",9276
2026-09-17 10:39:34,energy_transfer,edmd,36000,12000,0.0166666669,39.25,10,100,0.5,nan,0.100050721,0.100050721,1,39.25,1e+09,50;50,1,0.0416666667,1,1,0.00999999978,100,1000,nan,39.25,1,step,74.5700022,-0.00999999978,step,3.93000007,0.00999999978,nan,nan,0.00999999978,nan,nan,7.51804073,1.45330623e-05,1.93309172e-06,0.999998067,7.5180262,2.81727011e-06,4.95427139e-06,2.13700127e-06,2.8424976e-07,20,418.016724,/Users/chrisharing/Desktop/CCS_complex_coupled_systems/Repo/HardDisks/hspist3/experiments_energy_transfer/level2_slope_20260917/u0.01/tr_9275.csv,430.283386,12.2666626,0,"./00ALLINONE --mode=edmd --experiment=energy_transfer --headless --quiet --edmd-acc=0 --seed-drift-order=drift-first --energy-transfer-summary=experiments_energy_transfer/level2_slope_20260917/u0.01/summary.csv --energy-transfer-trace=experiments_energy_transfer/level2_slope_20260917/u0.01/tr_9275.csv --particles=100 --particles-boxes=50,50 --particle-radius=0.5 --l0=39.25 --height=10 --num-walls=1 --wall-positions=39.25 --wall-mass-factors=1000000000 --piston-right-protocol-mode=step --velocity-right-piston-step=0.01 --max-right-piston-travel=3.93 --auto-piston-step --wall-hold-steps=12000 --steps=36000 --fixed-dt=0.4 --energy-measurement --eff-output=wall-ke --kbt1 --seed=9275",9275
2026-09-17 10:39:34,energy_transfer,edmd,36000,12000,0.0166666669,39.25,10,100,0.5,nan,0.100050721,0.100050721,1,39.25,1e+09,50;50,1,0.0416666667,1,1,0.00999999978,100,1000,nan,39.25,1,step,74.5700022,-0.00999999978,step,3.93000007,0.00999999978,nan,nan,0.00999999978,nan,nan,7.44490563,2.13790645e-05,2.87163673e-06,0.999997128,7.44488425,5.76719185e-06,6.86471367e-06,1.09752182e-06,1.47419171e-07,20,418.016724,/Users/chrisharing/Desktop/CCS_complex_coupled_systems/Repo/HardDisks/hspist3/experiments_energy_transfer/level2_slope_20260917/u0.01/tr_9277.csv,425.733337,7.71661377,0,"./00ALLINONE --mode=edmd --experiment=energy_transfer --headless --quiet --edmd-acc=0 --seed-drift-order=drift-first --energy-transfer-summary=experiments_energy_transfer/level2_slope_20260917/u0.01/summary.csv --energy-transfer-trace=experiments_energy_transfer/level2_slope_20260917/u0.01/tr_9277.csv --particles=100 --particles-boxes=50,50 --particle-radius=0.5 --l0=39.25 --height=10 --num-walls=1 --wall-positions=39.25 --wall-mass-factors=1000000000 --piston-right-protocol-mode=step --velocity-right-piston-step=0.01 --max-right-piston-travel=3.93 --auto-piston-step --wall-hold-steps=12000 --steps=36000 --fixed-dt=0.4 --energy-measurement --eff-output=wall-ke --kbt1 --seed=9277",9277
2026-09-17 10:39:35,energy_transfer,edmd,36000,12000,0.0166666669,39.25,10,100,0.5,nan,0.100050721,0.100050721,1,39.25,1e+09,50;50,1,0.0416666667,1,1,0.00999999978,100,1000,nan,39.25,1,step,74.5700022,-0.00999999978,step,3.93000007,0.00999999978,nan,nan,0.00999999978,nan,nan,7.5505926,1.73885655e-05,2.30294051e-06,0.999997697,7.55057521,4.73551972e-06,6.48487958e-06,1.74935985e-06,2.31685107e-07,20,418.016724,/Users/chrisharing/Desktop/CCS_complex_coupled_systems/Repo/HardDisks/hspist3/experiments_energy_transfer/level2_slope_20260917/u0.01/tr_9278.csv,437.766724,19.75,1,"./00ALLINONE --mode=edmd --experiment=energy_transfer --headless --quiet --edmd-acc=0 --seed-drift-order=drift-first --energy-transfer-summary=experiments_energy_transfer/level2_slope_20260917/u0.01/summary.csv --energy-transfer-trace=experiments_energy_transfer/level2_slope_20260917/u0.01/tr_9278.csv --particles=100 --particles-boxes=50,50 --particle-radius=0.5 --l0=39.25 --height=10 --num-walls=1 --wall-positions=39.25 --wall-mass-factors=1000000000 --piston-right-protocol-mode=step --velocity-right-piston-step=0.01 --max-right-piston-travel=3.93 --auto-piston-step --wall-hold-steps=12000 --steps=36000 --fixed-dt=0.4 --energy-measurement --eff-output=wall-ke --kbt1 --seed=9278",9278
2026-09-17 10:39:35,energy_transfer,edmd,36000,12000,0.0166666669,39.25,10,100,0.5,nan,0.100050721,0.100050721,1,39.25,1e+09,50;50,1,0.0416666667,1,1,0.00999999978,100,1000,nan,39.25,1,step,74.5700022,-0.00999999978,step,3.93000007,0.00999999978,nan,nan,0.00999999978,nan,nan,7.38303196,1.69475916e-05,2.29547856e-06,0.999997705,7.38301502,3.75557602e-06,5.46870069e-06,1.71312468e-06,2.32035386e-07,20,418.016724,/Users/chrisharing/Desktop/CCS_complex_coupled_systems/Repo/HardDisks/hspist3/experiments_energy_transfer/level2_slope_20260917/u0.01/tr_9280.csv,436.550049,18.5333252,1,"./00ALLINONE --mode=edmd --experiment=energy_transfer --headless --quiet --edmd-acc=0 --seed-drift-order=drift-first --energy-transfer-summary=experiments_energy_transfer/level2_slope_20260917/u0.01/summary.csv --energy-transfer-trace=experiments_energy_transfer/level2_slope_20260917/u0.01/tr_9280.csv --particles=100 --particles-boxes=50,50 --particle-radius=0.5 --l0=39.25 --height=10 --num-walls=1 --wall-positions=39.25 --wall-mass-factors=1000000000 --piston-right-protocol-mode=step --velocity-right-piston-step=0.01 --max-right-piston-travel=3.93 --auto-piston-step --wall-hold-steps=12000 --steps=36000 --fixed-dt=0.4 --energy-measurement --eff-output=wall-ke --kbt1 --seed=9280",9280
2026-09-17 10:39:35,energy_transfer,edmd,36000,12000,0.0166666669,39.25,10,100,0.5,nan,0.100050721,0.100050721,1,39.25,1e+09,50;50,1,0.0416666667,1,1,0.00999999978,100,1000,nan,39.25,1,step,74.5700022,-0.00999999978,step,3.93000007,0.00999999978,nan,nan,0.00999999978,nan,nan,7.57732432,2.3671093e-05,3.12393822e-06,0.999996876,7.57730064,8.37278458e-06,9.54482221e-06,1.17203763e-06,1.54676978e-07,20,418.016724,/Users/chrisharing/Desktop/CCS_complex_coupled_systems/Repo/HardDisks/hspist3/experiments_energy_transfer/level2_slope_20260917/u0.01/tr_9279.csv,430.68335,12.666626,0,"./00ALLINONE --mode=edmd --experiment=energy_transfer --headless --quiet --edmd-acc=0 --seed-drift-order=drift-first --energy-transfer-summary=experiments_energy_transfer/level2_slope_20260917/u0.01/summary.csv --energy-transfer-trace=experiments_energy_transfer/level2_slope_20260917/u0.01/tr_9279.csv --particles=100 --particles-boxes=50,50 --particle-radius=0.5 --l0=39.25 --height=10 --num-walls=1 --wall-positions=39.25 --wall-mass-factors=1000000000 --piston-right-protocol-mode=step --velocity-right-piston-step=0.01 --max-right-piston-travel=3.93 --auto-piston-step --wall-hold-steps=12000 --steps=36000 --fixed-dt=0.4 --energy-measurement --eff-output=wall-ke --kbt1 --seed=9279",9279
2026-09-17 10:39:35,energy_transfer,edmd,36000,12000,0.0166666669,39.25,10,100,0.5,nan,0.100050721,0.100050721,1,39.25,1e+09,50;50,1,0.0416666667,1,1,0.00999999978,100,1000,nan,39.25,1,step,74.5700022,-0.00999999978,step,3.93000007,0.00999999978,nan,nan,0.00999999978,nan,nan,7.38417237,1.82176009e-05,2.46711479e-06,0.999997533,7.38415415,3.85374551e-06,4.71557951e-06,8.61833996e-07,1.16713689e-07,20,418.016724,/Users/chrisharing/Desktop/CCS_complex_coupled_systems/Repo/HardDisks/hspist3/experiments_energy_transfer/level2_slope_20260917/u0.01/tr_9281.csv,430.716675,12.6999512,0,"./00ALLINONE --mode=edmd --experiment=energy_transfer --headless --quiet --edmd-acc=0 --seed-drift-order=drift-first --energy-transfer-summary=experiments_energy_transfer/level2_slope_20260917/u0.01/summary.csv --energy-transfer-trace=experiments_energy_transfer/level2_slope_20260917/u0.01/tr_9281.csv --particles=100 --particles-boxes=50,50 --particle-radius=0.5 --l0=39.25 --height=10 --num-walls=1 --wall-positions=39.25 --wall-mass-factors=1000000000 --piston-right-protocol-mode=step --velocity-right-piston-step=0.01 --max-right-piston-travel=3.93 --auto-piston-step --wall-hold-steps=12000 --steps=36000 --fixed-dt=0.4 --energy-measurement --eff-output=wall-ke --kbt1 --seed=9281",9281
2026-09-17 10:39:35,energy_transfer,edmd,36000,12000,0.0166666669,39.25,10,100,0.5,nan,0.100050721,0.100050721,1,39.25,1e+09,50;50,1,0.0416666667,1,1,0.00999999978,100,1000,nan,39.25,1,step,74.5700022,-0.00999999978,step,3.93000007,0.00999999978,nan,nan,0.00999999978,nan,nan,7.49819246,1.78090104e-05,2.37510713e-06,0.999997625,7.49817465,3.38980908e-06,6.28123689e-06,2.89142781e-06,3.85616644e-07,20,418.016724,/Users/chrisharing/Desktop/CCS_complex_coupled_systems/Repo/HardDisks/hspist3/experiments_energy_transfer/level2_slope_20260917/u0.01/tr_9282.csv,435.700012,17.6832886,0,"./00ALLINONE --mode=edmd --experiment=energy_transfer --headless --quiet --edmd-acc=0 --seed-drift-order=drift-first --energy-transfer-summary=experiments_energy_transfer/level2_slope_20260917/u0.01/summary.csv --energy-transfer-trace=experiments_energy_transfer/level2_slope_20260917/u0.01/tr_9282.csv --particles=100 --particles-boxes=50,50 --particle-radius=0.5 --l0=39.25 --height=10 --num-walls=1 --wall-positions=39.25 --wall-mass-factors=1000000000 --piston-right-protocol-mode=step --velocity-right-piston-step=0.01 --max-right-piston-travel=3.93 --auto-piston-step --wall-hold-steps=12000 --steps=36000 --fixed-dt=0.4 --energy-measurement --eff-output=wall-ke --kbt1 --seed=9282",9282
2026-09-17 10:39:35,energy_transfer,edmd,36000,12000,0.0166666669,39.25,10,100,0.5,nan,0.100050721,0.100050721,1,39.25,1e+09,50;50,1,0.0416666667,1,1,0.00999999978,100,1000,nan,39.25,1,step,74.5700022,-0.00999999978,step,3.93000007,0.00999999978,nan,nan,0.00999999978,nan,nan,7.59512562,2.5994992e-05,3.42258882e-06,0.999996577,7.59509962,8.24119525e-06,1.0001575e-05,1.76037975e-06,2.31777568e-07,20,418.016724,/Users/chrisharing/Desktop/CCS_complex_coupled_systems/Repo/HardDisks/hspist3/experiments_energy_transfer/level2_slope_20260917/u0.01/tr_9283.csv,436.666687,18.6499634,1,"./00ALLINONE --mode=edmd --experiment=energy_transfer --headless --quiet --edmd-acc=0 --seed-drift-order=drift-first --energy-transfer-summary=experiments_energy_transfer/level2_slope_20260917/u0.01/summary.csv --energy-transfer-trace=experiments_energy_transfer/level2_slope_20260917/u0.01/tr_9283.csv --particles=100 --particles-boxes=50,50 --particle-radius=0.5 --l0=39.25 --height=10 --num-walls=1 --wall-positions=39.25 --wall-mass-factors=1000000000 --piston-right-protocol-mode=step --velocity-right-piston-step=0.01 --max-right-piston-travel=3.93 --auto-piston-step --wall-hold-steps=12000 --steps=36000 --fixed-dt=0.4 --energy-measurement --eff-output=wall-ke --kbt1 --seed=9283",9283
2026-09-17 10:39:36,energy_transfer,edmd,36000,12000,0.0166666669,39.25,10,100,0.5,nan,0.100050721,0.100050721,1,39.25,1e+09,50;50,1,0.0416666667,1,1,0.00999999978,100,1000,nan,39.25,1,step,74.5700022,-0.00999999978,step,3.93000007,0.00999999978,nan,nan,0.00999999978,nan,nan,7.37324532,1.80769748e-05,2.45169854e-06,0.999997548,7.37322725,3.8460521e-06,6.2040458e-06,2.35799371e-06,3.19804049e-07,20,418.016724,/Users/chrisharing/Desktop/CCS_complex_coupled_systems/Repo/HardDisks/hspist3/experiments_energy_transfer/level2_slope_20260917/u0.01/tr_9284.csv,436.316711,18.2999878,1,"./00ALLINONE --mode=edmd --experiment=energy_transfer --headless --quiet --edmd-acc=0 --seed-drift-order=drift-first --energy-transfer-summary=experiments_energy_transfer/level2_slope_20260917/u0.01/summary.csv --energy-transfer-trace=experiments_energy_transfer/level2_slope_20260917/u0.01/tr_9284.csv --particles=100 --particles-boxes=50,50 --particle-radius=0.5 --l0=39.25 --height=10 --num-walls=1 --wall-positions=39.25 --wall-mass-factors=1000000000 --piston-right-protocol-mode=step --velocity-right-piston-step=0.01 --max-right-piston-travel=3.93 --auto-piston-step --wall-hold-steps=12000 --steps=36000 --fixed-dt=0.4 --energy-measurement --eff-output=wall-ke --kbt1 --seed=9284",9284
2026-09-17 10:39:36,energy_transfer,edmd,36000,12000,0.0166666669,39.25,10,100,0.5,nan,0.100050721,0.100050721,1,39.25,1e+09,50;50,1,0.0416666667,1,1,0.00999999978,100,1000,nan,39.25,1,step,74.5700022,-0.00999999978,step,3.93000007,0.00999999978,nan,nan,0.00999999978,nan,nan,7.58971931,2.22846393e-05,2.93616119e-06,0.999997064,7.58969703,5.41271311e-06,6.96986126e-06,1.55714815e-06,2.05165447e-07,20,418.016724,/Users/chrisharing/Desktop/CCS_complex_coupled_systems/Repo/HardDisks/hspist3/experiments_energy_transfer/level2_slope_20260917/u0.01/tr_9285.csv,430.166687,12.1499634,0,"./00ALLINONE --mode=edmd --experiment=energy_transfer --headless --quiet --edmd-acc=0 --seed-drift-order=drift-first --energy-transfer-summary=experiments_energy_transfer/level2_slope_20260917/u0.01/summary.csv --energy-transfer-trace=experiments_energy_transfer/level2_slope_20260917/u0.01/tr_9285.csv --particles=100 --particles-boxes=50,50 --particle-radius=0.5 --l0=39.25 --height=10 --num-walls=1 --wall-positions=39.25 --wall-mass-factors=1000000000 --piston-right-protocol-mode=step --velocity-right-piston-step=0.01 --max-right-piston-travel=3.93 --auto-piston-step --wall-hold-steps=12000 --steps=36000 --fixed-dt=0.4 --energy-measurement --eff-output=wall-ke --kbt1 --seed=9285",9285
2026-09-17 10:39:36,energy_transfer,edmd,36000,12000,0.0166666669,39.25,10,100,0.5,nan,0.100050721,0.100050721,1,39.25,1e+09,50;50,1,0.0416666667,1,1,0.00999999978,100,1000,nan,39.25,1,step,74.5700022,-0.00999999978,step,3.93000007,0.00999999978,nan,nan,0.00999999978,nan,nan,7.50864899,2.33067822e-05,3.10399144e-06,0.999996896,7.50862568,6.44062357e-06,7.17531429e-06,7.3469073e-07,9.78459282e-08,20,418.016724,/Users/chrisharing/Desktop/CCS_complex_coupled_systems/Repo/HardDisks/hspist3/experiments_energy_transfer/level2_slope_20260917/u0.01/tr_9286.csv,418.516724,0.5,0,"./00ALLINONE --mode=edmd --experiment=energy_transfer --headless --quiet --edmd-acc=0 --seed-drift-order=drift-first --energy-transfer-summary=experiments_energy_transfer/level2_slope_20260917/u0.01/summary.csv --energy-transfer-trace=experiments_energy_transfer/level2_slope_20260917/u0.01/tr_9286.csv --particles=100 --particles-boxes=50,50 --particle-radius=0.5 --l0=39.25 --height=10 --num-walls=1 --wall-positions=39.25 --wall-mass-factors=1000000000 --piston-right-protocol-mode=step --velocity-right-piston-step=0.01 --max-right-piston-travel=3.93 --auto-piston-step --wall-hold-steps=12000 --steps=36000 --fixed-dt=0.4 --energy-measurement --eff-output=wall-ke --kbt1 --seed=9286",9286
2026-09-17 10:39:37,energy_transfer,edmd,36000,12000,0.0166666669,39.25,10,100,0.5,nan,0.100050721,0.100050721,1,39.25,1e+09,50;50,1,0.0416666667,1,1,0.00999999978,100,1000,nan,39.25,1,step,74.5700022,-0.00999999978,step,3.93000007,0.00999999978,nan,nan,0.00999999978,nan,nan,7.46289859,2.04110929e-05,2.73500875e-06,0.999997265,7.46287818,4.39997848e-06,6.2796862e-06,1.87970772e-06,2.51873679e-07,20,418.016724,/Users/chrisharing/Desktop/CCS_complex_coupled_systems/Repo/HardDisks/hspist3/experiments_energy_transfer/level2_slope_20260917/u0.01/tr_9287.csv,436.166687,18.1499634,1,"./00ALLINONE --mode=edmd --experiment=energy_transfer --headless --quiet --edmd-acc=0 --seed-drift-order=drift-first --energy-transfer-summary=experiments_energy_transfer/level2_slope_20260917/u0.01/summary.csv --energy-transfer-trace=experiments_energy_transfer/level2_slope_20260917/u0.01/tr_9287.csv --particles=100 --particles-boxes=50,50 --particle-radius=0.5 --l0=39.25 --height=10 --num-walls=1 --wall-positions=39.25 --wall-mass-factors=1000000000 --piston-right-protocol-mode=step --velocity-right-piston-step=0.01 --max-right-piston-travel=3.93 --auto-piston-step --wall-hold-steps=12000 --steps=36000 --fixed-dt=0.4 --energy-measurement --eff-output=wall-ke --kbt1 --seed=9287",9287
2026-09-17 10:39:37,energy_transfer,edmd,36000,12000,0.0166666669,39.25,10,100,0.5,nan,0.100050721,0.100050721,1,39.25,1e+09,50;50,1,0.0416666667,1,1,0.00999999978,100,1000,nan,39.25,1,step,74.5700022,-0.00999999978,step,3.93000007,0.00999999978,nan,nan,0.00999999978,nan,nan,7.61179645,1.88243375e-05,2.47304794e-06,0.999997527,7.61177763,4.54761766e-06,8.40886423e-06,3.86124657e-06,5.0727139e-07,20,418.016724,/Users/chrisharing/Desktop/CCS_complex_coupled_systems/Repo/HardDisks/hspist3/experiments_energy_transfer/level2_slope_20260917/u0.01/tr_9288.csv,434.800049,16.7833252,0,"./00ALLINONE --mode=edmd --experiment=energy_transfer --headless --quiet --edmd-acc=0 --seed-drift-order=drift-first --energy-transfer-summary=experiments_energy_transfer/level2_slope_20260917/u0.01/summary.csv --energy-transfer-trace=experiments_energy_transfer/level2_slope_20260917/u0.01/tr_9288.csv --particles=100 --particles-boxes=50,50 --particle-radius=0.5 --l0=39.25 --height=10 --num-walls=1 --wall-positions=39.25 --wall-mass-factors=1000000000 --piston-right-protocol-mode=step --velocity-right-piston-step=0.01 --max-right-piston-travel=3.93 --auto-piston-step --wall-hold-steps=12000 --steps=36000 --fixed-dt=0.4 --energy-measurement --eff-output=wall-ke --kbt1 --seed=9288",9288
2026-09-17 10:39:37,energy_transfer,edmd,36000,12000,0.0166666669,39.25,10,100,0.5,nan,0.100050721,0.100050721,1,39.25,1e+09,50;50,1,0.0416666667,1,1,0.00999999978,100,1000,nan,39.25,1,step,74.5700022,-0.00999999978,step,3.93000007,0.00999999978,nan,nan,0.00999999978,nan,nan,7.48692373,1.26330851e-05,1.68735326e-06,0.999998313,7.4869111,3.01921477e-06,4.6485784e-06,1.62936362e-06,2.17627918e-07,20,418.016724,/Users/chrisharing/Desktop/CCS_complex_coupled_systems/Repo/HardDisks/hspist3/experiments_energy_transfer/level2_slope_20260917/u0.01/tr_9289.csv,426.700012,8.68328857,0,"./00ALLINONE --mode=edmd --experiment=energy_transfer --headless --quiet --edmd-acc=0 --seed-drift-order=drift-first --energy-transfer-summary=experiments_energy_transfer/level2_slope_20260917/u0.01/summary.csv --energy-transfer-trace=experiments_energy_transfer/level2_slope_20260917/u0.01/tr_9289.csv --particles=100 --particles-boxes=50,50 --particle-radius=0.5 --l0=39.25 --height=10 --num-walls=1 --wall-positions=39.25 --wall-mass-factors=1000000000 --piston-right-protocol-mode=step --velocity-right-piston-step=0.01 --max-right-piston-travel=3.93 --auto-piston-step --wall-hold-steps=12000 --steps=36000 --fixed-dt=0.4 --energy-measurement --eff-output=wall-ke --kbt1 --seed=9289",9289
