timestamp,mode,sim_mode,steps_after_release,wall_hold_steps,dt_sigma,L0,height,particles_total,radius_sigma,eta_input,eta_nominal,eta_particles_region,num_walls,wall_positions_cli,wall_mass_factors_cli,particles_boxes_cli,wall_thickness_sigma,wall_thickness_vis_sigma,kbt1,kBT,kB_effective,temperature_runtime,spring_k,spring_eq_sigma,spring_eq_sigma_effective,piston_auto,piston_protocol,piston_target_sigma,piston_speed_px,piston_right_protocol_mode,piston_right_travel_sigma,piston_right_v_step_constant,piston_right_v0,piston_right_v_gradient,piston_right_vmax,piston_right_duration,piston_right_sigmoid_steepness,W_in_max,W_out_max,ratio,loss_fraction,total_loss,springE_stop,springE_peak_win,W_out_peak_win,ratio_win,eff_window_T,piston_stop_t_rel,trace_path,spring_peak_t_rel,spring_peak_dt,spring_peak_near_end,command,seed
2026-09-17 01:11:18,energy_transfer,edmd,10,12000,0.0166666669,36.3125,10,100,0.5,nan,0.108144325,0.108144325,1,36.3125,1e+09,50;50,1,0.0416666667,1,1,0.00999999978,100,1000,nan,36.3125,1,step,68.6950022,-0.00499999989,step,3.93000007,0.00499999989,nan,nan,0.00499999989,nan,nan,0,0,nan,nan,0,nan,nan,nan,nan,20,nan,/Users/chrisharing/Desktop/CCS_complex_coupled_systems/Repo/HardDisks/hspist3/experiments_energy_transfer/level1_Zwall_path_20260916/L36p3125/tr_9600.csv,nan,nan,0,"./00ALLINONE --mode=edmd --experiment=energy_transfer --headless --quiet --edmd-acc=0 --seed-drift-order=drift-first --energy-transfer-summary=experiments_energy_transfer/level1_Zwall_path_20260916/L36p3125/summary.csv --energy-transfer-trace=experiments_energy_transfer/level1_Zwall_path_20260916/L36p3125/tr_9600.csv --particles=100 --particles-boxes=50,50 --particle-radius=0.5 --l0=36.3125 --height=10 --num-walls=1 --wall-positions=36.3125 --wall-mass-factors=1000000000 --piston-right-protocol-mode=step --velocity-right-piston-step=0.005 --max-right-piston-travel=3.93 --auto-piston-step --wall-hold-steps=12000 --steps=10 --fixed-dt=0.4 --energy-measurement --eff-output=wall-ke --kbt1 --seed=9600",9600
2026-09-17 01:11:18,energy_transfer,edmd,10,12000,0.0166666669,36.3125,10,100,0.5,nan,0.108144325,0.108144325,1,36.3125,1e+09,50;50,1,0.0416666667,1,1,0.00999999978,100,1000,nan,36.3125,1,step,68.6950022,-0.00499999989,step,3.93000007,0.00499999989,nan,nan,0.00499999989,nan,nan,0,0,nan,nan,0,nan,nan,nan,nan,20,nan,/Users/chrisharing/Desktop/CCS_complex_coupled_systems/Repo/HardDisks/hspist3/experiments_energy_transfer/level1_Zwall_path_20260916/L36p3125/tr_9601.csv,nan,nan,0,"./00ALLINONE --mode=edmd --experiment=energy_transfer --headless --quiet --edmd-acc=0 --seed-drift-order=drift-first --energy-transfer-summary=experiments_energy_transfer/level1_Zwall_path_20260916/L36p3125/summary.csv --energy-transfer-trace=experiments_energy_transfer/level1_Zwall_path_20260916/L36p3125/tr_9601.csv --particles=100 --particles-boxes=50,50 --particle-radius=0.5 --l0=36.3125 --height=10 --num-walls=1 --wall-positions=36.3125 --wall-mass-factors=1000000000 --piston-right-protocol-mode=step --velocity-right-piston-step=0.005 --max-right-piston-travel=3.93 --auto-piston-step --wall-hold-steps=12000 --steps=10 --fixed-dt=0.4 --energy-measurement --eff-output=wall-ke --kbt1 --seed=9601",9601
2026-09-17 01:11:18,energy_transfer,edmd,10,12000,0.0166666669,36.3125,10,100,0.5,nan,0.108144325,0.108144325,1,36.3125,1e+09,50;50,1,0.0416666667,1,1,0.00999999978,100,1000,nan,36.3125,1,step,68.6950022,-0.00499999989,step,3.93000007,0.00499999989,nan,nan,0.00499999989,nan,nan,0,0,nan,nan,0,nan,nan,nan,nan,20,nan,/Users/chrisharing/Desktop/CCS_complex_coupled_systems/Repo/HardDisks/hspist3/experiments_energy_transfer/level1_Zwall_path_20260916/L36p3125/tr_9602.csv,nan,nan,0,"./00ALLINONE --mode=edmd --experiment=energy_transfer --headless --quiet --edmd-acc=0 --seed-drift-order=drift-first --energy-transfer-summary=experiments_energy_transfer/level1_Zwall_path_20260916/L36p3125/summary.csv --energy-transfer-trace=experiments_energy_transfer/level1_Zwall_path_20260916/L36p3125/tr_9602.csv --particles=100 --particles-boxes=50,50 --particle-radius=0.5 --l0=36.3125 --height=10 --num-walls=1 --wall-positions=36.3125 --wall-mass-factors=1000000000 --piston-right-protocol-mode=step --velocity-right-piston-step=0.005 --max-right-piston-travel=3.93 --auto-piston-step --wall-hold-steps=12000 --steps=10 --fixed-dt=0.4 --energy-measurement --eff-output=wall-ke --kbt1 --seed=9602",9602
2026-09-17 01:11:18,energy_transfer,edmd,10,12000,0.0166666669,36.3125,10,100,0.5,nan,0.108144325,0.108144325,1,36.3125,1e+09,50;50,1,0.0416666667,1,1,0.00999999978,100,1000,nan,36.3125,1,step,68.6950022,-0.00499999989,step,3.93000007,0.00499999989,nan,nan,0.00499999989,nan,nan,0,0,nan,nan,0,nan,nan,nan,nan,20,nan,/Users/chrisharing/Desktop/CCS_complex_coupled_systems/Repo/HardDisks/hspist3/experiments_energy_transfer/level1_Zwall_path_20260916/L36p3125/tr_9603.csv,nan,nan,0,"./00ALLINONE --mode=edmd --experiment=energy_transfer --headless --quiet --edmd-acc=0 --seed-drift-order=drift-first --energy-transfer-summary=experiments_energy_transfer/level1_Zwall_path_20260916/L36p3125/summary.csv --energy-transfer-trace=experiments_energy_transfer/level1_Zwall_path_20260916/L36p3125/tr_9603.csv --particles=100 --particles-boxes=50,50 --particle-radius=0.5 --l0=36.3125 --height=10 --num-walls=1 --wall-positions=36.3125 --wall-mass-factors=1000000000 --piston-right-protocol-mode=step --velocity-right-piston-step=0.005 --max-right-piston-travel=3.93 --auto-piston-step --wall-hold-steps=12000 --steps=10 --fixed-dt=0.4 --energy-measurement --eff-output=wall-ke --kbt1 --seed=9603",9603
2026-09-17 01:11:18,energy_transfer,edmd,10,12000,0.0166666669,36.3125,10,100,0.5,nan,0.108144325,0.108144325,1,36.3125,1e+09,50;50,1,0.0416666667,1,1,0.00999999978,100,1000,nan,36.3125,1,step,68.6950022,-0.00499999989,step,3.93000007,0.00499999989,nan,nan,0.00499999989,nan,nan,0,0,nan,nan,0,nan,nan,nan,nan,20,nan,/Users/chrisharing/Desktop/CCS_complex_coupled_systems/Repo/HardDisks/hspist3/experiments_energy_transfer/level1_Zwall_path_20260916/L36p3125/tr_9604.csv,nan,nan,0,"./00ALLINONE --mode=edmd --experiment=energy_transfer --headless --quiet --edmd-acc=0 --seed-drift-order=drift-first --energy-transfer-summary=experiments_energy_transfer/level1_Zwall_path_20260916/L36p3125/summary.csv --energy-transfer-trace=experiments_energy_transfer/level1_Zwall_path_20260916/L36p3125/tr_9604.csv --particles=100 --particles-boxes=50,50 --particle-radius=0.5 --l0=36.3125 --height=10 --num-walls=1 --wall-positions=36.3125 --wall-mass-factors=1000000000 --piston-right-protocol-mode=step --velocity-right-piston-step=0.005 --max-right-piston-travel=3.93 --auto-piston-step --wall-hold-steps=12000 --steps=10 --fixed-dt=0.4 --energy-measurement --eff-output=wall-ke --kbt1 --seed=9604",9604
2026-09-17 01:11:18,energy_transfer,edmd,10,12000,0.0166666669,36.3125,10,100,0.5,nan,0.108144325,0.108144325,1,36.3125,1e+09,50;50,1,0.0416666667,1,1,0.00999999978,100,1000,nan,36.3125,1,step,68.6950022,-0.00499999989,step,3.93000007,0.00499999989,nan,nan,0.00499999989,nan,nan,0,1.98167949e-09,nan,nan,-1.98167949e-09,nan,nan,nan,nan,20,nan,/Users/chrisharing/Desktop/CCS_complex_coupled_systems/Repo/HardDisks/hspist3/experiments_energy_transfer/level1_Zwall_path_20260916/L36p3125/tr_9605.csv,nan,nan,0,"./00ALLINONE --mode=edmd --experiment=energy_transfer --headless --quiet --edmd-acc=0 --seed-drift-order=drift-first --energy-transfer-summary=experiments_energy_transfer/level1_Zwall_path_20260916/L36p3125/summary.csv --energy-transfer-trace=experiments_energy_transfer/level1_Zwall_path_20260916/L36p3125/tr_9605.csv --particles=100 --particles-boxes=50,50 --particle-radius=0.5 --l0=36.3125 --height=10 --num-walls=1 --wall-positions=36.3125 --wall-mass-factors=1000000000 --piston-right-protocol-mode=step --velocity-right-piston-step=0.005 --max-right-piston-travel=3.93 --auto-piston-step --wall-hold-steps=12000 --steps=10 --fixed-dt=0.4 --energy-measurement --eff-output=wall-ke --kbt1 --seed=9605",9605
2026-09-17 01:11:18,energy_transfer,edmd,10,12000,0.0166666669,36.3125,10,100,0.5,nan,0.108144325,0.108144325,1,36.3125,1e+09,50;50,1,0.0416666667,1,1,0.00999999978,100,1000,nan,36.3125,1,step,68.6950022,-0.00499999989,step,3.93000007,0.00499999989,nan,nan,0.00499999989,nan,nan,0,0,nan,nan,0,nan,nan,nan,nan,20,nan,/Users/chrisharing/Desktop/CCS_complex_coupled_systems/Repo/HardDisks/hspist3/experiments_energy_transfer/level1_Zwall_path_20260916/L36p3125/tr_9606.csv,nan,nan,0,"./00ALLINONE --mode=edmd --experiment=energy_transfer --headless --quiet --edmd-acc=0 --seed-drift-order=drift-first --energy-transfer-summary=experiments_energy_transfer/level1_Zwall_path_20260916/L36p3125/summary.csv --energy-transfer-trace=experiments_energy_transfer/level1_Zwall_path_20260916/L36p3125/tr_9606.csv --particles=100 --particles-boxes=50,50 --particle-radius=0.5 --l0=36.3125 --height=10 --num-walls=1 --wall-positions=36.3125 --wall-mass-factors=1000000000 --piston-right-protocol-mode=step --velocity-right-piston-step=0.005 --max-right-piston-travel=3.93 --auto-piston-step --wall-hold-steps=12000 --steps=10 --fixed-dt=0.4 --energy-measurement --eff-output=wall-ke --kbt1 --seed=9606",9606
2026-09-17 01:11:18,energy_transfer,edmd,10,12000,0.0166666669,36.3125,10,100,0.5,nan,0.108144325,0.108144325,1,36.3125,1e+09,50;50,1,0.0416666667,1,1,0.00999999978,100,1000,nan,36.3125,1,step,68.6950022,-0.00499999989,step,3.93000007,0.00499999989,nan,nan,0.00499999989,nan,nan,0,0,nan,nan,0,nan,nan,nan,nan,20,nan,/Users/chrisharing/Desktop/CCS_complex_coupled_systems/Repo/HardDisks/hspist3/experiments_energy_transfer/level1_Zwall_path_20260916/L36p3125/tr_9607.csv,nan,nan,0,"./00ALLINONE --mode=edmd --experiment=energy_transfer --headless --quiet --edmd-acc=0 --seed-drift-order=drift-first --energy-transfer-summary=experiments_energy_transfer/level1_Zwall_path_20260916/L36p3125/summary.csv --energy-transfer-trace=experiments_energy_transfer/level1_Zwall_path_20260916/L36p3125/tr_9607.csv --particles=100 --particles-boxes=50,50 --particle-radius=0.5 --l0=36.3125 --height=10 --num-walls=1 --wall-positions=36.3125 --wall-mass-factors=1000000000 --piston-right-protocol-mode=step --velocity-right-piston-step=0.005 --max-right-piston-travel=3.93 --auto-piston-step --wall-hold-steps=12000 --steps=10 --fixed-dt=0.4 --energy-measurement --eff-output=wall-ke --kbt1 --seed=9607",9607
2026-09-17 01:11:19,energy_transfer,edmd,10,12000,0.0166666669,36.3125,10,100,0.5,nan,0.108144325,0.108144325,1,36.3125,1e+09,50;50,1,0.0416666667,1,1,0.00999999978,100,1000,nan,36.3125,1,step,68.6950022,-0.00499999989,step,3.93000007,0.00499999989,nan,nan,0.00499999989,nan,nan,0,0,nan,nan,0,nan,nan,nan,nan,20,nan,/Users/chrisharing/Desktop/CCS_complex_coupled_systems/Repo/HardDisks/hspist3/experiments_energy_transfer/level1_Zwall_path_20260916/L36p3125/tr_9608.csv,nan,nan,0,"./00ALLINONE --mode=edmd --experiment=energy_transfer --headless --quiet --edmd-acc=0 --seed-drift-order=drift-first --energy-transfer-summary=experiments_energy_transfer/level1_Zwall_path_20260916/L36p3125/summary.csv --energy-transfer-trace=experiments_energy_transfer/level1_Zwall_path_20260916/L36p3125/tr_9608.csv --particles=100 --particles-boxes=50,50 --particle-radius=0.5 --l0=36.3125 --height=10 --num-walls=1 --wall-positions=36.3125 --wall-mass-factors=1000000000 --piston-right-protocol-mode=step --velocity-right-piston-step=0.005 --max-right-piston-travel=3.93 --auto-piston-step --wall-hold-steps=12000 --steps=10 --fixed-dt=0.4 --energy-measurement --eff-output=wall-ke --kbt1 --seed=9608",9608
2026-09-17 01:11:19,energy_transfer,edmd,10,12000,0.0166666669,36.3125,10,100,0.5,nan,0.108144325,0.108144325,1,36.3125,1e+09,50;50,1,0.0416666667,1,1,0.00999999978,100,1000,nan,36.3125,1,step,68.6950022,-0.00499999989,step,3.93000007,0.00499999989,nan,nan,0.00499999989,nan,nan,0,0,nan,nan,0,nan,nan,nan,nan,20,nan,/Users/chrisharing/Desktop/CCS_complex_coupled_systems/Repo/HardDisks/hspist3/experiments_energy_transfer/level1_Zwall_path_20260916/L36p3125/tr_9609.csv,nan,nan,0,"./00ALLINONE --mode=edmd --experiment=energy_transfer --headless --quiet --edmd-acc=0 --seed-drift-order=drift-first --energy-transfer-summary=experiments_energy_transfer/level1_Zwall_path_20260916/L36p3125/summary.csv --energy-transfer-trace=experiments_energy_transfer/level1_Zwall_path_20260916/L36p3125/tr_9609.csv --particles=100 --particles-boxes=50,50 --particle-radius=0.5 --l0=36.3125 --height=10 --num-walls=1 --wall-positions=36.3125 --wall-mass-factors=1000000000 --piston-right-protocol-mode=step --velocity-right-piston-step=0.005 --max-right-piston-travel=3.93 --auto-piston-step --wall-hold-steps=12000 --steps=10 --fixed-dt=0.4 --energy-measurement --eff-output=wall-ke --kbt1 --seed=9609",9609
2026-09-17 01:11:19,energy_transfer,edmd,10,12000,0.0166666669,36.3125,10,100,0.5,nan,0.108144325,0.108144325,1,36.3125,1e+09,50;50,1,0.0416666667,1,1,0.00999999978,100,1000,nan,36.3125,1,step,68.6950022,-0.00499999989,step,3.93000007,0.00499999989,nan,nan,0.00499999989,nan,nan,0,0,nan,nan,0,nan,nan,nan,nan,20,nan,/Users/chrisharing/Desktop/CCS_complex_coupled_systems/Repo/HardDisks/hspist3/experiments_energy_transfer/level1_Zwall_path_20260916/L36p3125/tr_9610.csv,nan,nan,0,"./00ALLINONE --mode=edmd --experiment=energy_transfer --headless --quiet --edmd-acc=0 --seed-drift-order=drift-first --energy-transfer-summary=experiments_energy_transfer/level1_Zwall_path_20260916/L36p3125/summary.csv --energy-transfer-trace=experiments_energy_transfer/level1_Zwall_path_20260916/L36p3125/tr_9610.csv --particles=100 --particles-boxes=50,50 --particle-radius=0.5 --l0=36.3125 --height=10 --num-walls=1 --wall-positions=36.3125 --wall-mass-factors=1000000000 --piston-right-protocol-mode=step --velocity-right-piston-step=0.005 --max-right-piston-travel=3.93 --auto-piston-step --wall-hold-steps=12000 --steps=10 --fixed-dt=0.4 --energy-measurement --eff-output=wall-ke --kbt1 --seed=9610",9610
2026-09-17 01:11:19,energy_transfer,edmd,10,12000,0.0166666669,36.3125,10,100,0.5,nan,0.108144325,0.108144325,1,36.3125,1e+09,50;50,1,0.0416666667,1,1,0.00999999978,100,1000,nan,36.3125,1,step,68.6950022,-0.00499999989,step,3.93000007,0.00499999989,nan,nan,0.00499999989,nan,nan,0,0,nan,nan,0,nan,nan,nan,nan,20,nan,/Users/chrisharing/Desktop/CCS_complex_coupled_systems/Repo/HardDisks/hspist3/experiments_energy_transfer/level1_Zwall_path_20260916/L36p3125/tr_9611.csv,nan,nan,0,"./00ALLINONE --mode=edmd --experiment=energy_transfer --headless --quiet --edmd-acc=0 --seed-drift-order=drift-first --energy-transfer-summary=experiments_energy_transfer/level1_Zwall_path_20260916/L36p3125/summary.csv --energy-transfer-trace=experiments_energy_transfer/level1_Zwall_path_20260916/L36p3125/tr_9611.csv --particles=100 --particles-boxes=50,50 --particle-radius=0.5 --l0=36.3125 --height=10 --num-walls=1 --wall-positions=36.3125 --wall-mass-factors=1000000000 --piston-right-protocol-mode=step --velocity-right-piston-step=0.005 --max-right-piston-travel=3.93 --auto-piston-step --wall-hold-steps=12000 --steps=10 --fixed-dt=0.4 --energy-measurement --eff-output=wall-ke --kbt1 --seed=9611",9611
2026-09-17 01:11:19,energy_transfer,edmd,10,12000,0.0166666669,36.3125,10,100,0.5,nan,0.108144325,0.108144325,1,36.3125,1e+09,50;50,1,0.0416666667,1,1,0.00999999978,100,1000,nan,36.3125,1,step,68.6950022,-0.00499999989,step,3.93000007,0.00499999989,nan,nan,0.00499999989,nan,nan,0,0,nan,nan,0,nan,nan,nan,nan,20,nan,/Users/chrisharing/Desktop/CCS_complex_coupled_systems/Repo/HardDisks/hspist3/experiments_energy_transfer/level1_Zwall_path_20260916/L36p3125/tr_9612.csv,nan,nan,0,"./00ALLINONE --mode=edmd --experiment=energy_transfer --headless --quiet --edmd-acc=0 --seed-drift-order=drift-first --energy-transfer-summary=experiments_energy_transfer/level1_Zwall_path_20260916/L36p3125/summary.csv --energy-transfer-trace=experiments_energy_transfer/level1_Zwall_path_20260916/L36p3125/tr_9612.csv --particles=100 --particles-boxes=50,50 --particle-radius=0.5 --l0=36.3125 --height=10 --num-walls=1 --wall-positions=36.3125 --wall-mass-factors=1000000000 --piston-right-protocol-mode=step --velocity-right-piston-step=0.005 --max-right-piston-travel=3.93 --auto-piston-step --wall-hold-steps=12000 --steps=10 --fixed-dt=0.4 --energy-measurement --eff-output=wall-ke --kbt1 --seed=9612",9612
2026-09-17 01:11:19,energy_transfer,edmd,10,12000,0.0166666669,36.3125,10,100,0.5,nan,0.108144325,0.108144325,1,36.3125,1e+09,50;50,1,0.0416666667,1,1,0.00999999978,100,1000,nan,36.3125,1,step,68.6950022,-0.00499999989,step,3.93000007,0.00499999989,nan,nan,0.00499999989,nan,nan,0,3.17681903e-09,nan,nan,-3.17681903e-09,nan,nan,nan,nan,20,nan,/Users/chrisharing/Desktop/CCS_complex_coupled_systems/Repo/HardDisks/hspist3/experiments_energy_transfer/level1_Zwall_path_20260916/L36p3125/tr_9613.csv,nan,nan,0,"./00ALLINONE --mode=edmd --experiment=energy_transfer --headless --quiet --edmd-acc=0 --seed-drift-order=drift-first --energy-transfer-summary=experiments_energy_transfer/level1_Zwall_path_20260916/L36p3125/summary.csv --energy-transfer-trace=experiments_energy_transfer/level1_Zwall_path_20260916/L36p3125/tr_9613.csv --particles=100 --particles-boxes=50,50 --particle-radius=0.5 --l0=36.3125 --height=10 --num-walls=1 --wall-positions=36.3125 --wall-mass-factors=1000000000 --piston-right-protocol-mode=step --velocity-right-piston-step=0.005 --max-right-piston-travel=3.93 --auto-piston-step --wall-hold-steps=12000 --steps=10 --fixed-dt=0.4 --energy-measurement --eff-output=wall-ke --kbt1 --seed=9613",9613
2026-09-17 01:11:19,energy_transfer,edmd,10,12000,0.0166666669,36.3125,10,100,0.5,nan,0.108144325,0.108144325,1,36.3125,1e+09,50;50,1,0.0416666667,1,1,0.00999999978,100,1000,nan,36.3125,1,step,68.6950022,-0.00499999989,step,3.93000007,0.00499999989,nan,nan,0.00499999989,nan,nan,0,0,nan,nan,0,nan,nan,nan,nan,20,nan,/Users/chrisharing/Desktop/CCS_complex_coupled_systems/Repo/HardDisks/hspist3/experiments_energy_transfer/level1_Zwall_path_20260916/L36p3125/tr_9614.csv,nan,nan,0,"./00ALLINONE --mode=edmd --experiment=energy_transfer --headless --quiet --edmd-acc=0 --seed-drift-order=drift-first --energy-transfer-summary=experiments_energy_transfer/level1_Zwall_path_20260916/L36p3125/summary.csv --energy-transfer-trace=experiments_energy_transfer/level1_Zwall_path_20260916/L36p3125/tr_9614.csv --particles=100 --particles-boxes=50,50 --particle-radius=0.5 --l0=36.3125 --height=10 --num-walls=1 --wall-positions=36.3125 --wall-mass-factors=1000000000 --piston-right-protocol-mode=step --velocity-right-piston-step=0.005 --max-right-piston-travel=3.93 --auto-piston-step --wall-hold-steps=12000 --steps=10 --fixed-dt=0.4 --energy-measurement --eff-output=wall-ke --kbt1 --seed=9614",9614
2026-09-17 01:11:19,energy_transfer,edmd,10,12000,0.0166666669,36.3125,10,100,0.5,nan,0.108144325,0.108144325,1,36.3125,1e+09,50;50,1,0.0416666667,1,1,0.00999999978,100,1000,nan,36.3125,1,step,68.6950022,-0.00499999989,step,3.93000007,0.00499999989,nan,nan,0.00499999989,nan,nan,0,0,nan,nan,0,nan,nan,nan,nan,20,nan,/Users/chrisharing/Desktop/CCS_complex_coupled_systems/Repo/HardDisks/hspist3/experiments_energy_transfer/level1_Zwall_path_20260916/L36p3125/tr_9615.csv,nan,nan,0,"./00ALLINONE --mode=edmd --experiment=energy_transfer --headless --quiet --edmd-acc=0 --seed-drift-order=drift-first --energy-transfer-summary=experiments_energy_transfer/level1_Zwall_path_20260916/L36p3125/summary.csv --energy-transfer-trace=experiments_energy_transfer/level1_Zwall_path_20260916/L36p3125/tr_9615.csv --particles=100 --particles-boxes=50,50 --particle-radius=0.5 --l0=36.3125 --height=10 --num-walls=1 --wall-positions=36.3125 --wall-mass-factors=1000000000 --piston-right-protocol-mode=step --velocity-right-piston-step=0.005 --max-right-piston-travel=3.93 --auto-piston-step --wall-hold-steps=12000 --steps=10 --fixed-dt=0.4 --energy-measurement --eff-output=wall-ke --kbt1 --seed=9615",9615
2026-09-17 01:11:19,energy_transfer,edmd,10,12000,0.0166666669,36.3125,10,100,0.5,nan,0.108144325,0.108144325,1,36.3125,1e+09,50;50,1,0.0416666667,1,1,0.00999999978,100,1000,nan,36.3125,1,step,68.6950022,-0.00499999989,step,3.93000007,0.00499999989,nan,nan,0.00499999989,nan,nan,0,0,nan,nan,0,nan,nan,nan,nan,20,nan,/Users/chrisharing/Desktop/CCS_complex_coupled_systems/Repo/HardDisks/hspist3/experiments_energy_transfer/level1_Zwall_path_20260916/L36p3125/tr_9616.csv,nan,nan,0,"./00ALLINONE --mode=edmd --experiment=energy_transfer --headless --quiet --edmd-acc=0 --seed-drift-order=drift-first --energy-transfer-summary=experiments_energy_transfer/level1_Zwall_path_20260916/L36p3125/summary.csv --energy-transfer-trace=experiments_energy_transfer/level1_Zwall_path_20260916/L36p3125/tr_9616.csv --particles=100 --particles-boxes=50,50 --particle-radius=0.5 --l0=36.3125 --height=10 --num-walls=1 --wall-positions=36.3125 --wall-mass-factors=1000000000 --piston-right-protocol-mode=step --velocity-right-piston-step=0.005 --max-right-piston-travel=3.93 --auto-piston-step --wall-hold-steps=12000 --steps=10 --fixed-dt=0.4 --energy-measurement --eff-output=wall-ke --kbt1 --seed=9616",9616
2026-09-17 01:11:19,energy_transfer,edmd,10,12000,0.0166666669,36.3125,10,100,0.5,nan,0.108144325,0.108144325,1,36.3125,1e+09,50;50,1,0.0416666667,1,1,0.00999999978,100,1000,nan,36.3125,1,step,68.6950022,-0.00499999989,step,3.93000007,0.00499999989,nan,nan,0.00499999989,nan,nan,0,0,nan,nan,0,nan,nan,nan,nan,20,nan,/Users/chrisharing/Desktop/CCS_complex_coupled_systems/Repo/HardDisks/hspist3/experiments_energy_transfer/level1_Zwall_path_20260916/L36p3125/tr_9617.csv,nan,nan,0,"./00ALLINONE --mode=edmd --experiment=energy_transfer --headless --quiet --edmd-acc=0 --seed-drift-order=drift-first --energy-transfer-summary=experiments_energy_transfer/level1_Zwall_path_20260916/L36p3125/summary.csv --energy-transfer-trace=experiments_energy_transfer/level1_Zwall_path_20260916/L36p3125/tr_9617.csv --particles=100 --particles-boxes=50,50 --particle-radius=0.5 --l0=36.3125 --height=10 --num-walls=1 --wall-positions=36.3125 --wall-mass-factors=1000000000 --piston-right-protocol-mode=step --velocity-right-piston-step=0.005 --max-right-piston-travel=3.93 --auto-piston-step --wall-hold-steps=12000 --steps=10 --fixed-dt=0.4 --energy-measurement --eff-output=wall-ke --kbt1 --seed=9617",9617
2026-09-17 01:11:19,energy_transfer,edmd,10,12000,0.0166666669,36.3125,10,100,0.5,nan,0.108144325,0.108144325,1,36.3125,1e+09,50;50,1,0.0416666667,1,1,0.00999999978,100,1000,nan,36.3125,1,step,68.6950022,-0.00499999989,step,3.93000007,0.00499999989,nan,nan,0.00499999989,nan,nan,0,6.18561868e-09,nan,nan,-6.18561868e-09,nan,nan,nan,nan,20,nan,/Users/chrisharing/Desktop/CCS_complex_coupled_systems/Repo/HardDisks/hspist3/experiments_energy_transfer/level1_Zwall_path_20260916/L36p3125/tr_9618.csv,nan,nan,0,"./00ALLINONE --mode=edmd --experiment=energy_transfer --headless --quiet --edmd-acc=0 --seed-drift-order=drift-first --energy-transfer-summary=experiments_energy_transfer/level1_Zwall_path_20260916/L36p3125/summary.csv --energy-transfer-trace=experiments_energy_transfer/level1_Zwall_path_20260916/L36p3125/tr_9618.csv --particles=100 --particles-boxes=50,50 --particle-radius=0.5 --l0=36.3125 --height=10 --num-walls=1 --wall-positions=36.3125 --wall-mass-factors=1000000000 --piston-right-protocol-mode=step --velocity-right-piston-step=0.005 --max-right-piston-travel=3.93 --auto-piston-step --wall-hold-steps=12000 --steps=10 --fixed-dt=0.4 --energy-measurement --eff-output=wall-ke --kbt1 --seed=9618",9618
2026-09-17 01:11:19,energy_transfer,edmd,10,12000,0.0166666669,36.3125,10,100,0.5,nan,0.108144325,0.108144325,1,36.3125,1e+09,50;50,1,0.0416666667,1,1,0.00999999978,100,1000,nan,36.3125,1,step,68.6950022,-0.00499999989,step,3.93000007,0.00499999989,nan,nan,0.00499999989,nan,nan,0,0,nan,nan,0,nan,nan,nan,nan,20,nan,/Users/chrisharing/Desktop/CCS_complex_coupled_systems/Repo/HardDisks/hspist3/experiments_energy_transfer/level1_Zwall_path_20260916/L36p3125/tr_9619.csv,nan,nan,0,"./00ALLINONE --mode=edmd --experiment=energy_transfer --headless --quiet --edmd-acc=0 --seed-drift-order=drift-first --energy-transfer-summary=experiments_energy_transfer/level1_Zwall_path_20260916/L36p3125/summary.csv --energy-transfer-trace=experiments_energy_transfer/level1_Zwall_path_20260916/L36p3125/tr_9619.csv --particles=100 --particles-boxes=50,50 --particle-radius=0.5 --l0=36.3125 --height=10 --num-walls=1 --wall-positions=36.3125 --wall-mass-factors=1000000000 --piston-right-protocol-mode=step --velocity-right-piston-step=0.005 --max-right-piston-travel=3.93 --auto-piston-step --wall-hold-steps=12000 --steps=10 --fixed-dt=0.4 --energy-measurement --eff-output=wall-ke --kbt1 --seed=9619",9619
2026-09-17 01:11:20,energy_transfer,edmd,10,12000,0.0166666669,36.3125,10,100,0.5,nan,0.108144325,0.108144325,1,36.3125,1e+09,50;50,1,0.0416666667,1,1,0.00999999978,100,1000,nan,36.3125,1,step,68.6950022,-0.00499999989,step,3.93000007,0.00499999989,nan,nan,0.00499999989,nan,nan,0,0,nan,nan,0,nan,nan,nan,nan,20,nan,/Users/chrisharing/Desktop/CCS_complex_coupled_systems/Repo/HardDisks/hspist3/experiments_energy_transfer/level1_Zwall_path_20260916/L36p3125/tr_9620.csv,nan,nan,0,"./00ALLINONE --mode=edmd --experiment=energy_transfer --headless --quiet --edmd-acc=0 --seed-drift-order=drift-first --energy-transfer-summary=experiments_energy_transfer/level1_Zwall_path_20260916/L36p3125/summary.csv --energy-transfer-trace=experiments_energy_transfer/level1_Zwall_path_20260916/L36p3125/tr_9620.csv --particles=100 --particles-boxes=50,50 --particle-radius=0.5 --l0=36.3125 --height=10 --num-walls=1 --wall-positions=36.3125 --wall-mass-factors=1000000000 --piston-right-protocol-mode=step --velocity-right-piston-step=0.005 --max-right-piston-travel=3.93 --auto-piston-step --wall-hold-steps=12000 --steps=10 --fixed-dt=0.4 --energy-measurement --eff-output=wall-ke --kbt1 --seed=9620",9620
2026-09-17 01:11:20,energy_transfer,edmd,10,12000,0.0166666669,36.3125,10,100,0.5,nan,0.108144325,0.108144325,1,36.3125,1e+09,50;50,1,0.0416666667,1,1,0.00999999978,100,1000,nan,36.3125,1,step,68.6950022,-0.00499999989,step,3.93000007,0.00499999989,nan,nan,0.00499999989,nan,nan,0,0,nan,nan,0,nan,nan,nan,nan,20,nan,/Users/chrisharing/Desktop/CCS_complex_coupled_systems/Repo/HardDisks/hspist3/experiments_energy_transfer/level1_Zwall_path_20260916/L36p3125/tr_9621.csv,nan,nan,0,"./00ALLINONE --mode=edmd --experiment=energy_transfer --headless --quiet --edmd-acc=0 --seed-drift-order=drift-first --energy-transfer-summary=experiments_energy_transfer/level1_Zwall_path_20260916/L36p3125/summary.csv --energy-transfer-trace=experiments_energy_transfer/level1_Zwall_path_20260916/L36p3125/tr_9621.csv --particles=100 --particles-boxes=50,50 --particle-radius=0.5 --l0=36.3125 --height=10 --num-walls=1 --wall-positions=36.3125 --wall-mass-factors=1000000000 --piston-right-protocol-mode=step --velocity-right-piston-step=0.005 --max-right-piston-travel=3.93 --auto-piston-step --wall-hold-steps=12000 --steps=10 --fixed-dt=0.4 --energy-measurement --eff-output=wall-ke --kbt1 --seed=9621",9621
2026-09-17 01:11:20,energy_transfer,edmd,10,12000,0.0166666669,36.3125,10,100,0.5,nan,0.108144325,0.108144325,1,36.3125,1e+09,50;50,1,0.0416666667,1,1,0.00999999978,100,1000,nan,36.3125,1,step,68.6950022,-0.00499999989,step,3.93000007,0.00499999989,nan,nan,0.00499999989,nan,nan,0,0,nan,nan,0,nan,nan,nan,nan,20,nan,/Users/chrisharing/Desktop/CCS_complex_coupled_systems/Repo/HardDisks/hspist3/experiments_energy_transfer/level1_Zwall_path_20260916/L36p3125/tr_9622.csv,nan,nan,0,"./00ALLINONE --mode=edmd --experiment=energy_transfer --headless --quiet --edmd-acc=0 --seed-drift-order=drift-first --energy-transfer-summary=experiments_energy_transfer/level1_Zwall_path_20260916/L36p3125/summary.csv --energy-transfer-trace=experiments_energy_transfer/level1_Zwall_path_20260916/L36p3125/tr_9622.csv --particles=100 --particles-boxes=50,50 --particle-radius=0.5 --l0=36.3125 --height=10 --num-walls=1 --wall-positions=36.3125 --wall-mass-factors=1000000000 --piston-right-protocol-mode=step --velocity-right-piston-step=0.005 --max-right-piston-travel=3.93 --auto-piston-step --wall-hold-steps=12000 --steps=10 --fixed-dt=0.4 --energy-measurement --eff-output=wall-ke --kbt1 --seed=9622",9622
2026-09-17 01:11:20,energy_transfer,edmd,10,12000,0.0166666669,36.3125,10,100,0.5,nan,0.108144325,0.108144325,1,36.3125,1e+09,50;50,1,0.0416666667,1,1,0.00999999978,100,1000,nan,36.3125,1,step,68.6950022,-0.00499999989,step,3.93000007,0.00499999989,nan,nan,0.00499999989,nan,nan,0,0,nan,nan,0,nan,nan,nan,nan,20,nan,/Users/chrisharing/Desktop/CCS_complex_coupled_systems/Repo/HardDisks/hspist3/experiments_energy_transfer/level1_Zwall_path_20260916/L36p3125/tr_9623.csv,nan,nan,0,"./00ALLINONE --mode=edmd --experiment=energy_transfer --headless --quiet --edmd-acc=0 --seed-drift-order=drift-first --energy-transfer-summary=experiments_energy_transfer/level1_Zwall_path_20260916/L36p3125/summary.csv --energy-transfer-trace=experiments_energy_transfer/level1_Zwall_path_20260916/L36p3125/tr_9623.csv --particles=100 --particles-boxes=50,50 --particle-radius=0.5 --l0=36.3125 --height=10 --num-walls=1 --wall-positions=36.3125 --wall-mass-factors=1000000000 --piston-right-protocol-mode=step --velocity-right-piston-step=0.005 --max-right-piston-travel=3.93 --auto-piston-step --wall-hold-steps=12000 --steps=10 --fixed-dt=0.4 --energy-measurement --eff-output=wall-ke --kbt1 --seed=9623",9623
2026-09-17 01:11:20,energy_transfer,edmd,10,12000,0.0166666669,36.3125,10,100,0.5,nan,0.108144325,0.108144325,1,36.3125,1e+09,50;50,1,0.0416666667,1,1,0.00999999978,100,1000,nan,36.3125,1,step,68.6950022,-0.00499999989,step,3.93000007,0.00499999989,nan,nan,0.00499999989,nan,nan,0,2.8859739e-09,nan,nan,-2.8859739e-09,nan,nan,nan,nan,20,nan,/Users/chrisharing/Desktop/CCS_complex_coupled_systems/Repo/HardDisks/hspist3/experiments_energy_transfer/level1_Zwall_path_20260916/L36p3125/tr_9624.csv,nan,nan,0,"./00ALLINONE --mode=edmd --experiment=energy_transfer --headless --quiet --edmd-acc=0 --seed-drift-order=drift-first --energy-transfer-summary=experiments_energy_transfer/level1_Zwall_path_20260916/L36p3125/summary.csv --energy-transfer-trace=experiments_energy_transfer/level1_Zwall_path_20260916/L36p3125/tr_9624.csv --particles=100 --particles-boxes=50,50 --particle-radius=0.5 --l0=36.3125 --height=10 --num-walls=1 --wall-positions=36.3125 --wall-mass-factors=1000000000 --piston-right-protocol-mode=step --velocity-right-piston-step=0.005 --max-right-piston-travel=3.93 --auto-piston-step --wall-hold-steps=12000 --steps=10 --fixed-dt=0.4 --energy-measurement --eff-output=wall-ke --kbt1 --seed=9624",9624
2026-09-17 01:11:20,energy_transfer,edmd,10,12000,0.0166666669,36.3125,10,100,0.5,nan,0.108144325,0.108144325,1,36.3125,1e+09,50;50,1,0.0416666667,1,1,0.00999999978,100,1000,nan,36.3125,1,step,68.6950022,-0.00499999989,step,3.93000007,0.00499999989,nan,nan,0.00499999989,nan,nan,0,0,nan,nan,0,nan,nan,nan,nan,20,nan,/Users/chrisharing/Desktop/CCS_complex_coupled_systems/Repo/HardDisks/hspist3/experiments_energy_transfer/level1_Zwall_path_20260916/L36p3125/tr_9625.csv,nan,nan,0,"./00ALLINONE --mode=edmd --experiment=energy_transfer --headless --quiet --edmd-acc=0 --seed-drift-order=drift-first --energy-transfer-summary=experiments_energy_transfer/level1_Zwall_path_20260916/L36p3125/summary.csv --energy-transfer-trace=experiments_energy_transfer/level1_Zwall_path_20260916/L36p3125/tr_9625.csv --particles=100 --particles-boxes=50,50 --particle-radius=0.5 --l0=36.3125 --height=10 --num-walls=1 --wall-positions=36.3125 --wall-mass-factors=1000000000 --piston-right-protocol-mode=step --velocity-right-piston-step=0.005 --max-right-piston-travel=3.93 --auto-piston-step --wall-hold-steps=12000 --steps=10 --fixed-dt=0.4 --energy-measurement --eff-output=wall-ke --kbt1 --seed=9625",9625
2026-09-17 01:11:20,energy_transfer,edmd,10,12000,0.0166666669,36.3125,10,100,0.5,nan,0.108144325,0.108144325,1,36.3125,1e+09,50;50,1,0.0416666667,1,1,0.00999999978,100,1000,nan,36.3125,1,step,68.6950022,-0.00499999989,step,3.93000007,0.00499999989,nan,nan,0.00499999989,nan,nan,0,0,nan,nan,0,nan,nan,nan,nan,20,nan,/Users/chrisharing/Desktop/CCS_complex_coupled_systems/Repo/HardDisks/hspist3/experiments_energy_transfer/level1_Zwall_path_20260916/L36p3125/tr_9626.csv,nan,nan,0,"./00ALLINONE --mode=edmd --experiment=energy_transfer --headless --quiet --edmd-acc=0 --seed-drift-order=drift-first --energy-transfer-summary=experiments_energy_transfer/level1_Zwall_path_20260916/L36p3125/summary.csv --energy-transfer-trace=experiments_energy_transfer/level1_Zwall_path_20260916/L36p3125/tr_9626.csv --particles=100 --particles-boxes=50,50 --particle-radius=0.5 --l0=36.3125 --height=10 --num-walls=1 --wall-positions=36.3125 --wall-mass-factors=1000000000 --piston-right-protocol-mode=step --velocity-right-piston-step=0.005 --max-right-piston-travel=3.93 --auto-piston-step --wall-hold-steps=12000 --steps=10 --fixed-dt=0.4 --energy-measurement --eff-output=wall-ke --kbt1 --seed=9626",9626
2026-09-17 01:11:20,energy_transfer,edmd,10,12000,0.0166666669,36.3125,10,100,0.5,nan,0.108144325,0.108144325,1,36.3125,1e+09,50;50,1,0.0416666667,1,1,0.00999999978,100,1000,nan,36.3125,1,step,68.6950022,-0.00499999989,step,3.93000007,0.00499999989,nan,nan,0.00499999989,nan,nan,0,0,nan,nan,0,nan,nan,nan,nan,20,nan,/Users/chrisharing/Desktop/CCS_complex_coupled_systems/Repo/HardDisks/hspist3/experiments_energy_transfer/level1_Zwall_path_20260916/L36p3125/tr_9627.csv,nan,nan,0,"./00ALLINONE --mode=edmd --experiment=energy_transfer --headless --quiet --edmd-acc=0 --seed-drift-order=drift-first --energy-transfer-summary=experiments_energy_transfer/level1_Zwall_path_20260916/L36p3125/summary.csv --energy-transfer-trace=experiments_energy_transfer/level1_Zwall_path_20260916/L36p3125/tr_9627.csv --particles=100 --particles-boxes=50,50 --particle-radius=0.5 --l0=36.3125 --height=10 --num-walls=1 --wall-positions=36.3125 --wall-mass-factors=1000000000 --piston-right-protocol-mode=step --velocity-right-piston-step=0.005 --max-right-piston-travel=3.93 --auto-piston-step --wall-hold-steps=12000 --steps=10 --fixed-dt=0.4 --energy-measurement --eff-output=wall-ke --kbt1 --seed=9627",9627
2026-09-17 01:11:20,energy_transfer,edmd,10,12000,0.0166666669,36.3125,10,100,0.5,nan,0.108144325,0.108144325,1,36.3125,1e+09,50;50,1,0.0416666667,1,1,0.00999999978,100,1000,nan,36.3125,1,step,68.6950022,-0.00499999989,step,3.93000007,0.00499999989,nan,nan,0.00499999989,nan,nan,0,0,nan,nan,0,nan,nan,nan,nan,20,nan,/Users/chrisharing/Desktop/CCS_complex_coupled_systems/Repo/HardDisks/hspist3/experiments_energy_transfer/level1_Zwall_path_20260916/L36p3125/tr_9628.csv,nan,nan,0,"./00ALLINONE --mode=edmd --experiment=energy_transfer --headless --quiet --edmd-acc=0 --seed-drift-order=drift-first --energy-transfer-summary=experiments_energy_transfer/level1_Zwall_path_20260916/L36p3125/summary.csv --energy-transfer-trace=experiments_energy_transfer/level1_Zwall_path_20260916/L36p3125/tr_9628.csv --particles=100 --particles-boxes=50,50 --particle-radius=0.5 --l0=36.3125 --height=10 --num-walls=1 --wall-positions=36.3125 --wall-mass-factors=1000000000 --piston-right-protocol-mode=step --velocity-right-piston-step=0.005 --max-right-piston-travel=3.93 --auto-piston-step --wall-hold-steps=12000 --steps=10 --fixed-dt=0.4 --energy-measurement --eff-output=wall-ke --kbt1 --seed=9628",9628
2026-09-17 01:11:20,energy_transfer,edmd,10,12000,0.0166666669,36.3125,10,100,0.5,nan,0.108144325,0.108144325,1,36.3125,1e+09,50;50,1,0.0416666667,1,1,0.00999999978,100,1000,nan,36.3125,1,step,68.6950022,-0.00499999989,step,3.93000007,0.00499999989,nan,nan,0.00499999989,nan,nan,0,0,nan,nan,0,nan,nan,nan,nan,20,nan,/Users/chrisharing/Desktop/CCS_complex_coupled_systems/Repo/HardDisks/hspist3/experiments_energy_transfer/level1_Zwall_path_20260916/L36p3125/tr_9629.csv,nan,nan,0,"./00ALLINONE --mode=edmd --experiment=energy_transfer --headless --quiet --edmd-acc=0 --seed-drift-order=drift-first --energy-transfer-summary=experiments_energy_transfer/level1_Zwall_path_20260916/L36p3125/summary.csv --energy-transfer-trace=experiments_energy_transfer/level1_Zwall_path_20260916/L36p3125/tr_9629.csv --particles=100 --particles-boxes=50,50 --particle-radius=0.5 --l0=36.3125 --height=10 --num-walls=1 --wall-positions=36.3125 --wall-mass-factors=1000000000 --piston-right-protocol-mode=step --velocity-right-piston-step=0.005 --max-right-piston-travel=3.93 --auto-piston-step --wall-hold-steps=12000 --steps=10 --fixed-dt=0.4 --energy-measurement --eff-output=wall-ke --kbt1 --seed=9629",9629
2026-09-17 01:11:20,energy_transfer,edmd,10,12000,0.0166666669,36.3125,10,100,0.5,nan,0.108144325,0.108144325,1,36.3125,1e+09,50;50,1,0.0416666667,1,1,0.00999999978,100,1000,nan,36.3125,1,step,68.6950022,-0.00499999989,step,3.93000007,0.00499999989,nan,nan,0.00499999989,nan,nan,0,0,nan,nan,0,nan,nan,nan,nan,20,nan,/Users/chrisharing/Desktop/CCS_complex_coupled_systems/Repo/HardDisks/hspist3/experiments_energy_transfer/level1_Zwall_path_20260916/L36p3125/tr_9630.csv,nan,nan,0,"./00ALLINONE --mode=edmd --experiment=energy_transfer --headless --quiet --edmd-acc=0 --seed-drift-order=drift-first --energy-transfer-summary=experiments_energy_transfer/level1_Zwall_path_20260916/L36p3125/summary.csv --energy-transfer-trace=experiments_energy_transfer/level1_Zwall_path_20260916/L36p3125/tr_9630.csv --particles=100 --particles-boxes=50,50 --particle-radius=0.5 --l0=36.3125 --height=10 --num-walls=1 --wall-positions=36.3125 --wall-mass-factors=1000000000 --piston-right-protocol-mode=step --velocity-right-piston-step=0.005 --max-right-piston-travel=3.93 --auto-piston-step --wall-hold-steps=12000 --steps=10 --fixed-dt=0.4 --energy-measurement --eff-output=wall-ke --kbt1 --seed=9630",9630
2026-09-17 01:11:20,energy_transfer,edmd,10,12000,0.0166666669,36.3125,10,100,0.5,nan,0.108144325,0.108144325,1,36.3125,1e+09,50;50,1,0.0416666667,1,1,0.00999999978,100,1000,nan,36.3125,1,step,68.6950022,-0.00499999989,step,3.93000007,0.00499999989,nan,nan,0.00499999989,nan,nan,0,0,nan,nan,0,nan,nan,nan,nan,20,nan,/Users/chrisharing/Desktop/CCS_complex_coupled_systems/Repo/HardDisks/hspist3/experiments_energy_transfer/level1_Zwall_path_20260916/L36p3125/tr_9631.csv,nan,nan,0,"./00ALLINONE --mode=edmd --experiment=energy_transfer --headless --quiet --edmd-acc=0 --seed-drift-order=drift-first --energy-transfer-summary=experiments_energy_transfer/level1_Zwall_path_20260916/L36p3125/summary.csv --energy-transfer-trace=experiments_energy_transfer/level1_Zwall_path_20260916/L36p3125/tr_9631.csv --particles=100 --particles-boxes=50,50 --particle-radius=0.5 --l0=36.3125 --height=10 --num-walls=1 --wall-positions=36.3125 --wall-mass-factors=1000000000 --piston-right-protocol-mode=step --velocity-right-piston-step=0.005 --max-right-piston-travel=3.93 --auto-piston-step --wall-hold-steps=12000 --steps=10 --fixed-dt=0.4 --energy-measurement --eff-output=wall-ke --kbt1 --seed=9631",9631
2026-09-17 01:11:20,energy_transfer,edmd,10,12000,0.0166666669,36.3125,10,100,0.5,nan,0.108144325,0.108144325,1,36.3125,1e+09,50;50,1,0.0416666667,1,1,0.00999999978,100,1000,nan,36.3125,1,step,68.6950022,-0.00499999989,step,3.93000007,0.00499999989,nan,nan,0.00499999989,nan,nan,0,0,nan,nan,0,nan,nan,nan,nan,20,nan,/Users/chrisharing/Desktop/CCS_complex_coupled_systems/Repo/HardDisks/hspist3/experiments_energy_transfer/level1_Zwall_path_20260916/L36p3125/tr_9632.csv,nan,nan,0,"./00ALLINONE --mode=edmd --experiment=energy_transfer --headless --quiet --edmd-acc=0 --seed-drift-order=drift-first --energy-transfer-summary=experiments_energy_transfer/level1_Zwall_path_20260916/L36p3125/summary.csv --energy-transfer-trace=experiments_energy_transfer/level1_Zwall_path_20260916/L36p3125/tr_9632.csv --particles=100 --particles-boxes=50,50 --particle-radius=0.5 --l0=36.3125 --height=10 --num-walls=1 --wall-positions=36.3125 --wall-mass-factors=1000000000 --piston-right-protocol-mode=step --velocity-right-piston-step=0.005 --max-right-piston-travel=3.93 --auto-piston-step --wall-hold-steps=12000 --steps=10 --fixed-dt=0.4 --energy-measurement --eff-output=wall-ke --kbt1 --seed=9632",9632
2026-09-17 01:11:21,energy_transfer,edmd,10,12000,0.0166666669,36.3125,10,100,0.5,nan,0.108144325,0.108144325,1,36.3125,1e+09,50;50,1,0.0416666667,1,1,0.00999999978,100,1000,nan,36.3125,1,step,68.6950022,-0.00499999989,step,3.93000007,0.00499999989,nan,nan,0.00499999989,nan,nan,0,0,nan,nan,0,nan,nan,nan,nan,20,nan,/Users/chrisharing/Desktop/CCS_complex_coupled_systems/Repo/HardDisks/hspist3/experiments_energy_transfer/level1_Zwall_path_20260916/L36p3125/tr_9633.csv,nan,nan,0,"./00ALLINONE --mode=edmd --experiment=energy_transfer --headless --quiet --edmd-acc=0 --seed-drift-order=drift-first --energy-transfer-summary=experiments_energy_transfer/level1_Zwall_path_20260916/L36p3125/summary.csv --energy-transfer-trace=experiments_energy_transfer/level1_Zwall_path_20260916/L36p3125/tr_9633.csv --particles=100 --particles-boxes=50,50 --particle-radius=0.5 --l0=36.3125 --height=10 --num-walls=1 --wall-positions=36.3125 --wall-mass-factors=1000000000 --piston-right-protocol-mode=step --velocity-right-piston-step=0.005 --max-right-piston-travel=3.93 --auto-piston-step --wall-hold-steps=12000 --steps=10 --fixed-dt=0.4 --energy-measurement --eff-output=wall-ke --kbt1 --seed=9633",9633
2026-09-17 01:11:21,energy_transfer,edmd,10,12000,0.0166666669,36.3125,10,100,0.5,nan,0.108144325,0.108144325,1,36.3125,1e+09,50;50,1,0.0416666667,1,1,0.00999999978,100,1000,nan,36.3125,1,step,68.6950022,-0.00499999989,step,3.93000007,0.00499999989,nan,nan,0.00499999989,nan,nan,0,0,nan,nan,0,nan,nan,nan,nan,20,nan,/Users/chrisharing/Desktop/CCS_complex_coupled_systems/Repo/HardDisks/hspist3/experiments_energy_transfer/level1_Zwall_path_20260916/L36p3125/tr_9634.csv,nan,nan,0,"./00ALLINONE --mode=edmd --experiment=energy_transfer --headless --quiet --edmd-acc=0 --seed-drift-order=drift-first --energy-transfer-summary=experiments_energy_transfer/level1_Zwall_path_20260916/L36p3125/summary.csv --energy-transfer-trace=experiments_energy_transfer/level1_Zwall_path_20260916/L36p3125/tr_9634.csv --particles=100 --particles-boxes=50,50 --particle-radius=0.5 --l0=36.3125 --height=10 --num-walls=1 --wall-positions=36.3125 --wall-mass-factors=1000000000 --piston-right-protocol-mode=step --velocity-right-piston-step=0.005 --max-right-piston-travel=3.93 --auto-piston-step --wall-hold-steps=12000 --steps=10 --fixed-dt=0.4 --energy-measurement --eff-output=wall-ke --kbt1 --seed=9634",9634
2026-09-17 01:11:21,energy_transfer,edmd,10,12000,0.0166666669,36.3125,10,100,0.5,nan,0.108144325,0.108144325,1,36.3125,1e+09,50;50,1,0.0416666667,1,1,0.00999999978,100,1000,nan,36.3125,1,step,68.6950022,-0.00499999989,step,3.93000007,0.00499999989,nan,nan,0.00499999989,nan,nan,0,4.16986931e-11,nan,nan,-4.16986931e-11,nan,nan,nan,nan,20,nan,/Users/chrisharing/Desktop/CCS_complex_coupled_systems/Repo/HardDisks/hspist3/experiments_energy_transfer/level1_Zwall_path_20260916/L36p3125/tr_9635.csv,nan,nan,0,"./00ALLINONE --mode=edmd --experiment=energy_transfer --headless --quiet --edmd-acc=0 --seed-drift-order=drift-first --energy-transfer-summary=experiments_energy_transfer/level1_Zwall_path_20260916/L36p3125/summary.csv --energy-transfer-trace=experiments_energy_transfer/level1_Zwall_path_20260916/L36p3125/tr_9635.csv --particles=100 --particles-boxes=50,50 --particle-radius=0.5 --l0=36.3125 --height=10 --num-walls=1 --wall-positions=36.3125 --wall-mass-factors=1000000000 --piston-right-protocol-mode=step --velocity-right-piston-step=0.005 --max-right-piston-travel=3.93 --auto-piston-step --wall-hold-steps=12000 --steps=10 --fixed-dt=0.4 --energy-measurement --eff-output=wall-ke --kbt1 --seed=9635",9635
2026-09-17 01:11:21,energy_transfer,edmd,10,12000,0.0166666669,36.3125,10,100,0.5,nan,0.108144325,0.108144325,1,36.3125,1e+09,50;50,1,0.0416666667,1,1,0.00999999978,100,1000,nan,36.3125,1,step,68.6950022,-0.00499999989,step,3.93000007,0.00499999989,nan,nan,0.00499999989,nan,nan,0,0,nan,nan,0,nan,nan,nan,nan,20,nan,/Users/chrisharing/Desktop/CCS_complex_coupled_systems/Repo/HardDisks/hspist3/experiments_energy_transfer/level1_Zwall_path_20260916/L36p3125/tr_9636.csv,nan,nan,0,"./00ALLINONE --mode=edmd --experiment=energy_transfer --headless --quiet --edmd-acc=0 --seed-drift-order=drift-first --energy-transfer-summary=experiments_energy_transfer/level1_Zwall_path_20260916/L36p3125/summary.csv --energy-transfer-trace=experiments_energy_transfer/level1_Zwall_path_20260916/L36p3125/tr_9636.csv --particles=100 --particles-boxes=50,50 --particle-radius=0.5 --l0=36.3125 --height=10 --num-walls=1 --wall-positions=36.3125 --wall-mass-factors=1000000000 --piston-right-protocol-mode=step --velocity-right-piston-step=0.005 --max-right-piston-travel=3.93 --auto-piston-step --wall-hold-steps=12000 --steps=10 --fixed-dt=0.4 --energy-measurement --eff-output=wall-ke --kbt1 --seed=9636",9636
2026-09-17 01:11:21,energy_transfer,edmd,10,12000,0.0166666669,36.3125,10,100,0.5,nan,0.108144325,0.108144325,1,36.3125,1e+09,50;50,1,0.0416666667,1,1,0.00999999978,100,1000,nan,36.3125,1,step,68.6950022,-0.00499999989,step,3.93000007,0.00499999989,nan,nan,0.00499999989,nan,nan,0,0,nan,nan,0,nan,nan,nan,nan,20,nan,/Users/chrisharing/Desktop/CCS_complex_coupled_systems/Repo/HardDisks/hspist3/experiments_energy_transfer/level1_Zwall_path_20260916/L36p3125/tr_9637.csv,nan,nan,0,"./00ALLINONE --mode=edmd --experiment=energy_transfer --headless --quiet --edmd-acc=0 --seed-drift-order=drift-first --energy-transfer-summary=experiments_energy_transfer/level1_Zwall_path_20260916/L36p3125/summary.csv --energy-transfer-trace=experiments_energy_transfer/level1_Zwall_path_20260916/L36p3125/tr_9637.csv --particles=100 --particles-boxes=50,50 --particle-radius=0.5 --l0=36.3125 --height=10 --num-walls=1 --wall-positions=36.3125 --wall-mass-factors=1000000000 --piston-right-protocol-mode=step --velocity-right-piston-step=0.005 --max-right-piston-travel=3.93 --auto-piston-step --wall-hold-steps=12000 --steps=10 --fixed-dt=0.4 --energy-measurement --eff-output=wall-ke --kbt1 --seed=9637",9637
2026-09-17 01:11:21,energy_transfer,edmd,10,12000,0.0166666669,36.3125,10,100,0.5,nan,0.108144325,0.108144325,1,36.3125,1e+09,50;50,1,0.0416666667,1,1,0.00999999978,100,1000,nan,36.3125,1,step,68.6950022,-0.00499999989,step,3.93000007,0.00499999989,nan,nan,0.00499999989,nan,nan,0,1.27778161e-08,nan,nan,-1.27778161e-08,nan,nan,nan,nan,20,nan,/Users/chrisharing/Desktop/CCS_complex_coupled_systems/Repo/HardDisks/hspist3/experiments_energy_transfer/level1_Zwall_path_20260916/L36p3125/tr_9638.csv,nan,nan,0,"./00ALLINONE --mode=edmd --experiment=energy_transfer --headless --quiet --edmd-acc=0 --seed-drift-order=drift-first --energy-transfer-summary=experiments_energy_transfer/level1_Zwall_path_20260916/L36p3125/summary.csv --energy-transfer-trace=experiments_energy_transfer/level1_Zwall_path_20260916/L36p3125/tr_9638.csv --particles=100 --particles-boxes=50,50 --particle-radius=0.5 --l0=36.3125 --height=10 --num-walls=1 --wall-positions=36.3125 --wall-mass-factors=1000000000 --piston-right-protocol-mode=step --velocity-right-piston-step=0.005 --max-right-piston-travel=3.93 --auto-piston-step --wall-hold-steps=12000 --steps=10 --fixed-dt=0.4 --energy-measurement --eff-output=wall-ke --kbt1 --seed=9638",9638
2026-09-17 01:11:21,energy_transfer,edmd,10,12000,0.0166666669,36.3125,10,100,0.5,nan,0.108144325,0.108144325,1,36.3125,1e+09,50;50,1,0.0416666667,1,1,0.00999999978,100,1000,nan,36.3125,1,step,68.6950022,-0.00499999989,step,3.93000007,0.00499999989,nan,nan,0.00499999989,nan,nan,0,0,nan,nan,0,nan,nan,nan,nan,20,nan,/Users/chrisharing/Desktop/CCS_complex_coupled_systems/Repo/HardDisks/hspist3/experiments_energy_transfer/level1_Zwall_path_20260916/L36p3125/tr_9639.csv,nan,nan,0,"./00ALLINONE --mode=edmd --experiment=energy_transfer --headless --quiet --edmd-acc=0 --seed-drift-order=drift-first --energy-transfer-summary=experiments_energy_transfer/level1_Zwall_path_20260916/L36p3125/summary.csv --energy-transfer-trace=experiments_energy_transfer/level1_Zwall_path_20260916/L36p3125/tr_9639.csv --particles=100 --particles-boxes=50,50 --particle-radius=0.5 --l0=36.3125 --height=10 --num-walls=1 --wall-positions=36.3125 --wall-mass-factors=1000000000 --piston-right-protocol-mode=step --velocity-right-piston-step=0.005 --max-right-piston-travel=3.93 --auto-piston-step --wall-hold-steps=12000 --steps=10 --fixed-dt=0.4 --energy-measurement --eff-output=wall-ke --kbt1 --seed=9639",9639
2026-09-17 01:11:21,energy_transfer,edmd,10,12000,0.0166666669,36.3125,10,100,0.5,nan,0.108144325,0.108144325,1,36.3125,1e+09,50;50,1,0.0416666667,1,1,0.00999999978,100,1000,nan,36.3125,1,step,68.6950022,-0.00499999989,step,3.93000007,0.00499999989,nan,nan,0.00499999989,nan,nan,0,0,nan,nan,0,nan,nan,nan,nan,20,nan,/Users/chrisharing/Desktop/CCS_complex_coupled_systems/Repo/HardDisks/hspist3/experiments_energy_transfer/level1_Zwall_path_20260916/L36p3125/tr_9640.csv,nan,nan,0,"./00ALLINONE --mode=edmd --experiment=energy_transfer --headless --quiet --edmd-acc=0 --seed-drift-order=drift-first --energy-transfer-summary=experiments_energy_transfer/level1_Zwall_path_20260916/L36p3125/summary.csv --energy-transfer-trace=experiments_energy_transfer/level1_Zwall_path_20260916/L36p3125/tr_9640.csv --particles=100 --particles-boxes=50,50 --particle-radius=0.5 --l0=36.3125 --height=10 --num-walls=1 --wall-positions=36.3125 --wall-mass-factors=1000000000 --piston-right-protocol-mode=step --velocity-right-piston-step=0.005 --max-right-piston-travel=3.93 --auto-piston-step --wall-hold-steps=12000 --steps=10 --fixed-dt=0.4 --energy-measurement --eff-output=wall-ke --kbt1 --seed=9640",9640
2026-09-17 01:11:21,energy_transfer,edmd,10,12000,0.0166666669,36.3125,10,100,0.5,nan,0.108144325,0.108144325,1,36.3125,1e+09,50;50,1,0.0416666667,1,1,0.00999999978,100,1000,nan,36.3125,1,step,68.6950022,-0.00499999989,step,3.93000007,0.00499999989,nan,nan,0.00499999989,nan,nan,0,0,nan,nan,0,nan,nan,nan,nan,20,nan,/Users/chrisharing/Desktop/CCS_complex_coupled_systems/Repo/HardDisks/hspist3/experiments_energy_transfer/level1_Zwall_path_20260916/L36p3125/tr_9641.csv,nan,nan,0,"./00ALLINONE --mode=edmd --experiment=energy_transfer --headless --quiet --edmd-acc=0 --seed-drift-order=drift-first --energy-transfer-summary=experiments_energy_transfer/level1_Zwall_path_20260916/L36p3125/summary.csv --energy-transfer-trace=experiments_energy_transfer/level1_Zwall_path_20260916/L36p3125/tr_9641.csv --particles=100 --particles-boxes=50,50 --particle-radius=0.5 --l0=36.3125 --height=10 --num-walls=1 --wall-positions=36.3125 --wall-mass-factors=1000000000 --piston-right-protocol-mode=step --velocity-right-piston-step=0.005 --max-right-piston-travel=3.93 --auto-piston-step --wall-hold-steps=12000 --steps=10 --fixed-dt=0.4 --energy-measurement --eff-output=wall-ke --kbt1 --seed=9641",9641
2026-09-17 01:11:21,energy_transfer,edmd,10,12000,0.0166666669,36.3125,10,100,0.5,nan,0.108144325,0.108144325,1,36.3125,1e+09,50;50,1,0.0416666667,1,1,0.00999999978,100,1000,nan,36.3125,1,step,68.6950022,-0.00499999989,step,3.93000007,0.00499999989,nan,nan,0.00499999989,nan,nan,0,2.43639275e-10,nan,nan,-2.43639275e-10,nan,nan,nan,nan,20,nan,/Users/chrisharing/Desktop/CCS_complex_coupled_systems/Repo/HardDisks/hspist3/experiments_energy_transfer/level1_Zwall_path_20260916/L36p3125/tr_9642.csv,nan,nan,0,"./00ALLINONE --mode=edmd --experiment=energy_transfer --headless --quiet --edmd-acc=0 --seed-drift-order=drift-first --energy-transfer-summary=experiments_energy_transfer/level1_Zwall_path_20260916/L36p3125/summary.csv --energy-transfer-trace=experiments_energy_transfer/level1_Zwall_path_20260916/L36p3125/tr_9642.csv --particles=100 --particles-boxes=50,50 --particle-radius=0.5 --l0=36.3125 --height=10 --num-walls=1 --wall-positions=36.3125 --wall-mass-factors=1000000000 --piston-right-protocol-mode=step --velocity-right-piston-step=0.005 --max-right-piston-travel=3.93 --auto-piston-step --wall-hold-steps=12000 --steps=10 --fixed-dt=0.4 --energy-measurement --eff-output=wall-ke --kbt1 --seed=9642",9642
2026-09-17 01:11:21,energy_transfer,edmd,10,12000,0.0166666669,36.3125,10,100,0.5,nan,0.108144325,0.108144325,1,36.3125,1e+09,50;50,1,0.0416666667,1,1,0.00999999978,100,1000,nan,36.3125,1,step,68.6950022,-0.00499999989,step,3.93000007,0.00499999989,nan,nan,0.00499999989,nan,nan,0,0,nan,nan,0,nan,nan,nan,nan,20,nan,/Users/chrisharing/Desktop/CCS_complex_coupled_systems/Repo/HardDisks/hspist3/experiments_energy_transfer/level1_Zwall_path_20260916/L36p3125/tr_9643.csv,nan,nan,0,"./00ALLINONE --mode=edmd --experiment=energy_transfer --headless --quiet --edmd-acc=0 --seed-drift-order=drift-first --energy-transfer-summary=experiments_energy_transfer/level1_Zwall_path_20260916/L36p3125/summary.csv --energy-transfer-trace=experiments_energy_transfer/level1_Zwall_path_20260916/L36p3125/tr_9643.csv --particles=100 --particles-boxes=50,50 --particle-radius=0.5 --l0=36.3125 --height=10 --num-walls=1 --wall-positions=36.3125 --wall-mass-factors=1000000000 --piston-right-protocol-mode=step --velocity-right-piston-step=0.005 --max-right-piston-travel=3.93 --auto-piston-step --wall-hold-steps=12000 --steps=10 --fixed-dt=0.4 --energy-measurement --eff-output=wall-ke --kbt1 --seed=9643",9643
2026-09-17 01:11:21,energy_transfer,edmd,10,12000,0.0166666669,36.3125,10,100,0.5,nan,0.108144325,0.108144325,1,36.3125,1e+09,50;50,1,0.0416666667,1,1,0.00999999978,100,1000,nan,36.3125,1,step,68.6950022,-0.00499999989,step,3.93000007,0.00499999989,nan,nan,0.00499999989,nan,nan,0,0,nan,nan,0,nan,nan,nan,nan,20,nan,/Users/chrisharing/Desktop/CCS_complex_coupled_systems/Repo/HardDisks/hspist3/experiments_energy_transfer/level1_Zwall_path_20260916/L36p3125/tr_9644.csv,nan,nan,0,"./00ALLINONE --mode=edmd --experiment=energy_transfer --headless --quiet --edmd-acc=0 --seed-drift-order=drift-first --energy-transfer-summary=experiments_energy_transfer/level1_Zwall_path_20260916/L36p3125/summary.csv --energy-transfer-trace=experiments_energy_transfer/level1_Zwall_path_20260916/L36p3125/tr_9644.csv --particles=100 --particles-boxes=50,50 --particle-radius=0.5 --l0=36.3125 --height=10 --num-walls=1 --wall-positions=36.3125 --wall-mass-factors=1000000000 --piston-right-protocol-mode=step --velocity-right-piston-step=0.005 --max-right-piston-travel=3.93 --auto-piston-step --wall-hold-steps=12000 --steps=10 --fixed-dt=0.4 --energy-measurement --eff-output=wall-ke --kbt1 --seed=9644",9644
2026-09-17 01:11:21,energy_transfer,edmd,10,12000,0.0166666669,36.3125,10,100,0.5,nan,0.108144325,0.108144325,1,36.3125,1e+09,50;50,1,0.0416666667,1,1,0.00999999978,100,1000,nan,36.3125,1,step,68.6950022,-0.00499999989,step,3.93000007,0.00499999989,nan,nan,0.00499999989,nan,nan,0,0,nan,nan,0,nan,nan,nan,nan,20,nan,/Users/chrisharing/Desktop/CCS_complex_coupled_systems/Repo/HardDisks/hspist3/experiments_energy_transfer/level1_Zwall_path_20260916/L36p3125/tr_9645.csv,nan,nan,0,"./00ALLINONE --mode=edmd --experiment=energy_transfer --headless --quiet --edmd-acc=0 --seed-drift-order=drift-first --energy-transfer-summary=experiments_energy_transfer/level1_Zwall_path_20260916/L36p3125/summary.csv --energy-transfer-trace=experiments_energy_transfer/level1_Zwall_path_20260916/L36p3125/tr_9645.csv --particles=100 --particles-boxes=50,50 --particle-radius=0.5 --l0=36.3125 --height=10 --num-walls=1 --wall-positions=36.3125 --wall-mass-factors=1000000000 --piston-right-protocol-mode=step --velocity-right-piston-step=0.005 --max-right-piston-travel=3.93 --auto-piston-step --wall-hold-steps=12000 --steps=10 --fixed-dt=0.4 --energy-measurement --eff-output=wall-ke --kbt1 --seed=9645",9645
2026-09-17 01:11:21,energy_transfer,edmd,10,12000,0.0166666669,36.3125,10,100,0.5,nan,0.108144325,0.108144325,1,36.3125,1e+09,50;50,1,0.0416666667,1,1,0.00999999978,100,1000,nan,36.3125,1,step,68.6950022,-0.00499999989,step,3.93000007,0.00499999989,nan,nan,0.00499999989,nan,nan,0,0,nan,nan,0,nan,nan,nan,nan,20,nan,/Users/chrisharing/Desktop/CCS_complex_coupled_systems/Repo/HardDisks/hspist3/experiments_energy_transfer/level1_Zwall_path_20260916/L36p3125/tr_9646.csv,nan,nan,0,"./00ALLINONE --mode=edmd --experiment=energy_transfer --headless --quiet --edmd-acc=0 --seed-drift-order=drift-first --energy-transfer-summary=experiments_energy_transfer/level1_Zwall_path_20260916/L36p3125/summary.csv --energy-transfer-trace=experiments_energy_transfer/level1_Zwall_path_20260916/L36p3125/tr_9646.csv --particles=100 --particles-boxes=50,50 --particle-radius=0.5 --l0=36.3125 --height=10 --num-walls=1 --wall-positions=36.3125 --wall-mass-factors=1000000000 --piston-right-protocol-mode=step --velocity-right-piston-step=0.005 --max-right-piston-travel=3.93 --auto-piston-step --wall-hold-steps=12000 --steps=10 --fixed-dt=0.4 --energy-measurement --eff-output=wall-ke --kbt1 --seed=9646",9646
2026-09-17 01:11:21,energy_transfer,edmd,10,12000,0.0166666669,36.3125,10,100,0.5,nan,0.108144325,0.108144325,1,36.3125,1e+09,50;50,1,0.0416666667,1,1,0.00999999978,100,1000,nan,36.3125,1,step,68.6950022,-0.00499999989,step,3.93000007,0.00499999989,nan,nan,0.00499999989,nan,nan,0,0,nan,nan,0,nan,nan,nan,nan,20,nan,/Users/chrisharing/Desktop/CCS_complex_coupled_systems/Repo/HardDisks/hspist3/experiments_energy_transfer/level1_Zwall_path_20260916/L36p3125/tr_9647.csv,nan,nan,0,"./00ALLINONE --mode=edmd --experiment=energy_transfer --headless --quiet --edmd-acc=0 --seed-drift-order=drift-first --energy-transfer-summary=experiments_energy_transfer/level1_Zwall_path_20260916/L36p3125/summary.csv --energy-transfer-trace=experiments_energy_transfer/level1_Zwall_path_20260916/L36p3125/tr_9647.csv --particles=100 --particles-boxes=50,50 --particle-radius=0.5 --l0=36.3125 --height=10 --num-walls=1 --wall-positions=36.3125 --wall-mass-factors=1000000000 --piston-right-protocol-mode=step --velocity-right-piston-step=0.005 --max-right-piston-travel=3.93 --auto-piston-step --wall-hold-steps=12000 --steps=10 --fixed-dt=0.4 --energy-measurement --eff-output=wall-ke --kbt1 --seed=9647",9647
2026-09-17 01:11:22,energy_transfer,edmd,10,12000,0.0166666669,36.3125,10,100,0.5,nan,0.108144325,0.108144325,1,36.3125,1e+09,50;50,1,0.0416666667,1,1,0.00999999978,100,1000,nan,36.3125,1,step,68.6950022,-0.00499999989,step,3.93000007,0.00499999989,nan,nan,0.00499999989,nan,nan,0,0,nan,nan,0,nan,nan,nan,nan,20,nan,/Users/chrisharing/Desktop/CCS_complex_coupled_systems/Repo/HardDisks/hspist3/experiments_energy_transfer/level1_Zwall_path_20260916/L36p3125/tr_9648.csv,nan,nan,0,"./00ALLINONE --mode=edmd --experiment=energy_transfer --headless --quiet --edmd-acc=0 --seed-drift-order=drift-first --energy-transfer-summary=experiments_energy_transfer/level1_Zwall_path_20260916/L36p3125/summary.csv --energy-transfer-trace=experiments_energy_transfer/level1_Zwall_path_20260916/L36p3125/tr_9648.csv --particles=100 --particles-boxes=50,50 --particle-radius=0.5 --l0=36.3125 --height=10 --num-walls=1 --wall-positions=36.3125 --wall-mass-factors=1000000000 --piston-right-protocol-mode=step --velocity-right-piston-step=0.005 --max-right-piston-travel=3.93 --auto-piston-step --wall-hold-steps=12000 --steps=10 --fixed-dt=0.4 --energy-measurement --eff-output=wall-ke --kbt1 --seed=9648",9648
2026-09-17 01:11:22,energy_transfer,edmd,10,12000,0.0166666669,36.3125,10,100,0.5,nan,0.108144325,0.108144325,1,36.3125,1e+09,50;50,1,0.0416666667,1,1,0.00999999978,100,1000,nan,36.3125,1,step,68.6950022,-0.00499999989,step,3.93000007,0.00499999989,nan,nan,0.00499999989,nan,nan,0,0,nan,nan,0,nan,nan,nan,nan,20,nan,/Users/chrisharing/Desktop/CCS_complex_coupled_systems/Repo/HardDisks/hspist3/experiments_energy_transfer/level1_Zwall_path_20260916/L36p3125/tr_9650.csv,nan,nan,0,"./00ALLINONE --mode=edmd --experiment=energy_transfer --headless --quiet --edmd-acc=0 --seed-drift-order=drift-first --energy-transfer-summary=experiments_energy_transfer/level1_Zwall_path_20260916/L36p3125/summary.csv --energy-transfer-trace=experiments_energy_transfer/level1_Zwall_path_20260916/L36p3125/tr_9650.csv --particles=100 --particles-boxes=50,50 --particle-radius=0.5 --l0=36.3125 --height=10 --num-walls=1 --wall-positions=36.3125 --wall-mass-factors=1000000000 --piston-right-protocol-mode=step --velocity-right-piston-step=0.005 --max-right-piston-travel=3.93 --auto-piston-step --wall-hold-steps=12000 --steps=10 --fixed-dt=0.4 --energy-measurement --eff-output=wall-ke --kbt1 --seed=9650",9650
2026-09-17 01:11:22,energy_transfer,edmd,10,12000,0.0166666669,36.3125,10,100,0.5,nan,0.108144325,0.108144325,1,36.3125,1e+09,50;50,1,0.0416666667,1,1,0.00999999978,100,1000,nan,36.3125,1,step,68.6950022,-0.00499999989,step,3.93000007,0.00499999989,nan,nan,0.00499999989,nan,nan,0,0,nan,nan,0,nan,nan,nan,nan,20,nan,/Users/chrisharing/Desktop/CCS_complex_coupled_systems/Repo/HardDisks/hspist3/experiments_energy_transfer/level1_Zwall_path_20260916/L36p3125/tr_9649.csv,nan,nan,0,"./00ALLINONE --mode=edmd --experiment=energy_transfer --headless --quiet --edmd-acc=0 --seed-drift-order=drift-first --energy-transfer-summary=experiments_energy_transfer/level1_Zwall_path_20260916/L36p3125/summary.csv --energy-transfer-trace=experiments_energy_transfer/level1_Zwall_path_20260916/L36p3125/tr_9649.csv --particles=100 --particles-boxes=50,50 --particle-radius=0.5 --l0=36.3125 --height=10 --num-walls=1 --wall-positions=36.3125 --wall-mass-factors=1000000000 --piston-right-protocol-mode=step --velocity-right-piston-step=0.005 --max-right-piston-travel=3.93 --auto-piston-step --wall-hold-steps=12000 --steps=10 --fixed-dt=0.4 --energy-measurement --eff-output=wall-ke --kbt1 --seed=9649",9649
2026-09-17 01:11:22,energy_transfer,edmd,10,12000,0.0166666669,36.3125,10,100,0.5,nan,0.108144325,0.108144325,1,36.3125,1e+09,50;50,1,0.0416666667,1,1,0.00999999978,100,1000,nan,36.3125,1,step,68.6950022,-0.00499999989,step,3.93000007,0.00499999989,nan,nan,0.00499999989,nan,nan,0,0,nan,nan,0,nan,nan,nan,nan,20,nan,/Users/chrisharing/Desktop/CCS_complex_coupled_systems/Repo/HardDisks/hspist3/experiments_energy_transfer/level1_Zwall_path_20260916/L36p3125/tr_9651.csv,nan,nan,0,"./00ALLINONE --mode=edmd --experiment=energy_transfer --headless --quiet --edmd-acc=0 --seed-drift-order=drift-first --energy-transfer-summary=experiments_energy_transfer/level1_Zwall_path_20260916/L36p3125/summary.csv --energy-transfer-trace=experiments_energy_transfer/level1_Zwall_path_20260916/L36p3125/tr_9651.csv --particles=100 --particles-boxes=50,50 --particle-radius=0.5 --l0=36.3125 --height=10 --num-walls=1 --wall-positions=36.3125 --wall-mass-factors=1000000000 --piston-right-protocol-mode=step --velocity-right-piston-step=0.005 --max-right-piston-travel=3.93 --auto-piston-step --wall-hold-steps=12000 --steps=10 --fixed-dt=0.4 --energy-measurement --eff-output=wall-ke --kbt1 --seed=9651",9651
2026-09-17 01:11:22,energy_transfer,edmd,10,12000,0.0166666669,36.3125,10,100,0.5,nan,0.108144325,0.108144325,1,36.3125,1e+09,50;50,1,0.0416666667,1,1,0.00999999978,100,1000,nan,36.3125,1,step,68.6950022,-0.00499999989,step,3.93000007,0.00499999989,nan,nan,0.00499999989,nan,nan,0,0,nan,nan,0,nan,nan,nan,nan,20,nan,/Users/chrisharing/Desktop/CCS_complex_coupled_systems/Repo/HardDisks/hspist3/experiments_energy_transfer/level1_Zwall_path_20260916/L36p3125/tr_9653.csv,nan,nan,0,"./00ALLINONE --mode=edmd --experiment=energy_transfer --headless --quiet --edmd-acc=0 --seed-drift-order=drift-first --energy-transfer-summary=experiments_energy_transfer/level1_Zwall_path_20260916/L36p3125/summary.csv --energy-transfer-trace=experiments_energy_transfer/level1_Zwall_path_20260916/L36p3125/tr_9653.csv --particles=100 --particles-boxes=50,50 --particle-radius=0.5 --l0=36.3125 --height=10 --num-walls=1 --wall-positions=36.3125 --wall-mass-factors=1000000000 --piston-right-protocol-mode=step --velocity-right-piston-step=0.005 --max-right-piston-travel=3.93 --auto-piston-step --wall-hold-steps=12000 --steps=10 --fixed-dt=0.4 --energy-measurement --eff-output=wall-ke --kbt1 --seed=9653",9653
2026-09-17 01:11:22,energy_transfer,edmd,10,12000,0.0166666669,36.3125,10,100,0.5,nan,0.108144325,0.108144325,1,36.3125,1e+09,50;50,1,0.0416666667,1,1,0.00999999978,100,1000,nan,36.3125,1,step,68.6950022,-0.00499999989,step,3.93000007,0.00499999989,nan,nan,0.00499999989,nan,nan,0,0,nan,nan,0,nan,nan,nan,nan,20,nan,/Users/chrisharing/Desktop/CCS_complex_coupled_systems/Repo/HardDisks/hspist3/experiments_energy_transfer/level1_Zwall_path_20260916/L36p3125/tr_9652.csv,nan,nan,0,"./00ALLINONE --mode=edmd --experiment=energy_transfer --headless --quiet --edmd-acc=0 --seed-drift-order=drift-first --energy-transfer-summary=experiments_energy_transfer/level1_Zwall_path_20260916/L36p3125/summary.csv --energy-transfer-trace=experiments_energy_transfer/level1_Zwall_path_20260916/L36p3125/tr_9652.csv --particles=100 --particles-boxes=50,50 --particle-radius=0.5 --l0=36.3125 --height=10 --num-walls=1 --wall-positions=36.3125 --wall-mass-factors=1000000000 --piston-right-protocol-mode=step --velocity-right-piston-step=0.005 --max-right-piston-travel=3.93 --auto-piston-step --wall-hold-steps=12000 --steps=10 --fixed-dt=0.4 --energy-measurement --eff-output=wall-ke --kbt1 --seed=9652",9652
2026-09-17 01:11:22,energy_transfer,edmd,10,12000,0.0166666669,36.3125,10,100,0.5,nan,0.108144325,0.108144325,1,36.3125,1e+09,50;50,1,0.0416666667,1,1,0.00999999978,100,1000,nan,36.3125,1,step,68.6950022,-0.00499999989,step,3.93000007,0.00499999989,nan,nan,0.00499999989,nan,nan,0,0,nan,nan,0,nan,nan,nan,nan,20,nan,/Users/chrisharing/Desktop/CCS_complex_coupled_systems/Repo/HardDisks/hspist3/experiments_energy_transfer/level1_Zwall_path_20260916/L36p3125/tr_9654.csv,nan,nan,0,"./00ALLINONE --mode=edmd --experiment=energy_transfer --headless --quiet --edmd-acc=0 --seed-drift-order=drift-first --energy-transfer-summary=experiments_energy_transfer/level1_Zwall_path_20260916/L36p3125/summary.csv --energy-transfer-trace=experiments_energy_transfer/level1_Zwall_path_20260916/L36p3125/tr_9654.csv --particles=100 --particles-boxes=50,50 --particle-radius=0.5 --l0=36.3125 --height=10 --num-walls=1 --wall-positions=36.3125 --wall-mass-factors=1000000000 --piston-right-protocol-mode=step --velocity-right-piston-step=0.005 --max-right-piston-travel=3.93 --auto-piston-step --wall-hold-steps=12000 --steps=10 --fixed-dt=0.4 --energy-measurement --eff-output=wall-ke --kbt1 --seed=9654",9654
2026-09-17 01:11:22,energy_transfer,edmd,10,12000,0.0166666669,36.3125,10,100,0.5,nan,0.108144325,0.108144325,1,36.3125,1e+09,50;50,1,0.0416666667,1,1,0.00999999978,100,1000,nan,36.3125,1,step,68.6950022,-0.00499999989,step,3.93000007,0.00499999989,nan,nan,0.00499999989,nan,nan,0,0,nan,nan,0,nan,nan,nan,nan,20,nan,/Users/chrisharing/Desktop/CCS_complex_coupled_systems/Repo/HardDisks/hspist3/experiments_energy_transfer/level1_Zwall_path_20260916/L36p3125/tr_9655.csv,nan,nan,0,"./00ALLINONE --mode=edmd --experiment=energy_transfer --headless --quiet --edmd-acc=0 --seed-drift-order=drift-first --energy-transfer-summary=experiments_energy_transfer/level1_Zwall_path_20260916/L36p3125/summary.csv --energy-transfer-trace=experiments_energy_transfer/level1_Zwall_path_20260916/L36p3125/tr_9655.csv --particles=100 --particles-boxes=50,50 --particle-radius=0.5 --l0=36.3125 --height=10 --num-walls=1 --wall-positions=36.3125 --wall-mass-factors=1000000000 --piston-right-protocol-mode=step --velocity-right-piston-step=0.005 --max-right-piston-travel=3.93 --auto-piston-step --wall-hold-steps=12000 --steps=10 --fixed-dt=0.4 --energy-measurement --eff-output=wall-ke --kbt1 --seed=9655",9655
2026-09-17 01:11:22,energy_transfer,edmd,10,12000,0.0166666669,36.3125,10,100,0.5,nan,0.108144325,0.108144325,1,36.3125,1e+09,50;50,1,0.0416666667,1,1,0.00999999978,100,1000,nan,36.3125,1,step,68.6950022,-0.00499999989,step,3.93000007,0.00499999989,nan,nan,0.00499999989,nan,nan,0,1.14816678e-09,nan,nan,-1.14816678e-09,nan,nan,nan,nan,20,nan,/Users/chrisharing/Desktop/CCS_complex_coupled_systems/Repo/HardDisks/hspist3/experiments_energy_transfer/level1_Zwall_path_20260916/L36p3125/tr_9656.csv,nan,nan,0,"./00ALLINONE --mode=edmd --experiment=energy_transfer --headless --quiet --edmd-acc=0 --seed-drift-order=drift-first --energy-transfer-summary=experiments_energy_transfer/level1_Zwall_path_20260916/L36p3125/summary.csv --energy-transfer-trace=experiments_energy_transfer/level1_Zwall_path_20260916/L36p3125/tr_9656.csv --particles=100 --particles-boxes=50,50 --particle-radius=0.5 --l0=36.3125 --height=10 --num-walls=1 --wall-positions=36.3125 --wall-mass-factors=1000000000 --piston-right-protocol-mode=step --velocity-right-piston-step=0.005 --max-right-piston-travel=3.93 --auto-piston-step --wall-hold-steps=12000 --steps=10 --fixed-dt=0.4 --energy-measurement --eff-output=wall-ke --kbt1 --seed=9656",9656
2026-09-17 01:11:22,energy_transfer,edmd,10,12000,0.0166666669,36.3125,10,100,0.5,nan,0.108144325,0.108144325,1,36.3125,1e+09,50;50,1,0.0416666667,1,1,0.00999999978,100,1000,nan,36.3125,1,step,68.6950022,-0.00499999989,step,3.93000007,0.00499999989,nan,nan,0.00499999989,nan,nan,0,0,nan,nan,0,nan,nan,nan,nan,20,nan,/Users/chrisharing/Desktop/CCS_complex_coupled_systems/Repo/HardDisks/hspist3/experiments_energy_transfer/level1_Zwall_path_20260916/L36p3125/tr_9657.csv,nan,nan,0,"./00ALLINONE --mode=edmd --experiment=energy_transfer --headless --quiet --edmd-acc=0 --seed-drift-order=drift-first --energy-transfer-summary=experiments_energy_transfer/level1_Zwall_path_20260916/L36p3125/summary.csv --energy-transfer-trace=experiments_energy_transfer/level1_Zwall_path_20260916/L36p3125/tr_9657.csv --particles=100 --particles-boxes=50,50 --particle-radius=0.5 --l0=36.3125 --height=10 --num-walls=1 --wall-positions=36.3125 --wall-mass-factors=1000000000 --piston-right-protocol-mode=step --velocity-right-piston-step=0.005 --max-right-piston-travel=3.93 --auto-piston-step --wall-hold-steps=12000 --steps=10 --fixed-dt=0.4 --energy-measurement --eff-output=wall-ke --kbt1 --seed=9657",9657
2026-09-17 01:11:22,energy_transfer,edmd,10,12000,0.0166666669,36.3125,10,100,0.5,nan,0.108144325,0.108144325,1,36.3125,1e+09,50;50,1,0.0416666667,1,1,0.00999999978,100,1000,nan,36.3125,1,step,68.6950022,-0.00499999989,step,3.93000007,0.00499999989,nan,nan,0.00499999989,nan,nan,0,6.9254984e-09,nan,nan,-6.9254984e-09,nan,nan,nan,nan,20,nan,/Users/chrisharing/Desktop/CCS_complex_coupled_systems/Repo/HardDisks/hspist3/experiments_energy_transfer/level1_Zwall_path_20260916/L36p3125/tr_9658.csv,nan,nan,0,"./00ALLINONE --mode=edmd --experiment=energy_transfer --headless --quiet --edmd-acc=0 --seed-drift-order=drift-first --energy-transfer-summary=experiments_energy_transfer/level1_Zwall_path_20260916/L36p3125/summary.csv --energy-transfer-trace=experiments_energy_transfer/level1_Zwall_path_20260916/L36p3125/tr_9658.csv --particles=100 --particles-boxes=50,50 --particle-radius=0.5 --l0=36.3125 --height=10 --num-walls=1 --wall-positions=36.3125 --wall-mass-factors=1000000000 --piston-right-protocol-mode=step --velocity-right-piston-step=0.005 --max-right-piston-travel=3.93 --auto-piston-step --wall-hold-steps=12000 --steps=10 --fixed-dt=0.4 --energy-measurement --eff-output=wall-ke --kbt1 --seed=9658",9658
2026-09-17 01:11:22,energy_transfer,edmd,10,12000,0.0166666669,36.3125,10,100,0.5,nan,0.108144325,0.108144325,1,36.3125,1e+09,50;50,1,0.0416666667,1,1,0.00999999978,100,1000,nan,36.3125,1,step,68.6950022,-0.00499999989,step,3.93000007,0.00499999989,nan,nan,0.00499999989,nan,nan,0,2.74833023e-09,nan,nan,-2.74833023e-09,nan,nan,nan,nan,20,nan,/Users/chrisharing/Desktop/CCS_complex_coupled_systems/Repo/HardDisks/hspist3/experiments_energy_transfer/level1_Zwall_path_20260916/L36p3125/tr_9659.csv,nan,nan,0,"./00ALLINONE --mode=edmd --experiment=energy_transfer --headless --quiet --edmd-acc=0 --seed-drift-order=drift-first --energy-transfer-summary=experiments_energy_transfer/level1_Zwall_path_20260916/L36p3125/summary.csv --energy-transfer-trace=experiments_energy_transfer/level1_Zwall_path_20260916/L36p3125/tr_9659.csv --particles=100 --particles-boxes=50,50 --particle-radius=0.5 --l0=36.3125 --height=10 --num-walls=1 --wall-positions=36.3125 --wall-mass-factors=1000000000 --piston-right-protocol-mode=step --velocity-right-piston-step=0.005 --max-right-piston-travel=3.93 --auto-piston-step --wall-hold-steps=12000 --steps=10 --fixed-dt=0.4 --energy-measurement --eff-output=wall-ke --kbt1 --seed=9659",9659
2026-09-17 01:11:23,energy_transfer,edmd,10,12000,0.0166666669,36.3125,10,100,0.5,nan,0.108144325,0.108144325,1,36.3125,1e+09,50;50,1,0.0416666667,1,1,0.00999999978,100,1000,nan,36.3125,1,step,68.6950022,-0.00499999989,step,3.93000007,0.00499999989,nan,nan,0.00499999989,nan,nan,0,0,nan,nan,0,nan,nan,nan,nan,20,nan,/Users/chrisharing/Desktop/CCS_complex_coupled_systems/Repo/HardDisks/hspist3/experiments_energy_transfer/level1_Zwall_path_20260916/L36p3125/tr_9660.csv,nan,nan,0,"./00ALLINONE --mode=edmd --experiment=energy_transfer --headless --quiet --edmd-acc=0 --seed-drift-order=drift-first --energy-transfer-summary=experiments_energy_transfer/level1_Zwall_path_20260916/L36p3125/summary.csv --energy-transfer-trace=experiments_energy_transfer/level1_Zwall_path_20260916/L36p3125/tr_9660.csv --particles=100 --particles-boxes=50,50 --particle-radius=0.5 --l0=36.3125 --height=10 --num-walls=1 --wall-positions=36.3125 --wall-mass-factors=1000000000 --piston-right-protocol-mode=step --velocity-right-piston-step=0.005 --max-right-piston-travel=3.93 --auto-piston-step --wall-hold-steps=12000 --steps=10 --fixed-dt=0.4 --energy-measurement --eff-output=wall-ke --kbt1 --seed=9660",9660
2026-09-17 01:11:23,energy_transfer,edmd,10,12000,0.0166666669,36.3125,10,100,0.5,nan,0.108144325,0.108144325,1,36.3125,1e+09,50;50,1,0.0416666667,1,1,0.00999999978,100,1000,nan,36.3125,1,step,68.6950022,-0.00499999989,step,3.93000007,0.00499999989,nan,nan,0.00499999989,nan,nan,0,0,nan,nan,0,nan,nan,nan,nan,20,nan,/Users/chrisharing/Desktop/CCS_complex_coupled_systems/Repo/HardDisks/hspist3/experiments_energy_transfer/level1_Zwall_path_20260916/L36p3125/tr_9661.csv,nan,nan,0,"./00ALLINONE --mode=edmd --experiment=energy_transfer --headless --quiet --edmd-acc=0 --seed-drift-order=drift-first --energy-transfer-summary=experiments_energy_transfer/level1_Zwall_path_20260916/L36p3125/summary.csv --energy-transfer-trace=experiments_energy_transfer/level1_Zwall_path_20260916/L36p3125/tr_9661.csv --particles=100 --particles-boxes=50,50 --particle-radius=0.5 --l0=36.3125 --height=10 --num-walls=1 --wall-positions=36.3125 --wall-mass-factors=1000000000 --piston-right-protocol-mode=step --velocity-right-piston-step=0.005 --max-right-piston-travel=3.93 --auto-piston-step --wall-hold-steps=12000 --steps=10 --fixed-dt=0.4 --energy-measurement --eff-output=wall-ke --kbt1 --seed=9661",9661
2026-09-17 01:11:23,energy_transfer,edmd,10,12000,0.0166666669,36.3125,10,100,0.5,nan,0.108144325,0.108144325,1,36.3125,1e+09,50;50,1,0.0416666667,1,1,0.00999999978,100,1000,nan,36.3125,1,step,68.6950022,-0.00499999989,step,3.93000007,0.00499999989,nan,nan,0.00499999989,nan,nan,0,0,nan,nan,0,nan,nan,nan,nan,20,nan,/Users/chrisharing/Desktop/CCS_complex_coupled_systems/Repo/HardDisks/hspist3/experiments_energy_transfer/level1_Zwall_path_20260916/L36p3125/tr_9662.csv,nan,nan,0,"./00ALLINONE --mode=edmd --experiment=energy_transfer --headless --quiet --edmd-acc=0 --seed-drift-order=drift-first --energy-transfer-summary=experiments_energy_transfer/level1_Zwall_path_20260916/L36p3125/summary.csv --energy-transfer-trace=experiments_energy_transfer/level1_Zwall_path_20260916/L36p3125/tr_9662.csv --particles=100 --particles-boxes=50,50 --particle-radius=0.5 --l0=36.3125 --height=10 --num-walls=1 --wall-positions=36.3125 --wall-mass-factors=1000000000 --piston-right-protocol-mode=step --velocity-right-piston-step=0.005 --max-right-piston-travel=3.93 --auto-piston-step --wall-hold-steps=12000 --steps=10 --fixed-dt=0.4 --energy-measurement --eff-output=wall-ke --kbt1 --seed=9662",9662
2026-09-17 01:11:23,energy_transfer,edmd,10,12000,0.0166666669,36.3125,10,100,0.5,nan,0.108144325,0.108144325,1,36.3125,1e+09,50;50,1,0.0416666667,1,1,0.00999999978,100,1000,nan,36.3125,1,step,68.6950022,-0.00499999989,step,3.93000007,0.00499999989,nan,nan,0.00499999989,nan,nan,0,0,nan,nan,0,nan,nan,nan,nan,20,nan,/Users/chrisharing/Desktop/CCS_complex_coupled_systems/Repo/HardDisks/hspist3/experiments_energy_transfer/level1_Zwall_path_20260916/L36p3125/tr_9663.csv,nan,nan,0,"./00ALLINONE --mode=edmd --experiment=energy_transfer --headless --quiet --edmd-acc=0 --seed-drift-order=drift-first --energy-transfer-summary=experiments_energy_transfer/level1_Zwall_path_20260916/L36p3125/summary.csv --energy-transfer-trace=experiments_energy_transfer/level1_Zwall_path_20260916/L36p3125/tr_9663.csv --particles=100 --particles-boxes=50,50 --particle-radius=0.5 --l0=36.3125 --height=10 --num-walls=1 --wall-positions=36.3125 --wall-mass-factors=1000000000 --piston-right-protocol-mode=step --velocity-right-piston-step=0.005 --max-right-piston-travel=3.93 --auto-piston-step --wall-hold-steps=12000 --steps=10 --fixed-dt=0.4 --energy-measurement --eff-output=wall-ke --kbt1 --seed=9663",9663
2026-09-17 01:11:23,energy_transfer,edmd,10,12000,0.0166666669,36.3125,10,100,0.5,nan,0.108144325,0.108144325,1,36.3125,1e+09,50;50,1,0.0416666667,1,1,0.00999999978,100,1000,nan,36.3125,1,step,68.6950022,-0.00499999989,step,3.93000007,0.00499999989,nan,nan,0.00499999989,nan,nan,0,0,nan,nan,0,nan,nan,nan,nan,20,nan,/Users/chrisharing/Desktop/CCS_complex_coupled_systems/Repo/HardDisks/hspist3/experiments_energy_transfer/level1_Zwall_path_20260916/L36p3125/tr_9664.csv,nan,nan,0,"./00ALLINONE --mode=edmd --experiment=energy_transfer --headless --quiet --edmd-acc=0 --seed-drift-order=drift-first --energy-transfer-summary=experiments_energy_transfer/level1_Zwall_path_20260916/L36p3125/summary.csv --energy-transfer-trace=experiments_energy_transfer/level1_Zwall_path_20260916/L36p3125/tr_9664.csv --particles=100 --particles-boxes=50,50 --particle-radius=0.5 --l0=36.3125 --height=10 --num-walls=1 --wall-positions=36.3125 --wall-mass-factors=1000000000 --piston-right-protocol-mode=step --velocity-right-piston-step=0.005 --max-right-piston-travel=3.93 --auto-piston-step --wall-hold-steps=12000 --steps=10 --fixed-dt=0.4 --energy-measurement --eff-output=wall-ke --kbt1 --seed=9664",9664
2026-09-17 01:11:23,energy_transfer,edmd,10,12000,0.0166666669,36.3125,10,100,0.5,nan,0.108144325,0.108144325,1,36.3125,1e+09,50;50,1,0.0416666667,1,1,0.00999999978,100,1000,nan,36.3125,1,step,68.6950022,-0.00499999989,step,3.93000007,0.00499999989,nan,nan,0.00499999989,nan,nan,0,0,nan,nan,0,nan,nan,nan,nan,20,nan,/Users/chrisharing/Desktop/CCS_complex_coupled_systems/Repo/HardDisks/hspist3/experiments_energy_transfer/level1_Zwall_path_20260916/L36p3125/tr_9665.csv,nan,nan,0,"./00ALLINONE --mode=edmd --experiment=energy_transfer --headless --quiet --edmd-acc=0 --seed-drift-order=drift-first --energy-transfer-summary=experiments_energy_transfer/level1_Zwall_path_20260916/L36p3125/summary.csv --energy-transfer-trace=experiments_energy_transfer/level1_Zwall_path_20260916/L36p3125/tr_9665.csv --particles=100 --particles-boxes=50,50 --particle-radius=0.5 --l0=36.3125 --height=10 --num-walls=1 --wall-positions=36.3125 --wall-mass-factors=1000000000 --piston-right-protocol-mode=step --velocity-right-piston-step=0.005 --max-right-piston-travel=3.93 --auto-piston-step --wall-hold-steps=12000 --steps=10 --fixed-dt=0.4 --energy-measurement --eff-output=wall-ke --kbt1 --seed=9665",9665
2026-09-17 01:11:23,energy_transfer,edmd,10,12000,0.0166666669,36.3125,10,100,0.5,nan,0.108144325,0.108144325,1,36.3125,1e+09,50;50,1,0.0416666667,1,1,0.00999999978,100,1000,nan,36.3125,1,step,68.6950022,-0.00499999989,step,3.93000007,0.00499999989,nan,nan,0.00499999989,nan,nan,0,0,nan,nan,0,nan,nan,nan,nan,20,nan,/Users/chrisharing/Desktop/CCS_complex_coupled_systems/Repo/HardDisks/hspist3/experiments_energy_transfer/level1_Zwall_path_20260916/L36p3125/tr_9666.csv,nan,nan,0,"./00ALLINONE --mode=edmd --experiment=energy_transfer --headless --quiet --edmd-acc=0 --seed-drift-order=drift-first --energy-transfer-summary=experiments_energy_transfer/level1_Zwall_path_20260916/L36p3125/summary.csv --energy-transfer-trace=experiments_energy_transfer/level1_Zwall_path_20260916/L36p3125/tr_9666.csv --particles=100 --particles-boxes=50,50 --particle-radius=0.5 --l0=36.3125 --height=10 --num-walls=1 --wall-positions=36.3125 --wall-mass-factors=1000000000 --piston-right-protocol-mode=step --velocity-right-piston-step=0.005 --max-right-piston-travel=3.93 --auto-piston-step --wall-hold-steps=12000 --steps=10 --fixed-dt=0.4 --energy-measurement --eff-output=wall-ke --kbt1 --seed=9666",9666
2026-09-17 01:11:23,energy_transfer,edmd,10,12000,0.0166666669,36.3125,10,100,0.5,nan,0.108144325,0.108144325,1,36.3125,1e+09,50;50,1,0.0416666667,1,1,0.00999999978,100,1000,nan,36.3125,1,step,68.6950022,-0.00499999989,step,3.93000007,0.00499999989,nan,nan,0.00499999989,nan,nan,0,0,nan,nan,0,nan,nan,nan,nan,20,nan,/Users/chrisharing/Desktop/CCS_complex_coupled_systems/Repo/HardDisks/hspist3/experiments_energy_transfer/level1_Zwall_path_20260916/L36p3125/tr_9667.csv,nan,nan,0,"./00ALLINONE --mode=edmd --experiment=energy_transfer --headless --quiet --edmd-acc=0 --seed-drift-order=drift-first --energy-transfer-summary=experiments_energy_transfer/level1_Zwall_path_20260916/L36p3125/summary.csv --energy-transfer-trace=experiments_energy_transfer/level1_Zwall_path_20260916/L36p3125/tr_9667.csv --particles=100 --particles-boxes=50,50 --particle-radius=0.5 --l0=36.3125 --height=10 --num-walls=1 --wall-positions=36.3125 --wall-mass-factors=1000000000 --piston-right-protocol-mode=step --velocity-right-piston-step=0.005 --max-right-piston-travel=3.93 --auto-piston-step --wall-hold-steps=12000 --steps=10 --fixed-dt=0.4 --energy-measurement --eff-output=wall-ke --kbt1 --seed=9667",9667
2026-09-17 01:11:23,energy_transfer,edmd,10,12000,0.0166666669,36.3125,10,100,0.5,nan,0.108144325,0.108144325,1,36.3125,1e+09,50;50,1,0.0416666667,1,1,0.00999999978,100,1000,nan,36.3125,1,step,68.6950022,-0.00499999989,step,3.93000007,0.00499999989,nan,nan,0.00499999989,nan,nan,0,0,nan,nan,0,nan,nan,nan,nan,20,nan,/Users/chrisharing/Desktop/CCS_complex_coupled_systems/Repo/HardDisks/hspist3/experiments_energy_transfer/level1_Zwall_path_20260916/L36p3125/tr_9668.csv,nan,nan,0,"./00ALLINONE --mode=edmd --experiment=energy_transfer --headless --quiet --edmd-acc=0 --seed-drift-order=drift-first --energy-transfer-summary=experiments_energy_transfer/level1_Zwall_path_20260916/L36p3125/summary.csv --energy-transfer-trace=experiments_energy_transfer/level1_Zwall_path_20260916/L36p3125/tr_9668.csv --particles=100 --particles-boxes=50,50 --particle-radius=0.5 --l0=36.3125 --height=10 --num-walls=1 --wall-positions=36.3125 --wall-mass-factors=1000000000 --piston-right-protocol-mode=step --velocity-right-piston-step=0.005 --max-right-piston-travel=3.93 --auto-piston-step --wall-hold-steps=12000 --steps=10 --fixed-dt=0.4 --energy-measurement --eff-output=wall-ke --kbt1 --seed=9668",9668
2026-09-17 01:11:23,energy_transfer,edmd,10,12000,0.0166666669,36.3125,10,100,0.5,nan,0.108144325,0.108144325,1,36.3125,1e+09,50;50,1,0.0416666667,1,1,0.00999999978,100,1000,nan,36.3125,1,step,68.6950022,-0.00499999989,step,3.93000007,0.00499999989,nan,nan,0.00499999989,nan,nan,0,0,nan,nan,0,nan,nan,nan,nan,20,nan,/Users/chrisharing/Desktop/CCS_complex_coupled_systems/Repo/HardDisks/hspist3/experiments_energy_transfer/level1_Zwall_path_20260916/L36p3125/tr_9669.csv,nan,nan,0,"./00ALLINONE --mode=edmd --experiment=energy_transfer --headless --quiet --edmd-acc=0 --seed-drift-order=drift-first --energy-transfer-summary=experiments_energy_transfer/level1_Zwall_path_20260916/L36p3125/summary.csv --energy-transfer-trace=experiments_energy_transfer/level1_Zwall_path_20260916/L36p3125/tr_9669.csv --particles=100 --particles-boxes=50,50 --particle-radius=0.5 --l0=36.3125 --height=10 --num-walls=1 --wall-positions=36.3125 --wall-mass-factors=1000000000 --piston-right-protocol-mode=step --velocity-right-piston-step=0.005 --max-right-piston-travel=3.93 --auto-piston-step --wall-hold-steps=12000 --steps=10 --fixed-dt=0.4 --energy-measurement --eff-output=wall-ke --kbt1 --seed=9669",9669
2026-09-17 01:11:23,energy_transfer,edmd,10,12000,0.0166666669,36.3125,10,100,0.5,nan,0.108144325,0.108144325,1,36.3125,1e+09,50;50,1,0.0416666667,1,1,0.00999999978,100,1000,nan,36.3125,1,step,68.6950022,-0.00499999989,step,3.93000007,0.00499999989,nan,nan,0.00499999989,nan,nan,0,0,nan,nan,0,nan,nan,nan,nan,20,nan,/Users/chrisharing/Desktop/CCS_complex_coupled_systems/Repo/HardDisks/hspist3/experiments_energy_transfer/level1_Zwall_path_20260916/L36p3125/tr_9670.csv,nan,nan,0,"./00ALLINONE --mode=edmd --experiment=energy_transfer --headless --quiet --edmd-acc=0 --seed-drift-order=drift-first --energy-transfer-summary=experiments_energy_transfer/level1_Zwall_path_20260916/L36p3125/summary.csv --energy-transfer-trace=experiments_energy_transfer/level1_Zwall_path_20260916/L36p3125/tr_9670.csv --particles=100 --particles-boxes=50,50 --particle-radius=0.5 --l0=36.3125 --height=10 --num-walls=1 --wall-positions=36.3125 --wall-mass-factors=1000000000 --piston-right-protocol-mode=step --velocity-right-piston-step=0.005 --max-right-piston-travel=3.93 --auto-piston-step --wall-hold-steps=12000 --steps=10 --fixed-dt=0.4 --energy-measurement --eff-output=wall-ke --kbt1 --seed=9670",9670
2026-09-17 01:11:23,energy_transfer,edmd,10,12000,0.0166666669,36.3125,10,100,0.5,nan,0.108144325,0.108144325,1,36.3125,1e+09,50;50,1,0.0416666667,1,1,0.00999999978,100,1000,nan,36.3125,1,step,68.6950022,-0.00499999989,step,3.93000007,0.00499999989,nan,nan,0.00499999989,nan,nan,0,0,nan,nan,0,nan,nan,nan,nan,20,nan,/Users/chrisharing/Desktop/CCS_complex_coupled_systems/Repo/HardDisks/hspist3/experiments_energy_transfer/level1_Zwall_path_20260916/L36p3125/tr_9671.csv,nan,nan,0,"./00ALLINONE --mode=edmd --experiment=energy_transfer --headless --quiet --edmd-acc=0 --seed-drift-order=drift-first --energy-transfer-summary=experiments_energy_transfer/level1_Zwall_path_20260916/L36p3125/summary.csv --energy-transfer-trace=experiments_energy_transfer/level1_Zwall_path_20260916/L36p3125/tr_9671.csv --particles=100 --particles-boxes=50,50 --particle-radius=0.5 --l0=36.3125 --height=10 --num-walls=1 --wall-positions=36.3125 --wall-mass-factors=1000000000 --piston-right-protocol-mode=step --velocity-right-piston-step=0.005 --max-right-piston-travel=3.93 --auto-piston-step --wall-hold-steps=12000 --steps=10 --fixed-dt=0.4 --energy-measurement --eff-output=wall-ke --kbt1 --seed=9671",9671
2026-09-17 01:11:24,energy_transfer,edmd,10,12000,0.0166666669,36.3125,10,100,0.5,nan,0.108144325,0.108144325,1,36.3125,1e+09,50;50,1,0.0416666667,1,1,0.00999999978,100,1000,nan,36.3125,1,step,68.6950022,-0.00499999989,step,3.93000007,0.00499999989,nan,nan,0.00499999989,nan,nan,0,0,nan,nan,0,nan,nan,nan,nan,20,nan,/Users/chrisharing/Desktop/CCS_complex_coupled_systems/Repo/HardDisks/hspist3/experiments_energy_transfer/level1_Zwall_path_20260916/L36p3125/tr_9672.csv,nan,nan,0,"./00ALLINONE --mode=edmd --experiment=energy_transfer --headless --quiet --edmd-acc=0 --seed-drift-order=drift-first --energy-transfer-summary=experiments_energy_transfer/level1_Zwall_path_20260916/L36p3125/summary.csv --energy-transfer-trace=experiments_energy_transfer/level1_Zwall_path_20260916/L36p3125/tr_9672.csv --particles=100 --particles-boxes=50,50 --particle-radius=0.5 --l0=36.3125 --height=10 --num-walls=1 --wall-positions=36.3125 --wall-mass-factors=1000000000 --piston-right-protocol-mode=step --velocity-right-piston-step=0.005 --max-right-piston-travel=3.93 --auto-piston-step --wall-hold-steps=12000 --steps=10 --fixed-dt=0.4 --energy-measurement --eff-output=wall-ke --kbt1 --seed=9672",9672
2026-09-17 01:11:24,energy_transfer,edmd,10,12000,0.0166666669,36.3125,10,100,0.5,nan,0.108144325,0.108144325,1,36.3125,1e+09,50;50,1,0.0416666667,1,1,0.00999999978,100,1000,nan,36.3125,1,step,68.6950022,-0.00499999989,step,3.93000007,0.00499999989,nan,nan,0.00499999989,nan,nan,0,0,nan,nan,0,nan,nan,nan,nan,20,nan,/Users/chrisharing/Desktop/CCS_complex_coupled_systems/Repo/HardDisks/hspist3/experiments_energy_transfer/level1_Zwall_path_20260916/L36p3125/tr_9673.csv,nan,nan,0,"./00ALLINONE --mode=edmd --experiment=energy_transfer --headless --quiet --edmd-acc=0 --seed-drift-order=drift-first --energy-transfer-summary=experiments_energy_transfer/level1_Zwall_path_20260916/L36p3125/summary.csv --energy-transfer-trace=experiments_energy_transfer/level1_Zwall_path_20260916/L36p3125/tr_9673.csv --particles=100 --particles-boxes=50,50 --particle-radius=0.5 --l0=36.3125 --height=10 --num-walls=1 --wall-positions=36.3125 --wall-mass-factors=1000000000 --piston-right-protocol-mode=step --velocity-right-piston-step=0.005 --max-right-piston-travel=3.93 --auto-piston-step --wall-hold-steps=12000 --steps=10 --fixed-dt=0.4 --energy-measurement --eff-output=wall-ke --kbt1 --seed=9673",9673
2026-09-17 01:11:24,energy_transfer,edmd,10,12000,0.0166666669,36.3125,10,100,0.5,nan,0.108144325,0.108144325,1,36.3125,1e+09,50;50,1,0.0416666667,1,1,0.00999999978,100,1000,nan,36.3125,1,step,68.6950022,-0.00499999989,step,3.93000007,0.00499999989,nan,nan,0.00499999989,nan,nan,0,0,nan,nan,0,nan,nan,nan,nan,20,nan,/Users/chrisharing/Desktop/CCS_complex_coupled_systems/Repo/HardDisks/hspist3/experiments_energy_transfer/level1_Zwall_path_20260916/L36p3125/tr_9674.csv,nan,nan,0,"./00ALLINONE --mode=edmd --experiment=energy_transfer --headless --quiet --edmd-acc=0 --seed-drift-order=drift-first --energy-transfer-summary=experiments_energy_transfer/level1_Zwall_path_20260916/L36p3125/summary.csv --energy-transfer-trace=experiments_energy_transfer/level1_Zwall_path_20260916/L36p3125/tr_9674.csv --particles=100 --particles-boxes=50,50 --particle-radius=0.5 --l0=36.3125 --height=10 --num-walls=1 --wall-positions=36.3125 --wall-mass-factors=1000000000 --piston-right-protocol-mode=step --velocity-right-piston-step=0.005 --max-right-piston-travel=3.93 --auto-piston-step --wall-hold-steps=12000 --steps=10 --fixed-dt=0.4 --energy-measurement --eff-output=wall-ke --kbt1 --seed=9674",9674
2026-09-17 01:11:24,energy_transfer,edmd,10,12000,0.0166666669,36.3125,10,100,0.5,nan,0.108144325,0.108144325,1,36.3125,1e+09,50;50,1,0.0416666667,1,1,0.00999999978,100,1000,nan,36.3125,1,step,68.6950022,-0.00499999989,step,3.93000007,0.00499999989,nan,nan,0.00499999989,nan,nan,0,0,nan,nan,0,nan,nan,nan,nan,20,nan,/Users/chrisharing/Desktop/CCS_complex_coupled_systems/Repo/HardDisks/hspist3/experiments_energy_transfer/level1_Zwall_path_20260916/L36p3125/tr_9675.csv,nan,nan,0,"./00ALLINONE --mode=edmd --experiment=energy_transfer --headless --quiet --edmd-acc=0 --seed-drift-order=drift-first --energy-transfer-summary=experiments_energy_transfer/level1_Zwall_path_20260916/L36p3125/summary.csv --energy-transfer-trace=experiments_energy_transfer/level1_Zwall_path_20260916/L36p3125/tr_9675.csv --particles=100 --particles-boxes=50,50 --particle-radius=0.5 --l0=36.3125 --height=10 --num-walls=1 --wall-positions=36.3125 --wall-mass-factors=1000000000 --piston-right-protocol-mode=step --velocity-right-piston-step=0.005 --max-right-piston-travel=3.93 --auto-piston-step --wall-hold-steps=12000 --steps=10 --fixed-dt=0.4 --energy-measurement --eff-output=wall-ke --kbt1 --seed=9675",9675
2026-09-17 01:11:24,energy_transfer,edmd,10,12000,0.0166666669,36.3125,10,100,0.5,nan,0.108144325,0.108144325,1,36.3125,1e+09,50;50,1,0.0416666667,1,1,0.00999999978,100,1000,nan,36.3125,1,step,68.6950022,-0.00499999989,step,3.93000007,0.00499999989,nan,nan,0.00499999989,nan,nan,0,0,nan,nan,0,nan,nan,nan,nan,20,nan,/Users/chrisharing/Desktop/CCS_complex_coupled_systems/Repo/HardDisks/hspist3/experiments_energy_transfer/level1_Zwall_path_20260916/L36p3125/tr_9676.csv,nan,nan,0,"./00ALLINONE --mode=edmd --experiment=energy_transfer --headless --quiet --edmd-acc=0 --seed-drift-order=drift-first --energy-transfer-summary=experiments_energy_transfer/level1_Zwall_path_20260916/L36p3125/summary.csv --energy-transfer-trace=experiments_energy_transfer/level1_Zwall_path_20260916/L36p3125/tr_9676.csv --particles=100 --particles-boxes=50,50 --particle-radius=0.5 --l0=36.3125 --height=10 --num-walls=1 --wall-positions=36.3125 --wall-mass-factors=1000000000 --piston-right-protocol-mode=step --velocity-right-piston-step=0.005 --max-right-piston-travel=3.93 --auto-piston-step --wall-hold-steps=12000 --steps=10 --fixed-dt=0.4 --energy-measurement --eff-output=wall-ke --kbt1 --seed=9676",9676
2026-09-17 01:11:24,energy_transfer,edmd,10,12000,0.0166666669,36.3125,10,100,0.5,nan,0.108144325,0.108144325,1,36.3125,1e+09,50;50,1,0.0416666667,1,1,0.00999999978,100,1000,nan,36.3125,1,step,68.6950022,-0.00499999989,step,3.93000007,0.00499999989,nan,nan,0.00499999989,nan,nan,0,2.67091949e-09,nan,nan,-2.67091949e-09,nan,nan,nan,nan,20,nan,/Users/chrisharing/Desktop/CCS_complex_coupled_systems/Repo/HardDisks/hspist3/experiments_energy_transfer/level1_Zwall_path_20260916/L36p3125/tr_9677.csv,nan,nan,0,"./00ALLINONE --mode=edmd --experiment=energy_transfer --headless --quiet --edmd-acc=0 --seed-drift-order=drift-first --energy-transfer-summary=experiments_energy_transfer/level1_Zwall_path_20260916/L36p3125/summary.csv --energy-transfer-trace=experiments_energy_transfer/level1_Zwall_path_20260916/L36p3125/tr_9677.csv --particles=100 --particles-boxes=50,50 --particle-radius=0.5 --l0=36.3125 --height=10 --num-walls=1 --wall-positions=36.3125 --wall-mass-factors=1000000000 --piston-right-protocol-mode=step --velocity-right-piston-step=0.005 --max-right-piston-travel=3.93 --auto-piston-step --wall-hold-steps=12000 --steps=10 --fixed-dt=0.4 --energy-measurement --eff-output=wall-ke --kbt1 --seed=9677",9677
2026-09-17 01:11:24,energy_transfer,edmd,10,12000,0.0166666669,36.3125,10,100,0.5,nan,0.108144325,0.108144325,1,36.3125,1e+09,50;50,1,0.0416666667,1,1,0.00999999978,100,1000,nan,36.3125,1,step,68.6950022,-0.00499999989,step,3.93000007,0.00499999989,nan,nan,0.00499999989,nan,nan,0,0,nan,nan,0,nan,nan,nan,nan,20,nan,/Users/chrisharing/Desktop/CCS_complex_coupled_systems/Repo/HardDisks/hspist3/experiments_energy_transfer/level1_Zwall_path_20260916/L36p3125/tr_9678.csv,nan,nan,0,"./00ALLINONE --mode=edmd --experiment=energy_transfer --headless --quiet --edmd-acc=0 --seed-drift-order=drift-first --energy-transfer-summary=experiments_energy_transfer/level1_Zwall_path_20260916/L36p3125/summary.csv --energy-transfer-trace=experiments_energy_transfer/level1_Zwall_path_20260916/L36p3125/tr_9678.csv --particles=100 --particles-boxes=50,50 --particle-radius=0.5 --l0=36.3125 --height=10 --num-walls=1 --wall-positions=36.3125 --wall-mass-factors=1000000000 --piston-right-protocol-mode=step --velocity-right-piston-step=0.005 --max-right-piston-travel=3.93 --auto-piston-step --wall-hold-steps=12000 --steps=10 --fixed-dt=0.4 --energy-measurement --eff-output=wall-ke --kbt1 --seed=9678",9678
2026-09-17 01:11:24,energy_transfer,edmd,10,12000,0.0166666669,36.3125,10,100,0.5,nan,0.108144325,0.108144325,1,36.3125,1e+09,50;50,1,0.0416666667,1,1,0.00999999978,100,1000,nan,36.3125,1,step,68.6950022,-0.00499999989,step,3.93000007,0.00499999989,nan,nan,0.00499999989,nan,nan,0,0,nan,nan,0,nan,nan,nan,nan,20,nan,/Users/chrisharing/Desktop/CCS_complex_coupled_systems/Repo/HardDisks/hspist3/experiments_energy_transfer/level1_Zwall_path_20260916/L36p3125/tr_9679.csv,nan,nan,0,"./00ALLINONE --mode=edmd --experiment=energy_transfer --headless --quiet --edmd-acc=0 --seed-drift-order=drift-first --energy-transfer-summary=experiments_energy_transfer/level1_Zwall_path_20260916/L36p3125/summary.csv --energy-transfer-trace=experiments_energy_transfer/level1_Zwall_path_20260916/L36p3125/tr_9679.csv --particles=100 --particles-boxes=50,50 --particle-radius=0.5 --l0=36.3125 --height=10 --num-walls=1 --wall-positions=36.3125 --wall-mass-factors=1000000000 --piston-right-protocol-mode=step --velocity-right-piston-step=0.005 --max-right-piston-travel=3.93 --auto-piston-step --wall-hold-steps=12000 --steps=10 --fixed-dt=0.4 --energy-measurement --eff-output=wall-ke --kbt1 --seed=9679",9679
2026-09-17 01:11:24,energy_transfer,edmd,10,12000,0.0166666669,36.3125,10,100,0.5,nan,0.108144325,0.108144325,1,36.3125,1e+09,50;50,1,0.0416666667,1,1,0.00999999978,100,1000,nan,36.3125,1,step,68.6950022,-0.00499999989,step,3.93000007,0.00499999989,nan,nan,0.00499999989,nan,nan,0,0,nan,nan,0,nan,nan,nan,nan,20,nan,/Users/chrisharing/Desktop/CCS_complex_coupled_systems/Repo/HardDisks/hspist3/experiments_energy_transfer/level1_Zwall_path_20260916/L36p3125/tr_9681.csv,nan,nan,0,"./00ALLINONE --mode=edmd --experiment=energy_transfer --headless --quiet --edmd-acc=0 --seed-drift-order=drift-first --energy-transfer-summary=experiments_energy_transfer/level1_Zwall_path_20260916/L36p3125/summary.csv --energy-transfer-trace=experiments_energy_transfer/level1_Zwall_path_20260916/L36p3125/tr_9681.csv --particles=100 --particles-boxes=50,50 --particle-radius=0.5 --l0=36.3125 --height=10 --num-walls=1 --wall-positions=36.3125 --wall-mass-factors=1000000000 --piston-right-protocol-mode=step --velocity-right-piston-step=0.005 --max-right-piston-travel=3.93 --auto-piston-step --wall-hold-steps=12000 --steps=10 --fixed-dt=0.4 --energy-measurement --eff-output=wall-ke --kbt1 --seed=9681",9681
2026-09-17 01:11:24,energy_transfer,edmd,10,12000,0.0166666669,36.3125,10,100,0.5,nan,0.108144325,0.108144325,1,36.3125,1e+09,50;50,1,0.0416666667,1,1,0.00999999978,100,1000,nan,36.3125,1,step,68.6950022,-0.00499999989,step,3.93000007,0.00499999989,nan,nan,0.00499999989,nan,nan,0,0,nan,nan,0,nan,nan,nan,nan,20,nan,/Users/chrisharing/Desktop/CCS_complex_coupled_systems/Repo/HardDisks/hspist3/experiments_energy_transfer/level1_Zwall_path_20260916/L36p3125/tr_9680.csv,nan,nan,0,"./00ALLINONE --mode=edmd --experiment=energy_transfer --headless --quiet --edmd-acc=0 --seed-drift-order=drift-first --energy-transfer-summary=experiments_energy_transfer/level1_Zwall_path_20260916/L36p3125/summary.csv --energy-transfer-trace=experiments_energy_transfer/level1_Zwall_path_20260916/L36p3125/tr_9680.csv --particles=100 --particles-boxes=50,50 --particle-radius=0.5 --l0=36.3125 --height=10 --num-walls=1 --wall-positions=36.3125 --wall-mass-factors=1000000000 --piston-right-protocol-mode=step --velocity-right-piston-step=0.005 --max-right-piston-travel=3.93 --auto-piston-step --wall-hold-steps=12000 --steps=10 --fixed-dt=0.4 --energy-measurement --eff-output=wall-ke --kbt1 --seed=9680",9680
2026-09-17 01:11:24,energy_transfer,edmd,10,12000,0.0166666669,36.3125,10,100,0.5,nan,0.108144325,0.108144325,1,36.3125,1e+09,50;50,1,0.0416666667,1,1,0.00999999978,100,1000,nan,36.3125,1,step,68.6950022,-0.00499999989,step,3.93000007,0.00499999989,nan,nan,0.00499999989,nan,nan,0,0,nan,nan,0,nan,nan,nan,nan,20,nan,/Users/chrisharing/Desktop/CCS_complex_coupled_systems/Repo/HardDisks/hspist3/experiments_energy_transfer/level1_Zwall_path_20260916/L36p3125/tr_9682.csv,nan,nan,0,"./00ALLINONE --mode=edmd --experiment=energy_transfer --headless --quiet --edmd-acc=0 --seed-drift-order=drift-first --energy-transfer-summary=experiments_energy_transfer/level1_Zwall_path_20260916/L36p3125/summary.csv --energy-transfer-trace=experiments_energy_transfer/level1_Zwall_path_20260916/L36p3125/tr_9682.csv --particles=100 --particles-boxes=50,50 --particle-radius=0.5 --l0=36.3125 --height=10 --num-walls=1 --wall-positions=36.3125 --wall-mass-factors=1000000000 --piston-right-protocol-mode=step --velocity-right-piston-step=0.005 --max-right-piston-travel=3.93 --auto-piston-step --wall-hold-steps=12000 --steps=10 --fixed-dt=0.4 --energy-measurement --eff-output=wall-ke --kbt1 --seed=9682",9682
2026-09-17 01:11:24,energy_transfer,edmd,10,12000,0.0166666669,36.3125,10,100,0.5,nan,0.108144325,0.108144325,1,36.3125,1e+09,50;50,1,0.0416666667,1,1,0.00999999978,100,1000,nan,36.3125,1,step,68.6950022,-0.00499999989,step,3.93000007,0.00499999989,nan,nan,0.00499999989,nan,nan,0,0,nan,nan,0,nan,nan,nan,nan,20,nan,/Users/chrisharing/Desktop/CCS_complex_coupled_systems/Repo/HardDisks/hspist3/experiments_energy_transfer/level1_Zwall_path_20260916/L36p3125/tr_9683.csv,nan,nan,0,"./00ALLINONE --mode=edmd --experiment=energy_transfer --headless --quiet --edmd-acc=0 --seed-drift-order=drift-first --energy-transfer-summary=experiments_energy_transfer/level1_Zwall_path_20260916/L36p3125/summary.csv --energy-transfer-trace=experiments_energy_transfer/level1_Zwall_path_20260916/L36p3125/tr_9683.csv --particles=100 --particles-boxes=50,50 --particle-radius=0.5 --l0=36.3125 --height=10 --num-walls=1 --wall-positions=36.3125 --wall-mass-factors=1000000000 --piston-right-protocol-mode=step --velocity-right-piston-step=0.005 --max-right-piston-travel=3.93 --auto-piston-step --wall-hold-steps=12000 --steps=10 --fixed-dt=0.4 --energy-measurement --eff-output=wall-ke --kbt1 --seed=9683",9683
2026-09-17 01:11:25,energy_transfer,edmd,10,12000,0.0166666669,36.3125,10,100,0.5,nan,0.108144325,0.108144325,1,36.3125,1e+09,50;50,1,0.0416666667,1,1,0.00999999978,100,1000,nan,36.3125,1,step,68.6950022,-0.00499999989,step,3.93000007,0.00499999989,nan,nan,0.00499999989,nan,nan,0,4.78112305e-09,nan,nan,-4.78112305e-09,nan,nan,nan,nan,20,nan,/Users/chrisharing/Desktop/CCS_complex_coupled_systems/Repo/HardDisks/hspist3/experiments_energy_transfer/level1_Zwall_path_20260916/L36p3125/tr_9685.csv,nan,nan,0,"./00ALLINONE --mode=edmd --experiment=energy_transfer --headless --quiet --edmd-acc=0 --seed-drift-order=drift-first --energy-transfer-summary=experiments_energy_transfer/level1_Zwall_path_20260916/L36p3125/summary.csv --energy-transfer-trace=experiments_energy_transfer/level1_Zwall_path_20260916/L36p3125/tr_9685.csv --particles=100 --particles-boxes=50,50 --particle-radius=0.5 --l0=36.3125 --height=10 --num-walls=1 --wall-positions=36.3125 --wall-mass-factors=1000000000 --piston-right-protocol-mode=step --velocity-right-piston-step=0.005 --max-right-piston-travel=3.93 --auto-piston-step --wall-hold-steps=12000 --steps=10 --fixed-dt=0.4 --energy-measurement --eff-output=wall-ke --kbt1 --seed=9685",9685
2026-09-17 01:11:25,energy_transfer,edmd,10,12000,0.0166666669,36.3125,10,100,0.5,nan,0.108144325,0.108144325,1,36.3125,1e+09,50;50,1,0.0416666667,1,1,0.00999999978,100,1000,nan,36.3125,1,step,68.6950022,-0.00499999989,step,3.93000007,0.00499999989,nan,nan,0.00499999989,nan,nan,0,0,nan,nan,0,nan,nan,nan,nan,20,nan,/Users/chrisharing/Desktop/CCS_complex_coupled_systems/Repo/HardDisks/hspist3/experiments_energy_transfer/level1_Zwall_path_20260916/L36p3125/tr_9684.csv,nan,nan,0,"./00ALLINONE --mode=edmd --experiment=energy_transfer --headless --quiet --edmd-acc=0 --seed-drift-order=drift-first --energy-transfer-summary=experiments_energy_transfer/level1_Zwall_path_20260916/L36p3125/summary.csv --energy-transfer-trace=experiments_energy_transfer/level1_Zwall_path_20260916/L36p3125/tr_9684.csv --particles=100 --particles-boxes=50,50 --particle-radius=0.5 --l0=36.3125 --height=10 --num-walls=1 --wall-positions=36.3125 --wall-mass-factors=1000000000 --piston-right-protocol-mode=step --velocity-right-piston-step=0.005 --max-right-piston-travel=3.93 --auto-piston-step --wall-hold-steps=12000 --steps=10 --fixed-dt=0.4 --energy-measurement --eff-output=wall-ke --kbt1 --seed=9684",9684
2026-09-17 01:11:25,energy_transfer,edmd,10,12000,0.0166666669,36.3125,10,100,0.5,nan,0.108144325,0.108144325,1,36.3125,1e+09,50;50,1,0.0416666667,1,1,0.00999999978,100,1000,nan,36.3125,1,step,68.6950022,-0.00499999989,step,3.93000007,0.00499999989,nan,nan,0.00499999989,nan,nan,0,0,nan,nan,0,nan,nan,nan,nan,20,nan,/Users/chrisharing/Desktop/CCS_complex_coupled_systems/Repo/HardDisks/hspist3/experiments_energy_transfer/level1_Zwall_path_20260916/L36p3125/tr_9687.csv,nan,nan,0,"./00ALLINONE --mode=edmd --experiment=energy_transfer --headless --quiet --edmd-acc=0 --seed-drift-order=drift-first --energy-transfer-summary=experiments_energy_transfer/level1_Zwall_path_20260916/L36p3125/summary.csv --energy-transfer-trace=experiments_energy_transfer/level1_Zwall_path_20260916/L36p3125/tr_9687.csv --particles=100 --particles-boxes=50,50 --particle-radius=0.5 --l0=36.3125 --height=10 --num-walls=1 --wall-positions=36.3125 --wall-mass-factors=1000000000 --piston-right-protocol-mode=step --velocity-right-piston-step=0.005 --max-right-piston-travel=3.93 --auto-piston-step --wall-hold-steps=12000 --steps=10 --fixed-dt=0.4 --energy-measurement --eff-output=wall-ke --kbt1 --seed=9687",9687
2026-09-17 01:11:25,energy_transfer,edmd,10,12000,0.0166666669,36.3125,10,100,0.5,nan,0.108144325,0.108144325,1,36.3125,1e+09,50;50,1,0.0416666667,1,1,0.00999999978,100,1000,nan,36.3125,1,step,68.6950022,-0.00499999989,step,3.93000007,0.00499999989,nan,nan,0.00499999989,nan,nan,0,0,nan,nan,0,nan,nan,nan,nan,20,nan,/Users/chrisharing/Desktop/CCS_complex_coupled_systems/Repo/HardDisks/hspist3/experiments_energy_transfer/level1_Zwall_path_20260916/L36p3125/tr_9686.csv,nan,nan,0,"./00ALLINONE --mode=edmd --experiment=energy_transfer --headless --quiet --edmd-acc=0 --seed-drift-order=drift-first --energy-transfer-summary=experiments_energy_transfer/level1_Zwall_path_20260916/L36p3125/summary.csv --energy-transfer-trace=experiments_energy_transfer/level1_Zwall_path_20260916/L36p3125/tr_9686.csv --particles=100 --particles-boxes=50,50 --particle-radius=0.5 --l0=36.3125 --height=10 --num-walls=1 --wall-positions=36.3125 --wall-mass-factors=1000000000 --piston-right-protocol-mode=step --velocity-right-piston-step=0.005 --max-right-piston-travel=3.93 --auto-piston-step --wall-hold-steps=12000 --steps=10 --fixed-dt=0.4 --energy-measurement --eff-output=wall-ke --kbt1 --seed=9686",9686
2026-09-17 01:11:25,energy_transfer,edmd,10,12000,0.0166666669,36.3125,10,100,0.5,nan,0.108144325,0.108144325,1,36.3125,1e+09,50;50,1,0.0416666667,1,1,0.00999999978,100,1000,nan,36.3125,1,step,68.6950022,-0.00499999989,step,3.93000007,0.00499999989,nan,nan,0.00499999989,nan,nan,0,0,nan,nan,0,nan,nan,nan,nan,20,nan,/Users/chrisharing/Desktop/CCS_complex_coupled_systems/Repo/HardDisks/hspist3/experiments_energy_transfer/level1_Zwall_path_20260916/L36p3125/tr_9688.csv,nan,nan,0,"./00ALLINONE --mode=edmd --experiment=energy_transfer --headless --quiet --edmd-acc=0 --seed-drift-order=drift-first --energy-transfer-summary=experiments_energy_transfer/level1_Zwall_path_20260916/L36p3125/summary.csv --energy-transfer-trace=experiments_energy_transfer/level1_Zwall_path_20260916/L36p3125/tr_9688.csv --particles=100 --particles-boxes=50,50 --particle-radius=0.5 --l0=36.3125 --height=10 --num-walls=1 --wall-positions=36.3125 --wall-mass-factors=1000000000 --piston-right-protocol-mode=step --velocity-right-piston-step=0.005 --max-right-piston-travel=3.93 --auto-piston-step --wall-hold-steps=12000 --steps=10 --fixed-dt=0.4 --energy-measurement --eff-output=wall-ke --kbt1 --seed=9688",9688
2026-09-17 01:11:25,energy_transfer,edmd,10,12000,0.0166666669,36.3125,10,100,0.5,nan,0.108144325,0.108144325,1,36.3125,1e+09,50;50,1,0.0416666667,1,1,0.00999999978,100,1000,nan,36.3125,1,step,68.6950022,-0.00499999989,step,3.93000007,0.00499999989,nan,nan,0.00499999989,nan,nan,0,0,nan,nan,0,nan,nan,nan,nan,20,nan,/Users/chrisharing/Desktop/CCS_complex_coupled_systems/Repo/HardDisks/hspist3/experiments_energy_transfer/level1_Zwall_path_20260916/L36p3125/tr_9689.csv,nan,nan,0,"./00ALLINONE --mode=edmd --experiment=energy_transfer --headless --quiet --edmd-acc=0 --seed-drift-order=drift-first --energy-transfer-summary=experiments_energy_transfer/level1_Zwall_path_20260916/L36p3125/summary.csv --energy-transfer-trace=experiments_energy_transfer/level1_Zwall_path_20260916/L36p3125/tr_9689.csv --particles=100 --particles-boxes=50,50 --particle-radius=0.5 --l0=36.3125 --height=10 --num-walls=1 --wall-positions=36.3125 --wall-mass-factors=1000000000 --piston-right-protocol-mode=step --velocity-right-piston-step=0.005 --max-right-piston-travel=3.93 --auto-piston-step --wall-hold-steps=12000 --steps=10 --fixed-dt=0.4 --energy-measurement --eff-output=wall-ke --kbt1 --seed=9689",9689
2026-09-17 01:11:25,energy_transfer,edmd,10,12000,0.0166666669,36.3125,10,100,0.5,nan,0.108144325,0.108144325,1,36.3125,1e+09,50;50,1,0.0416666667,1,1,0.00999999978,100,1000,nan,36.3125,1,step,68.6950022,-0.00499999989,step,3.93000007,0.00499999989,nan,nan,0.00499999989,nan,nan,0,0,nan,nan,0,nan,nan,nan,nan,20,nan,/Users/chrisharing/Desktop/CCS_complex_coupled_systems/Repo/HardDisks/hspist3/experiments_energy_transfer/level1_Zwall_path_20260916/L36p3125/tr_9690.csv,nan,nan,0,"./00ALLINONE --mode=edmd --experiment=energy_transfer --headless --quiet --edmd-acc=0 --seed-drift-order=drift-first --energy-transfer-summary=experiments_energy_transfer/level1_Zwall_path_20260916/L36p3125/summary.csv --energy-transfer-trace=experiments_energy_transfer/level1_Zwall_path_20260916/L36p3125/tr_9690.csv --particles=100 --particles-boxes=50,50 --particle-radius=0.5 --l0=36.3125 --height=10 --num-walls=1 --wall-positions=36.3125 --wall-mass-factors=1000000000 --piston-right-protocol-mode=step --velocity-right-piston-step=0.005 --max-right-piston-travel=3.93 --auto-piston-step --wall-hold-steps=12000 --steps=10 --fixed-dt=0.4 --energy-measurement --eff-output=wall-ke --kbt1 --seed=9690",9690
2026-09-17 01:11:25,energy_transfer,edmd,10,12000,0.0166666669,36.3125,10,100,0.5,nan,0.108144325,0.108144325,1,36.3125,1e+09,50;50,1,0.0416666667,1,1,0.00999999978,100,1000,nan,36.3125,1,step,68.6950022,-0.00499999989,step,3.93000007,0.00499999989,nan,nan,0.00499999989,nan,nan,0,0,nan,nan,0,nan,nan,nan,nan,20,nan,/Users/chrisharing/Desktop/CCS_complex_coupled_systems/Repo/HardDisks/hspist3/experiments_energy_transfer/level1_Zwall_path_20260916/L36p3125/tr_9691.csv,nan,nan,0,"./00ALLINONE --mode=edmd --experiment=energy_transfer --headless --quiet --edmd-acc=0 --seed-drift-order=drift-first --energy-transfer-summary=experiments_energy_transfer/level1_Zwall_path_20260916/L36p3125/summary.csv --energy-transfer-trace=experiments_energy_transfer/level1_Zwall_path_20260916/L36p3125/tr_9691.csv --particles=100 --particles-boxes=50,50 --particle-radius=0.5 --l0=36.3125 --height=10 --num-walls=1 --wall-positions=36.3125 --wall-mass-factors=1000000000 --piston-right-protocol-mode=step --velocity-right-piston-step=0.005 --max-right-piston-travel=3.93 --auto-piston-step --wall-hold-steps=12000 --steps=10 --fixed-dt=0.4 --energy-measurement --eff-output=wall-ke --kbt1 --seed=9691",9691
2026-09-17 01:11:25,energy_transfer,edmd,10,12000,0.0166666669,36.3125,10,100,0.5,nan,0.108144325,0.108144325,1,36.3125,1e+09,50;50,1,0.0416666667,1,1,0.00999999978,100,1000,nan,36.3125,1,step,68.6950022,-0.00499999989,step,3.93000007,0.00499999989,nan,nan,0.00499999989,nan,nan,0,0,nan,nan,0,nan,nan,nan,nan,20,nan,/Users/chrisharing/Desktop/CCS_complex_coupled_systems/Repo/HardDisks/hspist3/experiments_energy_transfer/level1_Zwall_path_20260916/L36p3125/tr_9692.csv,nan,nan,0,"./00ALLINONE --mode=edmd --experiment=energy_transfer --headless --quiet --edmd-acc=0 --seed-drift-order=drift-first --energy-transfer-summary=experiments_energy_transfer/level1_Zwall_path_20260916/L36p3125/summary.csv --energy-transfer-trace=experiments_energy_transfer/level1_Zwall_path_20260916/L36p3125/tr_9692.csv --particles=100 --particles-boxes=50,50 --particle-radius=0.5 --l0=36.3125 --height=10 --num-walls=1 --wall-positions=36.3125 --wall-mass-factors=1000000000 --piston-right-protocol-mode=step --velocity-right-piston-step=0.005 --max-right-piston-travel=3.93 --auto-piston-step --wall-hold-steps=12000 --steps=10 --fixed-dt=0.4 --energy-measurement --eff-output=wall-ke --kbt1 --seed=9692",9692
2026-09-17 01:11:25,energy_transfer,edmd,10,12000,0.0166666669,36.3125,10,100,0.5,nan,0.108144325,0.108144325,1,36.3125,1e+09,50;50,1,0.0416666667,1,1,0.00999999978,100,1000,nan,36.3125,1,step,68.6950022,-0.00499999989,step,3.93000007,0.00499999989,nan,nan,0.00499999989,nan,nan,0,1.67225505e-08,nan,nan,-1.67225505e-08,nan,nan,nan,nan,20,nan,/Users/chrisharing/Desktop/CCS_complex_coupled_systems/Repo/HardDisks/hspist3/experiments_energy_transfer/level1_Zwall_path_20260916/L36p3125/tr_9693.csv,nan,nan,0,"./00ALLINONE --mode=edmd --experiment=energy_transfer --headless --quiet --edmd-acc=0 --seed-drift-order=drift-first --energy-transfer-summary=experiments_energy_transfer/level1_Zwall_path_20260916/L36p3125/summary.csv --energy-transfer-trace=experiments_energy_transfer/level1_Zwall_path_20260916/L36p3125/tr_9693.csv --particles=100 --particles-boxes=50,50 --particle-radius=0.5 --l0=36.3125 --height=10 --num-walls=1 --wall-positions=36.3125 --wall-mass-factors=1000000000 --piston-right-protocol-mode=step --velocity-right-piston-step=0.005 --max-right-piston-travel=3.93 --auto-piston-step --wall-hold-steps=12000 --steps=10 --fixed-dt=0.4 --energy-measurement --eff-output=wall-ke --kbt1 --seed=9693",9693
2026-09-17 01:11:25,energy_transfer,edmd,10,12000,0.0166666669,36.3125,10,100,0.5,nan,0.108144325,0.108144325,1,36.3125,1e+09,50;50,1,0.0416666667,1,1,0.00999999978,100,1000,nan,36.3125,1,step,68.6950022,-0.00499999989,step,3.93000007,0.00499999989,nan,nan,0.00499999989,nan,nan,0,0,nan,nan,0,nan,nan,nan,nan,20,nan,/Users/chrisharing/Desktop/CCS_complex_coupled_systems/Repo/HardDisks/hspist3/experiments_energy_transfer/level1_Zwall_path_20260916/L36p3125/tr_9694.csv,nan,nan,0,"./00ALLINONE --mode=edmd --experiment=energy_transfer --headless --quiet --edmd-acc=0 --seed-drift-order=drift-first --energy-transfer-summary=experiments_energy_transfer/level1_Zwall_path_20260916/L36p3125/summary.csv --energy-transfer-trace=experiments_energy_transfer/level1_Zwall_path_20260916/L36p3125/tr_9694.csv --particles=100 --particles-boxes=50,50 --particle-radius=0.5 --l0=36.3125 --height=10 --num-walls=1 --wall-positions=36.3125 --wall-mass-factors=1000000000 --piston-right-protocol-mode=step --velocity-right-piston-step=0.005 --max-right-piston-travel=3.93 --auto-piston-step --wall-hold-steps=12000 --steps=10 --fixed-dt=0.4 --energy-measurement --eff-output=wall-ke --kbt1 --seed=9694",9694
2026-09-17 01:11:25,energy_transfer,edmd,10,12000,0.0166666669,36.3125,10,100,0.5,nan,0.108144325,0.108144325,1,36.3125,1e+09,50;50,1,0.0416666667,1,1,0.00999999978,100,1000,nan,36.3125,1,step,68.6950022,-0.00499999989,step,3.93000007,0.00499999989,nan,nan,0.00499999989,nan,nan,0,0,nan,nan,0,nan,nan,nan,nan,20,nan,/Users/chrisharing/Desktop/CCS_complex_coupled_systems/Repo/HardDisks/hspist3/experiments_energy_transfer/level1_Zwall_path_20260916/L36p3125/tr_9695.csv,nan,nan,0,"./00ALLINONE --mode=edmd --experiment=energy_transfer --headless --quiet --edmd-acc=0 --seed-drift-order=drift-first --energy-transfer-summary=experiments_energy_transfer/level1_Zwall_path_20260916/L36p3125/summary.csv --energy-transfer-trace=experiments_energy_transfer/level1_Zwall_path_20260916/L36p3125/tr_9695.csv --particles=100 --particles-boxes=50,50 --particle-radius=0.5 --l0=36.3125 --height=10 --num-walls=1 --wall-positions=36.3125 --wall-mass-factors=1000000000 --piston-right-protocol-mode=step --velocity-right-piston-step=0.005 --max-right-piston-travel=3.93 --auto-piston-step --wall-hold-steps=12000 --steps=10 --fixed-dt=0.4 --energy-measurement --eff-output=wall-ke --kbt1 --seed=9695",9695
2026-09-17 01:11:26,energy_transfer,edmd,10,12000,0.0166666669,36.3125,10,100,0.5,nan,0.108144325,0.108144325,1,36.3125,1e+09,50;50,1,0.0416666667,1,1,0.00999999978,100,1000,nan,36.3125,1,step,68.6950022,-0.00499999989,step,3.93000007,0.00499999989,nan,nan,0.00499999989,nan,nan,0,0,nan,nan,0,nan,nan,nan,nan,20,nan,/Users/chrisharing/Desktop/CCS_complex_coupled_systems/Repo/HardDisks/hspist3/experiments_energy_transfer/level1_Zwall_path_20260916/L36p3125/tr_9696.csv,nan,nan,0,"./00ALLINONE --mode=edmd --experiment=energy_transfer --headless --quiet --edmd-acc=0 --seed-drift-order=drift-first --energy-transfer-summary=experiments_energy_transfer/level1_Zwall_path_20260916/L36p3125/summary.csv --energy-transfer-trace=experiments_energy_transfer/level1_Zwall_path_20260916/L36p3125/tr_9696.csv --particles=100 --particles-boxes=50,50 --particle-radius=0.5 --l0=36.3125 --height=10 --num-walls=1 --wall-positions=36.3125 --wall-mass-factors=1000000000 --piston-right-protocol-mode=step --velocity-right-piston-step=0.005 --max-right-piston-travel=3.93 --auto-piston-step --wall-hold-steps=12000 --steps=10 --fixed-dt=0.4 --energy-measurement --eff-output=wall-ke --kbt1 --seed=9696",9696
2026-09-17 01:11:26,energy_transfer,edmd,10,12000,0.0166666669,36.3125,10,100,0.5,nan,0.108144325,0.108144325,1,36.3125,1e+09,50;50,1,0.0416666667,1,1,0.00999999978,100,1000,nan,36.3125,1,step,68.6950022,-0.00499999989,step,3.93000007,0.00499999989,nan,nan,0.00499999989,nan,nan,0,0,nan,nan,0,nan,nan,nan,nan,20,nan,/Users/chrisharing/Desktop/CCS_complex_coupled_systems/Repo/HardDisks/hspist3/experiments_energy_transfer/level1_Zwall_path_20260916/L36p3125/tr_9697.csv,nan,nan,0,"./00ALLINONE --mode=edmd --experiment=energy_transfer --headless --quiet --edmd-acc=0 --seed-drift-order=drift-first --energy-transfer-summary=experiments_energy_transfer/level1_Zwall_path_20260916/L36p3125/summary.csv --energy-transfer-trace=experiments_energy_transfer/level1_Zwall_path_20260916/L36p3125/tr_9697.csv --particles=100 --particles-boxes=50,50 --particle-radius=0.5 --l0=36.3125 --height=10 --num-walls=1 --wall-positions=36.3125 --wall-mass-factors=1000000000 --piston-right-protocol-mode=step --velocity-right-piston-step=0.005 --max-right-piston-travel=3.93 --auto-piston-step --wall-hold-steps=12000 --steps=10 --fixed-dt=0.4 --energy-measurement --eff-output=wall-ke --kbt1 --seed=9697",9697
2026-09-17 01:11:26,energy_transfer,edmd,10,12000,0.0166666669,36.3125,10,100,0.5,nan,0.108144325,0.108144325,1,36.3125,1e+09,50;50,1,0.0416666667,1,1,0.00999999978,100,1000,nan,36.3125,1,step,68.6950022,-0.00499999989,step,3.93000007,0.00499999989,nan,nan,0.00499999989,nan,nan,0,0,nan,nan,0,nan,nan,nan,nan,20,nan,/Users/chrisharing/Desktop/CCS_complex_coupled_systems/Repo/HardDisks/hspist3/experiments_energy_transfer/level1_Zwall_path_20260916/L36p3125/tr_9698.csv,nan,nan,0,"./00ALLINONE --mode=edmd --experiment=energy_transfer --headless --quiet --edmd-acc=0 --seed-drift-order=drift-first --energy-transfer-summary=experiments_energy_transfer/level1_Zwall_path_20260916/L36p3125/summary.csv --energy-transfer-trace=experiments_energy_transfer/level1_Zwall_path_20260916/L36p3125/tr_9698.csv --particles=100 --particles-boxes=50,50 --particle-radius=0.5 --l0=36.3125 --height=10 --num-walls=1 --wall-positions=36.3125 --wall-mass-factors=1000000000 --piston-right-protocol-mode=step --velocity-right-piston-step=0.005 --max-right-piston-travel=3.93 --auto-piston-step --wall-hold-steps=12000 --steps=10 --fixed-dt=0.4 --energy-measurement --eff-output=wall-ke --kbt1 --seed=9698",9698
2026-09-17 01:11:26,energy_transfer,edmd,10,12000,0.0166666669,36.3125,10,100,0.5,nan,0.108144325,0.108144325,1,36.3125,1e+09,50;50,1,0.0416666667,1,1,0.00999999978,100,1000,nan,36.3125,1,step,68.6950022,-0.00499999989,step,3.93000007,0.00499999989,nan,nan,0.00499999989,nan,nan,0,0,nan,nan,0,nan,nan,nan,nan,20,nan,/Users/chrisharing/Desktop/CCS_complex_coupled_systems/Repo/HardDisks/hspist3/experiments_energy_transfer/level1_Zwall_path_20260916/L36p3125/tr_9699.csv,nan,nan,0,"./00ALLINONE --mode=edmd --experiment=energy_transfer --headless --quiet --edmd-acc=0 --seed-drift-order=drift-first --energy-transfer-summary=experiments_energy_transfer/level1_Zwall_path_20260916/L36p3125/summary.csv --energy-transfer-trace=experiments_energy_transfer/level1_Zwall_path_20260916/L36p3125/tr_9699.csv --particles=100 --particles-boxes=50,50 --particle-radius=0.5 --l0=36.3125 --height=10 --num-walls=1 --wall-positions=36.3125 --wall-mass-factors=1000000000 --piston-right-protocol-mode=step --velocity-right-piston-step=0.005 --max-right-piston-travel=3.93 --auto-piston-step --wall-hold-steps=12000 --steps=10 --fixed-dt=0.4 --energy-measurement --eff-output=wall-ke --kbt1 --seed=9699",9699
