timestamp,mode,sim_mode,steps_after_release,wall_hold_steps,dt_sigma,L0,height,particles_total,radius_sigma,eta_input,eta_nominal,eta_particles_region,num_walls,wall_positions_cli,wall_mass_factors_cli,particles_boxes_cli,wall_thickness_sigma,wall_thickness_vis_sigma,kbt1,kBT,kB_effective,temperature_runtime,spring_k,spring_eq_sigma,spring_eq_sigma_effective,piston_auto,piston_protocol,piston_target_sigma,piston_speed_px,piston_right_protocol_mode,piston_right_travel_sigma,piston_right_v_step_constant,piston_right_v0,piston_right_v_gradient,piston_right_vmax,piston_right_duration,piston_right_sigmoid_steepness,W_in_max,W_out_max,ratio,loss_fraction,total_loss,springE_stop,springE_peak_win,W_out_peak_win,ratio_win,eff_window_T,piston_stop_t_rel,trace_path,spring_peak_t_rel,spring_peak_dt,spring_peak_near_end,command,seed
2026-09-18 12:52:29,energy_transfer,edmd,12500,12000,0.0166666669,39.25,10,100,0.5,nan,0.100050721,0.100050721,1,39.25,1e+09,50;50,1,0.0416666667,1,1,0.00999999978,100,1000,nan,39.25,1,step,77.75,-10,step,0.75,10,nan,nan,10,nan,nan,1.17675022e-16,1.84580657e-07,1.56856276e+09,-1.56856276e+09,-1.84580656e-07,0,4.68401069e-08,4.68401069e-08,398046300,20,0.116653442,/Users/chrisharing/Desktop/CCS_complex_coupled_systems/Repo/HardDisks/hspist3/experiments_energy_transfer/level2_fast1sigma_20260918/u10/tr_9200.csv,5.61665344,5.5,0,"./00ALLINONE_ramp --mode=edmd --experiment=energy_transfer --headless --quiet --edmd-acc=0 --seed-drift-order=drift-first --energy-transfer-summary=experiments_energy_transfer/level2_fast1sigma_20260918/u10/summary.csv --energy-transfer-trace=experiments_energy_transfer/level2_fast1sigma_20260918/u10/tr_9200.csv --particles=100 --particles-boxes=50,50 --particle-radius=0.5 --l0=39.25 --height=10 --num-walls=1 --wall-positions=39.25 --wall-mass-factors=1000000000 --piston-right-protocol-mode=step --velocity-right-piston-step=10 --max-right-piston-travel=0.75 --auto-piston-step --wall-hold-steps=12000 --steps=12500 --fixed-dt=0.4 --energy-measurement --eff-output=wall-ke --kbt1 --seed=9200",9200
2026-09-18 12:52:29,energy_transfer,edmd,12500,12000,0.0166666669,39.25,10,100,0.5,nan,0.100050721,0.100050721,1,39.25,1e+09,50;50,1,0.0416666667,1,1,0.00999999978,100,1000,nan,39.25,1,step,77.75,-10,step,0.75,10,nan,nan,10,nan,nan,203.058565,0.00100860838,4.9670812e-06,0.999995033,203.057556,0,1.13252336e-05,1.13252336e-05,5.57732376e-08,20,0.116653442,/Users/chrisharing/Desktop/CCS_complex_coupled_systems/Repo/HardDisks/hspist3/experiments_energy_transfer/level2_fast1sigma_20260918/u10/tr_9201.csv,19.2833252,19.1666718,1,"./00ALLINONE_ramp --mode=edmd --experiment=energy_transfer --headless --quiet --edmd-acc=0 --seed-drift-order=drift-first --energy-transfer-summary=experiments_energy_transfer/level2_fast1sigma_20260918/u10/summary.csv --energy-transfer-trace=experiments_energy_transfer/level2_fast1sigma_20260918/u10/tr_9201.csv --particles=100 --particles-boxes=50,50 --particle-radius=0.5 --l0=39.25 --height=10 --num-walls=1 --wall-positions=39.25 --wall-mass-factors=1000000000 --piston-right-protocol-mode=step --velocity-right-piston-step=10 --max-right-piston-travel=0.75 --auto-piston-step --wall-hold-steps=12000 --steps=12500 --fixed-dt=0.4 --energy-measurement --eff-output=wall-ke --kbt1 --seed=9201",9201
2026-09-18 12:52:29,energy_transfer,edmd,12500,12000,0.0166666669,39.25,10,100,0.5,nan,0.100050721,0.100050721,1,39.25,1e+09,50;50,1,0.0416666667,1,1,0.00999999978,100,1000,nan,39.25,1,step,77.75,-10,step,0.75,10,nan,nan,10,nan,nan,4.13758017e-16,3.17066281e-07,766308490,-766308489,-3.1706628e-07,0,8.16900112e-08,8.16900112e-08,197434268,20,0.116653442,/Users/chrisharing/Desktop/CCS_complex_coupled_systems/Repo/HardDisks/hspist3/experiments_energy_transfer/level2_fast1sigma_20260918/u10/tr_9203.csv,7.93331909,7.81666565,0,"./00ALLINONE_ramp --mode=edmd --experiment=energy_transfer --headless --quiet --edmd-acc=0 --seed-drift-order=drift-first --energy-transfer-summary=experiments_energy_transfer/level2_fast1sigma_20260918/u10/summary.csv --energy-transfer-trace=experiments_energy_transfer/level2_fast1sigma_20260918/u10/tr_9203.csv --particles=100 --particles-boxes=50,50 --particle-radius=0.5 --l0=39.25 --height=10 --num-walls=1 --wall-positions=39.25 --wall-mass-factors=1000000000 --piston-right-protocol-mode=step --velocity-right-piston-step=10 --max-right-piston-travel=0.75 --auto-piston-step --wall-hold-steps=12000 --steps=12500 --fixed-dt=0.4 --energy-measurement --eff-output=wall-ke --kbt1 --seed=9203",9203
2026-09-18 12:52:29,energy_transfer,edmd,12500,12000,0.0166666669,39.25,10,100,0.5,nan,0.100050721,0.100050721,1,39.25,1e+09,50;50,1,0.0416666667,1,1,0.00999999978,100,1000,nan,39.25,1,step,77.75,-10,step,0.75,10,nan,nan,10,nan,nan,1.20764305e-15,7.26436781e-07,601532699,-601532698,-7.2643678e-07,0,3.55553738e-07,3.55553738e-07,294419563,20,0.116653442,/Users/chrisharing/Desktop/CCS_complex_coupled_systems/Repo/HardDisks/hspist3/experiments_energy_transfer/level2_fast1sigma_20260918/u10/tr_9207.csv,15.9166565,15.8000031,0,"./00ALLINONE_ramp --mode=edmd --experiment=energy_transfer --headless --quiet --edmd-acc=0 --seed-drift-order=drift-first --energy-transfer-summary=experiments_energy_transfer/level2_fast1sigma_20260918/u10/summary.csv --energy-transfer-trace=experiments_energy_transfer/level2_fast1sigma_20260918/u10/tr_9207.csv --particles=100 --particles-boxes=50,50 --particle-radius=0.5 --l0=39.25 --height=10 --num-walls=1 --wall-positions=39.25 --wall-mass-factors=1000000000 --piston-right-protocol-mode=step --velocity-right-piston-step=10 --max-right-piston-travel=0.75 --auto-piston-step --wall-hold-steps=12000 --steps=12500 --fixed-dt=0.4 --energy-measurement --eff-output=wall-ke --kbt1 --seed=9207",9207
2026-09-18 12:52:29,energy_transfer,edmd,12500,12000,0.0166666669,39.25,10,100,0.5,nan,0.100050721,0.100050721,1,39.25,1e+09,50;50,1,0.0416666667,1,1,0.00999999978,100,1000,nan,39.25,1,step,77.75,-10,step,0.75,10,nan,nan,10,nan,nan,1.24397317e-16,3.64758733e-07,2.9322074e+09,-2.9322074e+09,-3.64758733e-07,0,3.59753791e-08,3.59753791e-08,289197388,20,0.116653442,/Users/chrisharing/Desktop/CCS_complex_coupled_systems/Repo/HardDisks/hspist3/experiments_energy_transfer/level2_fast1sigma_20260918/u10/tr_9209.csv,11.7999878,11.6833344,0,"./00ALLINONE_ramp --mode=edmd --experiment=energy_transfer --headless --quiet --edmd-acc=0 --seed-drift-order=drift-first --energy-transfer-summary=experiments_energy_transfer/level2_fast1sigma_20260918/u10/summary.csv --energy-transfer-trace=experiments_energy_transfer/level2_fast1sigma_20260918/u10/tr_9209.csv --particles=100 --particles-boxes=50,50 --particle-radius=0.5 --l0=39.25 --height=10 --num-walls=1 --wall-positions=39.25 --wall-mass-factors=1000000000 --piston-right-protocol-mode=step --velocity-right-piston-step=10 --max-right-piston-travel=0.75 --auto-piston-step --wall-hold-steps=12000 --steps=12500 --fixed-dt=0.4 --energy-measurement --eff-output=wall-ke --kbt1 --seed=9209",9209
2026-09-18 12:52:29,energy_transfer,edmd,12500,12000,0.0166666669,39.25,10,100,0.5,nan,0.100050721,0.100050721,1,39.25,1e+09,50;50,1,0.0416666667,1,1,0.00999999978,100,1000,nan,39.25,1,step,77.75,-10,step,0.75,10,nan,nan,10,nan,nan,254.198423,0.00173969299,6.84383864e-06,0.999993156,254.196684,0,2.01265302e-05,2.01265302e-05,7.91764558e-08,20,0.116653442,/Users/chrisharing/Desktop/CCS_complex_coupled_systems/Repo/HardDisks/hspist3/experiments_energy_transfer/level2_fast1sigma_20260918/u10/tr_9204.csv,20.0999908,19.9833374,1,"./00ALLINONE_ramp --mode=edmd --experiment=energy_transfer --headless --quiet --edmd-acc=0 --seed-drift-order=drift-first --energy-transfer-summary=experiments_energy_transfer/level2_fast1sigma_20260918/u10/summary.csv --energy-transfer-trace=experiments_energy_transfer/level2_fast1sigma_20260918/u10/tr_9204.csv --particles=100 --particles-boxes=50,50 --particle-radius=0.5 --l0=39.25 --height=10 --num-walls=1 --wall-positions=39.25 --wall-mass-factors=1000000000 --piston-right-protocol-mode=step --velocity-right-piston-step=10 --max-right-piston-travel=0.75 --auto-piston-step --wall-hold-steps=12000 --steps=12500 --fixed-dt=0.4 --energy-measurement --eff-output=wall-ke --kbt1 --seed=9204",9204
2026-09-18 12:52:29,energy_transfer,edmd,12500,12000,0.0166666669,39.25,10,100,0.5,nan,0.100050721,0.100050721,1,39.25,1e+09,50;50,1,0.0416666667,1,1,0.00999999978,100,1000,nan,39.25,1,step,77.75,-10,step,0.75,10,nan,nan,10,nan,nan,228.955915,0.0012865006,5.61898826e-06,0.999994381,228.954629,0,9.70706787e-06,9.70706787e-06,4.23971045e-08,20,0.116653442,/Users/chrisharing/Desktop/CCS_complex_coupled_systems/Repo/HardDisks/hspist3/experiments_energy_transfer/level2_fast1sigma_20260918/u10/tr_9206.csv,19.3333282,19.2166748,1,"./00ALLINONE_ramp --mode=edmd --experiment=energy_transfer --headless --quiet --edmd-acc=0 --seed-drift-order=drift-first --energy-transfer-summary=experiments_energy_transfer/level2_fast1sigma_20260918/u10/summary.csv --energy-transfer-trace=experiments_energy_transfer/level2_fast1sigma_20260918/u10/tr_9206.csv --particles=100 --particles-boxes=50,50 --particle-radius=0.5 --l0=39.25 --height=10 --num-walls=1 --wall-positions=39.25 --wall-mass-factors=1000000000 --piston-right-protocol-mode=step --velocity-right-piston-step=10 --max-right-piston-travel=0.75 --auto-piston-step --wall-hold-steps=12000 --steps=12500 --fixed-dt=0.4 --energy-measurement --eff-output=wall-ke --kbt1 --seed=9206",9206
2026-09-18 12:52:29,energy_transfer,edmd,12500,12000,0.0166666669,39.25,10,100,0.5,nan,0.100050721,0.100050721,1,39.25,1e+09,50;50,1,0.0416666667,1,1,0.00999999978,100,1000,nan,39.25,1,step,77.75,-10,step,0.75,10,nan,nan,10,nan,nan,224.892942,0.00124707667,5.54520145e-06,0.999994455,224.891695,5.96805627e-09,1.04118481e-05,1.040588e-05,4.62703717e-08,20,0.116653442,/Users/chrisharing/Desktop/CCS_complex_coupled_systems/Repo/HardDisks/hspist3/experiments_energy_transfer/level2_fast1sigma_20260918/u10/tr_9205.csv,18.9166565,18.8000031,1,"./00ALLINONE_ramp --mode=edmd --experiment=energy_transfer --headless --quiet --edmd-acc=0 --seed-drift-order=drift-first --energy-transfer-summary=experiments_energy_transfer/level2_fast1sigma_20260918/u10/summary.csv --energy-transfer-trace=experiments_energy_transfer/level2_fast1sigma_20260918/u10/tr_9205.csv --particles=100 --particles-boxes=50,50 --particle-radius=0.5 --l0=39.25 --height=10 --num-walls=1 --wall-positions=39.25 --wall-mass-factors=1000000000 --piston-right-protocol-mode=step --velocity-right-piston-step=10 --max-right-piston-travel=0.75 --auto-piston-step --wall-hold-steps=12000 --steps=12500 --fixed-dt=0.4 --energy-measurement --eff-output=wall-ke --kbt1 --seed=9205",9205
2026-09-18 12:52:29,energy_transfer,edmd,12500,12000,0.0166666669,39.25,10,100,0.5,nan,0.100050721,0.100050721,1,39.25,1e+09,50;50,1,0.0416666667,1,1,0.00999999978,100,1000,nan,39.25,1,step,77.75,-10,step,0.75,10,nan,nan,10,nan,nan,366.557007,0.00334779965,9.13309413e-06,0.999990867,366.553659,0,3.8803264e-05,3.8803264e-05,1.05858743e-07,20,0.116653442,/Users/chrisharing/Desktop/CCS_complex_coupled_systems/Repo/HardDisks/hspist3/experiments_energy_transfer/level2_fast1sigma_20260918/u10/tr_9202.csv,20.0333252,19.9166718,1,"./00ALLINONE_ramp --mode=edmd --experiment=energy_transfer --headless --quiet --edmd-acc=0 --seed-drift-order=drift-first --energy-transfer-summary=experiments_energy_transfer/level2_fast1sigma_20260918/u10/summary.csv --energy-transfer-trace=experiments_energy_transfer/level2_fast1sigma_20260918/u10/tr_9202.csv --particles=100 --particles-boxes=50,50 --particle-radius=0.5 --l0=39.25 --height=10 --num-walls=1 --wall-positions=39.25 --wall-mass-factors=1000000000 --piston-right-protocol-mode=step --velocity-right-piston-step=10 --max-right-piston-travel=0.75 --auto-piston-step --wall-hold-steps=12000 --steps=12500 --fixed-dt=0.4 --energy-measurement --eff-output=wall-ke --kbt1 --seed=9202",9202
2026-09-18 12:52:29,energy_transfer,edmd,12500,12000,0.0166666669,39.25,10,100,0.5,nan,0.100050721,0.100050721,1,39.25,1e+09,50;50,1,0.0416666667,1,1,0.00999999978,100,1000,nan,39.25,1,step,77.75,-10,step,0.75,10,nan,nan,10,nan,nan,203.128252,0.0010589388,5.2131537e-06,0.999994787,203.127193,0,9.63034017e-06,9.63034017e-06,4.74101465e-08,20,0.116653442,/Users/chrisharing/Desktop/CCS_complex_coupled_systems/Repo/HardDisks/hspist3/experiments_energy_transfer/level2_fast1sigma_20260918/u10/tr_9208.csv,19.3333282,19.2166748,1,"./00ALLINONE_ramp --mode=edmd --experiment=energy_transfer --headless --quiet --edmd-acc=0 --seed-drift-order=drift-first --energy-transfer-summary=experiments_energy_transfer/level2_fast1sigma_20260918/u10/summary.csv --energy-transfer-trace=experiments_energy_transfer/level2_fast1sigma_20260918/u10/tr_9208.csv --particles=100 --particles-boxes=50,50 --particle-radius=0.5 --l0=39.25 --height=10 --num-walls=1 --wall-positions=39.25 --wall-mass-factors=1000000000 --piston-right-protocol-mode=step --velocity-right-piston-step=10 --max-right-piston-travel=0.75 --auto-piston-step --wall-hold-steps=12000 --steps=12500 --fixed-dt=0.4 --energy-measurement --eff-output=wall-ke --kbt1 --seed=9208",9208
2026-09-18 12:52:29,energy_transfer,edmd,12500,12000,0.0166666669,39.25,10,100,0.5,nan,0.100050721,0.100050721,1,39.25,1e+09,50;50,1,0.0416666667,1,1,0.00999999978,100,1000,nan,39.25,1,step,77.75,-10,step,0.75,10,nan,nan,10,nan,nan,430.544708,0.00470925216,1.09378935e-05,0.999989062,430.539999,0,4.3137843e-05,4.3137843e-05,1.00193644e-07,20,0.116653442,/Users/chrisharing/Desktop/CCS_complex_coupled_systems/Repo/HardDisks/hspist3/experiments_energy_transfer/level2_fast1sigma_20260918/u10/tr_9210.csv,19.9333191,19.8166656,1,"./00ALLINONE_ramp --mode=edmd --experiment=energy_transfer --headless --quiet --edmd-acc=0 --seed-drift-order=drift-first --energy-transfer-summary=experiments_energy_transfer/level2_fast1sigma_20260918/u10/summary.csv --energy-transfer-trace=experiments_energy_transfer/level2_fast1sigma_20260918/u10/tr_9210.csv --particles=100 --particles-boxes=50,50 --particle-radius=0.5 --l0=39.25 --height=10 --num-walls=1 --wall-positions=39.25 --wall-mass-factors=1000000000 --piston-right-protocol-mode=step --velocity-right-piston-step=10 --max-right-piston-travel=0.75 --auto-piston-step --wall-hold-steps=12000 --steps=12500 --fixed-dt=0.4 --energy-measurement --eff-output=wall-ke --kbt1 --seed=9210",9210
2026-09-18 12:52:29,energy_transfer,edmd,12500,12000,0.0166666669,39.25,10,100,0.5,nan,0.100050721,0.100050721,1,39.25,1e+09,50;50,1,0.0416666667,1,1,0.00999999978,100,1000,nan,39.25,1,step,77.75,-10,step,0.75,10,nan,nan,10,nan,nan,1.44358987e-16,4.56836517e-07,3.16458661e+09,-3.16458661e+09,-4.56836517e-07,0,1.39745211e-07,1.39745211e-07,968039566,20,0.116653442,/Users/chrisharing/Desktop/CCS_complex_coupled_systems/Repo/HardDisks/hspist3/experiments_energy_transfer/level2_fast1sigma_20260918/u10/tr_9211.csv,6.69999695,6.58334351,0,"./00ALLINONE_ramp --mode=edmd --experiment=energy_transfer --headless --quiet --edmd-acc=0 --seed-drift-order=drift-first --energy-transfer-summary=experiments_energy_transfer/level2_fast1sigma_20260918/u10/summary.csv --energy-transfer-trace=experiments_energy_transfer/level2_fast1sigma_20260918/u10/tr_9211.csv --particles=100 --particles-boxes=50,50 --particle-radius=0.5 --l0=39.25 --height=10 --num-walls=1 --wall-positions=39.25 --wall-mass-factors=1000000000 --piston-right-protocol-mode=step --velocity-right-piston-step=10 --max-right-piston-travel=0.75 --auto-piston-step --wall-hold-steps=12000 --steps=12500 --fixed-dt=0.4 --energy-measurement --eff-output=wall-ke --kbt1 --seed=9211",9211
2026-09-18 12:52:29,energy_transfer,edmd,12500,12000,0.0166666669,39.25,10,100,0.5,nan,0.100050721,0.100050721,1,39.25,1e+09,50;50,1,0.0416666667,1,1,0.00999999978,100,1000,nan,39.25,1,step,77.75,-10,step,0.75,10,nan,nan,10,nan,nan,1.43106574e-15,2.87290788e-07,200753033,-200753032,-2.87290787e-07,0,3.05292964e-08,3.05292964e-08,21333259.2,20,0.116653442,/Users/chrisharing/Desktop/CCS_complex_coupled_systems/Repo/HardDisks/hspist3/experiments_energy_transfer/level2_fast1sigma_20260918/u10/tr_9212.csv,19.6499939,19.5333405,1,"./00ALLINONE_ramp --mode=edmd --experiment=energy_transfer --headless --quiet --edmd-acc=0 --seed-drift-order=drift-first --energy-transfer-summary=experiments_energy_transfer/level2_fast1sigma_20260918/u10/summary.csv --energy-transfer-trace=experiments_energy_transfer/level2_fast1sigma_20260918/u10/tr_9212.csv --particles=100 --particles-boxes=50,50 --particle-radius=0.5 --l0=39.25 --height=10 --num-walls=1 --wall-positions=39.25 --wall-mass-factors=1000000000 --piston-right-protocol-mode=step --velocity-right-piston-step=10 --max-right-piston-travel=0.75 --auto-piston-step --wall-hold-steps=12000 --steps=12500 --fixed-dt=0.4 --energy-measurement --eff-output=wall-ke --kbt1 --seed=9212",9212
2026-09-18 12:52:29,energy_transfer,edmd,12500,12000,0.0166666669,39.25,10,100,0.5,nan,0.100050721,0.100050721,1,39.25,1e+09,50;50,1,0.0416666667,1,1,0.00999999978,100,1000,nan,39.25,1,step,77.75,-10,step,0.75,10,nan,nan,10,nan,nan,0,5.94187725e-07,nan,nan,-5.94187725e-07,0,1.62804128e-07,1.62804128e-07,nan,20,0.116653442,/Users/chrisharing/Desktop/CCS_complex_coupled_systems/Repo/HardDisks/hspist3/experiments_energy_transfer/level2_fast1sigma_20260918/u10/tr_9214.csv,17.5666656,17.4500122,0,"./00ALLINONE_ramp --mode=edmd --experiment=energy_transfer --headless --quiet --edmd-acc=0 --seed-drift-order=drift-first --energy-transfer-summary=experiments_energy_transfer/level2_fast1sigma_20260918/u10/summary.csv --energy-transfer-trace=experiments_energy_transfer/level2_fast1sigma_20260918/u10/tr_9214.csv --particles=100 --particles-boxes=50,50 --particle-radius=0.5 --l0=39.25 --height=10 --num-walls=1 --wall-positions=39.25 --wall-mass-factors=1000000000 --piston-right-protocol-mode=step --velocity-right-piston-step=10 --max-right-piston-travel=0.75 --auto-piston-step --wall-hold-steps=12000 --steps=12500 --fixed-dt=0.4 --energy-measurement --eff-output=wall-ke --kbt1 --seed=9214",9214
2026-09-18 12:52:29,energy_transfer,edmd,12500,12000,0.0166666669,39.25,10,100,0.5,nan,0.100050721,0.100050721,1,39.25,1e+09,50;50,1,0.0416666667,1,1,0.00999999978,100,1000,nan,39.25,1,step,77.75,-10,step,0.75,10,nan,nan,10,nan,nan,180.022095,0.000829445838,4.60746686e-06,0.999995393,180.021266,1.70229331e-10,1.07000087e-05,1.06998385e-05,5.94362512e-08,20,0.116653442,/Users/chrisharing/Desktop/CCS_complex_coupled_systems/Repo/HardDisks/hspist3/experiments_energy_transfer/level2_fast1sigma_20260918/u10/tr_9213.csv,19.4166565,19.3000031,1,"./00ALLINONE_ramp --mode=edmd --experiment=energy_transfer --headless --quiet --edmd-acc=0 --seed-drift-order=drift-first --energy-transfer-summary=experiments_energy_transfer/level2_fast1sigma_20260918/u10/summary.csv --energy-transfer-trace=experiments_energy_transfer/level2_fast1sigma_20260918/u10/tr_9213.csv --particles=100 --particles-boxes=50,50 --particle-radius=0.5 --l0=39.25 --height=10 --num-walls=1 --wall-positions=39.25 --wall-mass-factors=1000000000 --piston-right-protocol-mode=step --velocity-right-piston-step=10 --max-right-piston-travel=0.75 --auto-piston-step --wall-hold-steps=12000 --steps=12500 --fixed-dt=0.4 --energy-measurement --eff-output=wall-ke --kbt1 --seed=9213",9213
2026-09-18 12:52:30,energy_transfer,edmd,12500,12000,0.0166666669,39.25,10,100,0.5,nan,0.100050721,0.100050721,1,39.25,1e+09,50;50,1,0.0416666667,1,1,0.00999999978,100,1000,nan,39.25,1,step,77.75,-10,step,0.75,10,nan,nan,10,nan,nan,6.16274592e-16,7.30904674e-07,1.18600488e+09,-1.18600488e+09,-7.30904673e-07,0,5.6981488e-08,5.6981488e-08,92461199.4,20,0.116653442,/Users/chrisharing/Desktop/CCS_complex_coupled_systems/Repo/HardDisks/hspist3/experiments_energy_transfer/level2_fast1sigma_20260918/u10/tr_9218.csv,19.8666534,19.75,1,"./00ALLINONE_ramp --mode=edmd --experiment=energy_transfer --headless --quiet --edmd-acc=0 --seed-drift-order=drift-first --energy-transfer-summary=experiments_energy_transfer/level2_fast1sigma_20260918/u10/summary.csv --energy-transfer-trace=experiments_energy_transfer/level2_fast1sigma_20260918/u10/tr_9218.csv --particles=100 --particles-boxes=50,50 --particle-radius=0.5 --l0=39.25 --height=10 --num-walls=1 --wall-positions=39.25 --wall-mass-factors=1000000000 --piston-right-protocol-mode=step --velocity-right-piston-step=10 --max-right-piston-travel=0.75 --auto-piston-step --wall-hold-steps=12000 --steps=12500 --fixed-dt=0.4 --energy-measurement --eff-output=wall-ke --kbt1 --seed=9218",9218
2026-09-18 12:52:30,energy_transfer,edmd,12500,12000,0.0166666669,39.25,10,100,0.5,nan,0.100050721,0.100050721,1,39.25,1e+09,50;50,1,0.0416666667,1,1,0.00999999978,100,1000,nan,39.25,1,step,77.75,-10,step,0.75,10,nan,nan,10,nan,nan,6.0311222e-16,4.53398002e-07,751763912,-751763911,-4.53398001e-07,7.96475064e-09,1.65175408e-07,1.57210657e-07,260665680,20,0.116653442,/Users/chrisharing/Desktop/CCS_complex_coupled_systems/Repo/HardDisks/hspist3/experiments_energy_transfer/level2_fast1sigma_20260918/u10/tr_9222.csv,11.3833313,11.2666779,0,"./00ALLINONE_ramp --mode=edmd --experiment=energy_transfer --headless --quiet --edmd-acc=0 --seed-drift-order=drift-first --energy-transfer-summary=experiments_energy_transfer/level2_fast1sigma_20260918/u10/summary.csv --energy-transfer-trace=experiments_energy_transfer/level2_fast1sigma_20260918/u10/tr_9222.csv --particles=100 --particles-boxes=50,50 --particle-radius=0.5 --l0=39.25 --height=10 --num-walls=1 --wall-positions=39.25 --wall-mass-factors=1000000000 --piston-right-protocol-mode=step --velocity-right-piston-step=10 --max-right-piston-travel=0.75 --auto-piston-step --wall-hold-steps=12000 --steps=12500 --fixed-dt=0.4 --energy-measurement --eff-output=wall-ke --kbt1 --seed=9222",9222
2026-09-18 12:52:30,energy_transfer,edmd,12500,12000,0.0166666669,39.25,10,100,0.5,nan,0.100050721,0.100050721,1,39.25,1e+09,50;50,1,0.0416666667,1,1,0.00999999978,100,1000,nan,39.25,1,step,77.75,-10,step,0.75,10,nan,nan,10,nan,nan,205.569626,0.00103798427,5.04930758e-06,0.999994951,205.568588,0,8.60834734e-06,8.60834734e-06,4.187558e-08,20,0.116653442,/Users/chrisharing/Desktop/CCS_complex_coupled_systems/Repo/HardDisks/hspist3/experiments_energy_transfer/level2_fast1sigma_20260918/u10/tr_9215.csv,20.0166626,19.9000092,1,"./00ALLINONE_ramp --mode=edmd --experiment=energy_transfer --headless --quiet --edmd-acc=0 --seed-drift-order=drift-first --energy-transfer-summary=experiments_energy_transfer/level2_fast1sigma_20260918/u10/summary.csv --energy-transfer-trace=experiments_energy_transfer/level2_fast1sigma_20260918/u10/tr_9215.csv --particles=100 --particles-boxes=50,50 --particle-radius=0.5 --l0=39.25 --height=10 --num-walls=1 --wall-positions=39.25 --wall-mass-factors=1000000000 --piston-right-protocol-mode=step --velocity-right-piston-step=10 --max-right-piston-travel=0.75 --auto-piston-step --wall-hold-steps=12000 --steps=12500 --fixed-dt=0.4 --energy-measurement --eff-output=wall-ke --kbt1 --seed=9215",9215
2026-09-18 12:52:30,energy_transfer,edmd,12500,12000,0.0166666669,39.25,10,100,0.5,nan,0.100050721,0.100050721,1,39.25,1e+09,50;50,1,0.0416666667,1,1,0.00999999978,100,1000,nan,39.25,1,step,77.75,-10,step,0.75,10,nan,nan,10,nan,nan,193.334152,0.000951937516,4.92379388e-06,0.999995076,193.3332,0,9.62377544e-06,9.62377544e-06,4.9777938e-08,20,0.116653442,/Users/chrisharing/Desktop/CCS_complex_coupled_systems/Repo/HardDisks/hspist3/experiments_energy_transfer/level2_fast1sigma_20260918/u10/tr_9216.csv,19.5166626,19.4000092,1,"./00ALLINONE_ramp --mode=edmd --experiment=energy_transfer --headless --quiet --edmd-acc=0 --seed-drift-order=drift-first --energy-transfer-summary=experiments_energy_transfer/level2_fast1sigma_20260918/u10/summary.csv --energy-transfer-trace=experiments_energy_transfer/level2_fast1sigma_20260918/u10/tr_9216.csv --particles=100 --particles-boxes=50,50 --particle-radius=0.5 --l0=39.25 --height=10 --num-walls=1 --wall-positions=39.25 --wall-mass-factors=1000000000 --piston-right-protocol-mode=step --velocity-right-piston-step=10 --max-right-piston-travel=0.75 --auto-piston-step --wall-hold-steps=12000 --steps=12500 --fixed-dt=0.4 --energy-measurement --eff-output=wall-ke --kbt1 --seed=9216",9216
2026-09-18 12:52:30,energy_transfer,edmd,12500,12000,0.0166666669,39.25,10,100,0.5,nan,0.100050721,0.100050721,1,39.25,1e+09,50;50,1,0.0416666667,1,1,0.00999999978,100,1000,nan,39.25,1,step,77.75,-10,step,0.75,10,nan,nan,10,nan,nan,204.216069,0.00109469437,5.36047125e-06,0.99999464,204.214974,0,1.10191568e-05,1.10191568e-05,5.39583238e-08,20,0.116653442,/Users/chrisharing/Desktop/CCS_complex_coupled_systems/Repo/HardDisks/hspist3/experiments_energy_transfer/level2_fast1sigma_20260918/u10/tr_9219.csv,20.0333252,19.9166718,1,"./00ALLINONE_ramp --mode=edmd --experiment=energy_transfer --headless --quiet --edmd-acc=0 --seed-drift-order=drift-first --energy-transfer-summary=experiments_energy_transfer/level2_fast1sigma_20260918/u10/summary.csv --energy-transfer-trace=experiments_energy_transfer/level2_fast1sigma_20260918/u10/tr_9219.csv --particles=100 --particles-boxes=50,50 --particle-radius=0.5 --l0=39.25 --height=10 --num-walls=1 --wall-positions=39.25 --wall-mass-factors=1000000000 --piston-right-protocol-mode=step --velocity-right-piston-step=10 --max-right-piston-travel=0.75 --auto-piston-step --wall-hold-steps=12000 --steps=12500 --fixed-dt=0.4 --energy-measurement --eff-output=wall-ke --kbt1 --seed=9219",9219
2026-09-18 12:52:30,energy_transfer,edmd,12500,12000,0.0166666669,39.25,10,100,0.5,nan,0.100050721,0.100050721,1,39.25,1e+09,50;50,1,0.0416666667,1,1,0.00999999978,100,1000,nan,39.25,1,step,77.75,-10,step,0.75,10,nan,nan,10,nan,nan,181.735913,0.000829611032,4.56492621e-06,0.999995435,181.735083,0,8.46622788e-06,8.46622788e-06,4.65853323e-08,20,0.116653442,/Users/chrisharing/Desktop/CCS_complex_coupled_systems/Repo/HardDisks/hspist3/experiments_energy_transfer/level2_fast1sigma_20260918/u10/tr_9221.csv,19.7666626,19.6500092,1,"./00ALLINONE_ramp --mode=edmd --experiment=energy_transfer --headless --quiet --edmd-acc=0 --seed-drift-order=drift-first --energy-transfer-summary=experiments_energy_transfer/level2_fast1sigma_20260918/u10/summary.csv --energy-transfer-trace=experiments_energy_transfer/level2_fast1sigma_20260918/u10/tr_9221.csv --particles=100 --particles-boxes=50,50 --particle-radius=0.5 --l0=39.25 --height=10 --num-walls=1 --wall-positions=39.25 --wall-mass-factors=1000000000 --piston-right-protocol-mode=step --velocity-right-piston-step=10 --max-right-piston-travel=0.75 --auto-piston-step --wall-hold-steps=12000 --steps=12500 --fixed-dt=0.4 --energy-measurement --eff-output=wall-ke --kbt1 --seed=9221",9221
2026-09-18 12:52:30,energy_transfer,edmd,12500,12000,0.0166666669,39.25,10,100,0.5,nan,0.100050721,0.100050721,1,39.25,1e+09,50;50,1,0.0416666667,1,1,0.00999999978,100,1000,nan,39.25,1,step,77.75,-10,step,0.75,10,nan,nan,10,nan,nan,225.027509,0.00134109322,5.95968563e-06,0.99999404,225.026168,0,1.24058461e-05,1.24058461e-05,5.51303531e-08,20,0.116653442,/Users/chrisharing/Desktop/CCS_complex_coupled_systems/Repo/HardDisks/hspist3/experiments_energy_transfer/level2_fast1sigma_20260918/u10/tr_9220.csv,18.9666595,18.8500061,1,"./00ALLINONE_ramp --mode=edmd --experiment=energy_transfer --headless --quiet --edmd-acc=0 --seed-drift-order=drift-first --energy-transfer-summary=experiments_energy_transfer/level2_fast1sigma_20260918/u10/summary.csv --energy-transfer-trace=experiments_energy_transfer/level2_fast1sigma_20260918/u10/tr_9220.csv --particles=100 --particles-boxes=50,50 --particle-radius=0.5 --l0=39.25 --height=10 --num-walls=1 --wall-positions=39.25 --wall-mass-factors=1000000000 --piston-right-protocol-mode=step --velocity-right-piston-step=10 --max-right-piston-travel=0.75 --auto-piston-step --wall-hold-steps=12000 --steps=12500 --fixed-dt=0.4 --energy-measurement --eff-output=wall-ke --kbt1 --seed=9220",9220
2026-09-18 12:52:30,energy_transfer,edmd,12500,12000,0.0166666669,39.25,10,100,0.5,nan,0.100050721,0.100050721,1,39.25,1e+09,50;50,1,0.0416666667,1,1,0.00999999978,100,1000,nan,39.25,1,step,77.75,-10,step,0.75,10,nan,nan,10,nan,nan,445.363664,0.00496790279,1.11547106e-05,0.999988845,445.358696,0,5.9488535e-05,5.9488535e-05,1.33572943e-07,20,0.116653442,/Users/chrisharing/Desktop/CCS_complex_coupled_systems/Repo/HardDisks/hspist3/experiments_energy_transfer/level2_fast1sigma_20260918/u10/tr_9217.csv,19.7499847,19.6333313,1,"./00ALLINONE_ramp --mode=edmd --experiment=energy_transfer --headless --quiet --edmd-acc=0 --seed-drift-order=drift-first --energy-transfer-summary=experiments_energy_transfer/level2_fast1sigma_20260918/u10/summary.csv --energy-transfer-trace=experiments_energy_transfer/level2_fast1sigma_20260918/u10/tr_9217.csv --particles=100 --particles-boxes=50,50 --particle-radius=0.5 --l0=39.25 --height=10 --num-walls=1 --wall-positions=39.25 --wall-mass-factors=1000000000 --piston-right-protocol-mode=step --velocity-right-piston-step=10 --max-right-piston-travel=0.75 --auto-piston-step --wall-hold-steps=12000 --steps=12500 --fixed-dt=0.4 --energy-measurement --eff-output=wall-ke --kbt1 --seed=9217",9217
2026-09-18 12:52:30,energy_transfer,edmd,12500,12000,0.0166666669,39.25,10,100,0.5,nan,0.100050721,0.100050721,1,39.25,1e+09,50;50,1,0.0416666667,1,1,0.00999999978,100,1000,nan,39.25,1,step,77.75,-10,step,0.75,10,nan,nan,10,nan,nan,352.717593,0.00305429171,8.65931206e-06,0.999991341,352.714539,0,3.37044185e-05,3.37044185e-05,9.55563859e-08,20,0.116653442,/Users/chrisharing/Desktop/CCS_complex_coupled_systems/Repo/HardDisks/hspist3/experiments_energy_transfer/level2_fast1sigma_20260918/u10/tr_9224.csv,19.6666565,19.5500031,1,"./00ALLINONE_ramp --mode=edmd --experiment=energy_transfer --headless --quiet --edmd-acc=0 --seed-drift-order=drift-first --energy-transfer-summary=experiments_energy_transfer/level2_fast1sigma_20260918/u10/summary.csv --energy-transfer-trace=experiments_energy_transfer/level2_fast1sigma_20260918/u10/tr_9224.csv --particles=100 --particles-boxes=50,50 --particle-radius=0.5 --l0=39.25 --height=10 --num-walls=1 --wall-positions=39.25 --wall-mass-factors=1000000000 --piston-right-protocol-mode=step --velocity-right-piston-step=10 --max-right-piston-travel=0.75 --auto-piston-step --wall-hold-steps=12000 --steps=12500 --fixed-dt=0.4 --energy-measurement --eff-output=wall-ke --kbt1 --seed=9224",9224
2026-09-18 12:52:30,energy_transfer,edmd,12500,12000,0.0166666669,39.25,10,100,0.5,nan,0.100050721,0.100050721,1,39.25,1e+09,50;50,1,0.0416666667,1,1,0.00999999978,100,1000,nan,39.25,1,step,77.75,-10,step,0.75,10,nan,nan,10,nan,nan,432.532449,0.00479396526,1.10834812e-05,0.999988917,432.527655,0,6.14005839e-05,6.14005839e-05,1.41956018e-07,20,0.116653442,/Users/chrisharing/Desktop/CCS_complex_coupled_systems/Repo/HardDisks/hspist3/experiments_energy_transfer/level2_fast1sigma_20260918/u10/tr_9223.csv,20.0499878,19.9333344,1,"./00ALLINONE_ramp --mode=edmd --experiment=energy_transfer --headless --quiet --edmd-acc=0 --seed-drift-order=drift-first --energy-transfer-summary=experiments_energy_transfer/level2_fast1sigma_20260918/u10/summary.csv --energy-transfer-trace=experiments_energy_transfer/level2_fast1sigma_20260918/u10/tr_9223.csv --particles=100 --particles-boxes=50,50 --particle-radius=0.5 --l0=39.25 --height=10 --num-walls=1 --wall-positions=39.25 --wall-mass-factors=1000000000 --piston-right-protocol-mode=step --velocity-right-piston-step=10 --max-right-piston-travel=0.75 --auto-piston-step --wall-hold-steps=12000 --steps=12500 --fixed-dt=0.4 --energy-measurement --eff-output=wall-ke --kbt1 --seed=9223",9223
2026-09-18 12:52:30,energy_transfer,edmd,12500,12000,0.0166666669,39.25,10,100,0.5,nan,0.100050721,0.100050721,1,39.25,1e+09,50;50,1,0.0416666667,1,1,0.00999999978,100,1000,nan,39.25,1,step,77.75,-10,step,0.75,10,nan,nan,10,nan,nan,2.90339065e-16,1.86169132e-07,641212824,-641212823,-1.86169131e-07,0,9.48477563e-08,9.48477563e-08,326679279,20,0.116653442,/Users/chrisharing/Desktop/CCS_complex_coupled_systems/Repo/HardDisks/hspist3/experiments_energy_transfer/level2_fast1sigma_20260918/u10/tr_9225.csv,18.0833282,17.9666748,0,"./00ALLINONE_ramp --mode=edmd --experiment=energy_transfer --headless --quiet --edmd-acc=0 --seed-drift-order=drift-first --energy-transfer-summary=experiments_energy_transfer/level2_fast1sigma_20260918/u10/summary.csv --energy-transfer-trace=experiments_energy_transfer/level2_fast1sigma_20260918/u10/tr_9225.csv --particles=100 --particles-boxes=50,50 --particle-radius=0.5 --l0=39.25 --height=10 --num-walls=1 --wall-positions=39.25 --wall-mass-factors=1000000000 --piston-right-protocol-mode=step --velocity-right-piston-step=10 --max-right-piston-travel=0.75 --auto-piston-step --wall-hold-steps=12000 --steps=12500 --fixed-dt=0.4 --energy-measurement --eff-output=wall-ke --kbt1 --seed=9225",9225
2026-09-18 12:52:30,energy_transfer,edmd,12500,12000,0.0166666669,39.25,10,100,0.5,nan,0.100050721,0.100050721,1,39.25,1e+09,50;50,1,0.0416666667,1,1,0.00999999978,100,1000,nan,39.25,1,step,77.75,-10,step,0.75,10,nan,nan,10,nan,nan,3.26484233e-16,2.88222878e-07,882807955,-882807954,-2.88222878e-07,0,5.10034575e-08,5.10034575e-08,156220277,20,0.116653442,/Users/chrisharing/Desktop/CCS_complex_coupled_systems/Repo/HardDisks/hspist3/experiments_energy_transfer/level2_fast1sigma_20260918/u10/tr_9226.csv,10.1499939,10.0333405,0,"./00ALLINONE_ramp --mode=edmd --experiment=energy_transfer --headless --quiet --edmd-acc=0 --seed-drift-order=drift-first --energy-transfer-summary=experiments_energy_transfer/level2_fast1sigma_20260918/u10/summary.csv --energy-transfer-trace=experiments_energy_transfer/level2_fast1sigma_20260918/u10/tr_9226.csv --particles=100 --particles-boxes=50,50 --particle-radius=0.5 --l0=39.25 --height=10 --num-walls=1 --wall-positions=39.25 --wall-mass-factors=1000000000 --piston-right-protocol-mode=step --velocity-right-piston-step=10 --max-right-piston-travel=0.75 --auto-piston-step --wall-hold-steps=12000 --steps=12500 --fixed-dt=0.4 --energy-measurement --eff-output=wall-ke --kbt1 --seed=9226",9226
2026-09-18 12:52:30,energy_transfer,edmd,12500,12000,0.0166666669,39.25,10,100,0.5,nan,0.100050721,0.100050721,1,39.25,1e+09,50;50,1,0.0416666667,1,1,0.00999999978,100,1000,nan,39.25,1,step,77.75,-10,step,0.75,10,nan,nan,10,nan,nan,1.51770813e-15,2.95177728e-07,194489126,-194489125,-2.95177726e-07,0,2.38170763e-08,2.38170763e-08,15692790.9,20,0.116653442,/Users/chrisharing/Desktop/CCS_complex_coupled_systems/Repo/HardDisks/hspist3/experiments_energy_transfer/level2_fast1sigma_20260918/u10/tr_9229.csv,14.9666595,14.8500061,0,"./00ALLINONE_ramp --mode=edmd --experiment=energy_transfer --headless --quiet --edmd-acc=0 --seed-drift-order=drift-first --energy-transfer-summary=experiments_energy_transfer/level2_fast1sigma_20260918/u10/summary.csv --energy-transfer-trace=experiments_energy_transfer/level2_fast1sigma_20260918/u10/tr_9229.csv --particles=100 --particles-boxes=50,50 --particle-radius=0.5 --l0=39.25 --height=10 --num-walls=1 --wall-positions=39.25 --wall-mass-factors=1000000000 --piston-right-protocol-mode=step --velocity-right-piston-step=10 --max-right-piston-travel=0.75 --auto-piston-step --wall-hold-steps=12000 --steps=12500 --fixed-dt=0.4 --energy-measurement --eff-output=wall-ke --kbt1 --seed=9229",9229
2026-09-18 12:52:30,energy_transfer,edmd,12500,12000,0.0166666669,39.25,10,100,0.5,nan,0.100050721,0.100050721,1,39.25,1e+09,50;50,1,0.0416666667,1,1,0.00999999978,100,1000,nan,39.25,1,step,77.75,-10,step,0.75,10,nan,nan,10,nan,nan,1.58999849e-16,1.09875134e-06,6.91039234e+09,-6.91039234e+09,-1.09875134e-06,6.96987534e-09,5.97034955e-08,5.27336201e-08,331658303,20,0.116653442,/Users/chrisharing/Desktop/CCS_complex_coupled_systems/Repo/HardDisks/hspist3/experiments_energy_transfer/level2_fast1sigma_20260918/u10/tr_9234.csv,6.86665344,6.75,0,"./00ALLINONE_ramp --mode=edmd --experiment=energy_transfer --headless --quiet --edmd-acc=0 --seed-drift-order=drift-first --energy-transfer-summary=experiments_energy_transfer/level2_fast1sigma_20260918/u10/summary.csv --energy-transfer-trace=experiments_energy_transfer/level2_fast1sigma_20260918/u10/tr_9234.csv --particles=100 --particles-boxes=50,50 --particle-radius=0.5 --l0=39.25 --height=10 --num-walls=1 --wall-positions=39.25 --wall-mass-factors=1000000000 --piston-right-protocol-mode=step --velocity-right-piston-step=10 --max-right-piston-travel=0.75 --auto-piston-step --wall-hold-steps=12000 --steps=12500 --fixed-dt=0.4 --energy-measurement --eff-output=wall-ke --kbt1 --seed=9234",9234
2026-09-18 12:52:30,energy_transfer,edmd,12500,12000,0.0166666669,39.25,10,100,0.5,nan,0.100050721,0.100050721,1,39.25,1e+09,50;50,1,0.0416666667,1,1,0.00999999978,100,1000,nan,39.25,1,step,77.75,-10,step,0.75,10,nan,nan,10,nan,nan,196.440354,0.000963723811,4.90593603e-06,0.999995094,196.43939,0,7.78781396e-06,7.78781396e-06,3.96446748e-08,20,0.116653442,/Users/chrisharing/Desktop/CCS_complex_coupled_systems/Repo/HardDisks/hspist3/experiments_energy_transfer/level2_fast1sigma_20260918/u10/tr_9231.csv,19.8333282,19.7166748,1,"./00ALLINONE_ramp --mode=edmd --experiment=energy_transfer --headless --quiet --edmd-acc=0 --seed-drift-order=drift-first --energy-transfer-summary=experiments_energy_transfer/level2_fast1sigma_20260918/u10/summary.csv --energy-transfer-trace=experiments_energy_transfer/level2_fast1sigma_20260918/u10/tr_9231.csv --particles=100 --particles-boxes=50,50 --particle-radius=0.5 --l0=39.25 --height=10 --num-walls=1 --wall-positions=39.25 --wall-mass-factors=1000000000 --piston-right-protocol-mode=step --velocity-right-piston-step=10 --max-right-piston-travel=0.75 --auto-piston-step --wall-hold-steps=12000 --steps=12500 --fixed-dt=0.4 --energy-measurement --eff-output=wall-ke --kbt1 --seed=9231",9231
2026-09-18 12:52:30,energy_transfer,edmd,12500,12000,0.0166666669,39.25,10,100,0.5,nan,0.100050721,0.100050721,1,39.25,1e+09,50;50,1,0.0416666667,1,1,0.00999999978,100,1000,nan,39.25,1,step,77.75,-10,step,0.75,10,nan,nan,10,nan,nan,217.425277,0.00120033766,5.5206905e-06,0.999994479,217.424077,0,1.45311124e-05,1.45311124e-05,6.68326726e-08,20,0.116653442,/Users/chrisharing/Desktop/CCS_complex_coupled_systems/Repo/HardDisks/hspist3/experiments_energy_transfer/level2_fast1sigma_20260918/u10/tr_9230.csv,19.4333191,19.3166656,1,"./00ALLINONE_ramp --mode=edmd --experiment=energy_transfer --headless --quiet --edmd-acc=0 --seed-drift-order=drift-first --energy-transfer-summary=experiments_energy_transfer/level2_fast1sigma_20260918/u10/summary.csv --energy-transfer-trace=experiments_energy_transfer/level2_fast1sigma_20260918/u10/tr_9230.csv --particles=100 --particles-boxes=50,50 --particle-radius=0.5 --l0=39.25 --height=10 --num-walls=1 --wall-positions=39.25 --wall-mass-factors=1000000000 --piston-right-protocol-mode=step --velocity-right-piston-step=10 --max-right-piston-travel=0.75 --auto-piston-step --wall-hold-steps=12000 --steps=12500 --fixed-dt=0.4 --energy-measurement --eff-output=wall-ke --kbt1 --seed=9230",9230
2026-09-18 12:52:30,energy_transfer,edmd,12500,12000,0.0166666669,39.25,10,100,0.5,nan,0.100050721,0.100050721,1,39.25,1e+09,50;50,1,0.0416666667,1,1,0.00999999978,100,1000,nan,39.25,1,step,77.75,-10,step,0.75,10,nan,nan,10,nan,nan,360.827575,0.00340440311,9.43498596e-06,0.999990565,360.824171,0,3.02530316e-05,3.02530316e-05,8.38434578e-08,20,0.116653442,/Users/chrisharing/Desktop/CCS_complex_coupled_systems/Repo/HardDisks/hspist3/experiments_energy_transfer/level2_fast1sigma_20260918/u10/tr_9227.csv,20.0333252,19.9166718,1,"./00ALLINONE_ramp --mode=edmd --experiment=energy_transfer --headless --quiet --edmd-acc=0 --seed-drift-order=drift-first --energy-transfer-summary=experiments_energy_transfer/level2_fast1sigma_20260918/u10/summary.csv --energy-transfer-trace=experiments_energy_transfer/level2_fast1sigma_20260918/u10/tr_9227.csv --particles=100 --particles-boxes=50,50 --particle-radius=0.5 --l0=39.25 --height=10 --num-walls=1 --wall-positions=39.25 --wall-mass-factors=1000000000 --piston-right-protocol-mode=step --velocity-right-piston-step=10 --max-right-piston-travel=0.75 --auto-piston-step --wall-hold-steps=12000 --steps=12500 --fixed-dt=0.4 --energy-measurement --eff-output=wall-ke --kbt1 --seed=9227",9227
2026-09-18 12:52:30,energy_transfer,edmd,12500,12000,0.0166666669,39.25,10,100,0.5,nan,0.100050721,0.100050721,1,39.25,1e+09,50;50,1,0.0416666667,1,1,0.00999999978,100,1000,nan,39.25,1,step,77.75,-10,step,0.75,10,nan,nan,10,nan,nan,188.461273,0.000893300574,4.73996889e-06,0.99999526,188.46038,0,8.79884647e-06,8.79884647e-06,4.66878224e-08,20,0.116653442,/Users/chrisharing/Desktop/CCS_complex_coupled_systems/Repo/HardDisks/hspist3/experiments_energy_transfer/level2_fast1sigma_20260918/u10/tr_9232.csv,18.6999969,18.5833435,1,"./00ALLINONE_ramp --mode=edmd --experiment=energy_transfer --headless --quiet --edmd-acc=0 --seed-drift-order=drift-first --energy-transfer-summary=experiments_energy_transfer/level2_fast1sigma_20260918/u10/summary.csv --energy-transfer-trace=experiments_energy_transfer/level2_fast1sigma_20260918/u10/tr_9232.csv --particles=100 --particles-boxes=50,50 --particle-radius=0.5 --l0=39.25 --height=10 --num-walls=1 --wall-positions=39.25 --wall-mass-factors=1000000000 --piston-right-protocol-mode=step --velocity-right-piston-step=10 --max-right-piston-travel=0.75 --auto-piston-step --wall-hold-steps=12000 --steps=12500 --fixed-dt=0.4 --energy-measurement --eff-output=wall-ke --kbt1 --seed=9232",9232
2026-09-18 12:52:30,energy_transfer,edmd,12500,12000,0.0166666669,39.25,10,100,0.5,nan,0.100050721,0.100050721,1,39.25,1e+09,50;50,1,0.0416666667,1,1,0.00999999978,100,1000,nan,39.25,1,step,77.75,-10,step,0.75,10,nan,nan,10,nan,nan,390.417001,0.00396970985,1.01678714e-05,0.999989832,390.413031,0,4.27163905e-05,4.27163905e-05,1.09412219e-07,20,0.116653442,/Users/chrisharing/Desktop/CCS_complex_coupled_systems/Repo/HardDisks/hspist3/experiments_energy_transfer/level2_fast1sigma_20260918/u10/tr_9228.csv,19.9333191,19.8166656,1,"./00ALLINONE_ramp --mode=edmd --experiment=energy_transfer --headless --quiet --edmd-acc=0 --seed-drift-order=drift-first --energy-transfer-summary=experiments_energy_transfer/level2_fast1sigma_20260918/u10/summary.csv --energy-transfer-trace=experiments_energy_transfer/level2_fast1sigma_20260918/u10/tr_9228.csv --particles=100 --particles-boxes=50,50 --particle-radius=0.5 --l0=39.25 --height=10 --num-walls=1 --wall-positions=39.25 --wall-mass-factors=1000000000 --piston-right-protocol-mode=step --velocity-right-piston-step=10 --max-right-piston-travel=0.75 --auto-piston-step --wall-hold-steps=12000 --steps=12500 --fixed-dt=0.4 --energy-measurement --eff-output=wall-ke --kbt1 --seed=9228",9228
2026-09-18 12:52:30,energy_transfer,edmd,12500,12000,0.0166666669,39.25,10,100,0.5,nan,0.100050721,0.100050721,1,39.25,1e+09,50;50,1,0.0416666667,1,1,0.00999999978,100,1000,nan,39.25,1,step,77.75,-10,step,0.75,10,nan,nan,10,nan,nan,245.625646,0.00152642047,6.21441815e-06,0.999993786,245.624119,0,1.04262799e-05,1.04262799e-05,4.24478473e-08,20,0.116653442,/Users/chrisharing/Desktop/CCS_complex_coupled_systems/Repo/HardDisks/hspist3/experiments_energy_transfer/level2_fast1sigma_20260918/u10/tr_9233.csv,19.1499939,19.0333405,1,"./00ALLINONE_ramp --mode=edmd --experiment=energy_transfer --headless --quiet --edmd-acc=0 --seed-drift-order=drift-first --energy-transfer-summary=experiments_energy_transfer/level2_fast1sigma_20260918/u10/summary.csv --energy-transfer-trace=experiments_energy_transfer/level2_fast1sigma_20260918/u10/tr_9233.csv --particles=100 --particles-boxes=50,50 --particle-radius=0.5 --l0=39.25 --height=10 --num-walls=1 --wall-positions=39.25 --wall-mass-factors=1000000000 --piston-right-protocol-mode=step --velocity-right-piston-step=10 --max-right-piston-travel=0.75 --auto-piston-step --wall-hold-steps=12000 --steps=12500 --fixed-dt=0.4 --energy-measurement --eff-output=wall-ke --kbt1 --seed=9233",9233
2026-09-18 12:52:31,energy_transfer,edmd,12500,12000,0.0166666669,39.25,10,100,0.5,nan,0.100050721,0.100050721,1,39.25,1e+09,50;50,1,0.0416666667,1,1,0.00999999978,100,1000,nan,39.25,1,step,77.75,-10,step,0.75,10,nan,nan,10,nan,nan,6.40363114e-16,3.92851405e-07,613482252,-613482251,-3.92851404e-07,0,2.52813663e-08,2.52813663e-08,39479735.5,20,0.116653442,/Users/chrisharing/Desktop/CCS_complex_coupled_systems/Repo/HardDisks/hspist3/experiments_energy_transfer/level2_fast1sigma_20260918/u10/tr_9237.csv,18.0666656,17.9500122,0,"./00ALLINONE_ramp --mode=edmd --experiment=energy_transfer --headless --quiet --edmd-acc=0 --seed-drift-order=drift-first --energy-transfer-summary=experiments_energy_transfer/level2_fast1sigma_20260918/u10/summary.csv --energy-transfer-trace=experiments_energy_transfer/level2_fast1sigma_20260918/u10/tr_9237.csv --particles=100 --particles-boxes=50,50 --particle-radius=0.5 --l0=39.25 --height=10 --num-walls=1 --wall-positions=39.25 --wall-mass-factors=1000000000 --piston-right-protocol-mode=step --velocity-right-piston-step=10 --max-right-piston-travel=0.75 --auto-piston-step --wall-hold-steps=12000 --steps=12500 --fixed-dt=0.4 --energy-measurement --eff-output=wall-ke --kbt1 --seed=9237",9237
2026-09-18 12:52:31,energy_transfer,edmd,12500,12000,0.0166666669,39.25,10,100,0.5,nan,0.100050721,0.100050721,1,39.25,1e+09,50;50,1,0.0416666667,1,1,0.00999999978,100,1000,nan,39.25,1,step,77.75,-10,step,0.75,10,nan,nan,10,nan,nan,2.82534068e-16,3.65753749e-07,1.29454742e+09,-1.29454742e+09,-3.65753749e-07,0,1.5941562e-07,1.5941562e-07,564235037,20,0.116653442,/Users/chrisharing/Desktop/CCS_complex_coupled_systems/Repo/HardDisks/hspist3/experiments_energy_transfer/level2_fast1sigma_20260918/u10/tr_9239.csv,14.6499939,14.5333405,0,"./00ALLINONE_ramp --mode=edmd --experiment=energy_transfer --headless --quiet --edmd-acc=0 --seed-drift-order=drift-first --energy-transfer-summary=experiments_energy_transfer/level2_fast1sigma_20260918/u10/summary.csv --energy-transfer-trace=experiments_energy_transfer/level2_fast1sigma_20260918/u10/tr_9239.csv --particles=100 --particles-boxes=50,50 --particle-radius=0.5 --l0=39.25 --height=10 --num-walls=1 --wall-positions=39.25 --wall-mass-factors=1000000000 --piston-right-protocol-mode=step --velocity-right-piston-step=10 --max-right-piston-travel=0.75 --auto-piston-step --wall-hold-steps=12000 --steps=12500 --fixed-dt=0.4 --energy-measurement --eff-output=wall-ke --kbt1 --seed=9239",9239
2026-09-18 12:52:31,energy_transfer,edmd,12500,12000,0.0166666669,39.25,10,100,0.5,nan,0.100050721,0.100050721,1,39.25,1e+09,50;50,1,0.0416666667,1,1,0.00999999978,100,1000,nan,39.25,1,step,77.75,-10,step,0.75,10,nan,nan,10,nan,nan,231.385273,0.00131913053,5.70101336e-06,0.999994299,231.383954,0,1.50386295e-05,1.50386295e-05,6.49938922e-08,20,0.116653442,/Users/chrisharing/Desktop/CCS_complex_coupled_systems/Repo/HardDisks/hspist3/experiments_energy_transfer/level2_fast1sigma_20260918/u10/tr_9235.csv,20.0833282,19.9666748,1,"./00ALLINONE_ramp --mode=edmd --experiment=energy_transfer --headless --quiet --edmd-acc=0 --seed-drift-order=drift-first --energy-transfer-summary=experiments_energy_transfer/level2_fast1sigma_20260918/u10/summary.csv --energy-transfer-trace=experiments_energy_transfer/level2_fast1sigma_20260918/u10/tr_9235.csv --particles=100 --particles-boxes=50,50 --particle-radius=0.5 --l0=39.25 --height=10 --num-walls=1 --wall-positions=39.25 --wall-mass-factors=1000000000 --piston-right-protocol-mode=step --velocity-right-piston-step=10 --max-right-piston-travel=0.75 --auto-piston-step --wall-hold-steps=12000 --steps=12500 --fixed-dt=0.4 --energy-measurement --eff-output=wall-ke --kbt1 --seed=9235",9235
2026-09-18 12:52:31,energy_transfer,edmd,12500,12000,0.0166666669,39.25,10,100,0.5,nan,0.100050721,0.100050721,1,39.25,1e+09,50;50,1,0.0416666667,1,1,0.00999999978,100,1000,nan,39.25,1,step,77.75,-10,step,0.75,10,nan,nan,10,nan,nan,193.299951,0.000947243127,4.90037955e-06,0.9999951,193.299004,0,8.57181658e-06,8.57181658e-06,4.43446392e-08,20,0.116653442,/Users/chrisharing/Desktop/CCS_complex_coupled_systems/Repo/HardDisks/hspist3/experiments_energy_transfer/level2_fast1sigma_20260918/u10/tr_9238.csv,18.6999969,18.5833435,1,"./00ALLINONE_ramp --mode=edmd --experiment=energy_transfer --headless --quiet --edmd-acc=0 --seed-drift-order=drift-first --energy-transfer-summary=experiments_energy_transfer/level2_fast1sigma_20260918/u10/summary.csv --energy-transfer-trace=experiments_energy_transfer/level2_fast1sigma_20260918/u10/tr_9238.csv --particles=100 --particles-boxes=50,50 --particle-radius=0.5 --l0=39.25 --height=10 --num-walls=1 --wall-positions=39.25 --wall-mass-factors=1000000000 --piston-right-protocol-mode=step --velocity-right-piston-step=10 --max-right-piston-travel=0.75 --auto-piston-step --wall-hold-steps=12000 --steps=12500 --fixed-dt=0.4 --energy-measurement --eff-output=wall-ke --kbt1 --seed=9238",9238
2026-09-18 12:52:31,energy_transfer,edmd,12500,12000,0.0166666669,39.25,10,100,0.5,nan,0.100050721,0.100050721,1,39.25,1e+09,50;50,1,0.0416666667,1,1,0.00999999978,100,1000,nan,39.25,1,step,77.75,-10,step,0.75,10,nan,nan,10,nan,nan,404.470989,0.00392451696,9.70283918e-06,0.999990297,404.467065,6.28725561e-09,2.51642814e-05,2.51579941e-05,6.21997494e-08,20,0.116653442,/Users/chrisharing/Desktop/CCS_complex_coupled_systems/Repo/HardDisks/hspist3/experiments_energy_transfer/level2_fast1sigma_20260918/u10/tr_9236.csv,19.9333191,19.8166656,1,"./00ALLINONE_ramp --mode=edmd --experiment=energy_transfer --headless --quiet --edmd-acc=0 --seed-drift-order=drift-first --energy-transfer-summary=experiments_energy_transfer/level2_fast1sigma_20260918/u10/summary.csv --energy-transfer-trace=experiments_energy_transfer/level2_fast1sigma_20260918/u10/tr_9236.csv --particles=100 --particles-boxes=50,50 --particle-radius=0.5 --l0=39.25 --height=10 --num-walls=1 --wall-positions=39.25 --wall-mass-factors=1000000000 --piston-right-protocol-mode=step --velocity-right-piston-step=10 --max-right-piston-travel=0.75 --auto-piston-step --wall-hold-steps=12000 --steps=12500 --fixed-dt=0.4 --energy-measurement --eff-output=wall-ke --kbt1 --seed=9236",9236
2026-09-18 12:52:31,energy_transfer,edmd,12500,12000,0.0166666669,39.25,10,100,0.5,nan,0.100050721,0.100050721,1,39.25,1e+09,50;50,1,0.0416666667,1,1,0.00999999978,100,1000,nan,39.25,1,step,77.75,-10,step,0.75,10,nan,nan,10,nan,nan,181.526385,0.000838675012,4.62012734e-06,0.99999538,181.525546,0,8.38073811e-06,8.38073811e-06,4.61681542e-08,20,0.116653442,/Users/chrisharing/Desktop/CCS_complex_coupled_systems/Repo/HardDisks/hspist3/experiments_energy_transfer/level2_fast1sigma_20260918/u10/tr_9242.csv,16.9166565,16.8000031,0,"./00ALLINONE_ramp --mode=edmd --experiment=energy_transfer --headless --quiet --edmd-acc=0 --seed-drift-order=drift-first --energy-transfer-summary=experiments_energy_transfer/level2_fast1sigma_20260918/u10/summary.csv --energy-transfer-trace=experiments_energy_transfer/level2_fast1sigma_20260918/u10/tr_9242.csv --particles=100 --particles-boxes=50,50 --particle-radius=0.5 --l0=39.25 --height=10 --num-walls=1 --wall-positions=39.25 --wall-mass-factors=1000000000 --piston-right-protocol-mode=step --velocity-right-piston-step=10 --max-right-piston-travel=0.75 --auto-piston-step --wall-hold-steps=12000 --steps=12500 --fixed-dt=0.4 --energy-measurement --eff-output=wall-ke --kbt1 --seed=9242",9242
2026-09-18 12:52:31,energy_transfer,edmd,12500,12000,0.0166666669,39.25,10,100,0.5,nan,0.100050721,0.100050721,1,39.25,1e+09,50;50,1,0.0416666667,1,1,0.00999999978,100,1000,nan,39.25,1,step,77.75,-10,step,0.75,10,nan,nan,10,nan,nan,229.741315,0.00130459224,5.67852691e-06,0.999994321,229.74001,0,1.46503517e-05,1.46503517e-05,6.37689032e-08,20,0.116653442,/Users/chrisharing/Desktop/CCS_complex_coupled_systems/Repo/HardDisks/hspist3/experiments_energy_transfer/level2_fast1sigma_20260918/u10/tr_9241.csv,19.7166595,19.6000061,1,"./00ALLINONE_ramp --mode=edmd --experiment=energy_transfer --headless --quiet --edmd-acc=0 --seed-drift-order=drift-first --energy-transfer-summary=experiments_energy_transfer/level2_fast1sigma_20260918/u10/summary.csv --energy-transfer-trace=experiments_energy_transfer/level2_fast1sigma_20260918/u10/tr_9241.csv --particles=100 --particles-boxes=50,50 --particle-radius=0.5 --l0=39.25 --height=10 --num-walls=1 --wall-positions=39.25 --wall-mass-factors=1000000000 --piston-right-protocol-mode=step --velocity-right-piston-step=10 --max-right-piston-travel=0.75 --auto-piston-step --wall-hold-steps=12000 --steps=12500 --fixed-dt=0.4 --energy-measurement --eff-output=wall-ke --kbt1 --seed=9241",9241
2026-09-18 12:52:31,energy_transfer,edmd,12500,12000,0.0166666669,39.25,10,100,0.5,nan,0.100050721,0.100050721,1,39.25,1e+09,50;50,1,0.0416666667,1,1,0.00999999978,100,1000,nan,39.25,1,step,77.75,-10,step,0.75,10,nan,nan,10,nan,nan,213.095202,0.00114911015,5.3924731e-06,0.999994608,213.094053,0,1.04642531e-05,1.04642531e-05,4.91060006e-08,20,0.116653442,/Users/chrisharing/Desktop/CCS_complex_coupled_systems/Repo/HardDisks/hspist3/experiments_energy_transfer/level2_fast1sigma_20260918/u10/tr_9244.csv,18.3166656,18.2000122,1,"./00ALLINONE_ramp --mode=edmd --experiment=energy_transfer --headless --quiet --edmd-acc=0 --seed-drift-order=drift-first --energy-transfer-summary=experiments_energy_transfer/level2_fast1sigma_20260918/u10/summary.csv --energy-transfer-trace=experiments_energy_transfer/level2_fast1sigma_20260918/u10/tr_9244.csv --particles=100 --particles-boxes=50,50 --particle-radius=0.5 --l0=39.25 --height=10 --num-walls=1 --wall-positions=39.25 --wall-mass-factors=1000000000 --piston-right-protocol-mode=step --velocity-right-piston-step=10 --max-right-piston-travel=0.75 --auto-piston-step --wall-hold-steps=12000 --steps=12500 --fixed-dt=0.4 --energy-measurement --eff-output=wall-ke --kbt1 --seed=9244",9244
2026-09-18 12:52:31,energy_transfer,edmd,12500,12000,0.0166666669,39.25,10,100,0.5,nan,0.100050721,0.100050721,1,39.25,1e+09,50;50,1,0.0416666667,1,1,0.00999999978,100,1000,nan,39.25,1,step,77.75,-10,step,0.75,10,nan,nan,10,nan,nan,433.321142,0.00478376215,1.10397617e-05,0.99998896,433.316359,1.3318866e-08,4.56824746e-05,4.56691557e-05,1.05393324e-07,20,0.116653442,/Users/chrisharing/Desktop/CCS_complex_coupled_systems/Repo/HardDisks/hspist3/experiments_energy_transfer/level2_fast1sigma_20260918/u10/tr_9240.csv,19.6833191,19.5666656,1,"./00ALLINONE_ramp --mode=edmd --experiment=energy_transfer --headless --quiet --edmd-acc=0 --seed-drift-order=drift-first --energy-transfer-summary=experiments_energy_transfer/level2_fast1sigma_20260918/u10/summary.csv --energy-transfer-trace=experiments_energy_transfer/level2_fast1sigma_20260918/u10/tr_9240.csv --particles=100 --particles-boxes=50,50 --particle-radius=0.5 --l0=39.25 --height=10 --num-walls=1 --wall-positions=39.25 --wall-mass-factors=1000000000 --piston-right-protocol-mode=step --velocity-right-piston-step=10 --max-right-piston-travel=0.75 --auto-piston-step --wall-hold-steps=12000 --steps=12500 --fixed-dt=0.4 --energy-measurement --eff-output=wall-ke --kbt1 --seed=9240",9240
2026-09-18 12:52:31,energy_transfer,edmd,12500,12000,0.0166666669,39.25,10,100,0.5,nan,0.100050721,0.100050721,1,39.25,1e+09,50;50,1,0.0416666667,1,1,0.00999999978,100,1000,nan,39.25,1,step,77.75,-10,step,0.75,10,nan,nan,10,nan,nan,424.380679,0.00441648811,1.04069019e-05,0.999989593,424.376263,0,4.11724723e-05,4.11724723e-05,9.70177821e-08,20,0.116653442,/Users/chrisharing/Desktop/CCS_complex_coupled_systems/Repo/HardDisks/hspist3/experiments_energy_transfer/level2_fast1sigma_20260918/u10/tr_9243.csv,20.0833282,19.9666748,1,"./00ALLINONE_ramp --mode=edmd --experiment=energy_transfer --headless --quiet --edmd-acc=0 --seed-drift-order=drift-first --energy-transfer-summary=experiments_energy_transfer/level2_fast1sigma_20260918/u10/summary.csv --energy-transfer-trace=experiments_energy_transfer/level2_fast1sigma_20260918/u10/tr_9243.csv --particles=100 --particles-boxes=50,50 --particle-radius=0.5 --l0=39.25 --height=10 --num-walls=1 --wall-positions=39.25 --wall-mass-factors=1000000000 --piston-right-protocol-mode=step --velocity-right-piston-step=10 --max-right-piston-travel=0.75 --auto-piston-step --wall-hold-steps=12000 --steps=12500 --fixed-dt=0.4 --energy-measurement --eff-output=wall-ke --kbt1 --seed=9243",9243
2026-09-18 12:52:31,energy_transfer,edmd,12500,12000,0.0166666669,39.25,10,100,0.5,nan,0.100050721,0.100050721,1,39.25,1e+09,50;50,1,0.0416666667,1,1,0.00999999978,100,1000,nan,39.25,1,step,77.75,-10,step,0.75,10,nan,nan,10,nan,nan,3.88501181e-16,1.3036356e-07,335555119,-335555118,-1.3036356e-07,0,9.26388637e-08,9.26388637e-08,238451949,20,0.116653442,/Users/chrisharing/Desktop/CCS_complex_coupled_systems/Repo/HardDisks/hspist3/experiments_energy_transfer/level2_fast1sigma_20260918/u10/tr_9246.csv,15.2666626,15.1500092,0,"./00ALLINONE_ramp --mode=edmd --experiment=energy_transfer --headless --quiet --edmd-acc=0 --seed-drift-order=drift-first --energy-transfer-summary=experiments_energy_transfer/level2_fast1sigma_20260918/u10/summary.csv --energy-transfer-trace=experiments_energy_transfer/level2_fast1sigma_20260918/u10/tr_9246.csv --particles=100 --particles-boxes=50,50 --particle-radius=0.5 --l0=39.25 --height=10 --num-walls=1 --wall-positions=39.25 --wall-mass-factors=1000000000 --piston-right-protocol-mode=step --velocity-right-piston-step=10 --max-right-piston-travel=0.75 --auto-piston-step --wall-hold-steps=12000 --steps=12500 --fixed-dt=0.4 --energy-measurement --eff-output=wall-ke --kbt1 --seed=9246",9246
2026-09-18 12:52:31,energy_transfer,edmd,12500,12000,0.0166666669,39.25,10,100,0.5,nan,0.100050721,0.100050721,1,39.25,1e+09,50;50,1,0.0416666667,1,1,0.00999999978,100,1000,nan,39.25,1,step,77.75,-10,step,0.75,10,nan,nan,10,nan,nan,9.96015798e-16,1.17818288e-07,118289578,-118289577,-1.17818287e-07,0,6.89065871e-08,6.89065871e-08,69182223,20,0.116653442,/Users/chrisharing/Desktop/CCS_complex_coupled_systems/Repo/HardDisks/hspist3/experiments_energy_transfer/level2_fast1sigma_20260918/u10/tr_9245.csv,4.18331909,4.06666565,0,"./00ALLINONE_ramp --mode=edmd --experiment=energy_transfer --headless --quiet --edmd-acc=0 --seed-drift-order=drift-first --energy-transfer-summary=experiments_energy_transfer/level2_fast1sigma_20260918/u10/summary.csv --energy-transfer-trace=experiments_energy_transfer/level2_fast1sigma_20260918/u10/tr_9245.csv --particles=100 --particles-boxes=50,50 --particle-radius=0.5 --l0=39.25 --height=10 --num-walls=1 --wall-positions=39.25 --wall-mass-factors=1000000000 --piston-right-protocol-mode=step --velocity-right-piston-step=10 --max-right-piston-travel=0.75 --auto-piston-step --wall-hold-steps=12000 --steps=12500 --fixed-dt=0.4 --energy-measurement --eff-output=wall-ke --kbt1 --seed=9245",9245
2026-09-18 12:52:31,energy_transfer,edmd,12500,12000,0.0166666669,39.25,10,100,0.5,nan,0.100050721,0.100050721,1,39.25,1e+09,50;50,1,0.0416666667,1,1,0.00999999978,100,1000,nan,39.25,1,step,77.75,-10,step,0.75,10,nan,nan,10,nan,nan,155.068833,0.000570758595,3.68067898e-06,0.999996319,155.068263,0,5.14880367e-06,5.14880367e-06,3.3203343e-08,20,0.116653442,/Users/chrisharing/Desktop/CCS_complex_coupled_systems/Repo/HardDisks/hspist3/experiments_energy_transfer/level2_fast1sigma_20260918/u10/tr_9249.csv,18.3833313,18.2666779,1,"./00ALLINONE_ramp --mode=edmd --experiment=energy_transfer --headless --quiet --edmd-acc=0 --seed-drift-order=drift-first --energy-transfer-summary=experiments_energy_transfer/level2_fast1sigma_20260918/u10/summary.csv --energy-transfer-trace=experiments_energy_transfer/level2_fast1sigma_20260918/u10/tr_9249.csv --particles=100 --particles-boxes=50,50 --particle-radius=0.5 --l0=39.25 --height=10 --num-walls=1 --wall-positions=39.25 --wall-mass-factors=1000000000 --piston-right-protocol-mode=step --velocity-right-piston-step=10 --max-right-piston-travel=0.75 --auto-piston-step --wall-hold-steps=12000 --steps=12500 --fixed-dt=0.4 --energy-measurement --eff-output=wall-ke --kbt1 --seed=9249",9249
2026-09-18 12:52:31,energy_transfer,edmd,12500,12000,0.0166666669,39.25,10,100,0.5,nan,0.100050721,0.100050721,1,39.25,1e+09,50;50,1,0.0416666667,1,1,0.00999999978,100,1000,nan,39.25,1,step,77.75,-10,step,0.75,10,nan,nan,10,nan,nan,206.736051,0.00105980539,5.12636954e-06,0.999994874,206.734991,0,9.20402726e-06,9.20402726e-06,4.45206689e-08,20,0.116653442,/Users/chrisharing/Desktop/CCS_complex_coupled_systems/Repo/HardDisks/hspist3/experiments_energy_transfer/level2_fast1sigma_20260918/u10/tr_9248.csv,15.1999969,15.0833435,0,"./00ALLINONE_ramp --mode=edmd --experiment=energy_transfer --headless --quiet --edmd-acc=0 --seed-drift-order=drift-first --energy-transfer-summary=experiments_energy_transfer/level2_fast1sigma_20260918/u10/summary.csv --energy-transfer-trace=experiments_energy_transfer/level2_fast1sigma_20260918/u10/tr_9248.csv --particles=100 --particles-boxes=50,50 --particle-radius=0.5 --l0=39.25 --height=10 --num-walls=1 --wall-positions=39.25 --wall-mass-factors=1000000000 --piston-right-protocol-mode=step --velocity-right-piston-step=10 --max-right-piston-travel=0.75 --auto-piston-step --wall-hold-steps=12000 --steps=12500 --fixed-dt=0.4 --energy-measurement --eff-output=wall-ke --kbt1 --seed=9248",9248
2026-09-18 12:52:31,energy_transfer,edmd,12500,12000,0.0166666669,39.25,10,100,0.5,nan,0.100050721,0.100050721,1,39.25,1e+09,50;50,1,0.0416666667,1,1,0.00999999978,100,1000,nan,39.25,1,step,77.75,-10,step,0.75,10,nan,nan,10,nan,nan,200.18651,0.00102285203,5.10949527e-06,0.999994891,200.185487,0,7.96273343e-06,7.96273343e-06,3.97765735e-08,20,0.116653442,/Users/chrisharing/Desktop/CCS_complex_coupled_systems/Repo/HardDisks/hspist3/experiments_energy_transfer/level2_fast1sigma_20260918/u10/tr_9250.csv,17.3333282,17.2166748,0,"./00ALLINONE_ramp --mode=edmd --experiment=energy_transfer --headless --quiet --edmd-acc=0 --seed-drift-order=drift-first --energy-transfer-summary=experiments_energy_transfer/level2_fast1sigma_20260918/u10/summary.csv --energy-transfer-trace=experiments_energy_transfer/level2_fast1sigma_20260918/u10/tr_9250.csv --particles=100 --particles-boxes=50,50 --particle-radius=0.5 --l0=39.25 --height=10 --num-walls=1 --wall-positions=39.25 --wall-mass-factors=1000000000 --piston-right-protocol-mode=step --velocity-right-piston-step=10 --max-right-piston-travel=0.75 --auto-piston-step --wall-hold-steps=12000 --steps=12500 --fixed-dt=0.4 --energy-measurement --eff-output=wall-ke --kbt1 --seed=9250",9250
2026-09-18 12:52:31,energy_transfer,edmd,12500,12000,0.0166666669,39.25,10,100,0.5,nan,0.100050721,0.100050721,1,39.25,1e+09,50;50,1,0.0416666667,1,1,0.00999999978,100,1000,nan,39.25,1,step,77.75,-10,step,0.75,10,nan,nan,10,nan,nan,193.099924,0.000881422835,4.56459441e-06,0.999995435,193.099043,0,7.56727559e-06,7.56727559e-06,3.91883923e-08,20,0.116653442,/Users/chrisharing/Desktop/CCS_complex_coupled_systems/Repo/HardDisks/hspist3/experiments_energy_transfer/level2_fast1sigma_20260918/u10/tr_9251.csv,20.0499878,19.9333344,1,"./00ALLINONE_ramp --mode=edmd --experiment=energy_transfer --headless --quiet --edmd-acc=0 --seed-drift-order=drift-first --energy-transfer-summary=experiments_energy_transfer/level2_fast1sigma_20260918/u10/summary.csv --energy-transfer-trace=experiments_energy_transfer/level2_fast1sigma_20260918/u10/tr_9251.csv --particles=100 --particles-boxes=50,50 --particle-radius=0.5 --l0=39.25 --height=10 --num-walls=1 --wall-positions=39.25 --wall-mass-factors=1000000000 --piston-right-protocol-mode=step --velocity-right-piston-step=10 --max-right-piston-travel=0.75 --auto-piston-step --wall-hold-steps=12000 --steps=12500 --fixed-dt=0.4 --energy-measurement --eff-output=wall-ke --kbt1 --seed=9251",9251
2026-09-18 12:52:31,energy_transfer,edmd,12500,12000,0.0166666669,39.25,10,100,0.5,nan,0.100050721,0.100050721,1,39.25,1e+09,50;50,1,0.0416666667,1,1,0.00999999978,100,1000,nan,39.25,1,step,77.75,-10,step,0.75,10,nan,nan,10,nan,nan,424.993078,0.0044926405,1.0571091e-05,0.999989429,424.988585,3.26444249e-09,5.05381577e-05,5.05348932e-05,1.18907568e-07,20,0.116653442,/Users/chrisharing/Desktop/CCS_complex_coupled_systems/Repo/HardDisks/hspist3/experiments_energy_transfer/level2_fast1sigma_20260918/u10/tr_9247.csv,20.1166534,20,1,"./00ALLINONE_ramp --mode=edmd --experiment=energy_transfer --headless --quiet --edmd-acc=0 --seed-drift-order=drift-first --energy-transfer-summary=experiments_energy_transfer/level2_fast1sigma_20260918/u10/summary.csv --energy-transfer-trace=experiments_energy_transfer/level2_fast1sigma_20260918/u10/tr_9247.csv --particles=100 --particles-boxes=50,50 --particle-radius=0.5 --l0=39.25 --height=10 --num-walls=1 --wall-positions=39.25 --wall-mass-factors=1000000000 --piston-right-protocol-mode=step --velocity-right-piston-step=10 --max-right-piston-travel=0.75 --auto-piston-step --wall-hold-steps=12000 --steps=12500 --fixed-dt=0.4 --energy-measurement --eff-output=wall-ke --kbt1 --seed=9247",9247
2026-09-18 12:52:31,energy_transfer,edmd,12500,12000,0.0166666669,39.25,10,100,0.5,nan,0.100050721,0.100050721,1,39.25,1e+09,50;50,1,0.0416666667,1,1,0.00999999978,100,1000,nan,39.25,1,step,77.75,-10,step,0.75,10,nan,nan,10,nan,nan,219.805886,0.00117968814,5.36695429e-06,0.999994633,219.804707,0,1.19912147e-05,1.19912147e-05,5.4553656e-08,20,0.116653442,/Users/chrisharing/Desktop/CCS_complex_coupled_systems/Repo/HardDisks/hspist3/experiments_energy_transfer/level2_fast1sigma_20260918/u10/tr_9252.csv,19.7166595,19.6000061,1,"./00ALLINONE_ramp --mode=edmd --experiment=energy_transfer --headless --quiet --edmd-acc=0 --seed-drift-order=drift-first --energy-transfer-summary=experiments_energy_transfer/level2_fast1sigma_20260918/u10/summary.csv --energy-transfer-trace=experiments_energy_transfer/level2_fast1sigma_20260918/u10/tr_9252.csv --particles=100 --particles-boxes=50,50 --particle-radius=0.5 --l0=39.25 --height=10 --num-walls=1 --wall-positions=39.25 --wall-mass-factors=1000000000 --piston-right-protocol-mode=step --velocity-right-piston-step=10 --max-right-piston-travel=0.75 --auto-piston-step --wall-hold-steps=12000 --steps=12500 --fixed-dt=0.4 --energy-measurement --eff-output=wall-ke --kbt1 --seed=9252",9252
2026-09-18 12:52:31,energy_transfer,edmd,12500,12000,0.0166666669,39.25,10,100,0.5,nan,0.100050721,0.100050721,1,39.25,1e+09,50;50,1,0.0416666667,1,1,0.00999999978,100,1000,nan,39.25,1,step,77.75,-10,step,0.75,10,nan,nan,10,nan,nan,193.718113,0.000902998378,4.66140396e-06,0.999995339,193.71721,0,9.46517684e-06,9.46517684e-06,4.88605671e-08,20,0.116653442,/Users/chrisharing/Desktop/CCS_complex_coupled_systems/Repo/HardDisks/hspist3/experiments_energy_transfer/level2_fast1sigma_20260918/u10/tr_9254.csv,19.7833252,19.6666718,1,"./00ALLINONE_ramp --mode=edmd --experiment=energy_transfer --headless --quiet --edmd-acc=0 --seed-drift-order=drift-first --energy-transfer-summary=experiments_energy_transfer/level2_fast1sigma_20260918/u10/summary.csv --energy-transfer-trace=experiments_energy_transfer/level2_fast1sigma_20260918/u10/tr_9254.csv --particles=100 --particles-boxes=50,50 --particle-radius=0.5 --l0=39.25 --height=10 --num-walls=1 --wall-positions=39.25 --wall-mass-factors=1000000000 --piston-right-protocol-mode=step --velocity-right-piston-step=10 --max-right-piston-travel=0.75 --auto-piston-step --wall-hold-steps=12000 --steps=12500 --fixed-dt=0.4 --energy-measurement --eff-output=wall-ke --kbt1 --seed=9254",9254
2026-09-18 12:52:31,energy_transfer,edmd,12500,12000,0.0166666669,39.25,10,100,0.5,nan,0.100050721,0.100050721,1,39.25,1e+09,50;50,1,0.0416666667,1,1,0.00999999978,100,1000,nan,39.25,1,step,77.75,-10,step,0.75,10,nan,nan,10,nan,nan,609.735773,0.00945894886,1.55131932e-05,0.999984487,609.726315,0,0.00010435711,0.00010435711,1.71151365e-07,20,0.116653442,/Users/chrisharing/Desktop/CCS_complex_coupled_systems/Repo/HardDisks/hspist3/experiments_energy_transfer/level2_fast1sigma_20260918/u10/tr_9253.csv,19.9166565,19.8000031,1,"./00ALLINONE_ramp --mode=edmd --experiment=energy_transfer --headless --quiet --edmd-acc=0 --seed-drift-order=drift-first --energy-transfer-summary=experiments_energy_transfer/level2_fast1sigma_20260918/u10/summary.csv --energy-transfer-trace=experiments_energy_transfer/level2_fast1sigma_20260918/u10/tr_9253.csv --particles=100 --particles-boxes=50,50 --particle-radius=0.5 --l0=39.25 --height=10 --num-walls=1 --wall-positions=39.25 --wall-mass-factors=1000000000 --piston-right-protocol-mode=step --velocity-right-piston-step=10 --max-right-piston-travel=0.75 --auto-piston-step --wall-hold-steps=12000 --steps=12500 --fixed-dt=0.4 --energy-measurement --eff-output=wall-ke --kbt1 --seed=9253",9253
2026-09-18 12:52:31,energy_transfer,edmd,12500,12000,0.0166666669,39.25,10,100,0.5,nan,0.100050721,0.100050721,1,39.25,1e+09,50;50,1,0.0416666667,1,1,0.00999999978,100,1000,nan,39.25,1,step,77.75,-10,step,0.75,10,nan,nan,10,nan,nan,2.09945e-16,2.68414766e-07,1.2785004e+09,-1.2785004e+09,-2.68414766e-07,0,1.04300597e-07,1.04300597e-07,496799623,20,0.116653442,/Users/chrisharing/Desktop/CCS_complex_coupled_systems/Repo/HardDisks/hspist3/experiments_energy_transfer/level2_fast1sigma_20260918/u10/tr_9255.csv,13.6833191,13.5666656,0,"./00ALLINONE_ramp --mode=edmd --experiment=energy_transfer --headless --quiet --edmd-acc=0 --seed-drift-order=drift-first --energy-transfer-summary=experiments_energy_transfer/level2_fast1sigma_20260918/u10/summary.csv --energy-transfer-trace=experiments_energy_transfer/level2_fast1sigma_20260918/u10/tr_9255.csv --particles=100 --particles-boxes=50,50 --particle-radius=0.5 --l0=39.25 --height=10 --num-walls=1 --wall-positions=39.25 --wall-mass-factors=1000000000 --piston-right-protocol-mode=step --velocity-right-piston-step=10 --max-right-piston-travel=0.75 --auto-piston-step --wall-hold-steps=12000 --steps=12500 --fixed-dt=0.4 --energy-measurement --eff-output=wall-ke --kbt1 --seed=9255",9255
2026-09-18 12:52:31,energy_transfer,edmd,12500,12000,0.0166666669,39.25,10,100,0.5,nan,0.100050721,0.100050721,1,39.25,1e+09,50;50,1,0.0416666667,1,1,0.00999999978,100,1000,nan,39.25,1,step,77.75,-10,step,0.75,10,nan,nan,10,nan,nan,5.47643216e-16,3.96644651e-07,724275659,-724275658,-3.96644651e-07,0,2.61339153e-07,2.61339153e-07,477206957,20,0.116653442,/Users/chrisharing/Desktop/CCS_complex_coupled_systems/Repo/HardDisks/hspist3/experiments_energy_transfer/level2_fast1sigma_20260918/u10/tr_9257.csv,19.0999908,18.9833374,1,"./00ALLINONE_ramp --mode=edmd --experiment=energy_transfer --headless --quiet --edmd-acc=0 --seed-drift-order=drift-first --energy-transfer-summary=experiments_energy_transfer/level2_fast1sigma_20260918/u10/summary.csv --energy-transfer-trace=experiments_energy_transfer/level2_fast1sigma_20260918/u10/tr_9257.csv --particles=100 --particles-boxes=50,50 --particle-radius=0.5 --l0=39.25 --height=10 --num-walls=1 --wall-positions=39.25 --wall-mass-factors=1000000000 --piston-right-protocol-mode=step --velocity-right-piston-step=10 --max-right-piston-travel=0.75 --auto-piston-step --wall-hold-steps=12000 --steps=12500 --fixed-dt=0.4 --energy-measurement --eff-output=wall-ke --kbt1 --seed=9257",9257
2026-09-18 12:52:31,energy_transfer,edmd,12500,12000,0.0166666669,39.25,10,100,0.5,nan,0.100050721,0.100050721,1,39.25,1e+09,50;50,1,0.0416666667,1,1,0.00999999978,100,1000,nan,39.25,1,step,77.75,-10,step,0.75,10,nan,nan,10,nan,nan,5.30851507e-16,2.93278475e-07,552468009,-552468008,-2.93278475e-07,0,6.49736123e-08,6.49736123e-08,122395079,20,0.116653442,/Users/chrisharing/Desktop/CCS_complex_coupled_systems/Repo/HardDisks/hspist3/experiments_energy_transfer/level2_fast1sigma_20260918/u10/tr_9259.csv,5.91665649,5.80000305,0,"./00ALLINONE_ramp --mode=edmd --experiment=energy_transfer --headless --quiet --edmd-acc=0 --seed-drift-order=drift-first --energy-transfer-summary=experiments_energy_transfer/level2_fast1sigma_20260918/u10/summary.csv --energy-transfer-trace=experiments_energy_transfer/level2_fast1sigma_20260918/u10/tr_9259.csv --particles=100 --particles-boxes=50,50 --particle-radius=0.5 --l0=39.25 --height=10 --num-walls=1 --wall-positions=39.25 --wall-mass-factors=1000000000 --piston-right-protocol-mode=step --velocity-right-piston-step=10 --max-right-piston-travel=0.75 --auto-piston-step --wall-hold-steps=12000 --steps=12500 --fixed-dt=0.4 --energy-measurement --eff-output=wall-ke --kbt1 --seed=9259",9259
2026-09-18 12:52:31,energy_transfer,edmd,12500,12000,0.0166666669,39.25,10,100,0.5,nan,0.100050721,0.100050721,1,39.25,1e+09,50;50,1,0.0416666667,1,1,0.00999999978,100,1000,nan,39.25,1,step,77.75,-10,step,0.75,10,nan,nan,10,nan,nan,1.89680543e-16,2.66532226e-07,1.40516376e+09,-1.40516376e+09,-2.66532225e-07,0,3.38055841e-08,3.38055841e-08,178223784,20,0.116653442,/Users/chrisharing/Desktop/CCS_complex_coupled_systems/Repo/HardDisks/hspist3/experiments_energy_transfer/level2_fast1sigma_20260918/u10/tr_9262.csv,20.0333252,19.9166718,1,"./00ALLINONE_ramp --mode=edmd --experiment=energy_transfer --headless --quiet --edmd-acc=0 --seed-drift-order=drift-first --energy-transfer-summary=experiments_energy_transfer/level2_fast1sigma_20260918/u10/summary.csv --energy-transfer-trace=experiments_energy_transfer/level2_fast1sigma_20260918/u10/tr_9262.csv --particles=100 --particles-boxes=50,50 --particle-radius=0.5 --l0=39.25 --height=10 --num-walls=1 --wall-positions=39.25 --wall-mass-factors=1000000000 --piston-right-protocol-mode=step --velocity-right-piston-step=10 --max-right-piston-travel=0.75 --auto-piston-step --wall-hold-steps=12000 --steps=12500 --fixed-dt=0.4 --energy-measurement --eff-output=wall-ke --kbt1 --seed=9262",9262
2026-09-18 12:52:31,energy_transfer,edmd,12500,12000,0.0166666669,39.25,10,100,0.5,nan,0.100050721,0.100050721,1,39.25,1e+09,50;50,1,0.0416666667,1,1,0.00999999978,100,1000,nan,39.25,1,step,77.75,-10,step,0.75,10,nan,nan,10,nan,nan,171.442866,0.000726013328,4.23472465e-06,0.999995765,171.44214,0,7.71718351e-06,7.71718351e-06,4.50131505e-08,20,0.116653442,/Users/chrisharing/Desktop/CCS_complex_coupled_systems/Repo/HardDisks/hspist3/experiments_energy_transfer/level2_fast1sigma_20260918/u10/tr_9256.csv,18.2833252,18.1666718,1,"./00ALLINONE_ramp --mode=edmd --experiment=energy_transfer --headless --quiet --edmd-acc=0 --seed-drift-order=drift-first --energy-transfer-summary=experiments_energy_transfer/level2_fast1sigma_20260918/u10/summary.csv --energy-transfer-trace=experiments_energy_transfer/level2_fast1sigma_20260918/u10/tr_9256.csv --particles=100 --particles-boxes=50,50 --particle-radius=0.5 --l0=39.25 --height=10 --num-walls=1 --wall-positions=39.25 --wall-mass-factors=1000000000 --piston-right-protocol-mode=step --velocity-right-piston-step=10 --max-right-piston-travel=0.75 --auto-piston-step --wall-hold-steps=12000 --steps=12500 --fixed-dt=0.4 --energy-measurement --eff-output=wall-ke --kbt1 --seed=9256",9256
2026-09-18 12:52:31,energy_transfer,edmd,12500,12000,0.0166666669,39.25,10,100,0.5,nan,0.100050721,0.100050721,1,39.25,1e+09,50;50,1,0.0416666667,1,1,0.00999999978,100,1000,nan,39.25,1,step,77.75,-10,step,0.75,10,nan,nan,10,nan,nan,185.680487,0.000839834625,4.5230096e-06,0.999995477,185.679647,0,9.76105639e-06,9.76105639e-06,5.25691017e-08,20,0.116653442,/Users/chrisharing/Desktop/CCS_complex_coupled_systems/Repo/HardDisks/hspist3/experiments_energy_transfer/level2_fast1sigma_20260918/u10/tr_9258.csv,19.3333282,19.2166748,1,"./00ALLINONE_ramp --mode=edmd --experiment=energy_transfer --headless --quiet --edmd-acc=0 --seed-drift-order=drift-first --energy-transfer-summary=experiments_energy_transfer/level2_fast1sigma_20260918/u10/summary.csv --energy-transfer-trace=experiments_energy_transfer/level2_fast1sigma_20260918/u10/tr_9258.csv --particles=100 --particles-boxes=50,50 --particle-radius=0.5 --l0=39.25 --height=10 --num-walls=1 --wall-positions=39.25 --wall-mass-factors=1000000000 --piston-right-protocol-mode=step --velocity-right-piston-step=10 --max-right-piston-travel=0.75 --auto-piston-step --wall-hold-steps=12000 --steps=12500 --fixed-dt=0.4 --energy-measurement --eff-output=wall-ke --kbt1 --seed=9258",9258
2026-09-18 12:52:31,energy_transfer,edmd,12500,12000,0.0166666669,39.25,10,100,0.5,nan,0.100050721,0.100050721,1,39.25,1e+09,50;50,1,0.0416666667,1,1,0.00999999978,100,1000,nan,39.25,1,step,77.75,-10,step,0.75,10,nan,nan,10,nan,nan,182.553543,0.000823970186,4.51358091e-06,0.999995486,182.552719,0,9.63595812e-06,9.63595812e-06,5.27842845e-08,20,0.116653442,/Users/chrisharing/Desktop/CCS_complex_coupled_systems/Repo/HardDisks/hspist3/experiments_energy_transfer/level2_fast1sigma_20260918/u10/tr_9260.csv,19.8999939,19.7833405,1,"./00ALLINONE_ramp --mode=edmd --experiment=energy_transfer --headless --quiet --edmd-acc=0 --seed-drift-order=drift-first --energy-transfer-summary=experiments_energy_transfer/level2_fast1sigma_20260918/u10/summary.csv --energy-transfer-trace=experiments_energy_transfer/level2_fast1sigma_20260918/u10/tr_9260.csv --particles=100 --particles-boxes=50,50 --particle-radius=0.5 --l0=39.25 --height=10 --num-walls=1 --wall-positions=39.25 --wall-mass-factors=1000000000 --piston-right-protocol-mode=step --velocity-right-piston-step=10 --max-right-piston-travel=0.75 --auto-piston-step --wall-hold-steps=12000 --steps=12500 --fixed-dt=0.4 --energy-measurement --eff-output=wall-ke --kbt1 --seed=9260",9260
2026-09-18 12:52:31,energy_transfer,edmd,12500,12000,0.0166666669,39.25,10,100,0.5,nan,0.100050721,0.100050721,1,39.25,1e+09,50;50,1,0.0416666667,1,1,0.00999999978,100,1000,nan,39.25,1,step,77.75,-10,step,0.75,10,nan,nan,10,nan,nan,182.75908,0.000854518672,4.67565644e-06,0.999995324,182.758226,0,7.53820541e-06,7.53820541e-06,4.12466806e-08,20,0.116653442,/Users/chrisharing/Desktop/CCS_complex_coupled_systems/Repo/HardDisks/hspist3/experiments_energy_transfer/level2_fast1sigma_20260918/u10/tr_9264.csv,19.6833191,19.5666656,1,"./00ALLINONE_ramp --mode=edmd --experiment=energy_transfer --headless --quiet --edmd-acc=0 --seed-drift-order=drift-first --energy-transfer-summary=experiments_energy_transfer/level2_fast1sigma_20260918/u10/summary.csv --energy-transfer-trace=experiments_energy_transfer/level2_fast1sigma_20260918/u10/tr_9264.csv --particles=100 --particles-boxes=50,50 --particle-radius=0.5 --l0=39.25 --height=10 --num-walls=1 --wall-positions=39.25 --wall-mass-factors=1000000000 --piston-right-protocol-mode=step --velocity-right-piston-step=10 --max-right-piston-travel=0.75 --auto-piston-step --wall-hold-steps=12000 --steps=12500 --fixed-dt=0.4 --energy-measurement --eff-output=wall-ke --kbt1 --seed=9264",9264
2026-09-18 12:52:31,energy_transfer,edmd,12500,12000,0.0166666669,39.25,10,100,0.5,nan,0.100050721,0.100050721,1,39.25,1e+09,50;50,1,0.0416666667,1,1,0.00999999978,100,1000,nan,39.25,1,step,77.75,-10,step,0.75,10,nan,nan,10,nan,nan,233.91566,0.00128991983,5.51446548e-06,0.999994486,233.91437,9.14666742e-09,8.40984467e-06,8.400698e-06,3.59133629e-08,20,0.116653442,/Users/chrisharing/Desktop/CCS_complex_coupled_systems/Repo/HardDisks/hspist3/experiments_energy_transfer/level2_fast1sigma_20260918/u10/tr_9261.csv,19.2666626,19.1500092,1,"./00ALLINONE_ramp --mode=edmd --experiment=energy_transfer --headless --quiet --edmd-acc=0 --seed-drift-order=drift-first --energy-transfer-summary=experiments_energy_transfer/level2_fast1sigma_20260918/u10/summary.csv --energy-transfer-trace=experiments_energy_transfer/level2_fast1sigma_20260918/u10/tr_9261.csv --particles=100 --particles-boxes=50,50 --particle-radius=0.5 --l0=39.25 --height=10 --num-walls=1 --wall-positions=39.25 --wall-mass-factors=1000000000 --piston-right-protocol-mode=step --velocity-right-piston-step=10 --max-right-piston-travel=0.75 --auto-piston-step --wall-hold-steps=12000 --steps=12500 --fixed-dt=0.4 --energy-measurement --eff-output=wall-ke --kbt1 --seed=9261",9261
2026-09-18 12:52:31,energy_transfer,edmd,12500,12000,0.0166666669,39.25,10,100,0.5,nan,0.100050721,0.100050721,1,39.25,1e+09,50;50,1,0.0416666667,1,1,0.00999999978,100,1000,nan,39.25,1,step,77.75,-10,step,0.75,10,nan,nan,10,nan,nan,425.934028,0.00454852311,1.06789381e-05,0.999989321,425.929479,3.11273451e-09,3.55400625e-05,3.55369498e-05,8.34329907e-08,20,0.116653442,/Users/chrisharing/Desktop/CCS_complex_coupled_systems/Repo/HardDisks/hspist3/experiments_energy_transfer/level2_fast1sigma_20260918/u10/tr_9263.csv,19.9166565,19.8000031,1,"./00ALLINONE_ramp --mode=edmd --experiment=energy_transfer --headless --quiet --edmd-acc=0 --seed-drift-order=drift-first --energy-transfer-summary=experiments_energy_transfer/level2_fast1sigma_20260918/u10/summary.csv --energy-transfer-trace=experiments_energy_transfer/level2_fast1sigma_20260918/u10/tr_9263.csv --particles=100 --particles-boxes=50,50 --particle-radius=0.5 --l0=39.25 --height=10 --num-walls=1 --wall-positions=39.25 --wall-mass-factors=1000000000 --piston-right-protocol-mode=step --velocity-right-piston-step=10 --max-right-piston-travel=0.75 --auto-piston-step --wall-hold-steps=12000 --steps=12500 --fixed-dt=0.4 --energy-measurement --eff-output=wall-ke --kbt1 --seed=9263",9263
2026-09-18 12:52:32,energy_transfer,edmd,12500,12000,0.0166666669,39.25,10,100,0.5,nan,0.100050721,0.100050721,1,39.25,1e+09,50;50,1,0.0416666667,1,1,0.00999999978,100,1000,nan,39.25,1,step,77.75,-10,step,0.75,10,nan,nan,10,nan,nan,5.65867462e-16,2.78681227e-07,492484983,-492484982,-2.78681227e-07,0,7.36957233e-08,7.36957233e-08,130234955,20,0.116653442,/Users/chrisharing/Desktop/CCS_complex_coupled_systems/Repo/HardDisks/hspist3/experiments_energy_transfer/level2_fast1sigma_20260918/u10/tr_9270.csv,13.6499939,13.5333405,0,"./00ALLINONE_ramp --mode=edmd --experiment=energy_transfer --headless --quiet --edmd-acc=0 --seed-drift-order=drift-first --energy-transfer-summary=experiments_energy_transfer/level2_fast1sigma_20260918/u10/summary.csv --energy-transfer-trace=experiments_energy_transfer/level2_fast1sigma_20260918/u10/tr_9270.csv --particles=100 --particles-boxes=50,50 --particle-radius=0.5 --l0=39.25 --height=10 --num-walls=1 --wall-positions=39.25 --wall-mass-factors=1000000000 --piston-right-protocol-mode=step --velocity-right-piston-step=10 --max-right-piston-travel=0.75 --auto-piston-step --wall-hold-steps=12000 --steps=12500 --fixed-dt=0.4 --energy-measurement --eff-output=wall-ke --kbt1 --seed=9270",9270
2026-09-18 12:52:32,energy_transfer,edmd,12500,12000,0.0166666669,39.25,10,100,0.5,nan,0.100050721,0.100050721,1,39.25,1e+09,50;50,1,0.0416666667,1,1,0.00999999978,100,1000,nan,39.25,1,step,77.75,-10,step,0.75,10,nan,nan,10,nan,nan,180.292359,0.000817820313,4.53607861e-06,0.999995464,180.291541,0,8.98043072e-06,8.98043072e-06,4.98103789e-08,20,0.116653442,/Users/chrisharing/Desktop/CCS_complex_coupled_systems/Repo/HardDisks/hspist3/experiments_energy_transfer/level2_fast1sigma_20260918/u10/tr_9267.csv,19.7833252,19.6666718,1,"./00ALLINONE_ramp --mode=edmd --experiment=energy_transfer --headless --quiet --edmd-acc=0 --seed-drift-order=drift-first --energy-transfer-summary=experiments_energy_transfer/level2_fast1sigma_20260918/u10/summary.csv --energy-transfer-trace=experiments_energy_transfer/level2_fast1sigma_20260918/u10/tr_9267.csv --particles=100 --particles-boxes=50,50 --particle-radius=0.5 --l0=39.25 --height=10 --num-walls=1 --wall-positions=39.25 --wall-mass-factors=1000000000 --piston-right-protocol-mode=step --velocity-right-piston-step=10 --max-right-piston-travel=0.75 --auto-piston-step --wall-hold-steps=12000 --steps=12500 --fixed-dt=0.4 --energy-measurement --eff-output=wall-ke --kbt1 --seed=9267",9267
2026-09-18 12:52:32,energy_transfer,edmd,12500,12000,0.0166666669,39.25,10,100,0.5,nan,0.100050721,0.100050721,1,39.25,1e+09,50;50,1,0.0416666667,1,1,0.00999999978,100,1000,nan,39.25,1,step,77.75,-10,step,0.75,10,nan,nan,10,nan,nan,190.135735,0.000947705645,4.98436365e-06,0.999995016,190.134787,0,9.43851592e-06,9.43851592e-06,4.96409364e-08,20,0.116653442,/Users/chrisharing/Desktop/CCS_complex_coupled_systems/Repo/HardDisks/hspist3/experiments_energy_transfer/level2_fast1sigma_20260918/u10/tr_9268.csv,19.6499939,19.5333405,1,"./00ALLINONE_ramp --mode=edmd --experiment=energy_transfer --headless --quiet --edmd-acc=0 --seed-drift-order=drift-first --energy-transfer-summary=experiments_energy_transfer/level2_fast1sigma_20260918/u10/summary.csv --energy-transfer-trace=experiments_energy_transfer/level2_fast1sigma_20260918/u10/tr_9268.csv --particles=100 --particles-boxes=50,50 --particle-radius=0.5 --l0=39.25 --height=10 --num-walls=1 --wall-positions=39.25 --wall-mass-factors=1000000000 --piston-right-protocol-mode=step --velocity-right-piston-step=10 --max-right-piston-travel=0.75 --auto-piston-step --wall-hold-steps=12000 --steps=12500 --fixed-dt=0.4 --energy-measurement --eff-output=wall-ke --kbt1 --seed=9268",9268
2026-09-18 12:52:32,energy_transfer,edmd,12500,12000,0.0166666669,39.25,10,100,0.5,nan,0.100050721,0.100050721,1,39.25,1e+09,50;50,1,0.0416666667,1,1,0.00999999978,100,1000,nan,39.25,1,step,77.75,-10,step,0.75,10,nan,nan,10,nan,nan,200.285829,0.00108261628,5.40535633e-06,0.999994595,200.284747,0,7.46697833e-06,7.46697833e-06,3.72816108e-08,20,0.116653442,/Users/chrisharing/Desktop/CCS_complex_coupled_systems/Repo/HardDisks/hspist3/experiments_energy_transfer/level2_fast1sigma_20260918/u10/tr_9271.csv,19.8833313,19.7666779,1,"./00ALLINONE_ramp --mode=edmd --experiment=energy_transfer --headless --quiet --edmd-acc=0 --seed-drift-order=drift-first --energy-transfer-summary=experiments_energy_transfer/level2_fast1sigma_20260918/u10/summary.csv --energy-transfer-trace=experiments_energy_transfer/level2_fast1sigma_20260918/u10/tr_9271.csv --particles=100 --particles-boxes=50,50 --particle-radius=0.5 --l0=39.25 --height=10 --num-walls=1 --wall-positions=39.25 --wall-mass-factors=1000000000 --piston-right-protocol-mode=step --velocity-right-piston-step=10 --max-right-piston-travel=0.75 --auto-piston-step --wall-hold-steps=12000 --steps=12500 --fixed-dt=0.4 --energy-measurement --eff-output=wall-ke --kbt1 --seed=9271",9271
2026-09-18 12:52:32,energy_transfer,edmd,12500,12000,0.0166666669,39.25,10,100,0.5,nan,0.100050721,0.100050721,1,39.25,1e+09,50;50,1,0.0416666667,1,1,0.00999999978,100,1000,nan,39.25,1,step,77.75,-10,step,0.75,10,nan,nan,10,nan,nan,394.111054,0.00392348971,9.95528968e-06,0.999990045,394.107131,0,4.48324099e-05,4.48324099e-05,1.13755779e-07,20,0.116653442,/Users/chrisharing/Desktop/CCS_complex_coupled_systems/Repo/HardDisks/hspist3/experiments_energy_transfer/level2_fast1sigma_20260918/u10/tr_9265.csv,19.9333191,19.8166656,1,"./00ALLINONE_ramp --mode=edmd --experiment=energy_transfer --headless --quiet --edmd-acc=0 --seed-drift-order=drift-first --energy-transfer-summary=experiments_energy_transfer/level2_fast1sigma_20260918/u10/summary.csv --energy-transfer-trace=experiments_energy_transfer/level2_fast1sigma_20260918/u10/tr_9265.csv --particles=100 --particles-boxes=50,50 --particle-radius=0.5 --l0=39.25 --height=10 --num-walls=1 --wall-positions=39.25 --wall-mass-factors=1000000000 --piston-right-protocol-mode=step --velocity-right-piston-step=10 --max-right-piston-travel=0.75 --auto-piston-step --wall-hold-steps=12000 --steps=12500 --fixed-dt=0.4 --energy-measurement --eff-output=wall-ke --kbt1 --seed=9265",9265
2026-09-18 12:52:32,energy_transfer,edmd,12500,12000,0.0166666669,39.25,10,100,0.5,nan,0.100050721,0.100050721,1,39.25,1e+09,50;50,1,0.0416666667,1,1,0.00999999978,100,1000,nan,39.25,1,step,77.75,-10,step,0.75,10,nan,nan,10,nan,nan,409.571209,0.00424564956,1.0366084e-05,0.999989634,409.566963,0,4.1248717e-05,4.1248717e-05,1.00711955e-07,20,0.116653442,/Users/chrisharing/Desktop/CCS_complex_coupled_systems/Repo/HardDisks/hspist3/experiments_energy_transfer/level2_fast1sigma_20260918/u10/tr_9266.csv,19.9833221,19.8666687,1,"./00ALLINONE_ramp --mode=edmd --experiment=energy_transfer --headless --quiet --edmd-acc=0 --seed-drift-order=drift-first --energy-transfer-summary=experiments_energy_transfer/level2_fast1sigma_20260918/u10/summary.csv --energy-transfer-trace=experiments_energy_transfer/level2_fast1sigma_20260918/u10/tr_9266.csv --particles=100 --particles-boxes=50,50 --particle-radius=0.5 --l0=39.25 --height=10 --num-walls=1 --wall-positions=39.25 --wall-mass-factors=1000000000 --piston-right-protocol-mode=step --velocity-right-piston-step=10 --max-right-piston-travel=0.75 --auto-piston-step --wall-hold-steps=12000 --steps=12500 --fixed-dt=0.4 --energy-measurement --eff-output=wall-ke --kbt1 --seed=9266",9266
2026-09-18 12:52:32,energy_transfer,edmd,12500,12000,0.0166666669,39.25,10,100,0.5,nan,0.100050721,0.100050721,1,39.25,1e+09,50;50,1,0.0416666667,1,1,0.00999999978,100,1000,nan,39.25,1,step,77.75,-10,step,0.75,10,nan,nan,10,nan,nan,375.999137,0.00351717463,9.3542093e-06,0.999990646,375.99562,0,3.16944934e-05,3.16944934e-05,8.42940588e-08,20,0.116653442,/Users/chrisharing/Desktop/CCS_complex_coupled_systems/Repo/HardDisks/hspist3/experiments_energy_transfer/level2_fast1sigma_20260918/u10/tr_9272.csv,18.7666626,18.6500092,1,"./00ALLINONE_ramp --mode=edmd --experiment=energy_transfer --headless --quiet --edmd-acc=0 --seed-drift-order=drift-first --energy-transfer-summary=experiments_energy_transfer/level2_fast1sigma_20260918/u10/summary.csv --energy-transfer-trace=experiments_energy_transfer/level2_fast1sigma_20260918/u10/tr_9272.csv --particles=100 --particles-boxes=50,50 --particle-radius=0.5 --l0=39.25 --height=10 --num-walls=1 --wall-positions=39.25 --wall-mass-factors=1000000000 --piston-right-protocol-mode=step --velocity-right-piston-step=10 --max-right-piston-travel=0.75 --auto-piston-step --wall-hold-steps=12000 --steps=12500 --fixed-dt=0.4 --energy-measurement --eff-output=wall-ke --kbt1 --seed=9272",9272
2026-09-18 12:52:32,energy_transfer,edmd,12500,12000,0.0166666669,39.25,10,100,0.5,nan,0.100050721,0.100050721,1,39.25,1e+09,50;50,1,0.0416666667,1,1,0.00999999978,100,1000,nan,39.25,1,step,77.75,-10,step,0.75,10,nan,nan,10,nan,nan,416.07035,0.00425467035,1.02258437e-05,0.999989774,416.066095,0,4.39147152e-05,4.39147152e-05,1.0554637e-07,20,0.116653442,/Users/chrisharing/Desktop/CCS_complex_coupled_systems/Repo/HardDisks/hspist3/experiments_energy_transfer/level2_fast1sigma_20260918/u10/tr_9273.csv,20.0999908,19.9833374,1,"./00ALLINONE_ramp --mode=edmd --experiment=energy_transfer --headless --quiet --edmd-acc=0 --seed-drift-order=drift-first --energy-transfer-summary=experiments_energy_transfer/level2_fast1sigma_20260918/u10/summary.csv --energy-transfer-trace=experiments_energy_transfer/level2_fast1sigma_20260918/u10/tr_9273.csv --particles=100 --particles-boxes=50,50 --particle-radius=0.5 --l0=39.25 --height=10 --num-walls=1 --wall-positions=39.25 --wall-mass-factors=1000000000 --piston-right-protocol-mode=step --velocity-right-piston-step=10 --max-right-piston-travel=0.75 --auto-piston-step --wall-hold-steps=12000 --steps=12500 --fixed-dt=0.4 --energy-measurement --eff-output=wall-ke --kbt1 --seed=9273",9273
2026-09-18 12:52:32,energy_transfer,edmd,12500,12000,0.0166666669,39.25,10,100,0.5,nan,0.100050721,0.100050721,1,39.25,1e+09,50;50,1,0.0416666667,1,1,0.00999999978,100,1000,nan,39.25,1,step,77.75,-10,step,0.75,10,nan,nan,10,nan,nan,837.513548,0.0180798378,2.15875168e-05,0.999978412,837.495468,0,0.00017301667,0.00017301667,2.06583726e-07,20,0.116653442,/Users/chrisharing/Desktop/CCS_complex_coupled_systems/Repo/HardDisks/hspist3/experiments_energy_transfer/level2_fast1sigma_20260918/u10/tr_9269.csv,20.0666656,19.9500122,1,"./00ALLINONE_ramp --mode=edmd --experiment=energy_transfer --headless --quiet --edmd-acc=0 --seed-drift-order=drift-first --energy-transfer-summary=experiments_energy_transfer/level2_fast1sigma_20260918/u10/summary.csv --energy-transfer-trace=experiments_energy_transfer/level2_fast1sigma_20260918/u10/tr_9269.csv --particles=100 --particles-boxes=50,50 --particle-radius=0.5 --l0=39.25 --height=10 --num-walls=1 --wall-positions=39.25 --wall-mass-factors=1000000000 --piston-right-protocol-mode=step --velocity-right-piston-step=10 --max-right-piston-travel=0.75 --auto-piston-step --wall-hold-steps=12000 --steps=12500 --fixed-dt=0.4 --energy-measurement --eff-output=wall-ke --kbt1 --seed=9269",9269
2026-09-18 12:52:32,energy_transfer,edmd,12500,12000,0.0166666669,39.25,10,100,0.5,nan,0.100050721,0.100050721,1,39.25,1e+09,50;50,1,0.0416666667,1,1,0.00999999978,100,1000,nan,39.25,1,step,77.75,-10,step,0.75,10,nan,nan,10,nan,nan,4.89277262e-16,2.83586218e-07,579602282,-579602281,-2.83586217e-07,0,2.93517335e-08,2.93517335e-08,59989980.6,20,0.116653442,/Users/chrisharing/Desktop/CCS_complex_coupled_systems/Repo/HardDisks/hspist3/experiments_energy_transfer/level2_fast1sigma_20260918/u10/tr_9274.csv,4.19999695,4.08334351,0,"./00ALLINONE_ramp --mode=edmd --experiment=energy_transfer --headless --quiet --edmd-acc=0 --seed-drift-order=drift-first --energy-transfer-summary=experiments_energy_transfer/level2_fast1sigma_20260918/u10/summary.csv --energy-transfer-trace=experiments_energy_transfer/level2_fast1sigma_20260918/u10/tr_9274.csv --particles=100 --particles-boxes=50,50 --particle-radius=0.5 --l0=39.25 --height=10 --num-walls=1 --wall-positions=39.25 --wall-mass-factors=1000000000 --piston-right-protocol-mode=step --velocity-right-piston-step=10 --max-right-piston-travel=0.75 --auto-piston-step --wall-hold-steps=12000 --steps=12500 --fixed-dt=0.4 --energy-measurement --eff-output=wall-ke --kbt1 --seed=9274",9274
2026-09-18 12:52:32,energy_transfer,edmd,12500,12000,0.0166666669,39.25,10,100,0.5,nan,0.100050721,0.100050721,1,39.25,1e+09,50;50,1,0.0416666667,1,1,0.00999999978,100,1000,nan,39.25,1,step,77.75,-10,step,0.75,10,nan,nan,10,nan,nan,1.17650392e-15,1.70400071e-07,144835956,-144835955,-1.7040007e-07,0,1.36262756e-07,1.36262756e-07,115820061,20,0.116653442,/Users/chrisharing/Desktop/CCS_complex_coupled_systems/Repo/HardDisks/hspist3/experiments_energy_transfer/level2_fast1sigma_20260918/u10/tr_9275.csv,11.2999878,11.1833344,0,"./00ALLINONE_ramp --mode=edmd --experiment=energy_transfer --headless --quiet --edmd-acc=0 --seed-drift-order=drift-first --energy-transfer-summary=experiments_energy_transfer/level2_fast1sigma_20260918/u10/summary.csv --energy-transfer-trace=experiments_energy_transfer/level2_fast1sigma_20260918/u10/tr_9275.csv --particles=100 --particles-boxes=50,50 --particle-radius=0.5 --l0=39.25 --height=10 --num-walls=1 --wall-positions=39.25 --wall-mass-factors=1000000000 --piston-right-protocol-mode=step --velocity-right-piston-step=10 --max-right-piston-travel=0.75 --auto-piston-step --wall-hold-steps=12000 --steps=12500 --fixed-dt=0.4 --energy-measurement --eff-output=wall-ke --kbt1 --seed=9275",9275
2026-09-18 12:52:32,energy_transfer,edmd,12500,12000,0.0166666669,39.25,10,100,0.5,nan,0.100050721,0.100050721,1,39.25,1e+09,50;50,1,0.0416666667,1,1,0.00999999978,100,1000,nan,39.25,1,step,77.75,-10,step,0.75,10,nan,nan,10,nan,nan,1.11798646e-15,1.40523298e-07,125693202,-125693201,-1.40523297e-07,0,8.92915111e-08,8.92915111e-08,79868150.9,20,0.116653442,/Users/chrisharing/Desktop/CCS_complex_coupled_systems/Repo/HardDisks/hspist3/experiments_energy_transfer/level2_fast1sigma_20260918/u10/tr_9277.csv,15.1166534,15,0,"./00ALLINONE_ramp --mode=edmd --experiment=energy_transfer --headless --quiet --edmd-acc=0 --seed-drift-order=drift-first --energy-transfer-summary=experiments_energy_transfer/level2_fast1sigma_20260918/u10/summary.csv --energy-transfer-trace=experiments_energy_transfer/level2_fast1sigma_20260918/u10/tr_9277.csv --particles=100 --particles-boxes=50,50 --particle-radius=0.5 --l0=39.25 --height=10 --num-walls=1 --wall-positions=39.25 --wall-mass-factors=1000000000 --piston-right-protocol-mode=step --velocity-right-piston-step=10 --max-right-piston-travel=0.75 --auto-piston-step --wall-hold-steps=12000 --steps=12500 --fixed-dt=0.4 --energy-measurement --eff-output=wall-ke --kbt1 --seed=9277",9277
2026-09-18 12:52:32,energy_transfer,edmd,12500,12000,0.0166666669,39.25,10,100,0.5,nan,0.100050721,0.100050721,1,39.25,1e+09,50;50,1,0.0416666667,1,1,0.00999999978,100,1000,nan,39.25,1,step,77.75,-10,step,0.75,10,nan,nan,10,nan,nan,9.93592157e-16,2.43132035e-07,244700035,-244700034,-2.43132034e-07,0,1.41104977e-07,1.41104977e-07,142014986,20,0.116653442,/Users/chrisharing/Desktop/CCS_complex_coupled_systems/Repo/HardDisks/hspist3/experiments_energy_transfer/level2_fast1sigma_20260918/u10/tr_9280.csv,13.5166626,13.4000092,0,"./00ALLINONE_ramp --mode=edmd --experiment=energy_transfer --headless --quiet --edmd-acc=0 --seed-drift-order=drift-first --energy-transfer-summary=experiments_energy_transfer/level2_fast1sigma_20260918/u10/summary.csv --energy-transfer-trace=experiments_energy_transfer/level2_fast1sigma_20260918/u10/tr_9280.csv --particles=100 --particles-boxes=50,50 --particle-radius=0.5 --l0=39.25 --height=10 --num-walls=1 --wall-positions=39.25 --wall-mass-factors=1000000000 --piston-right-protocol-mode=step --velocity-right-piston-step=10 --max-right-piston-travel=0.75 --auto-piston-step --wall-hold-steps=12000 --steps=12500 --fixed-dt=0.4 --energy-measurement --eff-output=wall-ke --kbt1 --seed=9280",9280
2026-09-18 12:52:32,energy_transfer,edmd,12500,12000,0.0166666669,39.25,10,100,0.5,nan,0.100050721,0.100050721,1,39.25,1e+09,50;50,1,0.0416666667,1,1,0.00999999978,100,1000,nan,39.25,1,step,77.75,-10,step,0.75,10,nan,nan,10,nan,nan,204.397515,0.00107172539,5.24333865e-06,0.999994757,204.396443,0,1.20317518e-05,1.20317518e-05,5.8864472e-08,20,0.116653442,/Users/chrisharing/Desktop/CCS_complex_coupled_systems/Repo/HardDisks/hspist3/experiments_energy_transfer/level2_fast1sigma_20260918/u10/tr_9276.csv,18.5833282,18.4666748,1,"./00ALLINONE_ramp --mode=edmd --experiment=energy_transfer --headless --quiet --edmd-acc=0 --seed-drift-order=drift-first --energy-transfer-summary=experiments_energy_transfer/level2_fast1sigma_20260918/u10/summary.csv --energy-transfer-trace=experiments_energy_transfer/level2_fast1sigma_20260918/u10/tr_9276.csv --particles=100 --particles-boxes=50,50 --particle-radius=0.5 --l0=39.25 --height=10 --num-walls=1 --wall-positions=39.25 --wall-mass-factors=1000000000 --piston-right-protocol-mode=step --velocity-right-piston-step=10 --max-right-piston-travel=0.75 --auto-piston-step --wall-hold-steps=12000 --steps=12500 --fixed-dt=0.4 --energy-measurement --eff-output=wall-ke --kbt1 --seed=9276",9276
2026-09-18 12:52:32,energy_transfer,edmd,12500,12000,0.0166666669,39.25,10,100,0.5,nan,0.100050721,0.100050721,1,39.25,1e+09,50;50,1,0.0416666667,1,1,0.00999999978,100,1000,nan,39.25,1,step,77.75,-10,step,0.75,10,nan,nan,10,nan,nan,403.245691,0.00399447465,9.90580864e-06,0.999990094,403.241697,0,4.22108642e-05,4.22108642e-05,1.04677781e-07,20,0.116653442,/Users/chrisharing/Desktop/CCS_complex_coupled_systems/Repo/HardDisks/hspist3/experiments_energy_transfer/level2_fast1sigma_20260918/u10/tr_9279.csv,19.8166656,19.7000122,1,"./00ALLINONE_ramp --mode=edmd --experiment=energy_transfer --headless --quiet --edmd-acc=0 --seed-drift-order=drift-first --energy-transfer-summary=experiments_energy_transfer/level2_fast1sigma_20260918/u10/summary.csv --energy-transfer-trace=experiments_energy_transfer/level2_fast1sigma_20260918/u10/tr_9279.csv --particles=100 --particles-boxes=50,50 --particle-radius=0.5 --l0=39.25 --height=10 --num-walls=1 --wall-positions=39.25 --wall-mass-factors=1000000000 --piston-right-protocol-mode=step --velocity-right-piston-step=10 --max-right-piston-travel=0.75 --auto-piston-step --wall-hold-steps=12000 --steps=12500 --fixed-dt=0.4 --energy-measurement --eff-output=wall-ke --kbt1 --seed=9279",9279
2026-09-18 12:52:32,energy_transfer,edmd,12500,12000,0.0166666669,39.25,10,100,0.5,nan,0.100050721,0.100050721,1,39.25,1e+09,50;50,1,0.0416666667,1,1,0.00999999978,100,1000,nan,39.25,1,step,77.75,-10,step,0.75,10,nan,nan,10,nan,nan,565.529766,0.00818987284,1.44817715e-05,0.999985518,565.521576,0,9.19328813e-05,9.19328813e-05,1.62560641e-07,20,0.116653442,/Users/chrisharing/Desktop/CCS_complex_coupled_systems/Repo/HardDisks/hspist3/experiments_energy_transfer/level2_fast1sigma_20260918/u10/tr_9278.csv,19.8166656,19.7000122,1,"./00ALLINONE_ramp --mode=edmd --experiment=energy_transfer --headless --quiet --edmd-acc=0 --seed-drift-order=drift-first --energy-transfer-summary=experiments_energy_transfer/level2_fast1sigma_20260918/u10/summary.csv --energy-transfer-trace=experiments_energy_transfer/level2_fast1sigma_20260918/u10/tr_9278.csv --particles=100 --particles-boxes=50,50 --particle-radius=0.5 --l0=39.25 --height=10 --num-walls=1 --wall-positions=39.25 --wall-mass-factors=1000000000 --piston-right-protocol-mode=step --velocity-right-piston-step=10 --max-right-piston-travel=0.75 --auto-piston-step --wall-hold-steps=12000 --steps=12500 --fixed-dt=0.4 --energy-measurement --eff-output=wall-ke --kbt1 --seed=9278",9278
2026-09-18 12:52:32,energy_transfer,edmd,12500,12000,0.0166666669,39.25,10,100,0.5,nan,0.100050721,0.100050721,1,39.25,1e+09,50;50,1,0.0416666667,1,1,0.00999999978,100,1000,nan,39.25,1,step,77.75,-10,step,0.75,10,nan,nan,10,nan,nan,375.308861,0.00365304481,9.73343608e-06,0.999990267,375.305208,0,3.92486618e-05,3.92486618e-05,1.04576965e-07,20,0.116653442,/Users/chrisharing/Desktop/CCS_complex_coupled_systems/Repo/HardDisks/hspist3/experiments_energy_transfer/level2_fast1sigma_20260918/u10/tr_9281.csv,19.3999939,19.2833405,1,"./00ALLINONE_ramp --mode=edmd --experiment=energy_transfer --headless --quiet --edmd-acc=0 --seed-drift-order=drift-first --energy-transfer-summary=experiments_energy_transfer/level2_fast1sigma_20260918/u10/summary.csv --energy-transfer-trace=experiments_energy_transfer/level2_fast1sigma_20260918/u10/tr_9281.csv --particles=100 --particles-boxes=50,50 --particle-radius=0.5 --l0=39.25 --height=10 --num-walls=1 --wall-positions=39.25 --wall-mass-factors=1000000000 --piston-right-protocol-mode=step --velocity-right-piston-step=10 --max-right-piston-travel=0.75 --auto-piston-step --wall-hold-steps=12000 --steps=12500 --fixed-dt=0.4 --energy-measurement --eff-output=wall-ke --kbt1 --seed=9281",9281
2026-09-18 12:52:32,energy_transfer,edmd,12500,12000,0.0166666669,39.25,10,100,0.5,nan,0.100050721,0.100050721,1,39.25,1e+09,50;50,1,0.0416666667,1,1,0.00999999978,100,1000,nan,39.25,1,step,77.75,-10,step,0.75,10,nan,nan,10,nan,nan,1.04219568e-16,5.40501617e-07,5.1861817e+09,-5.1861817e+09,-5.40501617e-07,0,1.13575751e-07,1.13575751e-07,1.08977377e+09,20,0.116653442,/Users/chrisharing/Desktop/CCS_complex_coupled_systems/Repo/HardDisks/hspist3/experiments_energy_transfer/level2_fast1sigma_20260918/u10/tr_9283.csv,17.3666534,17.25,0,"./00ALLINONE_ramp --mode=edmd --experiment=energy_transfer --headless --quiet --edmd-acc=0 --seed-drift-order=drift-first --energy-transfer-summary=experiments_energy_transfer/level2_fast1sigma_20260918/u10/summary.csv --energy-transfer-trace=experiments_energy_transfer/level2_fast1sigma_20260918/u10/tr_9283.csv --particles=100 --particles-boxes=50,50 --particle-radius=0.5 --l0=39.25 --height=10 --num-walls=1 --wall-positions=39.25 --wall-mass-factors=1000000000 --piston-right-protocol-mode=step --velocity-right-piston-step=10 --max-right-piston-travel=0.75 --auto-piston-step --wall-hold-steps=12000 --steps=12500 --fixed-dt=0.4 --energy-measurement --eff-output=wall-ke --kbt1 --seed=9283",9283
2026-09-18 12:52:32,energy_transfer,edmd,12500,12000,0.0166666669,39.25,10,100,0.5,nan,0.100050721,0.100050721,1,39.25,1e+09,50;50,1,0.0416666667,1,1,0.00999999978,100,1000,nan,39.25,1,step,77.75,-10,step,0.75,10,nan,nan,10,nan,nan,1.30743688e-16,2.70201525e-07,2.06665063e+09,-2.06665063e+09,-2.70201525e-07,0,6.21028704e-08,6.21028704e-08,474997082,20,0.116653442,/Users/chrisharing/Desktop/CCS_complex_coupled_systems/Repo/HardDisks/hspist3/experiments_energy_transfer/level2_fast1sigma_20260918/u10/tr_9284.csv,10.3833313,10.2666779,0,"./00ALLINONE_ramp --mode=edmd --experiment=energy_transfer --headless --quiet --edmd-acc=0 --seed-drift-order=drift-first --energy-transfer-summary=experiments_energy_transfer/level2_fast1sigma_20260918/u10/summary.csv --energy-transfer-trace=experiments_energy_transfer/level2_fast1sigma_20260918/u10/tr_9284.csv --particles=100 --particles-boxes=50,50 --particle-radius=0.5 --l0=39.25 --height=10 --num-walls=1 --wall-positions=39.25 --wall-mass-factors=1000000000 --piston-right-protocol-mode=step --velocity-right-piston-step=10 --max-right-piston-travel=0.75 --auto-piston-step --wall-hold-steps=12000 --steps=12500 --fixed-dt=0.4 --energy-measurement --eff-output=wall-ke --kbt1 --seed=9284",9284
2026-09-18 12:52:32,energy_transfer,edmd,12500,12000,0.0166666669,39.25,10,100,0.5,nan,0.100050721,0.100050721,1,39.25,1e+09,50;50,1,0.0416666667,1,1,0.00999999978,100,1000,nan,39.25,1,step,77.75,-10,step,0.75,10,nan,nan,10,nan,nan,8.84458821e-17,9.01879048e-07,1.01969592e+10,-1.01969592e+10,-9.01879048e-07,0,2.24816095e-08,2.24816095e-08,254184920,20,0.116653442,/Users/chrisharing/Desktop/CCS_complex_coupled_systems/Repo/HardDisks/hspist3/experiments_energy_transfer/level2_fast1sigma_20260918/u10/tr_9288.csv,4.21665955,4.1000061,0,"./00ALLINONE_ramp --mode=edmd --experiment=energy_transfer --headless --quiet --edmd-acc=0 --seed-drift-order=drift-first --energy-transfer-summary=experiments_energy_transfer/level2_fast1sigma_20260918/u10/summary.csv --energy-transfer-trace=experiments_energy_transfer/level2_fast1sigma_20260918/u10/tr_9288.csv --particles=100 --particles-boxes=50,50 --particle-radius=0.5 --l0=39.25 --height=10 --num-walls=1 --wall-positions=39.25 --wall-mass-factors=1000000000 --piston-right-protocol-mode=step --velocity-right-piston-step=10 --max-right-piston-travel=0.75 --auto-piston-step --wall-hold-steps=12000 --steps=12500 --fixed-dt=0.4 --energy-measurement --eff-output=wall-ke --kbt1 --seed=9288",9288
2026-09-18 12:52:32,energy_transfer,edmd,12500,12000,0.0166666669,39.25,10,100,0.5,nan,0.100050721,0.100050721,1,39.25,1e+09,50;50,1,0.0416666667,1,1,0.00999999978,100,1000,nan,39.25,1,step,77.75,-10,step,0.75,10,nan,nan,10,nan,nan,202.984258,0.00106847449,5.26382935e-06,0.999994736,202.983189,0,8.87374608e-06,8.87374608e-06,4.37164251e-08,20,0.116653442,/Users/chrisharing/Desktop/CCS_complex_coupled_systems/Repo/HardDisks/hspist3/experiments_energy_transfer/level2_fast1sigma_20260918/u10/tr_9282.csv,19.9999847,19.8833313,1,"./00ALLINONE_ramp --mode=edmd --experiment=energy_transfer --headless --quiet --edmd-acc=0 --seed-drift-order=drift-first --energy-transfer-summary=experiments_energy_transfer/level2_fast1sigma_20260918/u10/summary.csv --energy-transfer-trace=experiments_energy_transfer/level2_fast1sigma_20260918/u10/tr_9282.csv --particles=100 --particles-boxes=50,50 --particle-radius=0.5 --l0=39.25 --height=10 --num-walls=1 --wall-positions=39.25 --wall-mass-factors=1000000000 --piston-right-protocol-mode=step --velocity-right-piston-step=10 --max-right-piston-travel=0.75 --auto-piston-step --wall-hold-steps=12000 --steps=12500 --fixed-dt=0.4 --energy-measurement --eff-output=wall-ke --kbt1 --seed=9282",9282
2026-09-18 12:52:32,energy_transfer,edmd,12500,12000,0.0166666669,39.25,10,100,0.5,nan,0.100050721,0.100050721,1,39.25,1e+09,50;50,1,0.0416666667,1,1,0.00999999978,100,1000,nan,39.25,1,step,77.75,-10,step,0.75,10,nan,nan,10,nan,nan,194.710439,0.000934932032,4.80165336e-06,0.999995198,194.709504,0,5.82530811e-06,5.82530811e-06,2.99178008e-08,20,0.116653442,/Users/chrisharing/Desktop/CCS_complex_coupled_systems/Repo/HardDisks/hspist3/experiments_energy_transfer/level2_fast1sigma_20260918/u10/tr_9285.csv,16.4333191,16.3166656,0,"./00ALLINONE_ramp --mode=edmd --experiment=energy_transfer --headless --quiet --edmd-acc=0 --seed-drift-order=drift-first --energy-transfer-summary=experiments_energy_transfer/level2_fast1sigma_20260918/u10/summary.csv --energy-transfer-trace=experiments_energy_transfer/level2_fast1sigma_20260918/u10/tr_9285.csv --particles=100 --particles-boxes=50,50 --particle-radius=0.5 --l0=39.25 --height=10 --num-walls=1 --wall-positions=39.25 --wall-mass-factors=1000000000 --piston-right-protocol-mode=step --velocity-right-piston-step=10 --max-right-piston-travel=0.75 --auto-piston-step --wall-hold-steps=12000 --steps=12500 --fixed-dt=0.4 --energy-measurement --eff-output=wall-ke --kbt1 --seed=9285",9285
2026-09-18 12:52:32,energy_transfer,edmd,12500,12000,0.0166666669,39.25,10,100,0.5,nan,0.100050721,0.100050721,1,39.25,1e+09,50;50,1,0.0416666667,1,1,0.00999999978,100,1000,nan,39.25,1,step,77.75,-10,step,0.75,10,nan,nan,10,nan,nan,228.925713,0.00133539445,5.83330914e-06,0.999994167,228.924377,0,1.43683319e-05,1.43683319e-05,6.27641681e-08,20,0.116653442,/Users/chrisharing/Desktop/CCS_complex_coupled_systems/Repo/HardDisks/hspist3/experiments_energy_transfer/level2_fast1sigma_20260918/u10/tr_9286.csv,19.0833282,18.9666748,1,"./00ALLINONE_ramp --mode=edmd --experiment=energy_transfer --headless --quiet --edmd-acc=0 --seed-drift-order=drift-first --energy-transfer-summary=experiments_energy_transfer/level2_fast1sigma_20260918/u10/summary.csv --energy-transfer-trace=experiments_energy_transfer/level2_fast1sigma_20260918/u10/tr_9286.csv --particles=100 --particles-boxes=50,50 --particle-radius=0.5 --l0=39.25 --height=10 --num-walls=1 --wall-positions=39.25 --wall-mass-factors=1000000000 --piston-right-protocol-mode=step --velocity-right-piston-step=10 --max-right-piston-travel=0.75 --auto-piston-step --wall-hold-steps=12000 --steps=12500 --fixed-dt=0.4 --energy-measurement --eff-output=wall-ke --kbt1 --seed=9286",9286
2026-09-18 12:52:32,energy_transfer,edmd,12500,12000,0.0166666669,39.25,10,100,0.5,nan,0.100050721,0.100050721,1,39.25,1e+09,50;50,1,0.0416666667,1,1,0.00999999978,100,1000,nan,39.25,1,step,77.75,-10,step,0.75,10,nan,nan,10,nan,nan,189.826645,0.000906642235,4.77615899e-06,0.999995224,189.825738,0,7.57897533e-06,7.57897533e-06,3.9925772e-08,20,0.116653442,/Users/chrisharing/Desktop/CCS_complex_coupled_systems/Repo/HardDisks/hspist3/experiments_energy_transfer/level2_fast1sigma_20260918/u10/tr_9291.csv,19.0333252,18.9166718,1,"./00ALLINONE_ramp --mode=edmd --experiment=energy_transfer --headless --quiet --edmd-acc=0 --seed-drift-order=drift-first --energy-transfer-summary=experiments_energy_transfer/level2_fast1sigma_20260918/u10/summary.csv --energy-transfer-trace=experiments_energy_transfer/level2_fast1sigma_20260918/u10/tr_9291.csv --particles=100 --particles-boxes=50,50 --particle-radius=0.5 --l0=39.25 --height=10 --num-walls=1 --wall-positions=39.25 --wall-mass-factors=1000000000 --piston-right-protocol-mode=step --velocity-right-piston-step=10 --max-right-piston-travel=0.75 --auto-piston-step --wall-hold-steps=12000 --steps=12500 --fixed-dt=0.4 --energy-measurement --eff-output=wall-ke --kbt1 --seed=9291",9291
2026-09-18 12:52:32,energy_transfer,edmd,12500,12000,0.0166666669,39.25,10,100,0.5,nan,0.100050721,0.100050721,1,39.25,1e+09,50;50,1,0.0416666667,1,1,0.00999999978,100,1000,nan,39.25,1,step,77.75,-10,step,0.75,10,nan,nan,10,nan,nan,432.493311,0.00473781954,1.09546655e-05,0.999989045,432.488573,0,4.61202908e-05,4.61202908e-05,1.0663816e-07,20,0.116653442,/Users/chrisharing/Desktop/CCS_complex_coupled_systems/Repo/HardDisks/hspist3/experiments_energy_transfer/level2_fast1sigma_20260918/u10/tr_9287.csv,19.1166534,19,1,"./00ALLINONE_ramp --mode=edmd --experiment=energy_transfer --headless --quiet --edmd-acc=0 --seed-drift-order=drift-first --energy-transfer-summary=experiments_energy_transfer/level2_fast1sigma_20260918/u10/summary.csv --energy-transfer-trace=experiments_energy_transfer/level2_fast1sigma_20260918/u10/tr_9287.csv --particles=100 --particles-boxes=50,50 --particle-radius=0.5 --l0=39.25 --height=10 --num-walls=1 --wall-positions=39.25 --wall-mass-factors=1000000000 --piston-right-protocol-mode=step --velocity-right-piston-step=10 --max-right-piston-travel=0.75 --auto-piston-step --wall-hold-steps=12000 --steps=12500 --fixed-dt=0.4 --energy-measurement --eff-output=wall-ke --kbt1 --seed=9287",9287
2026-09-18 12:52:32,energy_transfer,edmd,12500,12000,0.0166666669,39.25,10,100,0.5,nan,0.100050721,0.100050721,1,39.25,1e+09,50;50,1,0.0416666667,1,1,0.00999999978,100,1000,nan,39.25,1,step,77.75,-10,step,0.75,10,nan,nan,10,nan,nan,381.836209,0.00367832114,9.6332434e-06,0.999990367,381.832531,3.51014506e-09,3.56333803e-05,3.56298702e-05,9.33119211e-08,20,0.116653442,/Users/chrisharing/Desktop/CCS_complex_coupled_systems/Repo/HardDisks/hspist3/experiments_energy_transfer/level2_fast1sigma_20260918/u10/tr_9289.csv,20.0333252,19.9166718,1,"./00ALLINONE_ramp --mode=edmd --experiment=energy_transfer --headless --quiet --edmd-acc=0 --seed-drift-order=drift-first --energy-transfer-summary=experiments_energy_transfer/level2_fast1sigma_20260918/u10/summary.csv --energy-transfer-trace=experiments_energy_transfer/level2_fast1sigma_20260918/u10/tr_9289.csv --particles=100 --particles-boxes=50,50 --particle-radius=0.5 --l0=39.25 --height=10 --num-walls=1 --wall-positions=39.25 --wall-mass-factors=1000000000 --piston-right-protocol-mode=step --velocity-right-piston-step=10 --max-right-piston-travel=0.75 --auto-piston-step --wall-hold-steps=12000 --steps=12500 --fixed-dt=0.4 --energy-measurement --eff-output=wall-ke --kbt1 --seed=9289",9289
2026-09-18 12:52:32,energy_transfer,edmd,12500,12000,0.0166666669,39.25,10,100,0.5,nan,0.100050721,0.100050721,1,39.25,1e+09,50;50,1,0.0416666667,1,1,0.00999999978,100,1000,nan,39.25,1,step,77.75,-10,step,0.75,10,nan,nan,10,nan,nan,458.952602,0.00526556745,1.14730093e-05,0.999988527,458.947337,0,6.41624356e-05,6.41624356e-05,1.39801878e-07,20,0.116653442,/Users/chrisharing/Desktop/CCS_complex_coupled_systems/Repo/HardDisks/hspist3/experiments_energy_transfer/level2_fast1sigma_20260918/u10/tr_9290.csv,19.6499939,19.5333405,1,"./00ALLINONE_ramp --mode=edmd --experiment=energy_transfer --headless --quiet --edmd-acc=0 --seed-drift-order=drift-first --energy-transfer-summary=experiments_energy_transfer/level2_fast1sigma_20260918/u10/summary.csv --energy-transfer-trace=experiments_energy_transfer/level2_fast1sigma_20260918/u10/tr_9290.csv --particles=100 --particles-boxes=50,50 --particle-radius=0.5 --l0=39.25 --height=10 --num-walls=1 --wall-positions=39.25 --wall-mass-factors=1000000000 --piston-right-protocol-mode=step --velocity-right-piston-step=10 --max-right-piston-travel=0.75 --auto-piston-step --wall-hold-steps=12000 --steps=12500 --fixed-dt=0.4 --energy-measurement --eff-output=wall-ke --kbt1 --seed=9290",9290
2026-09-18 12:52:33,energy_transfer,edmd,12500,12000,0.0166666669,39.25,10,100,0.5,nan,0.100050721,0.100050721,1,39.25,1e+09,50;50,1,0.0416666667,1,1,0.00999999978,100,1000,nan,39.25,1,step,77.75,-10,step,0.75,10,nan,nan,10,nan,nan,4.3708859e-16,2.34385851e-07,536243354,-536243353,-2.34385851e-07,0,4.52524134e-08,4.52524134e-08,103531445,20,0.116653442,/Users/chrisharing/Desktop/CCS_complex_coupled_systems/Repo/HardDisks/hspist3/experiments_energy_transfer/level2_fast1sigma_20260918/u10/tr_9295.csv,6.73332214,6.6166687,0,"./00ALLINONE_ramp --mode=edmd --experiment=energy_transfer --headless --quiet --edmd-acc=0 --seed-drift-order=drift-first --energy-transfer-summary=experiments_energy_transfer/level2_fast1sigma_20260918/u10/summary.csv --energy-transfer-trace=experiments_energy_transfer/level2_fast1sigma_20260918/u10/tr_9295.csv --particles=100 --particles-boxes=50,50 --particle-radius=0.5 --l0=39.25 --height=10 --num-walls=1 --wall-positions=39.25 --wall-mass-factors=1000000000 --piston-right-protocol-mode=step --velocity-right-piston-step=10 --max-right-piston-travel=0.75 --auto-piston-step --wall-hold-steps=12000 --steps=12500 --fixed-dt=0.4 --energy-measurement --eff-output=wall-ke --kbt1 --seed=9295",9295
2026-09-18 12:52:33,energy_transfer,edmd,12500,12000,0.0166666669,39.25,10,100,0.5,nan,0.100050721,0.100050721,1,39.25,1e+09,50;50,1,0.0416666667,1,1,0.00999999978,100,1000,nan,39.25,1,step,77.75,-10,step,0.75,10,nan,nan,10,nan,nan,3.69239701e-16,2.15328555e-07,583167397,-583167396,-2.15328555e-07,0,2.64850968e-08,2.64850968e-08,71728735.4,20,0.116653442,/Users/chrisharing/Desktop/CCS_complex_coupled_systems/Repo/HardDisks/hspist3/experiments_energy_transfer/level2_fast1sigma_20260918/u10/tr_9296.csv,17.9999847,17.8833313,0,"./00ALLINONE_ramp --mode=edmd --experiment=energy_transfer --headless --quiet --edmd-acc=0 --seed-drift-order=drift-first --energy-transfer-summary=experiments_energy_transfer/level2_fast1sigma_20260918/u10/summary.csv --energy-transfer-trace=experiments_energy_transfer/level2_fast1sigma_20260918/u10/tr_9296.csv --particles=100 --particles-boxes=50,50 --particle-radius=0.5 --l0=39.25 --height=10 --num-walls=1 --wall-positions=39.25 --wall-mass-factors=1000000000 --piston-right-protocol-mode=step --velocity-right-piston-step=10 --max-right-piston-travel=0.75 --auto-piston-step --wall-hold-steps=12000 --steps=12500 --fixed-dt=0.4 --energy-measurement --eff-output=wall-ke --kbt1 --seed=9296",9296
2026-09-18 12:52:33,energy_transfer,edmd,12500,12000,0.0166666669,39.25,10,100,0.5,nan,0.100050721,0.100050721,1,39.25,1e+09,50;50,1,0.0416666667,1,1,0.00999999978,100,1000,nan,39.25,1,step,77.75,-10,step,0.75,10,nan,nan,10,nan,nan,361.054675,0.00329922559,9.1377451e-06,0.999990862,361.051376,2.32474551e-09,3.00482334e-05,3.00459086e-05,8.32170602e-08,20,0.116653442,/Users/chrisharing/Desktop/CCS_complex_coupled_systems/Repo/HardDisks/hspist3/experiments_energy_transfer/level2_fast1sigma_20260918/u10/tr_9293.csv,19.8666534,19.75,1,"./00ALLINONE_ramp --mode=edmd --experiment=energy_transfer --headless --quiet --edmd-acc=0 --seed-drift-order=drift-first --energy-transfer-summary=experiments_energy_transfer/level2_fast1sigma_20260918/u10/summary.csv --energy-transfer-trace=experiments_energy_transfer/level2_fast1sigma_20260918/u10/tr_9293.csv --particles=100 --particles-boxes=50,50 --particle-radius=0.5 --l0=39.25 --height=10 --num-walls=1 --wall-positions=39.25 --wall-mass-factors=1000000000 --piston-right-protocol-mode=step --velocity-right-piston-step=10 --max-right-piston-travel=0.75 --auto-piston-step --wall-hold-steps=12000 --steps=12500 --fixed-dt=0.4 --energy-measurement --eff-output=wall-ke --kbt1 --seed=9293",9293
2026-09-18 12:52:33,energy_transfer,edmd,12500,12000,0.0166666669,39.25,10,100,0.5,nan,0.100050721,0.100050721,1,39.25,1e+09,50;50,1,0.0416666667,1,1,0.00999999978,100,1000,nan,39.25,1,step,77.75,-10,step,0.75,10,nan,nan,10,nan,nan,204.954611,0.000998579548,4.87219849e-06,0.999995128,204.953613,0,6.78602873e-06,6.78602873e-06,3.310991e-08,20,0.116653442,/Users/chrisharing/Desktop/CCS_complex_coupled_systems/Repo/HardDisks/hspist3/experiments_energy_transfer/level2_fast1sigma_20260918/u10/tr_9298.csv,18.3333282,18.2166748,1,"./00ALLINONE_ramp --mode=edmd --experiment=energy_transfer --headless --quiet --edmd-acc=0 --seed-drift-order=drift-first --energy-transfer-summary=experiments_energy_transfer/level2_fast1sigma_20260918/u10/summary.csv --energy-transfer-trace=experiments_energy_transfer/level2_fast1sigma_20260918/u10/tr_9298.csv --particles=100 --particles-boxes=50,50 --particle-radius=0.5 --l0=39.25 --height=10 --num-walls=1 --wall-positions=39.25 --wall-mass-factors=1000000000 --piston-right-protocol-mode=step --velocity-right-piston-step=10 --max-right-piston-travel=0.75 --auto-piston-step --wall-hold-steps=12000 --steps=12500 --fixed-dt=0.4 --energy-measurement --eff-output=wall-ke --kbt1 --seed=9298",9298
2026-09-18 12:52:33,energy_transfer,edmd,12500,12000,0.0166666669,39.25,10,100,0.5,nan,0.100050721,0.100050721,1,39.25,1e+09,50;50,1,0.0416666667,1,1,0.00999999978,100,1000,nan,39.25,1,step,77.75,-10,step,0.75,10,nan,nan,10,nan,nan,395.532983,0.00402562181,1.01777146e-05,0.999989822,395.528958,0,3.92546644e-05,3.92546644e-05,9.92449836e-08,20,0.116653442,/Users/chrisharing/Desktop/CCS_complex_coupled_systems/Repo/HardDisks/hspist3/experiments_energy_transfer/level2_fast1sigma_20260918/u10/tr_9294.csv,19.9999847,19.8833313,1,"./00ALLINONE_ramp --mode=edmd --experiment=energy_transfer --headless --quiet --edmd-acc=0 --seed-drift-order=drift-first --energy-transfer-summary=experiments_energy_transfer/level2_fast1sigma_20260918/u10/summary.csv --energy-transfer-trace=experiments_energy_transfer/level2_fast1sigma_20260918/u10/tr_9294.csv --particles=100 --particles-boxes=50,50 --particle-radius=0.5 --l0=39.25 --height=10 --num-walls=1 --wall-positions=39.25 --wall-mass-factors=1000000000 --piston-right-protocol-mode=step --velocity-right-piston-step=10 --max-right-piston-travel=0.75 --auto-piston-step --wall-hold-steps=12000 --steps=12500 --fixed-dt=0.4 --energy-measurement --eff-output=wall-ke --kbt1 --seed=9294",9294
2026-09-18 12:52:33,energy_transfer,edmd,12500,12000,0.0166666669,39.25,10,100,0.5,nan,0.100050721,0.100050721,1,39.25,1e+09,50;50,1,0.0416666667,1,1,0.00999999978,100,1000,nan,39.25,1,step,77.75,-10,step,0.75,10,nan,nan,10,nan,nan,222.788013,0.00127238163,5.71117636e-06,0.999994289,222.786741,0,1.36845802e-05,1.36845802e-05,6.1424221e-08,20,0.116653442,/Users/chrisharing/Desktop/CCS_complex_coupled_systems/Repo/HardDisks/hspist3/experiments_energy_transfer/level2_fast1sigma_20260918/u10/tr_9299.csv,19.9333191,19.8166656,1,"./00ALLINONE_ramp --mode=edmd --experiment=energy_transfer --headless --quiet --edmd-acc=0 --seed-drift-order=drift-first --energy-transfer-summary=experiments_energy_transfer/level2_fast1sigma_20260918/u10/summary.csv --energy-transfer-trace=experiments_energy_transfer/level2_fast1sigma_20260918/u10/tr_9299.csv --particles=100 --particles-boxes=50,50 --particle-radius=0.5 --l0=39.25 --height=10 --num-walls=1 --wall-positions=39.25 --wall-mass-factors=1000000000 --piston-right-protocol-mode=step --velocity-right-piston-step=10 --max-right-piston-travel=0.75 --auto-piston-step --wall-hold-steps=12000 --steps=12500 --fixed-dt=0.4 --energy-measurement --eff-output=wall-ke --kbt1 --seed=9299",9299
2026-09-18 12:52:33,energy_transfer,edmd,12500,12000,0.0166666669,39.25,10,100,0.5,nan,0.100050721,0.100050721,1,39.25,1e+09,50;50,1,0.0416666667,1,1,0.00999999978,100,1000,nan,39.25,1,step,77.75,-10,step,0.75,10,nan,nan,10,nan,nan,678.661422,0.0112698209,1.66059547e-05,0.999983394,678.650152,0,0.000119979006,0.000119979006,1.76787721e-07,20,0.116653442,/Users/chrisharing/Desktop/CCS_complex_coupled_systems/Repo/HardDisks/hspist3/experiments_energy_transfer/level2_fast1sigma_20260918/u10/tr_9292.csv,19.5999908,19.4833374,1,"./00ALLINONE_ramp --mode=edmd --experiment=energy_transfer --headless --quiet --edmd-acc=0 --seed-drift-order=drift-first --energy-transfer-summary=experiments_energy_transfer/level2_fast1sigma_20260918/u10/summary.csv --energy-transfer-trace=experiments_energy_transfer/level2_fast1sigma_20260918/u10/tr_9292.csv --particles=100 --particles-boxes=50,50 --particle-radius=0.5 --l0=39.25 --height=10 --num-walls=1 --wall-positions=39.25 --wall-mass-factors=1000000000 --piston-right-protocol-mode=step --velocity-right-piston-step=10 --max-right-piston-travel=0.75 --auto-piston-step --wall-hold-steps=12000 --steps=12500 --fixed-dt=0.4 --energy-measurement --eff-output=wall-ke --kbt1 --seed=9292",9292
2026-09-18 12:52:33,energy_transfer,edmd,12500,12000,0.0166666669,39.25,10,100,0.5,nan,0.100050721,0.100050721,1,39.25,1e+09,50;50,1,0.0416666667,1,1,0.00999999978,100,1000,nan,39.25,1,step,77.75,-10,step,0.75,10,nan,nan,10,nan,nan,584.855093,0.00878616795,1.50228117e-05,0.999984977,584.846307,0,0.000104239232,0.000104239232,1.7823087e-07,20,0.116653442,/Users/chrisharing/Desktop/CCS_complex_coupled_systems/Repo/HardDisks/hspist3/experiments_energy_transfer/level2_fast1sigma_20260918/u10/tr_9297.csv,20.0833282,19.9666748,1,"./00ALLINONE_ramp --mode=edmd --experiment=energy_transfer --headless --quiet --edmd-acc=0 --seed-drift-order=drift-first --energy-transfer-summary=experiments_energy_transfer/level2_fast1sigma_20260918/u10/summary.csv --energy-transfer-trace=experiments_energy_transfer/level2_fast1sigma_20260918/u10/tr_9297.csv --particles=100 --particles-boxes=50,50 --particle-radius=0.5 --l0=39.25 --height=10 --num-walls=1 --wall-positions=39.25 --wall-mass-factors=1000000000 --piston-right-protocol-mode=step --velocity-right-piston-step=10 --max-right-piston-travel=0.75 --auto-piston-step --wall-hold-steps=12000 --steps=12500 --fixed-dt=0.4 --energy-measurement --eff-output=wall-ke --kbt1 --seed=9297",9297
