timestamp,mode,sim_mode,steps_after_release,wall_hold_steps,dt_sigma,L0,height,particles_total,radius_sigma,eta_input,eta_nominal,eta_particles_region,num_walls,wall_positions_cli,wall_mass_factors_cli,particles_boxes_cli,wall_thickness_sigma,wall_thickness_vis_sigma,kbt1,kBT,kB_effective,temperature_runtime,spring_k,spring_eq_sigma,spring_eq_sigma_effective,piston_auto,piston_protocol,piston_target_sigma,piston_speed_px,piston_right_protocol_mode,piston_right_travel_sigma,piston_right_v_step_constant,piston_right_v0,piston_right_v_gradient,piston_right_vmax,piston_right_duration,piston_right_sigmoid_steepness,W_in_max,W_out_max,ratio,loss_fraction,total_loss,springE_stop,springE_peak_win,W_out_peak_win,ratio_win,eff_window_T,piston_stop_t_rel,trace_path,spring_peak_t_rel,spring_peak_dt,spring_peak_near_end,command,seed
2026-09-18 12:50:38,energy_transfer,edmd,12500,12000,0.0166666669,39.25,10,100,0.5,nan,0.100050721,0.100050721,1,39.25,1e+09,50;50,1,0.0416666667,1,1,0.00999999978,100,1000,nan,39.25,1,step,71.5700022,-3,step,6.92999983,3,nan,nan,3,nan,nan,147.521931,0.000988488435,6.70062024e-06,0.999993299,147.520942,2.54061633e-10,1.13338419e-05,1.13335879e-05,7.68264612e-08,20,2.41665649,/Users/chrisharing/Desktop/CCS_complex_coupled_systems/Repo/HardDisks/hspist3/experiments_energy_transfer/level2_fast_20260918/u3/tr_9200.csv,22.0499878,19.6333313,1,"./00ALLINONE_ramp --mode=edmd --experiment=energy_transfer --headless --quiet --edmd-acc=0 --seed-drift-order=drift-first --energy-transfer-summary=experiments_energy_transfer/level2_fast_20260918/u3/summary.csv --energy-transfer-trace=experiments_energy_transfer/level2_fast_20260918/u3/tr_9200.csv --particles=100 --particles-boxes=50,50 --particle-radius=0.5 --l0=39.25 --height=10 --num-walls=1 --wall-positions=39.25 --wall-mass-factors=1000000000 --piston-right-protocol-mode=step --velocity-right-piston-step=3 --max-right-piston-travel=6.93 --auto-piston-step --wall-hold-steps=12000 --steps=12500 --fixed-dt=0.4 --energy-measurement --eff-output=wall-ke --kbt1 --seed=9200",9200
2026-09-18 12:50:38,energy_transfer,edmd,12500,12000,0.0166666669,39.25,10,100,0.5,nan,0.100050721,0.100050721,1,39.25,1e+09,50;50,1,0.0416666667,1,1,0.00999999978,100,1000,nan,39.25,1,step,71.5700022,-3,step,6.92999983,3,nan,nan,3,nan,nan,103.529806,0.000510065176,4.92674712e-06,0.999995073,103.529296,2.19985918e-09,7.21257129e-06,7.21037143e-06,6.96453676e-08,20,2.41665649,/Users/chrisharing/Desktop/CCS_complex_coupled_systems/Repo/HardDisks/hspist3/experiments_energy_transfer/level2_fast_20260918/u3/tr_9201.csv,21.5166626,19.1000061,1,"./00ALLINONE_ramp --mode=edmd --experiment=energy_transfer --headless --quiet --edmd-acc=0 --seed-drift-order=drift-first --energy-transfer-summary=experiments_energy_transfer/level2_fast_20260918/u3/summary.csv --energy-transfer-trace=experiments_energy_transfer/level2_fast_20260918/u3/tr_9201.csv --particles=100 --particles-boxes=50,50 --particle-radius=0.5 --l0=39.25 --height=10 --num-walls=1 --wall-positions=39.25 --wall-mass-factors=1000000000 --piston-right-protocol-mode=step --velocity-right-piston-step=3 --max-right-piston-travel=6.93 --auto-piston-step --wall-hold-steps=12000 --steps=12500 --fixed-dt=0.4 --energy-measurement --eff-output=wall-ke --kbt1 --seed=9201",9201
2026-09-18 12:50:38,energy_transfer,edmd,12500,12000,0.0166666669,39.25,10,100,0.5,nan,0.100050721,0.100050721,1,39.25,1e+09,50;50,1,0.0416666667,1,1,0.00999999978,100,1000,nan,39.25,1,step,71.5700022,-3,step,6.92999983,3,nan,nan,3,nan,nan,143.467469,0.00102631841,7.15366638e-06,0.999992846,143.466442,6.26446672e-11,1.46597631e-05,1.46597005e-05,1.02181356e-07,20,2.41665649,/Users/chrisharing/Desktop/CCS_complex_coupled_systems/Repo/HardDisks/hspist3/experiments_energy_transfer/level2_fast_20260918/u3/tr_9202.csv,21.7833252,19.3666687,1,"./00ALLINONE_ramp --mode=edmd --experiment=energy_transfer --headless --quiet --edmd-acc=0 --seed-drift-order=drift-first --energy-transfer-summary=experiments_energy_transfer/level2_fast_20260918/u3/summary.csv --energy-transfer-trace=experiments_energy_transfer/level2_fast_20260918/u3/tr_9202.csv --particles=100 --particles-boxes=50,50 --particle-radius=0.5 --l0=39.25 --height=10 --num-walls=1 --wall-positions=39.25 --wall-mass-factors=1000000000 --piston-right-protocol-mode=step --velocity-right-piston-step=3 --max-right-piston-travel=6.93 --auto-piston-step --wall-hold-steps=12000 --steps=12500 --fixed-dt=0.4 --energy-measurement --eff-output=wall-ke --kbt1 --seed=9202",9202
2026-09-18 12:50:38,energy_transfer,edmd,12500,12000,0.0166666669,39.25,10,100,0.5,nan,0.100050721,0.100050721,1,39.25,1e+09,50;50,1,0.0416666667,1,1,0.00999999978,100,1000,nan,39.25,1,step,71.5700022,-3,step,6.92999983,3,nan,nan,3,nan,nan,133.193754,0.000850014098,6.38178646e-06,0.999993618,133.192904,8.46613446e-09,8.30454064e-06,8.29607451e-06,6.22857622e-08,20,2.41665649,/Users/chrisharing/Desktop/CCS_complex_coupled_systems/Repo/HardDisks/hspist3/experiments_energy_transfer/level2_fast_20260918/u3/tr_9203.csv,22.2666626,19.8500061,1,"./00ALLINONE_ramp --mode=edmd --experiment=energy_transfer --headless --quiet --edmd-acc=0 --seed-drift-order=drift-first --energy-transfer-summary=experiments_energy_transfer/level2_fast_20260918/u3/summary.csv --energy-transfer-trace=experiments_energy_transfer/level2_fast_20260918/u3/tr_9203.csv --particles=100 --particles-boxes=50,50 --particle-radius=0.5 --l0=39.25 --height=10 --num-walls=1 --wall-positions=39.25 --wall-mass-factors=1000000000 --piston-right-protocol-mode=step --velocity-right-piston-step=3 --max-right-piston-travel=6.93 --auto-piston-step --wall-hold-steps=12000 --steps=12500 --fixed-dt=0.4 --energy-measurement --eff-output=wall-ke --kbt1 --seed=9203",9203
2026-09-18 12:50:38,energy_transfer,edmd,12500,12000,0.0166666669,39.25,10,100,0.5,nan,0.100050721,0.100050721,1,39.25,1e+09,50;50,1,0.0416666667,1,1,0.00999999978,100,1000,nan,39.25,1,step,71.5700022,-3,step,6.92999983,3,nan,nan,3,nan,nan,142.525941,0.000952520175,6.6831355e-06,0.999993317,142.524988,3.10240189e-09,9.13380063e-06,9.13069823e-06,6.40634131e-08,20,2.41665649,/Users/chrisharing/Desktop/CCS_complex_coupled_systems/Repo/HardDisks/hspist3/experiments_energy_transfer/level2_fast_20260918/u3/tr_9205.csv,22.2666626,19.8500061,1,"./00ALLINONE_ramp --mode=edmd --experiment=energy_transfer --headless --quiet --edmd-acc=0 --seed-drift-order=drift-first --energy-transfer-summary=experiments_energy_transfer/level2_fast_20260918/u3/summary.csv --energy-transfer-trace=experiments_energy_transfer/level2_fast_20260918/u3/tr_9205.csv --particles=100 --particles-boxes=50,50 --particle-radius=0.5 --l0=39.25 --height=10 --num-walls=1 --wall-positions=39.25 --wall-mass-factors=1000000000 --piston-right-protocol-mode=step --velocity-right-piston-step=3 --max-right-piston-travel=6.93 --auto-piston-step --wall-hold-steps=12000 --steps=12500 --fixed-dt=0.4 --energy-measurement --eff-output=wall-ke --kbt1 --seed=9205",9205
2026-09-18 12:50:38,energy_transfer,edmd,12500,12000,0.0166666669,39.25,10,100,0.5,nan,0.100050721,0.100050721,1,39.25,1e+09,50;50,1,0.0416666667,1,1,0.00999999978,100,1000,nan,39.25,1,step,71.5700022,-3,step,6.92999983,3,nan,nan,3,nan,nan,201.167317,0.00178429694,8.86971584e-06,0.99999113,201.165533,3.93870785e-08,2.18347868e-05,2.17953997e-05,1.08344636e-07,20,2.41665649,/Users/chrisharing/Desktop/CCS_complex_coupled_systems/Repo/HardDisks/hspist3/experiments_energy_transfer/level2_fast_20260918/u3/tr_9207.csv,22.0666656,19.6500092,1,"./00ALLINONE_ramp --mode=edmd --experiment=energy_transfer --headless --quiet --edmd-acc=0 --seed-drift-order=drift-first --energy-transfer-summary=experiments_energy_transfer/level2_fast_20260918/u3/summary.csv --energy-transfer-trace=experiments_energy_transfer/level2_fast_20260918/u3/tr_9207.csv --particles=100 --particles-boxes=50,50 --particle-radius=0.5 --l0=39.25 --height=10 --num-walls=1 --wall-positions=39.25 --wall-mass-factors=1000000000 --piston-right-protocol-mode=step --velocity-right-piston-step=3 --max-right-piston-travel=6.93 --auto-piston-step --wall-hold-steps=12000 --steps=12500 --fixed-dt=0.4 --energy-measurement --eff-output=wall-ke --kbt1 --seed=9207",9207
2026-09-18 12:50:38,energy_transfer,edmd,12500,12000,0.0166666669,39.25,10,100,0.5,nan,0.100050721,0.100050721,1,39.25,1e+09,50;50,1,0.0416666667,1,1,0.00999999978,100,1000,nan,39.25,1,step,71.5700022,-3,step,6.92999983,3,nan,nan,3,nan,nan,249.969369,0.00275289128,1.10129145e-05,0.999988987,249.966616,2.28252431e-10,3.15837533e-05,3.1583525e-05,1.26349581e-07,20,2.41665649,/Users/chrisharing/Desktop/CCS_complex_coupled_systems/Repo/HardDisks/hspist3/experiments_energy_transfer/level2_fast_20260918/u3/tr_9204.csv,22.1833191,19.7666626,1,"./00ALLINONE_ramp --mode=edmd --experiment=energy_transfer --headless --quiet --edmd-acc=0 --seed-drift-order=drift-first --energy-transfer-summary=experiments_energy_transfer/level2_fast_20260918/u3/summary.csv --energy-transfer-trace=experiments_energy_transfer/level2_fast_20260918/u3/tr_9204.csv --particles=100 --particles-boxes=50,50 --particle-radius=0.5 --l0=39.25 --height=10 --num-walls=1 --wall-positions=39.25 --wall-mass-factors=1000000000 --piston-right-protocol-mode=step --velocity-right-piston-step=3 --max-right-piston-travel=6.93 --auto-piston-step --wall-hold-steps=12000 --steps=12500 --fixed-dt=0.4 --energy-measurement --eff-output=wall-ke --kbt1 --seed=9204",9204
2026-09-18 12:50:38,energy_transfer,edmd,12500,12000,0.0166666669,39.25,10,100,0.5,nan,0.100050721,0.100050721,1,39.25,1e+09,50;50,1,0.0416666667,1,1,0.00999999978,100,1000,nan,39.25,1,step,71.5700022,-3,step,6.92999983,3,nan,nan,3,nan,nan,227.348001,0.00218276936,9.60100525e-06,0.999990399,227.345819,0,2.4718971e-05,2.4718971e-05,1.08727461e-07,20,2.41665649,/Users/chrisharing/Desktop/CCS_complex_coupled_systems/Repo/HardDisks/hspist3/experiments_energy_transfer/level2_fast_20260918/u3/tr_9206.csv,22.2833252,19.8666687,1,"./00ALLINONE_ramp --mode=edmd --experiment=energy_transfer --headless --quiet --edmd-acc=0 --seed-drift-order=drift-first --energy-transfer-summary=experiments_energy_transfer/level2_fast_20260918/u3/summary.csv --energy-transfer-trace=experiments_energy_transfer/level2_fast_20260918/u3/tr_9206.csv --particles=100 --particles-boxes=50,50 --particle-radius=0.5 --l0=39.25 --height=10 --num-walls=1 --wall-positions=39.25 --wall-mass-factors=1000000000 --piston-right-protocol-mode=step --velocity-right-piston-step=3 --max-right-piston-travel=6.93 --auto-piston-step --wall-hold-steps=12000 --steps=12500 --fixed-dt=0.4 --energy-measurement --eff-output=wall-ke --kbt1 --seed=9206",9206
2026-09-18 12:50:38,energy_transfer,edmd,12500,12000,0.0166666669,39.25,10,100,0.5,nan,0.100050721,0.100050721,1,39.25,1e+09,50;50,1,0.0416666667,1,1,0.00999999978,100,1000,nan,39.25,1,step,71.5700022,-3,step,6.92999983,3,nan,nan,3,nan,nan,207.032169,0.0018439499,8.90658638e-06,0.999991093,207.030325,8.23389065e-11,2.60993911e-05,2.60993088e-05,1.26064026e-07,20,2.41665649,/Users/chrisharing/Desktop/CCS_complex_coupled_systems/Repo/HardDisks/hspist3/experiments_energy_transfer/level2_fast_20260918/u3/tr_9209.csv,21.2999878,18.8833313,1,"./00ALLINONE_ramp --mode=edmd --experiment=energy_transfer --headless --quiet --edmd-acc=0 --seed-drift-order=drift-first --energy-transfer-summary=experiments_energy_transfer/level2_fast_20260918/u3/summary.csv --energy-transfer-trace=experiments_energy_transfer/level2_fast_20260918/u3/tr_9209.csv --particles=100 --particles-boxes=50,50 --particle-radius=0.5 --l0=39.25 --height=10 --num-walls=1 --wall-positions=39.25 --wall-mass-factors=1000000000 --piston-right-protocol-mode=step --velocity-right-piston-step=3 --max-right-piston-travel=6.93 --auto-piston-step --wall-hold-steps=12000 --steps=12500 --fixed-dt=0.4 --energy-measurement --eff-output=wall-ke --kbt1 --seed=9209",9209
2026-09-18 12:50:38,energy_transfer,edmd,12500,12000,0.0166666669,39.25,10,100,0.5,nan,0.100050721,0.100050721,1,39.25,1e+09,50;50,1,0.0416666667,1,1,0.00999999978,100,1000,nan,39.25,1,step,71.5700022,-3,step,6.92999983,3,nan,nan,3,nan,nan,102.516333,0.000542739639,5.29417728e-06,0.999994706,102.51579,1.62028559e-08,6.82112204e-06,6.80491919e-06,6.63788785e-08,20,2.41665649,/Users/chrisharing/Desktop/CCS_complex_coupled_systems/Repo/HardDisks/hspist3/experiments_energy_transfer/level2_fast_20260918/u3/tr_9208.csv,22.1999969,19.7833405,1,"./00ALLINONE_ramp --mode=edmd --experiment=energy_transfer --headless --quiet --edmd-acc=0 --seed-drift-order=drift-first --energy-transfer-summary=experiments_energy_transfer/level2_fast_20260918/u3/summary.csv --energy-transfer-trace=experiments_energy_transfer/level2_fast_20260918/u3/tr_9208.csv --particles=100 --particles-boxes=50,50 --particle-radius=0.5 --l0=39.25 --height=10 --num-walls=1 --wall-positions=39.25 --wall-mass-factors=1000000000 --piston-right-protocol-mode=step --velocity-right-piston-step=3 --max-right-piston-travel=6.93 --auto-piston-step --wall-hold-steps=12000 --steps=12500 --fixed-dt=0.4 --energy-measurement --eff-output=wall-ke --kbt1 --seed=9208",9208
2026-09-18 12:50:38,energy_transfer,edmd,12500,12000,0.0166666669,39.25,10,100,0.5,nan,0.100050721,0.100050721,1,39.25,1e+09,50;50,1,0.0416666667,1,1,0.00999999978,100,1000,nan,39.25,1,step,71.5700022,-3,step,6.92999983,3,nan,nan,3,nan,nan,173.71188,0.00132127223,7.60611323e-06,0.999992394,173.710558,9.72489911e-09,1.35391911e-05,1.35294662e-05,7.78845189e-08,20,2.41665649,/Users/chrisharing/Desktop/CCS_complex_coupled_systems/Repo/HardDisks/hspist3/experiments_energy_transfer/level2_fast_20260918/u3/tr_9211.csv,22.2499847,19.8333282,1,"./00ALLINONE_ramp --mode=edmd --experiment=energy_transfer --headless --quiet --edmd-acc=0 --seed-drift-order=drift-first --energy-transfer-summary=experiments_energy_transfer/level2_fast_20260918/u3/summary.csv --energy-transfer-trace=experiments_energy_transfer/level2_fast_20260918/u3/tr_9211.csv --particles=100 --particles-boxes=50,50 --particle-radius=0.5 --l0=39.25 --height=10 --num-walls=1 --wall-positions=39.25 --wall-mass-factors=1000000000 --piston-right-protocol-mode=step --velocity-right-piston-step=3 --max-right-piston-travel=6.93 --auto-piston-step --wall-hold-steps=12000 --steps=12500 --fixed-dt=0.4 --energy-measurement --eff-output=wall-ke --kbt1 --seed=9211",9211
2026-09-18 12:50:38,energy_transfer,edmd,12500,12000,0.0166666669,39.25,10,100,0.5,nan,0.100050721,0.100050721,1,39.25,1e+09,50;50,1,0.0416666667,1,1,0.00999999978,100,1000,nan,39.25,1,step,71.5700022,-3,step,6.92999983,3,nan,nan,3,nan,nan,164.986412,0.0011798417,7.15114462e-06,0.999992849,164.985233,3.03311087e-09,1.48040117e-05,1.48009786e-05,8.9710288e-08,20,2.41665649,/Users/chrisharing/Desktop/CCS_complex_coupled_systems/Repo/HardDisks/hspist3/experiments_energy_transfer/level2_fast_20260918/u3/tr_9212.csv,22.2833252,19.8666687,1,"./00ALLINONE_ramp --mode=edmd --experiment=energy_transfer --headless --quiet --edmd-acc=0 --seed-drift-order=drift-first --energy-transfer-summary=experiments_energy_transfer/level2_fast_20260918/u3/summary.csv --energy-transfer-trace=experiments_energy_transfer/level2_fast_20260918/u3/tr_9212.csv --particles=100 --particles-boxes=50,50 --particle-radius=0.5 --l0=39.25 --height=10 --num-walls=1 --wall-positions=39.25 --wall-mass-factors=1000000000 --piston-right-protocol-mode=step --velocity-right-piston-step=3 --max-right-piston-travel=6.93 --auto-piston-step --wall-hold-steps=12000 --steps=12500 --fixed-dt=0.4 --energy-measurement --eff-output=wall-ke --kbt1 --seed=9212",9212
2026-09-18 12:50:38,energy_transfer,edmd,12500,12000,0.0166666669,39.25,10,100,0.5,nan,0.100050721,0.100050721,1,39.25,1e+09,50;50,1,0.0416666667,1,1,0.00999999978,100,1000,nan,39.25,1,step,71.5700022,-3,step,6.92999983,3,nan,nan,3,nan,nan,121.159697,0.000715356437,5.9042442e-06,0.999994096,121.158981,9.61991464e-09,7.00683586e-06,6.99721594e-06,5.77520094e-08,20,2.41665649,/Users/chrisharing/Desktop/CCS_complex_coupled_systems/Repo/HardDisks/hspist3/experiments_energy_transfer/level2_fast_20260918/u3/tr_9213.csv,19.4833221,17.0666656,0,"./00ALLINONE_ramp --mode=edmd --experiment=energy_transfer --headless --quiet --edmd-acc=0 --seed-drift-order=drift-first --energy-transfer-summary=experiments_energy_transfer/level2_fast_20260918/u3/summary.csv --energy-transfer-trace=experiments_energy_transfer/level2_fast_20260918/u3/tr_9213.csv --particles=100 --particles-boxes=50,50 --particle-radius=0.5 --l0=39.25 --height=10 --num-walls=1 --wall-positions=39.25 --wall-mass-factors=1000000000 --piston-right-protocol-mode=step --velocity-right-piston-step=3 --max-right-piston-travel=6.93 --auto-piston-step --wall-hold-steps=12000 --steps=12500 --fixed-dt=0.4 --energy-measurement --eff-output=wall-ke --kbt1 --seed=9213",9213
2026-09-18 12:50:38,energy_transfer,edmd,12500,12000,0.0166666669,39.25,10,100,0.5,nan,0.100050721,0.100050721,1,39.25,1e+09,50;50,1,0.0416666667,1,1,0.00999999978,100,1000,nan,39.25,1,step,71.5700022,-3,step,6.92999983,3,nan,nan,3,nan,nan,128.357785,0.000831563957,6.47848478e-06,0.999993522,128.356954,1.6922618e-08,9.50371941e-06,9.48679679e-06,7.39090098e-08,20,2.41665649,/Users/chrisharing/Desktop/CCS_complex_coupled_systems/Repo/HardDisks/hspist3/experiments_energy_transfer/level2_fast_20260918/u3/tr_9214.csv,22.0833282,19.6666718,1,"./00ALLINONE_ramp --mode=edmd --experiment=energy_transfer --headless --quiet --edmd-acc=0 --seed-drift-order=drift-first --energy-transfer-summary=experiments_energy_transfer/level2_fast_20260918/u3/summary.csv --energy-transfer-trace=experiments_energy_transfer/level2_fast_20260918/u3/tr_9214.csv --particles=100 --particles-boxes=50,50 --particle-radius=0.5 --l0=39.25 --height=10 --num-walls=1 --wall-positions=39.25 --wall-mass-factors=1000000000 --piston-right-protocol-mode=step --velocity-right-piston-step=3 --max-right-piston-travel=6.93 --auto-piston-step --wall-hold-steps=12000 --steps=12500 --fixed-dt=0.4 --energy-measurement --eff-output=wall-ke --kbt1 --seed=9214",9214
2026-09-18 12:50:38,energy_transfer,edmd,12500,12000,0.0166666669,39.25,10,100,0.5,nan,0.100050721,0.100050721,1,39.25,1e+09,50;50,1,0.0416666667,1,1,0.00999999978,100,1000,nan,39.25,1,step,71.5700022,-3,step,6.92999983,3,nan,nan,3,nan,nan,268.441373,0.00314450357,1.17139304e-05,0.999988286,268.438228,1.95682013e-08,4.16167277e-05,4.15971595e-05,1.54958079e-07,20,2.41665649,/Users/chrisharing/Desktop/CCS_complex_coupled_systems/Repo/HardDisks/hspist3/experiments_energy_transfer/level2_fast_20260918/u3/tr_9210.csv,21.7499847,19.3333282,1,"./00ALLINONE_ramp --mode=edmd --experiment=energy_transfer --headless --quiet --edmd-acc=0 --seed-drift-order=drift-first --energy-transfer-summary=experiments_energy_transfer/level2_fast_20260918/u3/summary.csv --energy-transfer-trace=experiments_energy_transfer/level2_fast_20260918/u3/tr_9210.csv --particles=100 --particles-boxes=50,50 --particle-radius=0.5 --l0=39.25 --height=10 --num-walls=1 --wall-positions=39.25 --wall-mass-factors=1000000000 --piston-right-protocol-mode=step --velocity-right-piston-step=3 --max-right-piston-travel=6.93 --auto-piston-step --wall-hold-steps=12000 --steps=12500 --fixed-dt=0.4 --energy-measurement --eff-output=wall-ke --kbt1 --seed=9210",9210
2026-09-18 12:50:38,energy_transfer,edmd,12500,12000,0.0166666669,39.25,10,100,0.5,nan,0.100050721,0.100050721,1,39.25,1e+09,50;50,1,0.0416666667,1,1,0.00999999978,100,1000,nan,39.25,1,step,71.5700022,-3,step,6.92999983,3,nan,nan,3,nan,nan,161.743351,0.00127289968,7.8698733e-06,0.99999213,161.742078,3.28573102e-09,1.12920716e-05,1.12887858e-05,6.97944352e-08,20,2.41665649,/Users/chrisharing/Desktop/CCS_complex_coupled_systems/Repo/HardDisks/hspist3/experiments_energy_transfer/level2_fast_20260918/u3/tr_9215.csv,22.1833191,19.7666626,1,"./00ALLINONE_ramp --mode=edmd --experiment=energy_transfer --headless --quiet --edmd-acc=0 --seed-drift-order=drift-first --energy-transfer-summary=experiments_energy_transfer/level2_fast_20260918/u3/summary.csv --energy-transfer-trace=experiments_energy_transfer/level2_fast_20260918/u3/tr_9215.csv --particles=100 --particles-boxes=50,50 --particle-radius=0.5 --l0=39.25 --height=10 --num-walls=1 --wall-positions=39.25 --wall-mass-factors=1000000000 --piston-right-protocol-mode=step --velocity-right-piston-step=3 --max-right-piston-travel=6.93 --auto-piston-step --wall-hold-steps=12000 --steps=12500 --fixed-dt=0.4 --energy-measurement --eff-output=wall-ke --kbt1 --seed=9215",9215
2026-09-18 12:50:38,energy_transfer,edmd,12500,12000,0.0166666669,39.25,10,100,0.5,nan,0.100050721,0.100050721,1,39.25,1e+09,50;50,1,0.0416666667,1,1,0.00999999978,100,1000,nan,39.25,1,step,71.5700022,-3,step,6.92999983,3,nan,nan,3,nan,nan,155.622057,0.00111039518,7.13520441e-06,0.999992865,155.620946,2.04602418e-10,8.88586419e-06,8.88565959e-06,5.70976877e-08,20,2.41665649,/Users/chrisharing/Desktop/CCS_complex_coupled_systems/Repo/HardDisks/hspist3/experiments_energy_transfer/level2_fast_20260918/u3/tr_9216.csv,22.0999908,19.6833344,1,"./00ALLINONE_ramp --mode=edmd --experiment=energy_transfer --headless --quiet --edmd-acc=0 --seed-drift-order=drift-first --energy-transfer-summary=experiments_energy_transfer/level2_fast_20260918/u3/summary.csv --energy-transfer-trace=experiments_energy_transfer/level2_fast_20260918/u3/tr_9216.csv --particles=100 --particles-boxes=50,50 --particle-radius=0.5 --l0=39.25 --height=10 --num-walls=1 --wall-positions=39.25 --wall-mass-factors=1000000000 --piston-right-protocol-mode=step --velocity-right-piston-step=3 --max-right-piston-travel=6.93 --auto-piston-step --wall-hold-steps=12000 --steps=12500 --fixed-dt=0.4 --energy-measurement --eff-output=wall-ke --kbt1 --seed=9216",9216
2026-09-18 12:50:38,energy_transfer,edmd,12500,12000,0.0166666669,39.25,10,100,0.5,nan,0.100050721,0.100050721,1,39.25,1e+09,50;50,1,0.0416666667,1,1,0.00999999978,100,1000,nan,39.25,1,step,71.5700022,-3,step,6.92999983,3,nan,nan,3,nan,nan,232.393893,0.00243386626,1.04730216e-05,0.999989527,232.391459,1.11216028e-11,2.30417172e-05,2.30417061e-05,9.91493614e-08,20,2.41665649,/Users/chrisharing/Desktop/CCS_complex_coupled_systems/Repo/HardDisks/hspist3/experiments_energy_transfer/level2_fast_20260918/u3/tr_9223.csv,22.2999878,19.8833313,1,"./00ALLINONE_ramp --mode=edmd --experiment=energy_transfer --headless --quiet --edmd-acc=0 --seed-drift-order=drift-first --energy-transfer-summary=experiments_energy_transfer/level2_fast_20260918/u3/summary.csv --energy-transfer-trace=experiments_energy_transfer/level2_fast_20260918/u3/tr_9223.csv --particles=100 --particles-boxes=50,50 --particle-radius=0.5 --l0=39.25 --height=10 --num-walls=1 --wall-positions=39.25 --wall-mass-factors=1000000000 --piston-right-protocol-mode=step --velocity-right-piston-step=3 --max-right-piston-travel=6.93 --auto-piston-step --wall-hold-steps=12000 --steps=12500 --fixed-dt=0.4 --energy-measurement --eff-output=wall-ke --kbt1 --seed=9223",9223
2026-09-18 12:50:38,energy_transfer,edmd,12500,12000,0.0166666669,39.25,10,100,0.5,nan,0.100050721,0.100050721,1,39.25,1e+09,50;50,1,0.0416666667,1,1,0.00999999978,100,1000,nan,39.25,1,step,71.5700022,-3,step,6.92999983,3,nan,nan,3,nan,nan,253.288298,0.00273943157,1.08154684e-05,0.999989185,253.285558,2.95963837e-10,3.73032344e-05,3.73029385e-05,1.47274623e-07,20,2.41665649,/Users/chrisharing/Desktop/CCS_complex_coupled_systems/Repo/HardDisks/hspist3/experiments_energy_transfer/level2_fast_20260918/u3/tr_9218.csv,22.3499908,19.9333344,1,"./00ALLINONE_ramp --mode=edmd --experiment=energy_transfer --headless --quiet --edmd-acc=0 --seed-drift-order=drift-first --energy-transfer-summary=experiments_energy_transfer/level2_fast_20260918/u3/summary.csv --energy-transfer-trace=experiments_energy_transfer/level2_fast_20260918/u3/tr_9218.csv --particles=100 --particles-boxes=50,50 --particle-radius=0.5 --l0=39.25 --height=10 --num-walls=1 --wall-positions=39.25 --wall-mass-factors=1000000000 --piston-right-protocol-mode=step --velocity-right-piston-step=3 --max-right-piston-travel=6.93 --auto-piston-step --wall-hold-steps=12000 --steps=12500 --fixed-dt=0.4 --energy-measurement --eff-output=wall-ke --kbt1 --seed=9218",9218
2026-09-18 12:50:39,energy_transfer,edmd,12500,12000,0.0166666669,39.25,10,100,0.5,nan,0.100050721,0.100050721,1,39.25,1e+09,50;50,1,0.0416666667,1,1,0.00999999978,100,1000,nan,39.25,1,step,71.5700022,-3,step,6.92999983,3,nan,nan,3,nan,nan,148.551437,0.000992340269,6.68011221e-06,0.99999332,148.550445,1.53854458e-08,9.25694258e-06,9.24155713e-06,6.22111594e-08,20,2.41665649,/Users/chrisharing/Desktop/CCS_complex_coupled_systems/Repo/HardDisks/hspist3/experiments_energy_transfer/level2_fast_20260918/u3/tr_9220.csv,22.3833313,19.9666748,1,"./00ALLINONE_ramp --mode=edmd --experiment=energy_transfer --headless --quiet --edmd-acc=0 --seed-drift-order=drift-first --energy-transfer-summary=experiments_energy_transfer/level2_fast_20260918/u3/summary.csv --energy-transfer-trace=experiments_energy_transfer/level2_fast_20260918/u3/tr_9220.csv --particles=100 --particles-boxes=50,50 --particle-radius=0.5 --l0=39.25 --height=10 --num-walls=1 --wall-positions=39.25 --wall-mass-factors=1000000000 --piston-right-protocol-mode=step --velocity-right-piston-step=3 --max-right-piston-travel=6.93 --auto-piston-step --wall-hold-steps=12000 --steps=12500 --fixed-dt=0.4 --energy-measurement --eff-output=wall-ke --kbt1 --seed=9220",9220
2026-09-18 12:50:39,energy_transfer,edmd,12500,12000,0.0166666669,39.25,10,100,0.5,nan,0.100050721,0.100050721,1,39.25,1e+09,50;50,1,0.0416666667,1,1,0.00999999978,100,1000,nan,39.25,1,step,71.5700022,-3,step,6.92999983,3,nan,nan,3,nan,nan,165.989413,0.0012833745,7.73166479e-06,0.999992268,165.98813,8.95871766e-10,1.09307739e-05,1.0929878e-05,6.58468383e-08,20,2.41665649,/Users/chrisharing/Desktop/CCS_complex_coupled_systems/Repo/HardDisks/hspist3/experiments_energy_transfer/level2_fast_20260918/u3/tr_9221.csv,16.8333282,14.4166718,0,"./00ALLINONE_ramp --mode=edmd --experiment=energy_transfer --headless --quiet --edmd-acc=0 --seed-drift-order=drift-first --energy-transfer-summary=experiments_energy_transfer/level2_fast_20260918/u3/summary.csv --energy-transfer-trace=experiments_energy_transfer/level2_fast_20260918/u3/tr_9221.csv --particles=100 --particles-boxes=50,50 --particle-radius=0.5 --l0=39.25 --height=10 --num-walls=1 --wall-positions=39.25 --wall-mass-factors=1000000000 --piston-right-protocol-mode=step --velocity-right-piston-step=3 --max-right-piston-travel=6.93 --auto-piston-step --wall-hold-steps=12000 --steps=12500 --fixed-dt=0.4 --energy-measurement --eff-output=wall-ke --kbt1 --seed=9221",9221
2026-09-18 12:50:39,energy_transfer,edmd,12500,12000,0.0166666669,39.25,10,100,0.5,nan,0.100050721,0.100050721,1,39.25,1e+09,50;50,1,0.0416666667,1,1,0.00999999978,100,1000,nan,39.25,1,step,71.5700022,-3,step,6.92999983,3,nan,nan,3,nan,nan,169.827243,0.001318853,7.76585059e-06,0.999992234,169.825925,3.64755226e-09,1.75357873e-05,1.75321397e-05,1.03235143e-07,20,2.41665649,/Users/chrisharing/Desktop/CCS_complex_coupled_systems/Repo/HardDisks/hspist3/experiments_energy_transfer/level2_fast_20260918/u3/tr_9225.csv,22.2666626,19.8500061,1,"./00ALLINONE_ramp --mode=edmd --experiment=energy_transfer --headless --quiet --edmd-acc=0 --seed-drift-order=drift-first --energy-transfer-summary=experiments_energy_transfer/level2_fast_20260918/u3/summary.csv --energy-transfer-trace=experiments_energy_transfer/level2_fast_20260918/u3/tr_9225.csv --particles=100 --particles-boxes=50,50 --particle-radius=0.5 --l0=39.25 --height=10 --num-walls=1 --wall-positions=39.25 --wall-mass-factors=1000000000 --piston-right-protocol-mode=step --velocity-right-piston-step=3 --max-right-piston-travel=6.93 --auto-piston-step --wall-hold-steps=12000 --steps=12500 --fixed-dt=0.4 --energy-measurement --eff-output=wall-ke --kbt1 --seed=9225",9225
2026-09-18 12:50:39,energy_transfer,edmd,12500,12000,0.0166666669,39.25,10,100,0.5,nan,0.100050721,0.100050721,1,39.25,1e+09,50;50,1,0.0416666667,1,1,0.00999999978,100,1000,nan,39.25,1,step,71.5700022,-3,step,6.92999983,3,nan,nan,3,nan,nan,145.777075,0.00106525433,7.30742009e-06,0.999992693,145.77601,2.46637606e-11,1.14489048e-05,1.14488802e-05,7.85369042e-08,20,2.41665649,/Users/chrisharing/Desktop/CCS_complex_coupled_systems/Repo/HardDisks/hspist3/experiments_energy_transfer/level2_fast_20260918/u3/tr_9226.csv,21.2166595,18.8000031,1,"./00ALLINONE_ramp --mode=edmd --experiment=energy_transfer --headless --quiet --edmd-acc=0 --seed-drift-order=drift-first --energy-transfer-summary=experiments_energy_transfer/level2_fast_20260918/u3/summary.csv --energy-transfer-trace=experiments_energy_transfer/level2_fast_20260918/u3/tr_9226.csv --particles=100 --particles-boxes=50,50 --particle-radius=0.5 --l0=39.25 --height=10 --num-walls=1 --wall-positions=39.25 --wall-mass-factors=1000000000 --piston-right-protocol-mode=step --velocity-right-piston-step=3 --max-right-piston-travel=6.93 --auto-piston-step --wall-hold-steps=12000 --steps=12500 --fixed-dt=0.4 --energy-measurement --eff-output=wall-ke --kbt1 --seed=9226",9226
2026-09-18 12:50:39,energy_transfer,edmd,12500,12000,0.0166666669,39.25,10,100,0.5,nan,0.100050721,0.100050721,1,39.25,1e+09,50;50,1,0.0416666667,1,1,0.00999999978,100,1000,nan,39.25,1,step,71.5700022,-3,step,6.92999983,3,nan,nan,3,nan,nan,140.692166,0.000947747089,6.73631741e-06,0.999993264,140.691218,8.27307334e-10,1.29612099e-05,1.29603826e-05,9.21187224e-08,20,2.41665649,/Users/chrisharing/Desktop/CCS_complex_coupled_systems/Repo/HardDisks/hspist3/experiments_energy_transfer/level2_fast_20260918/u3/tr_9227.csv,21.7999878,19.3833313,1,"./00ALLINONE_ramp --mode=edmd --experiment=energy_transfer --headless --quiet --edmd-acc=0 --seed-drift-order=drift-first --energy-transfer-summary=experiments_energy_transfer/level2_fast_20260918/u3/summary.csv --energy-transfer-trace=experiments_energy_transfer/level2_fast_20260918/u3/tr_9227.csv --particles=100 --particles-boxes=50,50 --particle-radius=0.5 --l0=39.25 --height=10 --num-walls=1 --wall-positions=39.25 --wall-mass-factors=1000000000 --piston-right-protocol-mode=step --velocity-right-piston-step=3 --max-right-piston-travel=6.93 --auto-piston-step --wall-hold-steps=12000 --steps=12500 --fixed-dt=0.4 --energy-measurement --eff-output=wall-ke --kbt1 --seed=9227",9227
2026-09-18 12:50:39,energy_transfer,edmd,12500,12000,0.0166666669,39.25,10,100,0.5,nan,0.100050721,0.100050721,1,39.25,1e+09,50;50,1,0.0416666667,1,1,0.00999999978,100,1000,nan,39.25,1,step,71.5700022,-3,step,6.92999983,3,nan,nan,3,nan,nan,126.920476,0.000733372464,5.77820449e-06,0.999994222,126.919743,1.01868691e-09,8.7475737e-06,8.74655501e-06,6.89136638e-08,20,2.41665649,/Users/chrisharing/Desktop/CCS_complex_coupled_systems/Repo/HardDisks/hspist3/experiments_energy_transfer/level2_fast_20260918/u3/tr_9228.csv,22.3499908,19.9333344,1,"./00ALLINONE_ramp --mode=edmd --experiment=energy_transfer --headless --quiet --edmd-acc=0 --seed-drift-order=drift-first --energy-transfer-summary=experiments_energy_transfer/level2_fast_20260918/u3/summary.csv --energy-transfer-trace=experiments_energy_transfer/level2_fast_20260918/u3/tr_9228.csv --particles=100 --particles-boxes=50,50 --particle-radius=0.5 --l0=39.25 --height=10 --num-walls=1 --wall-positions=39.25 --wall-mass-factors=1000000000 --piston-right-protocol-mode=step --velocity-right-piston-step=3 --max-right-piston-travel=6.93 --auto-piston-step --wall-hold-steps=12000 --steps=12500 --fixed-dt=0.4 --energy-measurement --eff-output=wall-ke --kbt1 --seed=9228",9228
2026-09-18 12:50:39,energy_transfer,edmd,12500,12000,0.0166666669,39.25,10,100,0.5,nan,0.100050721,0.100050721,1,39.25,1e+09,50;50,1,0.0416666667,1,1,0.00999999978,100,1000,nan,39.25,1,step,71.5700022,-3,step,6.92999983,3,nan,nan,3,nan,nan,145.186084,0.000983390724,6.77331256e-06,0.999993227,145.1851,4.50559634e-09,9.36678407e-06,9.36227847e-06,6.44846823e-08,20,2.41665649,/Users/chrisharing/Desktop/CCS_complex_coupled_systems/Repo/HardDisks/hspist3/experiments_energy_transfer/level2_fast_20260918/u3/tr_9229.csv,22.3499908,19.9333344,1,"./00ALLINONE_ramp --mode=edmd --experiment=energy_transfer --headless --quiet --edmd-acc=0 --seed-drift-order=drift-first --energy-transfer-summary=experiments_energy_transfer/level2_fast_20260918/u3/summary.csv --energy-transfer-trace=experiments_energy_transfer/level2_fast_20260918/u3/tr_9229.csv --particles=100 --particles-boxes=50,50 --particle-radius=0.5 --l0=39.25 --height=10 --num-walls=1 --wall-positions=39.25 --wall-mass-factors=1000000000 --piston-right-protocol-mode=step --velocity-right-piston-step=3 --max-right-piston-travel=6.93 --auto-piston-step --wall-hold-steps=12000 --steps=12500 --fixed-dt=0.4 --energy-measurement --eff-output=wall-ke --kbt1 --seed=9229",9229
2026-09-18 12:50:39,energy_transfer,edmd,12500,12000,0.0166666669,39.25,10,100,0.5,nan,0.100050721,0.100050721,1,39.25,1e+09,50;50,1,0.0416666667,1,1,0.00999999978,100,1000,nan,39.25,1,step,71.5700022,-3,step,6.92999983,3,nan,nan,3,nan,nan,294.397705,0.00362891774,1.2326583e-05,0.999987673,294.394076,1.31411779e-08,5.41701593e-05,5.41570181e-05,1.83958697e-07,20,2.41665649,/Users/chrisharing/Desktop/CCS_complex_coupled_systems/Repo/HardDisks/hspist3/experiments_energy_transfer/level2_fast_20260918/u3/tr_9219.csv,22.3999939,19.9833374,1,"./00ALLINONE_ramp --mode=edmd --experiment=energy_transfer --headless --quiet --edmd-acc=0 --seed-drift-order=drift-first --energy-transfer-summary=experiments_energy_transfer/level2_fast_20260918/u3/summary.csv --energy-transfer-trace=experiments_energy_transfer/level2_fast_20260918/u3/tr_9219.csv --particles=100 --particles-boxes=50,50 --particle-radius=0.5 --l0=39.25 --height=10 --num-walls=1 --wall-positions=39.25 --wall-mass-factors=1000000000 --piston-right-protocol-mode=step --velocity-right-piston-step=3 --max-right-piston-travel=6.93 --auto-piston-step --wall-hold-steps=12000 --steps=12500 --fixed-dt=0.4 --energy-measurement --eff-output=wall-ke --kbt1 --seed=9219",9219
2026-09-18 12:50:39,energy_transfer,edmd,12500,12000,0.0166666669,39.25,10,100,0.5,nan,0.100050721,0.100050721,1,39.25,1e+09,50;50,1,0.0416666667,1,1,0.00999999978,100,1000,nan,39.25,1,step,71.5700022,-3,step,6.92999983,3,nan,nan,3,nan,nan,174.738319,0.00138337386,7.91683171e-06,0.999992083,174.736935,2.64257261e-09,1.64944868e-05,1.64918442e-05,9.43802385e-08,20,2.41665649,/Users/chrisharing/Desktop/CCS_complex_coupled_systems/Repo/HardDisks/hspist3/experiments_energy_transfer/level2_fast_20260918/u3/tr_9231.csv,22.3833313,19.9666748,1,"./00ALLINONE_ramp --mode=edmd --experiment=energy_transfer --headless --quiet --edmd-acc=0 --seed-drift-order=drift-first --energy-transfer-summary=experiments_energy_transfer/level2_fast_20260918/u3/summary.csv --energy-transfer-trace=experiments_energy_transfer/level2_fast_20260918/u3/tr_9231.csv --particles=100 --particles-boxes=50,50 --particle-radius=0.5 --l0=39.25 --height=10 --num-walls=1 --wall-positions=39.25 --wall-mass-factors=1000000000 --piston-right-protocol-mode=step --velocity-right-piston-step=3 --max-right-piston-travel=6.93 --auto-piston-step --wall-hold-steps=12000 --steps=12500 --fixed-dt=0.4 --energy-measurement --eff-output=wall-ke --kbt1 --seed=9231",9231
2026-09-18 12:50:39,energy_transfer,edmd,12500,12000,0.0166666669,39.25,10,100,0.5,nan,0.100050721,0.100050721,1,39.25,1e+09,50;50,1,0.0416666667,1,1,0.00999999978,100,1000,nan,39.25,1,step,71.5700022,-3,step,6.92999983,3,nan,nan,3,nan,nan,141.061691,0.000861726294,6.10886121e-06,0.999993891,141.060829,4.93307191e-08,6.42057421e-06,6.37124349e-06,4.51663626e-08,20,2.41665649,/Users/chrisharing/Desktop/CCS_complex_coupled_systems/Repo/HardDisks/hspist3/experiments_energy_transfer/level2_fast_20260918/u3/tr_9233.csv,22.2999878,19.8833313,1,"./00ALLINONE_ramp --mode=edmd --experiment=energy_transfer --headless --quiet --edmd-acc=0 --seed-drift-order=drift-first --energy-transfer-summary=experiments_energy_transfer/level2_fast_20260918/u3/summary.csv --energy-transfer-trace=experiments_energy_transfer/level2_fast_20260918/u3/tr_9233.csv --particles=100 --particles-boxes=50,50 --particle-radius=0.5 --l0=39.25 --height=10 --num-walls=1 --wall-positions=39.25 --wall-mass-factors=1000000000 --piston-right-protocol-mode=step --velocity-right-piston-step=3 --max-right-piston-travel=6.93 --auto-piston-step --wall-hold-steps=12000 --steps=12500 --fixed-dt=0.4 --energy-measurement --eff-output=wall-ke --kbt1 --seed=9233",9233
2026-09-18 12:50:39,energy_transfer,edmd,12500,12000,0.0166666669,39.25,10,100,0.5,nan,0.100050721,0.100050721,1,39.25,1e+09,50;50,1,0.0416666667,1,1,0.00999999978,100,1000,nan,39.25,1,step,71.5700022,-3,step,6.92999983,3,nan,nan,3,nan,nan,214.495489,0.00201689336,9.40296395e-06,0.999990597,214.493473,3.40976192e-10,2.5426285e-05,2.5425944e-05,1.18538362e-07,20,2.41665649,/Users/chrisharing/Desktop/CCS_complex_coupled_systems/Repo/HardDisks/hspist3/experiments_energy_transfer/level2_fast_20260918/u3/tr_9232.csv,20.9833221,18.5666656,1,"./00ALLINONE_ramp --mode=edmd --experiment=energy_transfer --headless --quiet --edmd-acc=0 --seed-drift-order=drift-first --energy-transfer-summary=experiments_energy_transfer/level2_fast_20260918/u3/summary.csv --energy-transfer-trace=experiments_energy_transfer/level2_fast_20260918/u3/tr_9232.csv --particles=100 --particles-boxes=50,50 --particle-radius=0.5 --l0=39.25 --height=10 --num-walls=1 --wall-positions=39.25 --wall-mass-factors=1000000000 --piston-right-protocol-mode=step --velocity-right-piston-step=3 --max-right-piston-travel=6.93 --auto-piston-step --wall-hold-steps=12000 --steps=12500 --fixed-dt=0.4 --energy-measurement --eff-output=wall-ke --kbt1 --seed=9232",9232
2026-09-18 12:50:39,energy_transfer,edmd,12500,12000,0.0166666669,39.25,10,100,0.5,nan,0.100050721,0.100050721,1,39.25,1e+09,50;50,1,0.0416666667,1,1,0.00999999978,100,1000,nan,39.25,1,step,71.5700022,-3,step,6.92999983,3,nan,nan,3,nan,nan,267.623821,0.00311291823,1.16316934e-05,0.999988368,267.620708,1.19688759e-09,4.38374154e-05,4.38362185e-05,1.63797895e-07,20,2.41665649,/Users/chrisharing/Desktop/CCS_complex_coupled_systems/Repo/HardDisks/hspist3/experiments_energy_transfer/level2_fast_20260918/u3/tr_9230.csv,22.3999939,19.9833374,1,"./00ALLINONE_ramp --mode=edmd --experiment=energy_transfer --headless --quiet --edmd-acc=0 --seed-drift-order=drift-first --energy-transfer-summary=experiments_energy_transfer/level2_fast_20260918/u3/summary.csv --energy-transfer-trace=experiments_energy_transfer/level2_fast_20260918/u3/tr_9230.csv --particles=100 --particles-boxes=50,50 --particle-radius=0.5 --l0=39.25 --height=10 --num-walls=1 --wall-positions=39.25 --wall-mass-factors=1000000000 --piston-right-protocol-mode=step --velocity-right-piston-step=3 --max-right-piston-travel=6.93 --auto-piston-step --wall-hold-steps=12000 --steps=12500 --fixed-dt=0.4 --energy-measurement --eff-output=wall-ke --kbt1 --seed=9230",9230
2026-09-18 12:50:39,energy_transfer,edmd,12500,12000,0.0166666669,39.25,10,100,0.5,nan,0.100050721,0.100050721,1,39.25,1e+09,50;50,1,0.0416666667,1,1,0.00999999978,100,1000,nan,39.25,1,step,71.5700022,-3,step,6.92999983,3,nan,nan,3,nan,nan,177.610973,0.00145474623,8.19063265e-06,0.999991809,177.609518,4.02753697e-09,1.62627621e-05,1.62587345e-05,9.15412728e-08,20,2.41665649,/Users/chrisharing/Desktop/CCS_complex_coupled_systems/Repo/HardDisks/hspist3/experiments_energy_transfer/level2_fast_20260918/u3/tr_9235.csv,22.2666626,19.8500061,1,"./00ALLINONE_ramp --mode=edmd --experiment=energy_transfer --headless --quiet --edmd-acc=0 --seed-drift-order=drift-first --energy-transfer-summary=experiments_energy_transfer/level2_fast_20260918/u3/summary.csv --energy-transfer-trace=experiments_energy_transfer/level2_fast_20260918/u3/tr_9235.csv --particles=100 --particles-boxes=50,50 --particle-radius=0.5 --l0=39.25 --height=10 --num-walls=1 --wall-positions=39.25 --wall-mass-factors=1000000000 --piston-right-protocol-mode=step --velocity-right-piston-step=3 --max-right-piston-travel=6.93 --auto-piston-step --wall-hold-steps=12000 --steps=12500 --fixed-dt=0.4 --energy-measurement --eff-output=wall-ke --kbt1 --seed=9235",9235
2026-09-18 12:50:39,energy_transfer,edmd,12500,12000,0.0166666669,39.25,10,100,0.5,nan,0.100050721,0.100050721,1,39.25,1e+09,50;50,1,0.0416666667,1,1,0.00999999978,100,1000,nan,39.25,1,step,71.5700022,-3,step,6.92999983,3,nan,nan,3,nan,nan,216.420908,0.00201976695,9.33258697e-06,0.999990667,216.418889,4.32389768e-09,2.75292186e-05,2.75248947e-05,1.27182235e-07,20,2.41665649,/Users/chrisharing/Desktop/CCS_complex_coupled_systems/Repo/HardDisks/hspist3/experiments_energy_transfer/level2_fast_20260918/u3/tr_9234.csv,22.1499939,19.7333374,1,"./00ALLINONE_ramp --mode=edmd --experiment=energy_transfer --headless --quiet --edmd-acc=0 --seed-drift-order=drift-first --energy-transfer-summary=experiments_energy_transfer/level2_fast_20260918/u3/summary.csv --energy-transfer-trace=experiments_energy_transfer/level2_fast_20260918/u3/tr_9234.csv --particles=100 --particles-boxes=50,50 --particle-radius=0.5 --l0=39.25 --height=10 --num-walls=1 --wall-positions=39.25 --wall-mass-factors=1000000000 --piston-right-protocol-mode=step --velocity-right-piston-step=3 --max-right-piston-travel=6.93 --auto-piston-step --wall-hold-steps=12000 --steps=12500 --fixed-dt=0.4 --energy-measurement --eff-output=wall-ke --kbt1 --seed=9234",9234
2026-09-18 12:50:40,energy_transfer,edmd,12500,12000,0.0166666669,39.25,10,100,0.5,nan,0.100050721,0.100050721,1,39.25,1e+09,50;50,1,0.0416666667,1,1,0.00999999978,100,1000,nan,39.25,1,step,71.5700022,-3,step,6.92999983,3,nan,nan,3,nan,nan,241.463227,0.00253331941,1.0491533e-05,0.999989508,241.460693,1.80832863e-10,3.16468104e-05,3.16466296e-05,1.31061901e-07,20,2.41665649,/Users/chrisharing/Desktop/CCS_complex_coupled_systems/Repo/HardDisks/hspist3/experiments_energy_transfer/level2_fast_20260918/u3/tr_9236.csv,22.0333252,19.6166687,1,"./00ALLINONE_ramp --mode=edmd --experiment=energy_transfer --headless --quiet --edmd-acc=0 --seed-drift-order=drift-first --energy-transfer-summary=experiments_energy_transfer/level2_fast_20260918/u3/summary.csv --energy-transfer-trace=experiments_energy_transfer/level2_fast_20260918/u3/tr_9236.csv --particles=100 --particles-boxes=50,50 --particle-radius=0.5 --l0=39.25 --height=10 --num-walls=1 --wall-positions=39.25 --wall-mass-factors=1000000000 --piston-right-protocol-mode=step --velocity-right-piston-step=3 --max-right-piston-travel=6.93 --auto-piston-step --wall-hold-steps=12000 --steps=12500 --fixed-dt=0.4 --energy-measurement --eff-output=wall-ke --kbt1 --seed=9236",9236
2026-09-18 12:50:40,energy_transfer,edmd,12500,12000,0.0166666669,39.25,10,100,0.5,nan,0.100050721,0.100050721,1,39.25,1e+09,50;50,1,0.0416666667,1,1,0.00999999978,100,1000,nan,39.25,1,step,71.5700022,-3,step,6.92999983,3,nan,nan,3,nan,nan,107.943405,0.000590535114,5.47078455e-06,0.999994529,107.942815,7.96900768e-09,8.24522976e-06,8.23726076e-06,7.63109219e-08,20,2.41665649,/Users/chrisharing/Desktop/CCS_complex_coupled_systems/Repo/HardDisks/hspist3/experiments_energy_transfer/level2_fast_20260918/u3/tr_9242.csv,22.3333282,19.9166718,1,"./00ALLINONE_ramp --mode=edmd --experiment=energy_transfer --headless --quiet --edmd-acc=0 --seed-drift-order=drift-first --energy-transfer-summary=experiments_energy_transfer/level2_fast_20260918/u3/summary.csv --energy-transfer-trace=experiments_energy_transfer/level2_fast_20260918/u3/tr_9242.csv --particles=100 --particles-boxes=50,50 --particle-radius=0.5 --l0=39.25 --height=10 --num-walls=1 --wall-positions=39.25 --wall-mass-factors=1000000000 --piston-right-protocol-mode=step --velocity-right-piston-step=3 --max-right-piston-travel=6.93 --auto-piston-step --wall-hold-steps=12000 --steps=12500 --fixed-dt=0.4 --energy-measurement --eff-output=wall-ke --kbt1 --seed=9242",9242
2026-09-18 12:50:40,energy_transfer,edmd,12500,12000,0.0166666669,39.25,10,100,0.5,nan,0.100050721,0.100050721,1,39.25,1e+09,50;50,1,0.0416666667,1,1,0.00999999978,100,1000,nan,39.25,1,step,71.5700022,-3,step,6.92999983,3,nan,nan,3,nan,nan,240.304482,0.00247770082,1.03106726e-05,0.999989689,240.302004,0,2.69852062e-05,2.69852062e-05,1.12295892e-07,20,2.41665649,/Users/chrisharing/Desktop/CCS_complex_coupled_systems/Repo/HardDisks/hspist3/experiments_energy_transfer/level2_fast_20260918/u3/tr_9238.csv,22.0833282,19.6666718,1,"./00ALLINONE_ramp --mode=edmd --experiment=energy_transfer --headless --quiet --edmd-acc=0 --seed-drift-order=drift-first --energy-transfer-summary=experiments_energy_transfer/level2_fast_20260918/u3/summary.csv --energy-transfer-trace=experiments_energy_transfer/level2_fast_20260918/u3/tr_9238.csv --particles=100 --particles-boxes=50,50 --particle-radius=0.5 --l0=39.25 --height=10 --num-walls=1 --wall-positions=39.25 --wall-mass-factors=1000000000 --piston-right-protocol-mode=step --velocity-right-piston-step=3 --max-right-piston-travel=6.93 --auto-piston-step --wall-hold-steps=12000 --steps=12500 --fixed-dt=0.4 --energy-measurement --eff-output=wall-ke --kbt1 --seed=9238",9238
2026-09-18 12:50:41,energy_transfer,edmd,12500,12000,0.0166666669,39.25,10,100,0.5,nan,0.100050721,0.100050721,1,39.25,1e+09,50;50,1,0.0416666667,1,1,0.00999999978,100,1000,nan,39.25,1,step,71.5700022,-3,step,6.92999983,3,nan,nan,3,nan,nan,159.953777,0.0011348062,7.09458831e-06,0.999992905,159.952642,1.71061565e-08,1.48985273e-05,1.48814211e-05,9.30357596e-08,20,2.41665649,/Users/chrisharing/Desktop/CCS_complex_coupled_systems/Repo/HardDisks/hspist3/experiments_energy_transfer/level2_fast_20260918/u3/tr_9224.csv,21.4166565,19,1,"./00ALLINONE_ramp --mode=edmd --experiment=energy_transfer --headless --quiet --edmd-acc=0 --seed-drift-order=drift-first --energy-transfer-summary=experiments_energy_transfer/level2_fast_20260918/u3/summary.csv --energy-transfer-trace=experiments_energy_transfer/level2_fast_20260918/u3/tr_9224.csv --particles=100 --particles-boxes=50,50 --particle-radius=0.5 --l0=39.25 --height=10 --num-walls=1 --wall-positions=39.25 --wall-mass-factors=1000000000 --piston-right-protocol-mode=step --velocity-right-piston-step=3 --max-right-piston-travel=6.93 --auto-piston-step --wall-hold-steps=12000 --steps=12500 --fixed-dt=0.4 --energy-measurement --eff-output=wall-ke --kbt1 --seed=9224",9224
2026-09-18 12:50:41,energy_transfer,edmd,12500,12000,0.0166666669,39.25,10,100,0.5,nan,0.100050721,0.100050721,1,39.25,1e+09,50;50,1,0.0416666667,1,1,0.00999999978,100,1000,nan,39.25,1,step,71.5700022,-3,step,6.92999983,3,nan,nan,3,nan,nan,225.227617,0.00233520614,1.03682051e-05,0.999989632,225.225282,1.07014317e-08,2.69102366e-05,2.68995351e-05,1.19432667e-07,20,2.41665649,/Users/chrisharing/Desktop/CCS_complex_coupled_systems/Repo/HardDisks/hspist3/experiments_energy_transfer/level2_fast_20260918/u3/tr_9239.csv,21.9166565,19.5,1,"./00ALLINONE_ramp --mode=edmd --experiment=energy_transfer --headless --quiet --edmd-acc=0 --seed-drift-order=drift-first --energy-transfer-summary=experiments_energy_transfer/level2_fast_20260918/u3/summary.csv --energy-transfer-trace=experiments_energy_transfer/level2_fast_20260918/u3/tr_9239.csv --particles=100 --particles-boxes=50,50 --particle-radius=0.5 --l0=39.25 --height=10 --num-walls=1 --wall-positions=39.25 --wall-mass-factors=1000000000 --piston-right-protocol-mode=step --velocity-right-piston-step=3 --max-right-piston-travel=6.93 --auto-piston-step --wall-hold-steps=12000 --steps=12500 --fixed-dt=0.4 --energy-measurement --eff-output=wall-ke --kbt1 --seed=9239",9239
2026-09-18 12:50:41,energy_transfer,edmd,12500,12000,0.0166666669,39.25,10,100,0.5,nan,0.100050721,0.100050721,1,39.25,1e+09,50;50,1,0.0416666667,1,1,0.00999999978,100,1000,nan,39.25,1,step,71.5700022,-3,step,6.92999983,3,nan,nan,3,nan,nan,302.756104,0.00381853525,1.26125789e-05,0.999987387,302.752285,2.48572118e-09,4.46719314e-05,4.46694457e-05,1.47542676e-07,20,2.41665649,/Users/chrisharing/Desktop/CCS_complex_coupled_systems/Repo/HardDisks/hspist3/experiments_energy_transfer/level2_fast_20260918/u3/tr_9217.csv,22.3333282,19.9166718,1,"./00ALLINONE_ramp --mode=edmd --experiment=energy_transfer --headless --quiet --edmd-acc=0 --seed-drift-order=drift-first --energy-transfer-summary=experiments_energy_transfer/level2_fast_20260918/u3/summary.csv --energy-transfer-trace=experiments_energy_transfer/level2_fast_20260918/u3/tr_9217.csv --particles=100 --particles-boxes=50,50 --particle-radius=0.5 --l0=39.25 --height=10 --num-walls=1 --wall-positions=39.25 --wall-mass-factors=1000000000 --piston-right-protocol-mode=step --velocity-right-piston-step=3 --max-right-piston-travel=6.93 --auto-piston-step --wall-hold-steps=12000 --steps=12500 --fixed-dt=0.4 --energy-measurement --eff-output=wall-ke --kbt1 --seed=9217",9217
2026-09-18 12:50:41,energy_transfer,edmd,12500,12000,0.0166666669,39.25,10,100,0.5,nan,0.100050721,0.100050721,1,39.25,1e+09,50;50,1,0.0416666667,1,1,0.00999999978,100,1000,nan,39.25,1,step,71.5700022,-3,step,6.92999983,3,nan,nan,3,nan,nan,147.286147,0.0010247553,6.95758102e-06,0.999993042,147.285122,7.7232194e-09,1.25449196e-05,1.25371964e-05,8.51213551e-08,20,2.41665649,/Users/chrisharing/Desktop/CCS_complex_coupled_systems/Repo/HardDisks/hspist3/experiments_energy_transfer/level2_fast_20260918/u3/tr_9222.csv,22.0499878,19.6333313,1,"./00ALLINONE_ramp --mode=edmd --experiment=energy_transfer --headless --quiet --edmd-acc=0 --seed-drift-order=drift-first --energy-transfer-summary=experiments_energy_transfer/level2_fast_20260918/u3/summary.csv --energy-transfer-trace=experiments_energy_transfer/level2_fast_20260918/u3/tr_9222.csv --particles=100 --particles-boxes=50,50 --particle-radius=0.5 --l0=39.25 --height=10 --num-walls=1 --wall-positions=39.25 --wall-mass-factors=1000000000 --piston-right-protocol-mode=step --velocity-right-piston-step=3 --max-right-piston-travel=6.93 --auto-piston-step --wall-hold-steps=12000 --steps=12500 --fixed-dt=0.4 --energy-measurement --eff-output=wall-ke --kbt1 --seed=9222",9222
2026-09-18 12:50:41,energy_transfer,edmd,12500,12000,0.0166666669,39.25,10,100,0.5,nan,0.100050721,0.100050721,1,39.25,1e+09,50;50,1,0.0416666667,1,1,0.00999999978,100,1000,nan,39.25,1,step,71.5700022,-3,step,6.92999983,3,nan,nan,3,nan,nan,339.283504,0.00490383431,1.44535005e-05,0.999985546,339.278601,4.90171292e-10,6.11166834e-05,6.11161932e-05,1.80133111e-07,20,2.41665649,/Users/chrisharing/Desktop/CCS_complex_coupled_systems/Repo/HardDisks/hspist3/experiments_energy_transfer/level2_fast_20260918/u3/tr_9237.csv,21.5999908,19.1833344,1,"./00ALLINONE_ramp --mode=edmd --experiment=energy_transfer --headless --quiet --edmd-acc=0 --seed-drift-order=drift-first --energy-transfer-summary=experiments_energy_transfer/level2_fast_20260918/u3/summary.csv --energy-transfer-trace=experiments_energy_transfer/level2_fast_20260918/u3/tr_9237.csv --particles=100 --particles-boxes=50,50 --particle-radius=0.5 --l0=39.25 --height=10 --num-walls=1 --wall-positions=39.25 --wall-mass-factors=1000000000 --piston-right-protocol-mode=step --velocity-right-piston-step=3 --max-right-piston-travel=6.93 --auto-piston-step --wall-hold-steps=12000 --steps=12500 --fixed-dt=0.4 --energy-measurement --eff-output=wall-ke --kbt1 --seed=9237",9237
2026-09-18 12:50:41,energy_transfer,edmd,12500,12000,0.0166666669,39.25,10,100,0.5,nan,0.100050721,0.100050721,1,39.25,1e+09,50;50,1,0.0416666667,1,1,0.00999999978,100,1000,nan,39.25,1,step,71.5700022,-3,step,6.92999983,3,nan,nan,3,nan,nan,204.183383,0.00188118732,9.21322437e-06,0.999990787,204.181501,1.05429594e-08,2.19440335e-05,2.19334905e-05,1.07420546e-07,20,2.41665649,/Users/chrisharing/Desktop/CCS_complex_coupled_systems/Repo/HardDisks/hspist3/experiments_energy_transfer/level2_fast_20260918/u3/tr_9240.csv,22.0999908,19.6833344,1,"./00ALLINONE_ramp --mode=edmd --experiment=energy_transfer --headless --quiet --edmd-acc=0 --seed-drift-order=drift-first --energy-transfer-summary=experiments_energy_transfer/level2_fast_20260918/u3/summary.csv --energy-transfer-trace=experiments_energy_transfer/level2_fast_20260918/u3/tr_9240.csv --particles=100 --particles-boxes=50,50 --particle-radius=0.5 --l0=39.25 --height=10 --num-walls=1 --wall-positions=39.25 --wall-mass-factors=1000000000 --piston-right-protocol-mode=step --velocity-right-piston-step=3 --max-right-piston-travel=6.93 --auto-piston-step --wall-hold-steps=12000 --steps=12500 --fixed-dt=0.4 --energy-measurement --eff-output=wall-ke --kbt1 --seed=9240",9240
2026-09-18 12:50:41,energy_transfer,edmd,12500,12000,0.0166666669,39.25,10,100,0.5,nan,0.100050721,0.100050721,1,39.25,1e+09,50;50,1,0.0416666667,1,1,0.00999999978,100,1000,nan,39.25,1,step,71.5700022,-3,step,6.92999983,3,nan,nan,3,nan,nan,177.002236,0.001471236,8.3119628e-06,0.999991688,177.000764,1.64901888e-08,1.72977871e-05,1.72812969e-05,9.76332123e-08,20,2.41665649,/Users/chrisharing/Desktop/CCS_complex_coupled_systems/Repo/HardDisks/hspist3/experiments_energy_transfer/level2_fast_20260918/u3/tr_9241.csv,20.5499878,18.1333313,1,"./00ALLINONE_ramp --mode=edmd --experiment=energy_transfer --headless --quiet --edmd-acc=0 --seed-drift-order=drift-first --energy-transfer-summary=experiments_energy_transfer/level2_fast_20260918/u3/summary.csv --energy-transfer-trace=experiments_energy_transfer/level2_fast_20260918/u3/tr_9241.csv --particles=100 --particles-boxes=50,50 --particle-radius=0.5 --l0=39.25 --height=10 --num-walls=1 --wall-positions=39.25 --wall-mass-factors=1000000000 --piston-right-protocol-mode=step --velocity-right-piston-step=3 --max-right-piston-travel=6.93 --auto-piston-step --wall-hold-steps=12000 --steps=12500 --fixed-dt=0.4 --energy-measurement --eff-output=wall-ke --kbt1 --seed=9241",9241
2026-09-18 12:50:41,energy_transfer,edmd,12500,12000,0.0166666669,39.25,10,100,0.5,nan,0.100050721,0.100050721,1,39.25,1e+09,50;50,1,0.0416666667,1,1,0.00999999978,100,1000,nan,39.25,1,step,71.5700022,-3,step,6.92999983,3,nan,nan,3,nan,nan,227.156152,0.00225119619,9.91034655e-06,0.99999009,227.153901,2.89787905e-09,2.12883569e-05,2.12854591e-05,9.37040837e-08,20,2.41665649,/Users/chrisharing/Desktop/CCS_complex_coupled_systems/Repo/HardDisks/hspist3/experiments_energy_transfer/level2_fast_20260918/u3/tr_9243.csv,22.2166595,19.8000031,1,"./00ALLINONE_ramp --mode=edmd --experiment=energy_transfer --headless --quiet --edmd-acc=0 --seed-drift-order=drift-first --energy-transfer-summary=experiments_energy_transfer/level2_fast_20260918/u3/summary.csv --energy-transfer-trace=experiments_energy_transfer/level2_fast_20260918/u3/tr_9243.csv --particles=100 --particles-boxes=50,50 --particle-radius=0.5 --l0=39.25 --height=10 --num-walls=1 --wall-positions=39.25 --wall-mass-factors=1000000000 --piston-right-protocol-mode=step --velocity-right-piston-step=3 --max-right-piston-travel=6.93 --auto-piston-step --wall-hold-steps=12000 --steps=12500 --fixed-dt=0.4 --energy-measurement --eff-output=wall-ke --kbt1 --seed=9243",9243
2026-09-18 12:50:41,energy_transfer,edmd,12500,12000,0.0166666669,39.25,10,100,0.5,nan,0.100050721,0.100050721,1,39.25,1e+09,50;50,1,0.0416666667,1,1,0.00999999978,100,1000,nan,39.25,1,step,71.5700022,-3,step,6.92999983,3,nan,nan,3,nan,nan,245.675664,0.00274427747,1.11703269e-05,0.99998883,245.67292,6.11833384e-09,3.0477604e-05,3.04714857e-05,1.24031356e-07,20,2.41665649,/Users/chrisharing/Desktop/CCS_complex_coupled_systems/Repo/HardDisks/hspist3/experiments_energy_transfer/level2_fast_20260918/u3/tr_9244.csv,21.6166534,19.1999969,1,"./00ALLINONE_ramp --mode=edmd --experiment=energy_transfer --headless --quiet --edmd-acc=0 --seed-drift-order=drift-first --energy-transfer-summary=experiments_energy_transfer/level2_fast_20260918/u3/summary.csv --energy-transfer-trace=experiments_energy_transfer/level2_fast_20260918/u3/tr_9244.csv --particles=100 --particles-boxes=50,50 --particle-radius=0.5 --l0=39.25 --height=10 --num-walls=1 --wall-positions=39.25 --wall-mass-factors=1000000000 --piston-right-protocol-mode=step --velocity-right-piston-step=3 --max-right-piston-travel=6.93 --auto-piston-step --wall-hold-steps=12000 --steps=12500 --fixed-dt=0.4 --energy-measurement --eff-output=wall-ke --kbt1 --seed=9244",9244
2026-09-18 12:50:41,energy_transfer,edmd,12500,12000,0.0166666669,39.25,10,100,0.5,nan,0.100050721,0.100050721,1,39.25,1e+09,50;50,1,0.0416666667,1,1,0.00999999978,100,1000,nan,39.25,1,step,71.5700022,-3,step,6.92999983,3,nan,nan,3,nan,nan,161.680191,0.00123065652,7.61167159e-06,0.999992388,161.678961,1.19866173e-09,1.25466986e-05,1.25454999e-05,7.75945392e-08,20,2.41665649,/Users/chrisharing/Desktop/CCS_complex_coupled_systems/Repo/HardDisks/hspist3/experiments_energy_transfer/level2_fast_20260918/u3/tr_9246.csv,21.6166534,19.1999969,1,"./00ALLINONE_ramp --mode=edmd --experiment=energy_transfer --headless --quiet --edmd-acc=0 --seed-drift-order=drift-first --energy-transfer-summary=experiments_energy_transfer/level2_fast_20260918/u3/summary.csv --energy-transfer-trace=experiments_energy_transfer/level2_fast_20260918/u3/tr_9246.csv --particles=100 --particles-boxes=50,50 --particle-radius=0.5 --l0=39.25 --height=10 --num-walls=1 --wall-positions=39.25 --wall-mass-factors=1000000000 --piston-right-protocol-mode=step --velocity-right-piston-step=3 --max-right-piston-travel=6.93 --auto-piston-step --wall-hold-steps=12000 --steps=12500 --fixed-dt=0.4 --energy-measurement --eff-output=wall-ke --kbt1 --seed=9246",9246
2026-09-18 12:50:41,energy_transfer,edmd,12500,12000,0.0166666669,39.25,10,100,0.5,nan,0.100050721,0.100050721,1,39.25,1e+09,50;50,1,0.0416666667,1,1,0.00999999978,100,1000,nan,39.25,1,step,71.5700022,-3,step,6.92999983,3,nan,nan,3,nan,nan,254.024115,0.0027588245,1.08604827e-05,0.99998914,254.021356,1.58834048e-08,3.47687164e-05,3.4752833e-05,1.36809188e-07,20,2.41665649,/Users/chrisharing/Desktop/CCS_complex_coupled_systems/Repo/HardDisks/hspist3/experiments_energy_transfer/level2_fast_20260918/u3/tr_9247.csv,22.2833252,19.8666687,1,"./00ALLINONE_ramp --mode=edmd --experiment=energy_transfer --headless --quiet --edmd-acc=0 --seed-drift-order=drift-first --energy-transfer-summary=experiments_energy_transfer/level2_fast_20260918/u3/summary.csv --energy-transfer-trace=experiments_energy_transfer/level2_fast_20260918/u3/tr_9247.csv --particles=100 --particles-boxes=50,50 --particle-radius=0.5 --l0=39.25 --height=10 --num-walls=1 --wall-positions=39.25 --wall-mass-factors=1000000000 --piston-right-protocol-mode=step --velocity-right-piston-step=3 --max-right-piston-travel=6.93 --auto-piston-step --wall-hold-steps=12000 --steps=12500 --fixed-dt=0.4 --energy-measurement --eff-output=wall-ke --kbt1 --seed=9247",9247
2026-09-18 12:50:41,energy_transfer,edmd,12500,12000,0.0166666669,39.25,10,100,0.5,nan,0.100050721,0.100050721,1,39.25,1e+09,50;50,1,0.0416666667,1,1,0.00999999978,100,1000,nan,39.25,1,step,71.5700022,-3,step,6.92999983,3,nan,nan,3,nan,nan,150.389336,0.00103363628,6.87306894e-06,0.999993127,150.388303,5.88372073e-10,8.03732837e-06,8.03674e-06,5.34395603e-08,20,2.41665649,/Users/chrisharing/Desktop/CCS_complex_coupled_systems/Repo/HardDisks/hspist3/experiments_energy_transfer/level2_fast_20260918/u3/tr_9245.csv,21.9666595,19.5500031,1,"./00ALLINONE_ramp --mode=edmd --experiment=energy_transfer --headless --quiet --edmd-acc=0 --seed-drift-order=drift-first --energy-transfer-summary=experiments_energy_transfer/level2_fast_20260918/u3/summary.csv --energy-transfer-trace=experiments_energy_transfer/level2_fast_20260918/u3/tr_9245.csv --particles=100 --particles-boxes=50,50 --particle-radius=0.5 --l0=39.25 --height=10 --num-walls=1 --wall-positions=39.25 --wall-mass-factors=1000000000 --piston-right-protocol-mode=step --velocity-right-piston-step=3 --max-right-piston-travel=6.93 --auto-piston-step --wall-hold-steps=12000 --steps=12500 --fixed-dt=0.4 --energy-measurement --eff-output=wall-ke --kbt1 --seed=9245",9245
2026-09-18 12:50:41,energy_transfer,edmd,12500,12000,0.0166666669,39.25,10,100,0.5,nan,0.100050721,0.100050721,1,39.25,1e+09,50;50,1,0.0416666667,1,1,0.00999999978,100,1000,nan,39.25,1,step,71.5700022,-3,step,6.92999983,3,nan,nan,3,nan,nan,239.846668,0.00242721639,1.0119867e-05,0.99998988,239.84424,0,3.3183358e-05,3.3183358e-05,1.38352383e-07,20,2.41665649,/Users/chrisharing/Desktop/CCS_complex_coupled_systems/Repo/HardDisks/hspist3/experiments_energy_transfer/level2_fast_20260918/u3/tr_9248.csv,22.2999878,19.8833313,1,"./00ALLINONE_ramp --mode=edmd --experiment=energy_transfer --headless --quiet --edmd-acc=0 --seed-drift-order=drift-first --energy-transfer-summary=experiments_energy_transfer/level2_fast_20260918/u3/summary.csv --energy-transfer-trace=experiments_energy_transfer/level2_fast_20260918/u3/tr_9248.csv --particles=100 --particles-boxes=50,50 --particle-radius=0.5 --l0=39.25 --height=10 --num-walls=1 --wall-positions=39.25 --wall-mass-factors=1000000000 --piston-right-protocol-mode=step --velocity-right-piston-step=3 --max-right-piston-travel=6.93 --auto-piston-step --wall-hold-steps=12000 --steps=12500 --fixed-dt=0.4 --energy-measurement --eff-output=wall-ke --kbt1 --seed=9248",9248
2026-09-18 12:50:41,energy_transfer,edmd,12500,12000,0.0166666669,39.25,10,100,0.5,nan,0.100050721,0.100050721,1,39.25,1e+09,50;50,1,0.0416666667,1,1,0.00999999978,100,1000,nan,39.25,1,step,71.5700022,-3,step,6.92999983,3,nan,nan,3,nan,nan,184.29589,0.00154006237,8.35646613e-06,0.999991644,184.29435,1.72880033e-09,1.95863577e-05,1.95846289e-05,1.06267312e-07,20,2.41665649,/Users/chrisharing/Desktop/CCS_complex_coupled_systems/Repo/HardDisks/hspist3/experiments_energy_transfer/level2_fast_20260918/u3/tr_9250.csv,22.1833191,19.7666626,1,"./00ALLINONE_ramp --mode=edmd --experiment=energy_transfer --headless --quiet --edmd-acc=0 --seed-drift-order=drift-first --energy-transfer-summary=experiments_energy_transfer/level2_fast_20260918/u3/summary.csv --energy-transfer-trace=experiments_energy_transfer/level2_fast_20260918/u3/tr_9250.csv --particles=100 --particles-boxes=50,50 --particle-radius=0.5 --l0=39.25 --height=10 --num-walls=1 --wall-positions=39.25 --wall-mass-factors=1000000000 --piston-right-protocol-mode=step --velocity-right-piston-step=3 --max-right-piston-travel=6.93 --auto-piston-step --wall-hold-steps=12000 --steps=12500 --fixed-dt=0.4 --energy-measurement --eff-output=wall-ke --kbt1 --seed=9250",9250
2026-09-18 12:50:41,energy_transfer,edmd,12500,12000,0.0166666669,39.25,10,100,0.5,nan,0.100050721,0.100050721,1,39.25,1e+09,50;50,1,0.0416666667,1,1,0.00999999978,100,1000,nan,39.25,1,step,71.5700022,-3,step,6.92999983,3,nan,nan,3,nan,nan,204.992408,0.00187569554,9.15007318e-06,0.99999085,204.990533,1.36459566e-09,1.75812384e-05,1.75798738e-05,8.57586575e-08,20,2.41665649,/Users/chrisharing/Desktop/CCS_complex_coupled_systems/Repo/HardDisks/hspist3/experiments_energy_transfer/level2_fast_20260918/u3/tr_9249.csv,20.3499908,17.9333344,0,"./00ALLINONE_ramp --mode=edmd --experiment=energy_transfer --headless --quiet --edmd-acc=0 --seed-drift-order=drift-first --energy-transfer-summary=experiments_energy_transfer/level2_fast_20260918/u3/summary.csv --energy-transfer-trace=experiments_energy_transfer/level2_fast_20260918/u3/tr_9249.csv --particles=100 --particles-boxes=50,50 --particle-radius=0.5 --l0=39.25 --height=10 --num-walls=1 --wall-positions=39.25 --wall-mass-factors=1000000000 --piston-right-protocol-mode=step --velocity-right-piston-step=3 --max-right-piston-travel=6.93 --auto-piston-step --wall-hold-steps=12000 --steps=12500 --fixed-dt=0.4 --energy-measurement --eff-output=wall-ke --kbt1 --seed=9249",9249
2026-09-18 12:50:41,energy_transfer,edmd,12500,12000,0.0166666669,39.25,10,100,0.5,nan,0.100050721,0.100050721,1,39.25,1e+09,50;50,1,0.0416666667,1,1,0.00999999978,100,1000,nan,39.25,1,step,71.5700022,-3,step,6.92999983,3,nan,nan,3,nan,nan,113.388783,0.000632269715,5.57612226e-06,0.999994424,113.38815,2.49992516e-09,8.51827099e-06,8.51577106e-06,7.51024119e-08,20,2.41665649,/Users/chrisharing/Desktop/CCS_complex_coupled_systems/Repo/HardDisks/hspist3/experiments_energy_transfer/level2_fast_20260918/u3/tr_9251.csv,22.2833252,19.8666687,1,"./00ALLINONE_ramp --mode=edmd --experiment=energy_transfer --headless --quiet --edmd-acc=0 --seed-drift-order=drift-first --energy-transfer-summary=experiments_energy_transfer/level2_fast_20260918/u3/summary.csv --energy-transfer-trace=experiments_energy_transfer/level2_fast_20260918/u3/tr_9251.csv --particles=100 --particles-boxes=50,50 --particle-radius=0.5 --l0=39.25 --height=10 --num-walls=1 --wall-positions=39.25 --wall-mass-factors=1000000000 --piston-right-protocol-mode=step --velocity-right-piston-step=3 --max-right-piston-travel=6.93 --auto-piston-step --wall-hold-steps=12000 --steps=12500 --fixed-dt=0.4 --energy-measurement --eff-output=wall-ke --kbt1 --seed=9251",9251
2026-09-18 12:50:42,energy_transfer,edmd,12500,12000,0.0166666669,39.25,10,100,0.5,nan,0.100050721,0.100050721,1,39.25,1e+09,50;50,1,0.0416666667,1,1,0.00999999978,100,1000,nan,39.25,1,step,71.5700022,-3,step,6.92999983,3,nan,nan,3,nan,nan,158.791355,0.0011642375,7.33186955e-06,0.999992668,158.790191,5.08322184e-09,1.41761038e-05,1.41710206e-05,8.92430232e-08,20,2.41665649,/Users/chrisharing/Desktop/CCS_complex_coupled_systems/Repo/HardDisks/hspist3/experiments_energy_transfer/level2_fast_20260918/u3/tr_9252.csv,21.3333282,18.9166718,1,"./00ALLINONE_ramp --mode=edmd --experiment=energy_transfer --headless --quiet --edmd-acc=0 --seed-drift-order=drift-first --energy-transfer-summary=experiments_energy_transfer/level2_fast_20260918/u3/summary.csv --energy-transfer-trace=experiments_energy_transfer/level2_fast_20260918/u3/tr_9252.csv --particles=100 --particles-boxes=50,50 --particle-radius=0.5 --l0=39.25 --height=10 --num-walls=1 --wall-positions=39.25 --wall-mass-factors=1000000000 --piston-right-protocol-mode=step --velocity-right-piston-step=3 --max-right-piston-travel=6.93 --auto-piston-step --wall-hold-steps=12000 --steps=12500 --fixed-dt=0.4 --energy-measurement --eff-output=wall-ke --kbt1 --seed=9252",9252
2026-09-18 12:50:42,energy_transfer,edmd,12500,12000,0.0166666669,39.25,10,100,0.5,nan,0.100050721,0.100050721,1,39.25,1e+09,50;50,1,0.0416666667,1,1,0.00999999978,100,1000,nan,39.25,1,step,71.5700022,-3,step,6.92999983,3,nan,nan,3,nan,nan,135.658731,0.000859739841,6.3375194e-06,0.999993662,135.657872,2.70861916e-10,8.16083229e-06,8.16056143e-06,6.01550771e-08,20,2.41665649,/Users/chrisharing/Desktop/CCS_complex_coupled_systems/Repo/HardDisks/hspist3/experiments_energy_transfer/level2_fast_20260918/u3/tr_9255.csv,21.5999908,19.1833344,1,"./00ALLINONE_ramp --mode=edmd --experiment=energy_transfer --headless --quiet --edmd-acc=0 --seed-drift-order=drift-first --energy-transfer-summary=experiments_energy_transfer/level2_fast_20260918/u3/summary.csv --energy-transfer-trace=experiments_energy_transfer/level2_fast_20260918/u3/tr_9255.csv --particles=100 --particles-boxes=50,50 --particle-radius=0.5 --l0=39.25 --height=10 --num-walls=1 --wall-positions=39.25 --wall-mass-factors=1000000000 --piston-right-protocol-mode=step --velocity-right-piston-step=3 --max-right-piston-travel=6.93 --auto-piston-step --wall-hold-steps=12000 --steps=12500 --fixed-dt=0.4 --energy-measurement --eff-output=wall-ke --kbt1 --seed=9255",9255
2026-09-18 12:50:42,energy_transfer,edmd,12500,12000,0.0166666669,39.25,10,100,0.5,nan,0.100050721,0.100050721,1,39.25,1e+09,50;50,1,0.0416666667,1,1,0.00999999978,100,1000,nan,39.25,1,step,71.5700022,-3,step,6.92999983,3,nan,nan,3,nan,nan,132.85832,0.000828142394,6.23327462e-06,0.999993767,132.857492,2.13187512e-08,8.09880294e-06,8.07748419e-06,6.07977294e-08,20,2.41665649,/Users/chrisharing/Desktop/CCS_complex_coupled_systems/Repo/HardDisks/hspist3/experiments_energy_transfer/level2_fast_20260918/u3/tr_9254.csv,20.7999878,18.3833313,1,"./00ALLINONE_ramp --mode=edmd --experiment=energy_transfer --headless --quiet --edmd-acc=0 --seed-drift-order=drift-first --energy-transfer-summary=experiments_energy_transfer/level2_fast_20260918/u3/summary.csv --energy-transfer-trace=experiments_energy_transfer/level2_fast_20260918/u3/tr_9254.csv --particles=100 --particles-boxes=50,50 --particle-radius=0.5 --l0=39.25 --height=10 --num-walls=1 --wall-positions=39.25 --wall-mass-factors=1000000000 --piston-right-protocol-mode=step --velocity-right-piston-step=3 --max-right-piston-travel=6.93 --auto-piston-step --wall-hold-steps=12000 --steps=12500 --fixed-dt=0.4 --energy-measurement --eff-output=wall-ke --kbt1 --seed=9254",9254
2026-09-18 12:50:42,energy_transfer,edmd,12500,12000,0.0166666669,39.25,10,100,0.5,nan,0.100050721,0.100050721,1,39.25,1e+09,50;50,1,0.0416666667,1,1,0.00999999978,100,1000,nan,39.25,1,step,71.5700022,-3,step,6.92999983,3,nan,nan,3,nan,nan,123.47688,0.000733918627,5.94377364e-06,0.999994056,123.476146,2.84193141e-10,7.14285443e-06,7.14257024e-06,5.78454057e-08,20,2.41665649,/Users/chrisharing/Desktop/CCS_complex_coupled_systems/Repo/HardDisks/hspist3/experiments_energy_transfer/level2_fast_20260918/u3/tr_9258.csv,22.0333252,19.6166687,1,"./00ALLINONE_ramp --mode=edmd --experiment=energy_transfer --headless --quiet --edmd-acc=0 --seed-drift-order=drift-first --energy-transfer-summary=experiments_energy_transfer/level2_fast_20260918/u3/summary.csv --energy-transfer-trace=experiments_energy_transfer/level2_fast_20260918/u3/tr_9258.csv --particles=100 --particles-boxes=50,50 --particle-radius=0.5 --l0=39.25 --height=10 --num-walls=1 --wall-positions=39.25 --wall-mass-factors=1000000000 --piston-right-protocol-mode=step --velocity-right-piston-step=3 --max-right-piston-travel=6.93 --auto-piston-step --wall-hold-steps=12000 --steps=12500 --fixed-dt=0.4 --energy-measurement --eff-output=wall-ke --kbt1 --seed=9258",9258
2026-09-18 12:50:42,energy_transfer,edmd,12500,12000,0.0166666669,39.25,10,100,0.5,nan,0.100050721,0.100050721,1,39.25,1e+09,50;50,1,0.0416666667,1,1,0.00999999978,100,1000,nan,39.25,1,step,71.5700022,-3,step,6.92999983,3,nan,nan,3,nan,nan,183.391222,0.00140015327,7.63478893e-06,0.999992365,183.389822,3.73100839e-09,1.41687724e-05,1.41650414e-05,7.72394734e-08,20,2.41665649,/Users/chrisharing/Desktop/CCS_complex_coupled_systems/Repo/HardDisks/hspist3/experiments_energy_transfer/level2_fast_20260918/u3/tr_9253.csv,20.8333282,18.4166718,1,"./00ALLINONE_ramp --mode=edmd --experiment=energy_transfer --headless --quiet --edmd-acc=0 --seed-drift-order=drift-first --energy-transfer-summary=experiments_energy_transfer/level2_fast_20260918/u3/summary.csv --energy-transfer-trace=experiments_energy_transfer/level2_fast_20260918/u3/tr_9253.csv --particles=100 --particles-boxes=50,50 --particle-radius=0.5 --l0=39.25 --height=10 --num-walls=1 --wall-positions=39.25 --wall-mass-factors=1000000000 --piston-right-protocol-mode=step --velocity-right-piston-step=3 --max-right-piston-travel=6.93 --auto-piston-step --wall-hold-steps=12000 --steps=12500 --fixed-dt=0.4 --energy-measurement --eff-output=wall-ke --kbt1 --seed=9253",9253
2026-09-18 12:50:42,energy_transfer,edmd,12500,12000,0.0166666669,39.25,10,100,0.5,nan,0.100050721,0.100050721,1,39.25,1e+09,50;50,1,0.0416666667,1,1,0.00999999978,100,1000,nan,39.25,1,step,71.5700022,-3,step,6.92999983,3,nan,nan,3,nan,nan,150.752178,0.00111104583,7.37001509e-06,0.99999263,150.751067,1.69965209e-09,1.04924584e-05,1.04907587e-05,6.95894338e-08,20,2.41665649,/Users/chrisharing/Desktop/CCS_complex_coupled_systems/Repo/HardDisks/hspist3/experiments_energy_transfer/level2_fast_20260918/u3/tr_9256.csv,22.2999878,19.8833313,1,"./00ALLINONE_ramp --mode=edmd --experiment=energy_transfer --headless --quiet --edmd-acc=0 --seed-drift-order=drift-first --energy-transfer-summary=experiments_energy_transfer/level2_fast_20260918/u3/summary.csv --energy-transfer-trace=experiments_energy_transfer/level2_fast_20260918/u3/tr_9256.csv --particles=100 --particles-boxes=50,50 --particle-radius=0.5 --l0=39.25 --height=10 --num-walls=1 --wall-positions=39.25 --wall-mass-factors=1000000000 --piston-right-protocol-mode=step --velocity-right-piston-step=3 --max-right-piston-travel=6.93 --auto-piston-step --wall-hold-steps=12000 --steps=12500 --fixed-dt=0.4 --energy-measurement --eff-output=wall-ke --kbt1 --seed=9256",9256
2026-09-18 12:50:42,energy_transfer,edmd,12500,12000,0.0166666669,39.25,10,100,0.5,nan,0.100050721,0.100050721,1,39.25,1e+09,50;50,1,0.0416666667,1,1,0.00999999978,100,1000,nan,39.25,1,step,71.5700022,-3,step,6.92999983,3,nan,nan,3,nan,nan,196.241441,0.00166056573,8.46185045e-06,0.999991538,196.239781,7.66922525e-09,1.23227528e-05,1.23150836e-05,6.2754755e-08,20,2.41665649,/Users/chrisharing/Desktop/CCS_complex_coupled_systems/Repo/HardDisks/hspist3/experiments_energy_transfer/level2_fast_20260918/u3/tr_9257.csv,22.0499878,19.6333313,1,"./00ALLINONE_ramp --mode=edmd --experiment=energy_transfer --headless --quiet --edmd-acc=0 --seed-drift-order=drift-first --energy-transfer-summary=experiments_energy_transfer/level2_fast_20260918/u3/summary.csv --energy-transfer-trace=experiments_energy_transfer/level2_fast_20260918/u3/tr_9257.csv --particles=100 --particles-boxes=50,50 --particle-radius=0.5 --l0=39.25 --height=10 --num-walls=1 --wall-positions=39.25 --wall-mass-factors=1000000000 --piston-right-protocol-mode=step --velocity-right-piston-step=3 --max-right-piston-travel=6.93 --auto-piston-step --wall-hold-steps=12000 --steps=12500 --fixed-dt=0.4 --energy-measurement --eff-output=wall-ke --kbt1 --seed=9257",9257
2026-09-18 12:50:42,energy_transfer,edmd,12500,12000,0.0166666669,39.25,10,100,0.5,nan,0.100050721,0.100050721,1,39.25,1e+09,50;50,1,0.0416666667,1,1,0.00999999978,100,1000,nan,39.25,1,step,71.5700022,-3,step,6.92999983,3,nan,nan,3,nan,nan,153.85647,0.00109332043,7.10610633e-06,0.999992894,153.855376,8.66788863e-09,9.94077891e-06,9.93211102e-06,6.45543931e-08,20,2.41665649,/Users/chrisharing/Desktop/CCS_complex_coupled_systems/Repo/HardDisks/hspist3/experiments_energy_transfer/level2_fast_20260918/u3/tr_9259.csv,22.3166656,19.9000092,1,"./00ALLINONE_ramp --mode=edmd --experiment=energy_transfer --headless --quiet --edmd-acc=0 --seed-drift-order=drift-first --energy-transfer-summary=experiments_energy_transfer/level2_fast_20260918/u3/summary.csv --energy-transfer-trace=experiments_energy_transfer/level2_fast_20260918/u3/tr_9259.csv --particles=100 --particles-boxes=50,50 --particle-radius=0.5 --l0=39.25 --height=10 --num-walls=1 --wall-positions=39.25 --wall-mass-factors=1000000000 --piston-right-protocol-mode=step --velocity-right-piston-step=3 --max-right-piston-travel=6.93 --auto-piston-step --wall-hold-steps=12000 --steps=12500 --fixed-dt=0.4 --energy-measurement --eff-output=wall-ke --kbt1 --seed=9259",9259
2026-09-18 12:50:42,energy_transfer,edmd,12500,12000,0.0166666669,39.25,10,100,0.5,nan,0.100050721,0.100050721,1,39.25,1e+09,50;50,1,0.0416666667,1,1,0.00999999978,100,1000,nan,39.25,1,step,71.5700022,-3,step,6.92999983,3,nan,nan,3,nan,nan,247.417627,0.00262282719,1.06008097e-05,0.999989399,247.415004,1.4304244e-08,3.40883089e-05,3.40740046e-05,1.37718582e-07,20,2.41665649,/Users/chrisharing/Desktop/CCS_complex_coupled_systems/Repo/HardDisks/hspist3/experiments_energy_transfer/level2_fast_20260918/u3/tr_9260.csv,21.7999878,19.3833313,1,"./00ALLINONE_ramp --mode=edmd --experiment=energy_transfer --headless --quiet --edmd-acc=0 --seed-drift-order=drift-first --energy-transfer-summary=experiments_energy_transfer/level2_fast_20260918/u3/summary.csv --energy-transfer-trace=experiments_energy_transfer/level2_fast_20260918/u3/tr_9260.csv --particles=100 --particles-boxes=50,50 --particle-radius=0.5 --l0=39.25 --height=10 --num-walls=1 --wall-positions=39.25 --wall-mass-factors=1000000000 --piston-right-protocol-mode=step --velocity-right-piston-step=3 --max-right-piston-travel=6.93 --auto-piston-step --wall-hold-steps=12000 --steps=12500 --fixed-dt=0.4 --energy-measurement --eff-output=wall-ke --kbt1 --seed=9260",9260
2026-09-18 12:50:42,energy_transfer,edmd,12500,12000,0.0166666669,39.25,10,100,0.5,nan,0.100050721,0.100050721,1,39.25,1e+09,50;50,1,0.0416666667,1,1,0.00999999978,100,1000,nan,39.25,1,step,71.5700022,-3,step,6.92999983,3,nan,nan,3,nan,nan,194.726315,0.00169237494,8.69104383e-06,0.999991309,194.724622,9.14666742e-09,2.18999048e-05,2.18907582e-05,1.12418079e-07,20,2.41665649,/Users/chrisharing/Desktop/CCS_complex_coupled_systems/Repo/HardDisks/hspist3/experiments_energy_transfer/level2_fast_20260918/u3/tr_9261.csv,22.2833252,19.8666687,1,"./00ALLINONE_ramp --mode=edmd --experiment=energy_transfer --headless --quiet --edmd-acc=0 --seed-drift-order=drift-first --energy-transfer-summary=experiments_energy_transfer/level2_fast_20260918/u3/summary.csv --energy-transfer-trace=experiments_energy_transfer/level2_fast_20260918/u3/tr_9261.csv --particles=100 --particles-boxes=50,50 --particle-radius=0.5 --l0=39.25 --height=10 --num-walls=1 --wall-positions=39.25 --wall-mass-factors=1000000000 --piston-right-protocol-mode=step --velocity-right-piston-step=3 --max-right-piston-travel=6.93 --auto-piston-step --wall-hold-steps=12000 --steps=12500 --fixed-dt=0.4 --energy-measurement --eff-output=wall-ke --kbt1 --seed=9261",9261
2026-09-18 12:50:42,energy_transfer,edmd,12500,12000,0.0166666669,39.25,10,100,0.5,nan,0.100050721,0.100050721,1,39.25,1e+09,50;50,1,0.0416666667,1,1,0.00999999978,100,1000,nan,39.25,1,step,71.5700022,-3,step,6.92999983,3,nan,nan,3,nan,nan,130.381492,0.000751652988,5.76502827e-06,0.999994235,130.38074,5.23891419e-09,8.30919544e-06,8.30395652e-06,6.36896878e-08,20,2.41665649,/Users/chrisharing/Desktop/CCS_complex_coupled_systems/Repo/HardDisks/hspist3/experiments_energy_transfer/level2_fast_20260918/u3/tr_9262.csv,22.0666656,19.6500092,1,"./00ALLINONE_ramp --mode=edmd --experiment=energy_transfer --headless --quiet --edmd-acc=0 --seed-drift-order=drift-first --energy-transfer-summary=experiments_energy_transfer/level2_fast_20260918/u3/summary.csv --energy-transfer-trace=experiments_energy_transfer/level2_fast_20260918/u3/tr_9262.csv --particles=100 --particles-boxes=50,50 --particle-radius=0.5 --l0=39.25 --height=10 --num-walls=1 --wall-positions=39.25 --wall-mass-factors=1000000000 --piston-right-protocol-mode=step --velocity-right-piston-step=3 --max-right-piston-travel=6.93 --auto-piston-step --wall-hold-steps=12000 --steps=12500 --fixed-dt=0.4 --energy-measurement --eff-output=wall-ke --kbt1 --seed=9262",9262
2026-09-18 12:50:42,energy_transfer,edmd,12500,12000,0.0166666669,39.25,10,100,0.5,nan,0.100050721,0.100050721,1,39.25,1e+09,50;50,1,0.0416666667,1,1,0.00999999978,100,1000,nan,39.25,1,step,71.5700022,-3,step,6.92999983,3,nan,nan,3,nan,nan,114.228634,0.000594871235,5.20772432e-06,0.999994792,114.228039,9.40230649e-09,4.8448419e-06,4.83543959e-06,4.23312389e-08,20,2.41665649,/Users/chrisharing/Desktop/CCS_complex_coupled_systems/Repo/HardDisks/hspist3/experiments_energy_transfer/level2_fast_20260918/u3/tr_9264.csv,22.2666626,19.8500061,1,"./00ALLINONE_ramp --mode=edmd --experiment=energy_transfer --headless --quiet --edmd-acc=0 --seed-drift-order=drift-first --energy-transfer-summary=experiments_energy_transfer/level2_fast_20260918/u3/summary.csv --energy-transfer-trace=experiments_energy_transfer/level2_fast_20260918/u3/tr_9264.csv --particles=100 --particles-boxes=50,50 --particle-radius=0.5 --l0=39.25 --height=10 --num-walls=1 --wall-positions=39.25 --wall-mass-factors=1000000000 --piston-right-protocol-mode=step --velocity-right-piston-step=3 --max-right-piston-travel=6.93 --auto-piston-step --wall-hold-steps=12000 --steps=12500 --fixed-dt=0.4 --energy-measurement --eff-output=wall-ke --kbt1 --seed=9264",9264
2026-09-18 12:50:42,energy_transfer,edmd,12500,12000,0.0166666669,39.25,10,100,0.5,nan,0.100050721,0.100050721,1,39.25,1e+09,50;50,1,0.0416666667,1,1,0.00999999978,100,1000,nan,39.25,1,step,71.5700022,-3,step,6.92999983,3,nan,nan,3,nan,nan,74.4230288,0.000290713739,3.90623364e-06,0.999996094,74.4227381,2.60166093e-08,2.57916986e-06,2.55315325e-06,3.43059573e-08,20,2.41665649,/Users/chrisharing/Desktop/CCS_complex_coupled_systems/Repo/HardDisks/hspist3/experiments_energy_transfer/level2_fast_20260918/u3/tr_9268.csv,17.4999847,15.0833282,0,"./00ALLINONE_ramp --mode=edmd --experiment=energy_transfer --headless --quiet --edmd-acc=0 --seed-drift-order=drift-first --energy-transfer-summary=experiments_energy_transfer/level2_fast_20260918/u3/summary.csv --energy-transfer-trace=experiments_energy_transfer/level2_fast_20260918/u3/tr_9268.csv --particles=100 --particles-boxes=50,50 --particle-radius=0.5 --l0=39.25 --height=10 --num-walls=1 --wall-positions=39.25 --wall-mass-factors=1000000000 --piston-right-protocol-mode=step --velocity-right-piston-step=3 --max-right-piston-travel=6.93 --auto-piston-step --wall-hold-steps=12000 --steps=12500 --fixed-dt=0.4 --energy-measurement --eff-output=wall-ke --kbt1 --seed=9268",9268
2026-09-18 12:50:42,energy_transfer,edmd,12500,12000,0.0166666669,39.25,10,100,0.5,nan,0.100050721,0.100050721,1,39.25,1e+09,50;50,1,0.0416666667,1,1,0.00999999978,100,1000,nan,39.25,1,step,71.5700022,-3,step,6.92999983,3,nan,nan,3,nan,nan,178.848545,0.00143244141,8.00924272e-06,0.999991991,178.847113,3.83433389e-12,1.770989e-05,1.77098862e-05,9.90216956e-08,20,2.41665649,/Users/chrisharing/Desktop/CCS_complex_coupled_systems/Repo/HardDisks/hspist3/experiments_energy_transfer/level2_fast_20260918/u3/tr_9266.csv,21.5999908,19.1833344,1,"./00ALLINONE_ramp --mode=edmd --experiment=energy_transfer --headless --quiet --edmd-acc=0 --seed-drift-order=drift-first --energy-transfer-summary=experiments_energy_transfer/level2_fast_20260918/u3/summary.csv --energy-transfer-trace=experiments_energy_transfer/level2_fast_20260918/u3/tr_9266.csv --particles=100 --particles-boxes=50,50 --particle-radius=0.5 --l0=39.25 --height=10 --num-walls=1 --wall-positions=39.25 --wall-mass-factors=1000000000 --piston-right-protocol-mode=step --velocity-right-piston-step=3 --max-right-piston-travel=6.93 --auto-piston-step --wall-hold-steps=12000 --steps=12500 --fixed-dt=0.4 --energy-measurement --eff-output=wall-ke --kbt1 --seed=9266",9266
2026-09-18 12:50:42,energy_transfer,edmd,12500,12000,0.0166666669,39.25,10,100,0.5,nan,0.100050721,0.100050721,1,39.25,1e+09,50;50,1,0.0416666667,1,1,0.00999999978,100,1000,nan,39.25,1,step,71.5700022,-3,step,6.92999983,3,nan,nan,3,nan,nan,127.190984,0.000763819786,6.00529818e-06,0.999993995,127.19022,3.2570167e-08,9.02311604e-06,8.99054587e-06,7.06854021e-08,20,2.41665649,/Users/chrisharing/Desktop/CCS_complex_coupled_systems/Repo/HardDisks/hspist3/experiments_energy_transfer/level2_fast_20260918/u3/tr_9267.csv,21.9499969,19.5333405,1,"./00ALLINONE_ramp --mode=edmd --experiment=energy_transfer --headless --quiet --edmd-acc=0 --seed-drift-order=drift-first --energy-transfer-summary=experiments_energy_transfer/level2_fast_20260918/u3/summary.csv --energy-transfer-trace=experiments_energy_transfer/level2_fast_20260918/u3/tr_9267.csv --particles=100 --particles-boxes=50,50 --particle-radius=0.5 --l0=39.25 --height=10 --num-walls=1 --wall-positions=39.25 --wall-mass-factors=1000000000 --piston-right-protocol-mode=step --velocity-right-piston-step=3 --max-right-piston-travel=6.93 --auto-piston-step --wall-hold-steps=12000 --steps=12500 --fixed-dt=0.4 --energy-measurement --eff-output=wall-ke --kbt1 --seed=9267",9267
2026-09-18 12:50:42,energy_transfer,edmd,12500,12000,0.0166666669,39.25,10,100,0.5,nan,0.100050721,0.100050721,1,39.25,1e+09,50;50,1,0.0416666667,1,1,0.00999999978,100,1000,nan,39.25,1,step,71.5700022,-3,step,6.92999983,3,nan,nan,3,nan,nan,204.463357,0.00182602741,8.93082964e-06,0.999991069,204.461531,1.83454663e-09,2.42399783e-05,2.42381438e-05,1.18545172e-07,20,2.41665649,/Users/chrisharing/Desktop/CCS_complex_coupled_systems/Repo/HardDisks/hspist3/experiments_energy_transfer/level2_fast_20260918/u3/tr_9265.csv,22.1999969,19.7833405,1,"./00ALLINONE_ramp --mode=edmd --experiment=energy_transfer --headless --quiet --edmd-acc=0 --seed-drift-order=drift-first --energy-transfer-summary=experiments_energy_transfer/level2_fast_20260918/u3/summary.csv --energy-transfer-trace=experiments_energy_transfer/level2_fast_20260918/u3/tr_9265.csv --particles=100 --particles-boxes=50,50 --particle-radius=0.5 --l0=39.25 --height=10 --num-walls=1 --wall-positions=39.25 --wall-mass-factors=1000000000 --piston-right-protocol-mode=step --velocity-right-piston-step=3 --max-right-piston-travel=6.93 --auto-piston-step --wall-hold-steps=12000 --steps=12500 --fixed-dt=0.4 --energy-measurement --eff-output=wall-ke --kbt1 --seed=9265",9265
2026-09-18 12:50:42,energy_transfer,edmd,12500,12000,0.0166666669,39.25,10,100,0.5,nan,0.100050721,0.100050721,1,39.25,1e+09,50;50,1,0.0416666667,1,1,0.00999999978,100,1000,nan,39.25,1,step,71.5700022,-3,step,6.92999983,3,nan,nan,3,nan,nan,230.746417,0.00228051399,9.88320431e-06,0.999990117,230.744137,1.14616867e-08,2.30459045e-05,2.30344428e-05,9.98257875e-08,20,2.41665649,/Users/chrisharing/Desktop/CCS_complex_coupled_systems/Repo/HardDisks/hspist3/experiments_energy_transfer/level2_fast_20260918/u3/tr_9263.csv,22.3999939,19.9833374,1,"./00ALLINONE_ramp --mode=edmd --experiment=energy_transfer --headless --quiet --edmd-acc=0 --seed-drift-order=drift-first --energy-transfer-summary=experiments_energy_transfer/level2_fast_20260918/u3/summary.csv --energy-transfer-trace=experiments_energy_transfer/level2_fast_20260918/u3/tr_9263.csv --particles=100 --particles-boxes=50,50 --particle-radius=0.5 --l0=39.25 --height=10 --num-walls=1 --wall-positions=39.25 --wall-mass-factors=1000000000 --piston-right-protocol-mode=step --velocity-right-piston-step=3 --max-right-piston-travel=6.93 --auto-piston-step --wall-hold-steps=12000 --steps=12500 --fixed-dt=0.4 --energy-measurement --eff-output=wall-ke --kbt1 --seed=9263",9263
2026-09-18 12:50:42,energy_transfer,edmd,12500,12000,0.0166666669,39.25,10,100,0.5,nan,0.100050721,0.100050721,1,39.25,1e+09,50;50,1,0.0416666667,1,1,0.00999999978,100,1000,nan,39.25,1,step,71.5700022,-3,step,6.92999983,3,nan,nan,3,nan,nan,129.669535,0.000795168104,6.13226616e-06,0.999993868,129.66874,3.98487465e-09,8.70281656e-06,8.69883168e-06,6.70846214e-08,20,2.41665649,/Users/chrisharing/Desktop/CCS_complex_coupled_systems/Repo/HardDisks/hspist3/experiments_energy_transfer/level2_fast_20260918/u3/tr_9270.csv,21.5999908,19.1833344,1,"./00ALLINONE_ramp --mode=edmd --experiment=energy_transfer --headless --quiet --edmd-acc=0 --seed-drift-order=drift-first --energy-transfer-summary=experiments_energy_transfer/level2_fast_20260918/u3/summary.csv --energy-transfer-trace=experiments_energy_transfer/level2_fast_20260918/u3/tr_9270.csv --particles=100 --particles-boxes=50,50 --particle-radius=0.5 --l0=39.25 --height=10 --num-walls=1 --wall-positions=39.25 --wall-mass-factors=1000000000 --piston-right-protocol-mode=step --velocity-right-piston-step=3 --max-right-piston-travel=6.93 --auto-piston-step --wall-hold-steps=12000 --steps=12500 --fixed-dt=0.4 --energy-measurement --eff-output=wall-ke --kbt1 --seed=9270",9270
2026-09-18 12:50:42,energy_transfer,edmd,12500,12000,0.0166666669,39.25,10,100,0.5,nan,0.100050721,0.100050721,1,39.25,1e+09,50;50,1,0.0416666667,1,1,0.00999999978,100,1000,nan,39.25,1,step,71.5700022,-3,step,6.92999983,3,nan,nan,3,nan,nan,296.656507,0.00382756186,1.29023358e-05,0.999987098,296.652679,1.63654146e-10,5.05823336e-05,5.058217e-05,1.70507536e-07,20,2.41665649,/Users/chrisharing/Desktop/CCS_complex_coupled_systems/Repo/HardDisks/hspist3/experiments_energy_transfer/level2_fast_20260918/u3/tr_9269.csv,22.2999878,19.8833313,1,"./00ALLINONE_ramp --mode=edmd --experiment=energy_transfer --headless --quiet --edmd-acc=0 --seed-drift-order=drift-first --energy-transfer-summary=experiments_energy_transfer/level2_fast_20260918/u3/summary.csv --energy-transfer-trace=experiments_energy_transfer/level2_fast_20260918/u3/tr_9269.csv --particles=100 --particles-boxes=50,50 --particle-radius=0.5 --l0=39.25 --height=10 --num-walls=1 --wall-positions=39.25 --wall-mass-factors=1000000000 --piston-right-protocol-mode=step --velocity-right-piston-step=3 --max-right-piston-travel=6.93 --auto-piston-step --wall-hold-steps=12000 --steps=12500 --fixed-dt=0.4 --energy-measurement --eff-output=wall-ke --kbt1 --seed=9269",9269
2026-09-18 12:50:42,energy_transfer,edmd,12500,12000,0.0166666669,39.25,10,100,0.5,nan,0.100050721,0.100050721,1,39.25,1e+09,50;50,1,0.0416666667,1,1,0.00999999978,100,1000,nan,39.25,1,step,71.5700022,-3,step,6.92999983,3,nan,nan,3,nan,nan,188.320351,0.00155762304,8.27113493e-06,0.999991729,188.318794,2.12235063e-10,1.48335102e-05,1.4833298e-05,7.87663038e-08,20,2.41665649,/Users/chrisharing/Desktop/CCS_complex_coupled_systems/Repo/HardDisks/hspist3/experiments_energy_transfer/level2_fast_20260918/u3/tr_9271.csv,22.2333221,19.8166656,1,"./00ALLINONE_ramp --mode=edmd --experiment=energy_transfer --headless --quiet --edmd-acc=0 --seed-drift-order=drift-first --energy-transfer-summary=experiments_energy_transfer/level2_fast_20260918/u3/summary.csv --energy-transfer-trace=experiments_energy_transfer/level2_fast_20260918/u3/tr_9271.csv --particles=100 --particles-boxes=50,50 --particle-radius=0.5 --l0=39.25 --height=10 --num-walls=1 --wall-positions=39.25 --wall-mass-factors=1000000000 --piston-right-protocol-mode=step --velocity-right-piston-step=3 --max-right-piston-travel=6.93 --auto-piston-step --wall-hold-steps=12000 --steps=12500 --fixed-dt=0.4 --energy-measurement --eff-output=wall-ke --kbt1 --seed=9271",9271
2026-09-18 12:50:43,energy_transfer,edmd,12500,12000,0.0166666669,39.25,10,100,0.5,nan,0.100050721,0.100050721,1,39.25,1e+09,50;50,1,0.0416666667,1,1,0.00999999978,100,1000,nan,39.25,1,step,71.5700022,-3,step,6.92999983,3,nan,nan,3,nan,nan,113.658834,0.000555766572,4.88977894e-06,0.99999511,113.658278,4.03485885e-08,4.69200677e-06,4.65165818e-06,4.09264993e-08,20,2.41665649,/Users/chrisharing/Desktop/CCS_complex_coupled_systems/Repo/HardDisks/hspist3/experiments_energy_transfer/level2_fast_20260918/u3/tr_9277.csv,22.2166595,19.8000031,1,"./00ALLINONE_ramp --mode=edmd --experiment=energy_transfer --headless --quiet --edmd-acc=0 --seed-drift-order=drift-first --energy-transfer-summary=experiments_energy_transfer/level2_fast_20260918/u3/summary.csv --energy-transfer-trace=experiments_energy_transfer/level2_fast_20260918/u3/tr_9277.csv --particles=100 --particles-boxes=50,50 --particle-radius=0.5 --l0=39.25 --height=10 --num-walls=1 --wall-positions=39.25 --wall-mass-factors=1000000000 --piston-right-protocol-mode=step --velocity-right-piston-step=3 --max-right-piston-travel=6.93 --auto-piston-step --wall-hold-steps=12000 --steps=12500 --fixed-dt=0.4 --energy-measurement --eff-output=wall-ke --kbt1 --seed=9277",9277
2026-09-18 12:50:43,energy_transfer,edmd,12500,12000,0.0166666669,39.25,10,100,0.5,nan,0.100050721,0.100050721,1,39.25,1e+09,50;50,1,0.0416666667,1,1,0.00999999978,100,1000,nan,39.25,1,step,71.5700022,-3,step,6.92999983,3,nan,nan,3,nan,nan,201.521416,0.00173827948,8.62578038e-06,0.999991374,201.519678,7.07907377e-09,2.17346478e-05,2.17275687e-05,1.07817666e-07,20,2.41665649,/Users/chrisharing/Desktop/CCS_complex_coupled_systems/Repo/HardDisks/hspist3/experiments_energy_transfer/level2_fast_20260918/u3/tr_9272.csv,21.7999878,19.3833313,1,"./00ALLINONE_ramp --mode=edmd --experiment=energy_transfer --headless --quiet --edmd-acc=0 --seed-drift-order=drift-first --energy-transfer-summary=experiments_energy_transfer/level2_fast_20260918/u3/summary.csv --energy-transfer-trace=experiments_energy_transfer/level2_fast_20260918/u3/tr_9272.csv --particles=100 --particles-boxes=50,50 --particle-radius=0.5 --l0=39.25 --height=10 --num-walls=1 --wall-positions=39.25 --wall-mass-factors=1000000000 --piston-right-protocol-mode=step --velocity-right-piston-step=3 --max-right-piston-travel=6.93 --auto-piston-step --wall-hold-steps=12000 --steps=12500 --fixed-dt=0.4 --energy-measurement --eff-output=wall-ke --kbt1 --seed=9272",9272
2026-09-18 12:50:43,energy_transfer,edmd,12500,12000,0.0166666669,39.25,10,100,0.5,nan,0.100050721,0.100050721,1,39.25,1e+09,50;50,1,0.0416666667,1,1,0.00999999978,100,1000,nan,39.25,1,step,71.5700022,-3,step,6.92999983,3,nan,nan,3,nan,nan,227.109379,0.0022770022,1.00260157e-05,0.999989974,227.107102,1.23829471e-08,2.85874394e-05,2.85750564e-05,1.2582068e-07,20,2.41665649,/Users/chrisharing/Desktop/CCS_complex_coupled_systems/Repo/HardDisks/hspist3/experiments_energy_transfer/level2_fast_20260918/u3/tr_9273.csv,22.3333282,19.9166718,1,"./00ALLINONE_ramp --mode=edmd --experiment=energy_transfer --headless --quiet --edmd-acc=0 --seed-drift-order=drift-first --energy-transfer-summary=experiments_energy_transfer/level2_fast_20260918/u3/summary.csv --energy-transfer-trace=experiments_energy_transfer/level2_fast_20260918/u3/tr_9273.csv --particles=100 --particles-boxes=50,50 --particle-radius=0.5 --l0=39.25 --height=10 --num-walls=1 --wall-positions=39.25 --wall-mass-factors=1000000000 --piston-right-protocol-mode=step --velocity-right-piston-step=3 --max-right-piston-travel=6.93 --auto-piston-step --wall-hold-steps=12000 --steps=12500 --fixed-dt=0.4 --energy-measurement --eff-output=wall-ke --kbt1 --seed=9273",9273
2026-09-18 12:50:43,energy_transfer,edmd,12500,12000,0.0166666669,39.25,10,100,0.5,nan,0.100050721,0.100050721,1,39.25,1e+09,50;50,1,0.0416666667,1,1,0.00999999978,100,1000,nan,39.25,1,step,71.5700022,-3,step,6.92999983,3,nan,nan,3,nan,nan,150.389873,0.0010207193,6.78715444e-06,0.999993213,150.388853,3.82457621e-09,1.24893741e-05,1.24855495e-05,8.30212115e-08,20,2.41665649,/Users/chrisharing/Desktop/CCS_complex_coupled_systems/Repo/HardDisks/hspist3/experiments_energy_transfer/level2_fast_20260918/u3/tr_9276.csv,21.7833252,19.3666687,1,"./00ALLINONE_ramp --mode=edmd --experiment=energy_transfer --headless --quiet --edmd-acc=0 --seed-drift-order=drift-first --energy-transfer-summary=experiments_energy_transfer/level2_fast_20260918/u3/summary.csv --energy-transfer-trace=experiments_energy_transfer/level2_fast_20260918/u3/tr_9276.csv --particles=100 --particles-boxes=50,50 --particle-radius=0.5 --l0=39.25 --height=10 --num-walls=1 --wall-positions=39.25 --wall-mass-factors=1000000000 --piston-right-protocol-mode=step --velocity-right-piston-step=3 --max-right-piston-travel=6.93 --auto-piston-step --wall-hold-steps=12000 --steps=12500 --fixed-dt=0.4 --energy-measurement --eff-output=wall-ke --kbt1 --seed=9276",9276
2026-09-18 12:50:43,energy_transfer,edmd,12500,12000,0.0166666669,39.25,10,100,0.5,nan,0.100050721,0.100050721,1,39.25,1e+09,50;50,1,0.0416666667,1,1,0.00999999978,100,1000,nan,39.25,1,step,71.5700022,-3,step,6.92999983,3,nan,nan,3,nan,nan,200.482223,0.00179088849,8.93290418e-06,0.999991067,200.480433,1.43370302e-08,1.63273671e-05,1.63130301e-05,8.13689603e-08,20,2.41665649,/Users/chrisharing/Desktop/CCS_complex_coupled_systems/Repo/HardDisks/hspist3/experiments_energy_transfer/level2_fast_20260918/u3/tr_9275.csv,22.0499878,19.6333313,1,"./00ALLINONE_ramp --mode=edmd --experiment=energy_transfer --headless --quiet --edmd-acc=0 --seed-drift-order=drift-first --energy-transfer-summary=experiments_energy_transfer/level2_fast_20260918/u3/summary.csv --energy-transfer-trace=experiments_energy_transfer/level2_fast_20260918/u3/tr_9275.csv --particles=100 --particles-boxes=50,50 --particle-radius=0.5 --l0=39.25 --height=10 --num-walls=1 --wall-positions=39.25 --wall-mass-factors=1000000000 --piston-right-protocol-mode=step --velocity-right-piston-step=3 --max-right-piston-travel=6.93 --auto-piston-step --wall-hold-steps=12000 --steps=12500 --fixed-dt=0.4 --energy-measurement --eff-output=wall-ke --kbt1 --seed=9275",9275
2026-09-18 12:50:43,energy_transfer,edmd,12500,12000,0.0166666669,39.25,10,100,0.5,nan,0.100050721,0.100050721,1,39.25,1e+09,50;50,1,0.0416666667,1,1,0.00999999978,100,1000,nan,39.25,1,step,71.5700022,-3,step,6.92999983,3,nan,nan,3,nan,nan,238.94527,0.00258774497,1.08298648e-05,0.99998917,238.942682,0,2.78716707e-05,2.78716707e-05,1.1664458e-07,20,2.41665649,/Users/chrisharing/Desktop/CCS_complex_coupled_systems/Repo/HardDisks/hspist3/experiments_energy_transfer/level2_fast_20260918/u3/tr_9274.csv,21.4666595,19.0500031,1,"./00ALLINONE_ramp --mode=edmd --experiment=energy_transfer --headless --quiet --edmd-acc=0 --seed-drift-order=drift-first --energy-transfer-summary=experiments_energy_transfer/level2_fast_20260918/u3/summary.csv --energy-transfer-trace=experiments_energy_transfer/level2_fast_20260918/u3/tr_9274.csv --particles=100 --particles-boxes=50,50 --particle-radius=0.5 --l0=39.25 --height=10 --num-walls=1 --wall-positions=39.25 --wall-mass-factors=1000000000 --piston-right-protocol-mode=step --velocity-right-piston-step=3 --max-right-piston-travel=6.93 --auto-piston-step --wall-hold-steps=12000 --steps=12500 --fixed-dt=0.4 --energy-measurement --eff-output=wall-ke --kbt1 --seed=9274",9274
2026-09-18 12:50:43,energy_transfer,edmd,12500,12000,0.0166666669,39.25,10,100,0.5,nan,0.100050721,0.100050721,1,39.25,1e+09,50;50,1,0.0416666667,1,1,0.00999999978,100,1000,nan,39.25,1,step,71.5700022,-3,step,6.92999983,3,nan,nan,3,nan,nan,154.003508,0.00106611557,6.92267067e-06,0.999993077,154.002442,5.19575387e-08,1.27492167e-05,1.26972592e-05,8.24478566e-08,20,2.41665649,/Users/chrisharing/Desktop/CCS_complex_coupled_systems/Repo/HardDisks/hspist3/experiments_energy_transfer/level2_fast_20260918/u3/tr_9278.csv,22.2833252,19.8666687,1,"./00ALLINONE_ramp --mode=edmd --experiment=energy_transfer --headless --quiet --edmd-acc=0 --seed-drift-order=drift-first --energy-transfer-summary=experiments_energy_transfer/level2_fast_20260918/u3/summary.csv --energy-transfer-trace=experiments_energy_transfer/level2_fast_20260918/u3/tr_9278.csv --particles=100 --particles-boxes=50,50 --particle-radius=0.5 --l0=39.25 --height=10 --num-walls=1 --wall-positions=39.25 --wall-mass-factors=1000000000 --piston-right-protocol-mode=step --velocity-right-piston-step=3 --max-right-piston-travel=6.93 --auto-piston-step --wall-hold-steps=12000 --steps=12500 --fixed-dt=0.4 --energy-measurement --eff-output=wall-ke --kbt1 --seed=9278",9278
2026-09-18 12:50:43,energy_transfer,edmd,12500,12000,0.0166666669,39.25,10,100,0.5,nan,0.100050721,0.100050721,1,39.25,1e+09,50;50,1,0.0416666667,1,1,0.00999999978,100,1000,nan,39.25,1,step,71.5700022,-3,step,6.92999983,3,nan,nan,3,nan,nan,133.012324,0.000851769873,6.4036914e-06,0.999993596,133.011472,2.02968025e-08,9.95343817e-06,9.93314136e-06,7.46783537e-08,20,2.41665649,/Users/chrisharing/Desktop/CCS_complex_coupled_systems/Repo/HardDisks/hspist3/experiments_energy_transfer/level2_fast_20260918/u3/tr_9279.csv,22.0999908,19.6833344,1,"./00ALLINONE_ramp --mode=edmd --experiment=energy_transfer --headless --quiet --edmd-acc=0 --seed-drift-order=drift-first --energy-transfer-summary=experiments_energy_transfer/level2_fast_20260918/u3/summary.csv --energy-transfer-trace=experiments_energy_transfer/level2_fast_20260918/u3/tr_9279.csv --particles=100 --particles-boxes=50,50 --particle-radius=0.5 --l0=39.25 --height=10 --num-walls=1 --wall-positions=39.25 --wall-mass-factors=1000000000 --piston-right-protocol-mode=step --velocity-right-piston-step=3 --max-right-piston-travel=6.93 --auto-piston-step --wall-hold-steps=12000 --steps=12500 --fixed-dt=0.4 --energy-measurement --eff-output=wall-ke --kbt1 --seed=9279",9279
2026-09-18 12:50:43,energy_transfer,edmd,12500,12000,0.0166666669,39.25,10,100,0.5,nan,0.100050721,0.100050721,1,39.25,1e+09,50;50,1,0.0416666667,1,1,0.00999999978,100,1000,nan,39.25,1,step,71.5700022,-3,step,6.92999983,3,nan,nan,3,nan,nan,150.948985,0.00102552737,6.79386726e-06,0.999993206,150.947959,5.74991299e-09,7.62231548e-06,7.61656557e-06,5.04578787e-08,20,2.41665649,/Users/chrisharing/Desktop/CCS_complex_coupled_systems/Repo/HardDisks/hspist3/experiments_energy_transfer/level2_fast_20260918/u3/tr_9280.csv,22.3333282,19.9166718,1,"./00ALLINONE_ramp --mode=edmd --experiment=energy_transfer --headless --quiet --edmd-acc=0 --seed-drift-order=drift-first --energy-transfer-summary=experiments_energy_transfer/level2_fast_20260918/u3/summary.csv --energy-transfer-trace=experiments_energy_transfer/level2_fast_20260918/u3/tr_9280.csv --particles=100 --particles-boxes=50,50 --particle-radius=0.5 --l0=39.25 --height=10 --num-walls=1 --wall-positions=39.25 --wall-mass-factors=1000000000 --piston-right-protocol-mode=step --velocity-right-piston-step=3 --max-right-piston-travel=6.93 --auto-piston-step --wall-hold-steps=12000 --steps=12500 --fixed-dt=0.4 --energy-measurement --eff-output=wall-ke --kbt1 --seed=9280",9280
2026-09-18 12:50:43,energy_transfer,edmd,12500,12000,0.0166666669,39.25,10,100,0.5,nan,0.100050721,0.100050721,1,39.25,1e+09,50;50,1,0.0416666667,1,1,0.00999999978,100,1000,nan,39.25,1,step,71.5700022,-3,step,6.92999983,3,nan,nan,3,nan,nan,173.163298,0.00130798784,7.55349349e-06,0.999992447,173.16199,3.81404632e-08,1.0132776e-05,1.00946355e-05,5.82954682e-08,20,2.41665649,/Users/chrisharing/Desktop/CCS_complex_coupled_systems/Repo/HardDisks/hspist3/experiments_energy_transfer/level2_fast_20260918/u3/tr_9281.csv,20.4333191,18.0166626,1,"./00ALLINONE_ramp --mode=edmd --experiment=energy_transfer --headless --quiet --edmd-acc=0 --seed-drift-order=drift-first --energy-transfer-summary=experiments_energy_transfer/level2_fast_20260918/u3/summary.csv --energy-transfer-trace=experiments_energy_transfer/level2_fast_20260918/u3/tr_9281.csv --particles=100 --particles-boxes=50,50 --particle-radius=0.5 --l0=39.25 --height=10 --num-walls=1 --wall-positions=39.25 --wall-mass-factors=1000000000 --piston-right-protocol-mode=step --velocity-right-piston-step=3 --max-right-piston-travel=6.93 --auto-piston-step --wall-hold-steps=12000 --steps=12500 --fixed-dt=0.4 --energy-measurement --eff-output=wall-ke --kbt1 --seed=9281",9281
2026-09-18 12:50:43,energy_transfer,edmd,12500,12000,0.0166666669,39.25,10,100,0.5,nan,0.100050721,0.100050721,1,39.25,1e+09,50;50,1,0.0416666667,1,1,0.00999999978,100,1000,nan,39.25,1,step,71.5700022,-3,step,6.92999983,3,nan,nan,3,nan,nan,196.168678,0.00169605901,8.6459216e-06,0.999991354,196.166982,3.72909659e-09,1.85920635e-05,1.85883344e-05,9.47568926e-08,20,2.41665649,/Users/chrisharing/Desktop/CCS_complex_coupled_systems/Repo/HardDisks/hspist3/experiments_energy_transfer/level2_fast_20260918/u3/tr_9282.csv,21.8833313,19.4666748,1,"./00ALLINONE_ramp --mode=edmd --experiment=energy_transfer --headless --quiet --edmd-acc=0 --seed-drift-order=drift-first --energy-transfer-summary=experiments_energy_transfer/level2_fast_20260918/u3/summary.csv --energy-transfer-trace=experiments_energy_transfer/level2_fast_20260918/u3/tr_9282.csv --particles=100 --particles-boxes=50,50 --particle-radius=0.5 --l0=39.25 --height=10 --num-walls=1 --wall-positions=39.25 --wall-mass-factors=1000000000 --piston-right-protocol-mode=step --velocity-right-piston-step=3 --max-right-piston-travel=6.93 --auto-piston-step --wall-hold-steps=12000 --steps=12500 --fixed-dt=0.4 --energy-measurement --eff-output=wall-ke --kbt1 --seed=9282",9282
2026-09-18 12:50:43,energy_transfer,edmd,12500,12000,0.0166666669,39.25,10,100,0.5,nan,0.100050721,0.100050721,1,39.25,1e+09,50;50,1,0.0416666667,1,1,0.00999999978,100,1000,nan,39.25,1,step,71.5700022,-3,step,6.92999983,3,nan,nan,3,nan,nan,154.208178,0.001142608,7.40951626e-06,0.99999259,154.207035,6.32957997e-09,1.47717783e-05,1.47654487e-05,9.57501016e-08,20,2.41665649,/Users/chrisharing/Desktop/CCS_complex_coupled_systems/Repo/HardDisks/hspist3/experiments_energy_transfer/level2_fast_20260918/u3/tr_9284.csv,22.0999908,19.6833344,1,"./00ALLINONE_ramp --mode=edmd --experiment=energy_transfer --headless --quiet --edmd-acc=0 --seed-drift-order=drift-first --energy-transfer-summary=experiments_energy_transfer/level2_fast_20260918/u3/summary.csv --energy-transfer-trace=experiments_energy_transfer/level2_fast_20260918/u3/tr_9284.csv --particles=100 --particles-boxes=50,50 --particle-radius=0.5 --l0=39.25 --height=10 --num-walls=1 --wall-positions=39.25 --wall-mass-factors=1000000000 --piston-right-protocol-mode=step --velocity-right-piston-step=3 --max-right-piston-travel=6.93 --auto-piston-step --wall-hold-steps=12000 --steps=12500 --fixed-dt=0.4 --energy-measurement --eff-output=wall-ke --kbt1 --seed=9284",9284
2026-09-18 12:50:43,energy_transfer,edmd,12500,12000,0.0166666669,39.25,10,100,0.5,nan,0.100050721,0.100050721,1,39.25,1e+09,50;50,1,0.0416666667,1,1,0.00999999978,100,1000,nan,39.25,1,step,71.5700022,-3,step,6.92999983,3,nan,nan,3,nan,nan,218.863939,0.00212102826,9.69108145e-06,0.999990309,218.861818,1.3959951e-09,3.33561838e-05,3.33547879e-05,1.52399651e-07,20,2.41665649,/Users/chrisharing/Desktop/CCS_complex_coupled_systems/Repo/HardDisks/hspist3/experiments_energy_transfer/level2_fast_20260918/u3/tr_9283.csv,22.1833191,19.7666626,1,"./00ALLINONE_ramp --mode=edmd --experiment=energy_transfer --headless --quiet --edmd-acc=0 --seed-drift-order=drift-first --energy-transfer-summary=experiments_energy_transfer/level2_fast_20260918/u3/summary.csv --energy-transfer-trace=experiments_energy_transfer/level2_fast_20260918/u3/tr_9283.csv --particles=100 --particles-boxes=50,50 --particle-radius=0.5 --l0=39.25 --height=10 --num-walls=1 --wall-positions=39.25 --wall-mass-factors=1000000000 --piston-right-protocol-mode=step --velocity-right-piston-step=3 --max-right-piston-travel=6.93 --auto-piston-step --wall-hold-steps=12000 --steps=12500 --fixed-dt=0.4 --energy-measurement --eff-output=wall-ke --kbt1 --seed=9283",9283
2026-09-18 12:50:43,energy_transfer,edmd,12500,12000,0.0166666669,39.25,10,100,0.5,nan,0.100050721,0.100050721,1,39.25,1e+09,50;50,1,0.0416666667,1,1,0.00999999978,100,1000,nan,39.25,1,step,71.5700022,-3,step,6.92999983,3,nan,nan,3,nan,nan,155.332216,0.0011386968,7.33071878e-06,0.999992669,155.331078,6.96186042e-09,1.33667854e-05,1.33598236e-05,8.60080663e-08,20,2.41665649,/Users/chrisharing/Desktop/CCS_complex_coupled_systems/Repo/HardDisks/hspist3/experiments_energy_transfer/level2_fast_20260918/u3/tr_9287.csv,21.6666565,19.25,1,"./00ALLINONE_ramp --mode=edmd --experiment=energy_transfer --headless --quiet --edmd-acc=0 --seed-drift-order=drift-first --energy-transfer-summary=experiments_energy_transfer/level2_fast_20260918/u3/summary.csv --energy-transfer-trace=experiments_energy_transfer/level2_fast_20260918/u3/tr_9287.csv --particles=100 --particles-boxes=50,50 --particle-radius=0.5 --l0=39.25 --height=10 --num-walls=1 --wall-positions=39.25 --wall-mass-factors=1000000000 --piston-right-protocol-mode=step --velocity-right-piston-step=3 --max-right-piston-travel=6.93 --auto-piston-step --wall-hold-steps=12000 --steps=12500 --fixed-dt=0.4 --energy-measurement --eff-output=wall-ke --kbt1 --seed=9287",9287
2026-09-18 12:50:43,energy_transfer,edmd,12500,12000,0.0166666669,39.25,10,100,0.5,nan,0.100050721,0.100050721,1,39.25,1e+09,50;50,1,0.0416666667,1,1,0.00999999978,100,1000,nan,39.25,1,step,71.5700022,-3,step,6.92999983,3,nan,nan,3,nan,nan,245.293344,0.00263542077,1.07439555e-05,0.999989256,245.290709,3.59649688e-09,2.76087376e-05,2.76051411e-05,1.12539299e-07,20,2.41665649,/Users/chrisharing/Desktop/CCS_complex_coupled_systems/Repo/HardDisks/hspist3/experiments_energy_transfer/level2_fast_20260918/u3/tr_9285.csv,22.3833313,19.9666748,1,"./00ALLINONE_ramp --mode=edmd --experiment=energy_transfer --headless --quiet --edmd-acc=0 --seed-drift-order=drift-first --energy-transfer-summary=experiments_energy_transfer/level2_fast_20260918/u3/summary.csv --energy-transfer-trace=experiments_energy_transfer/level2_fast_20260918/u3/tr_9285.csv --particles=100 --particles-boxes=50,50 --particle-radius=0.5 --l0=39.25 --height=10 --num-walls=1 --wall-positions=39.25 --wall-mass-factors=1000000000 --piston-right-protocol-mode=step --velocity-right-piston-step=3 --max-right-piston-travel=6.93 --auto-piston-step --wall-hold-steps=12000 --steps=12500 --fixed-dt=0.4 --energy-measurement --eff-output=wall-ke --kbt1 --seed=9285",9285
2026-09-18 12:50:43,energy_transfer,edmd,12500,12000,0.0166666669,39.25,10,100,0.5,nan,0.100050721,0.100050721,1,39.25,1e+09,50;50,1,0.0416666667,1,1,0.00999999978,100,1000,nan,39.25,1,step,71.5700022,-3,step,6.92999983,3,nan,nan,3,nan,nan,200.240567,0.00180933811,9.03582192e-06,0.999990964,200.238758,3.85538712e-09,2.49329059e-05,2.49290506e-05,1.24495505e-07,20,2.41665649,/Users/chrisharing/Desktop/CCS_complex_coupled_systems/Repo/HardDisks/hspist3/experiments_energy_transfer/level2_fast_20260918/u3/tr_9288.csv,22.2333221,19.8166656,1,"./00ALLINONE_ramp --mode=edmd --experiment=energy_transfer --headless --quiet --edmd-acc=0 --seed-drift-order=drift-first --energy-transfer-summary=experiments_energy_transfer/level2_fast_20260918/u3/summary.csv --energy-transfer-trace=experiments_energy_transfer/level2_fast_20260918/u3/tr_9288.csv --particles=100 --particles-boxes=50,50 --particle-radius=0.5 --l0=39.25 --height=10 --num-walls=1 --wall-positions=39.25 --wall-mass-factors=1000000000 --piston-right-protocol-mode=step --velocity-right-piston-step=3 --max-right-piston-travel=6.93 --auto-piston-step --wall-hold-steps=12000 --steps=12500 --fixed-dt=0.4 --energy-measurement --eff-output=wall-ke --kbt1 --seed=9288",9288
2026-09-18 12:50:43,energy_transfer,edmd,12500,12000,0.0166666669,39.25,10,100,0.5,nan,0.100050721,0.100050721,1,39.25,1e+09,50;50,1,0.0416666667,1,1,0.00999999978,100,1000,nan,39.25,1,step,71.5700022,-3,step,6.92999983,3,nan,nan,3,nan,nan,255.403489,0.00302708521,1.18521686e-05,0.999988148,255.400462,8.28609292e-10,3.99136261e-05,3.99127975e-05,1.56273501e-07,20,2.41665649,/Users/chrisharing/Desktop/CCS_complex_coupled_systems/Repo/HardDisks/hspist3/experiments_energy_transfer/level2_fast_20260918/u3/tr_9286.csv,22.2166595,19.8000031,1,"./00ALLINONE_ramp --mode=edmd --experiment=energy_transfer --headless --quiet --edmd-acc=0 --seed-drift-order=drift-first --energy-transfer-summary=experiments_energy_transfer/level2_fast_20260918/u3/summary.csv --energy-transfer-trace=experiments_energy_transfer/level2_fast_20260918/u3/tr_9286.csv --particles=100 --particles-boxes=50,50 --particle-radius=0.5 --l0=39.25 --height=10 --num-walls=1 --wall-positions=39.25 --wall-mass-factors=1000000000 --piston-right-protocol-mode=step --velocity-right-piston-step=3 --max-right-piston-travel=6.93 --auto-piston-step --wall-hold-steps=12000 --steps=12500 --fixed-dt=0.4 --energy-measurement --eff-output=wall-ke --kbt1 --seed=9286",9286
2026-09-18 12:50:43,energy_transfer,edmd,12500,12000,0.0166666669,39.25,10,100,0.5,nan,0.100050721,0.100050721,1,39.25,1e+09,50;50,1,0.0416666667,1,1,0.00999999978,100,1000,nan,39.25,1,step,71.5700022,-3,step,6.92999983,3,nan,nan,3,nan,nan,211.185676,0.00198557088,9.40201493e-06,0.999990598,211.183691,1.07211757e-11,2.21219689e-05,2.21219581e-05,1.04751224e-07,20,2.41665649,/Users/chrisharing/Desktop/CCS_complex_coupled_systems/Repo/HardDisks/hspist3/experiments_energy_transfer/level2_fast_20260918/u3/tr_9289.csv,22.3666534,19.9499969,1,"./00ALLINONE_ramp --mode=edmd --experiment=energy_transfer --headless --quiet --edmd-acc=0 --seed-drift-order=drift-first --energy-transfer-summary=experiments_energy_transfer/level2_fast_20260918/u3/summary.csv --energy-transfer-trace=experiments_energy_transfer/level2_fast_20260918/u3/tr_9289.csv --particles=100 --particles-boxes=50,50 --particle-radius=0.5 --l0=39.25 --height=10 --num-walls=1 --wall-positions=39.25 --wall-mass-factors=1000000000 --piston-right-protocol-mode=step --velocity-right-piston-step=3 --max-right-piston-travel=6.93 --auto-piston-step --wall-hold-steps=12000 --steps=12500 --fixed-dt=0.4 --energy-measurement --eff-output=wall-ke --kbt1 --seed=9289",9289
2026-09-18 12:50:43,energy_transfer,edmd,12500,12000,0.0166666669,39.25,10,100,0.5,nan,0.100050721,0.100050721,1,39.25,1e+09,50;50,1,0.0416666667,1,1,0.00999999978,100,1000,nan,39.25,1,step,71.5700022,-3,step,6.92999983,3,nan,nan,3,nan,nan,137.864329,0.00088913826,6.44937138e-06,0.999993551,137.86344,5.10923215e-09,8.45999784e-06,8.45488861e-06,6.13276012e-08,20,2.41665649,/Users/chrisharing/Desktop/CCS_complex_coupled_systems/Repo/HardDisks/hspist3/experiments_energy_transfer/level2_fast_20260918/u3/tr_9290.csv,21.7166595,19.3000031,1,"./00ALLINONE_ramp --mode=edmd --experiment=energy_transfer --headless --quiet --edmd-acc=0 --seed-drift-order=drift-first --energy-transfer-summary=experiments_energy_transfer/level2_fast_20260918/u3/summary.csv --energy-transfer-trace=experiments_energy_transfer/level2_fast_20260918/u3/tr_9290.csv --particles=100 --particles-boxes=50,50 --particle-radius=0.5 --l0=39.25 --height=10 --num-walls=1 --wall-positions=39.25 --wall-mass-factors=1000000000 --piston-right-protocol-mode=step --velocity-right-piston-step=3 --max-right-piston-travel=6.93 --auto-piston-step --wall-hold-steps=12000 --steps=12500 --fixed-dt=0.4 --energy-measurement --eff-output=wall-ke --kbt1 --seed=9290",9290
2026-09-18 12:50:43,energy_transfer,edmd,12500,12000,0.0166666669,39.25,10,100,0.5,nan,0.100050721,0.100050721,1,39.25,1e+09,50;50,1,0.0416666667,1,1,0.00999999978,100,1000,nan,39.25,1,step,71.5700022,-3,step,6.92999983,3,nan,nan,3,nan,nan,196.572526,0.0017159126,8.72915781e-06,0.999991271,196.57081,1.0768797e-09,1.41323198e-05,1.4131243e-05,7.18881893e-08,20,2.41665649,/Users/chrisharing/Desktop/CCS_complex_coupled_systems/Repo/HardDisks/hspist3/experiments_energy_transfer/level2_fast_20260918/u3/tr_9291.csv,20.9166565,18.5,1,"./00ALLINONE_ramp --mode=edmd --experiment=energy_transfer --headless --quiet --edmd-acc=0 --seed-drift-order=drift-first --energy-transfer-summary=experiments_energy_transfer/level2_fast_20260918/u3/summary.csv --energy-transfer-trace=experiments_energy_transfer/level2_fast_20260918/u3/tr_9291.csv --particles=100 --particles-boxes=50,50 --particle-radius=0.5 --l0=39.25 --height=10 --num-walls=1 --wall-positions=39.25 --wall-mass-factors=1000000000 --piston-right-protocol-mode=step --velocity-right-piston-step=3 --max-right-piston-travel=6.93 --auto-piston-step --wall-hold-steps=12000 --steps=12500 --fixed-dt=0.4 --energy-measurement --eff-output=wall-ke --kbt1 --seed=9291",9291
2026-09-18 12:50:43,energy_transfer,edmd,12500,12000,0.0166666669,39.25,10,100,0.5,nan,0.100050721,0.100050721,1,39.25,1e+09,50;50,1,0.0416666667,1,1,0.00999999978,100,1000,nan,39.25,1,step,71.5700022,-3,step,6.92999983,3,nan,nan,3,nan,nan,158.453272,0.00112478319,7.09851662e-06,0.999992901,158.452147,2.55330118e-10,1.40559514e-05,1.40556961e-05,8.8705622e-08,20,2.41665649,/Users/chrisharing/Desktop/CCS_complex_coupled_systems/Repo/HardDisks/hspist3/experiments_energy_transfer/level2_fast_20260918/u3/tr_9293.csv,22.3999939,19.9833374,1,"./00ALLINONE_ramp --mode=edmd --experiment=energy_transfer --headless --quiet --edmd-acc=0 --seed-drift-order=drift-first --energy-transfer-summary=experiments_energy_transfer/level2_fast_20260918/u3/summary.csv --energy-transfer-trace=experiments_energy_transfer/level2_fast_20260918/u3/tr_9293.csv --particles=100 --particles-boxes=50,50 --particle-radius=0.5 --l0=39.25 --height=10 --num-walls=1 --wall-positions=39.25 --wall-mass-factors=1000000000 --piston-right-protocol-mode=step --velocity-right-piston-step=3 --max-right-piston-travel=6.93 --auto-piston-step --wall-hold-steps=12000 --steps=12500 --fixed-dt=0.4 --energy-measurement --eff-output=wall-ke --kbt1 --seed=9293",9293
2026-09-18 12:50:43,energy_transfer,edmd,12500,12000,0.0166666669,39.25,10,100,0.5,nan,0.100050721,0.100050721,1,39.25,1e+09,50;50,1,0.0416666667,1,1,0.00999999978,100,1000,nan,39.25,1,step,71.5700022,-3,step,6.92999983,3,nan,nan,3,nan,nan,101.883024,0.000516425993,5.06881295e-06,0.999994931,101.882508,6.92225166e-10,4.78302354e-06,4.78233132e-06,4.69394322e-08,20,2.41665649,/Users/chrisharing/Desktop/CCS_complex_coupled_systems/Repo/HardDisks/hspist3/experiments_energy_transfer/level2_fast_20260918/u3/tr_9295.csv,21.9333191,19.5166626,1,"./00ALLINONE_ramp --mode=edmd --experiment=energy_transfer --headless --quiet --edmd-acc=0 --seed-drift-order=drift-first --energy-transfer-summary=experiments_energy_transfer/level2_fast_20260918/u3/summary.csv --energy-transfer-trace=experiments_energy_transfer/level2_fast_20260918/u3/tr_9295.csv --particles=100 --particles-boxes=50,50 --particle-radius=0.5 --l0=39.25 --height=10 --num-walls=1 --wall-positions=39.25 --wall-mass-factors=1000000000 --piston-right-protocol-mode=step --velocity-right-piston-step=3 --max-right-piston-travel=6.93 --auto-piston-step --wall-hold-steps=12000 --steps=12500 --fixed-dt=0.4 --energy-measurement --eff-output=wall-ke --kbt1 --seed=9295",9295
2026-09-18 12:50:43,energy_transfer,edmd,12500,12000,0.0166666669,39.25,10,100,0.5,nan,0.100050721,0.100050721,1,39.25,1e+09,50;50,1,0.0416666667,1,1,0.00999999978,100,1000,nan,39.25,1,step,71.5700022,-3,step,6.92999983,3,nan,nan,3,nan,nan,226.185226,0.0022901583,1.01251454e-05,0.999989875,226.182936,2.39647076e-08,3.34724355e-05,3.34484708e-05,1.47880882e-07,20,2.41665649,/Users/chrisharing/Desktop/CCS_complex_coupled_systems/Repo/HardDisks/hspist3/experiments_energy_transfer/level2_fast_20260918/u3/tr_9292.csv,22.3999939,19.9833374,1,"./00ALLINONE_ramp --mode=edmd --experiment=energy_transfer --headless --quiet --edmd-acc=0 --seed-drift-order=drift-first --energy-transfer-summary=experiments_energy_transfer/level2_fast_20260918/u3/summary.csv --energy-transfer-trace=experiments_energy_transfer/level2_fast_20260918/u3/tr_9292.csv --particles=100 --particles-boxes=50,50 --particle-radius=0.5 --l0=39.25 --height=10 --num-walls=1 --wall-positions=39.25 --wall-mass-factors=1000000000 --piston-right-protocol-mode=step --velocity-right-piston-step=3 --max-right-piston-travel=6.93 --auto-piston-step --wall-hold-steps=12000 --steps=12500 --fixed-dt=0.4 --energy-measurement --eff-output=wall-ke --kbt1 --seed=9292",9292
2026-09-18 12:50:43,energy_transfer,edmd,12500,12000,0.0166666669,39.25,10,100,0.5,nan,0.100050721,0.100050721,1,39.25,1e+09,50;50,1,0.0416666667,1,1,0.00999999978,100,1000,nan,39.25,1,step,71.5700022,-3,step,6.92999983,3,nan,nan,3,nan,nan,195.105398,0.00170513045,8.73953495e-06,0.99999126,195.103693,2.97623259e-09,2.06031618e-05,2.06001856e-05,1.05584908e-07,20,2.41665649,/Users/chrisharing/Desktop/CCS_complex_coupled_systems/Repo/HardDisks/hspist3/experiments_energy_transfer/level2_fast_20260918/u3/tr_9294.csv,22.0499878,19.6333313,1,"./00ALLINONE_ramp --mode=edmd --experiment=energy_transfer --headless --quiet --edmd-acc=0 --seed-drift-order=drift-first --energy-transfer-summary=experiments_energy_transfer/level2_fast_20260918/u3/summary.csv --energy-transfer-trace=experiments_energy_transfer/level2_fast_20260918/u3/tr_9294.csv --particles=100 --particles-boxes=50,50 --particle-radius=0.5 --l0=39.25 --height=10 --num-walls=1 --wall-positions=39.25 --wall-mass-factors=1000000000 --piston-right-protocol-mode=step --velocity-right-piston-step=3 --max-right-piston-travel=6.93 --auto-piston-step --wall-hold-steps=12000 --steps=12500 --fixed-dt=0.4 --energy-measurement --eff-output=wall-ke --kbt1 --seed=9294",9294
2026-09-18 12:50:44,energy_transfer,edmd,12500,12000,0.0166666669,39.25,10,100,0.5,nan,0.100050721,0.100050721,1,39.25,1e+09,50;50,1,0.0416666667,1,1,0.00999999978,100,1000,nan,39.25,1,step,71.5700022,-3,step,6.92999983,3,nan,nan,3,nan,nan,115.605514,0.000671549235,5.80897238e-06,0.999994191,115.604842,2.58157679e-11,7.86695455e-06,7.86692873e-06,6.80497711e-08,20,2.41665649,/Users/chrisharing/Desktop/CCS_complex_coupled_systems/Repo/HardDisks/hspist3/experiments_energy_transfer/level2_fast_20260918/u3/tr_9296.csv,22.1166534,19.6999969,1,"./00ALLINONE_ramp --mode=edmd --experiment=energy_transfer --headless --quiet --edmd-acc=0 --seed-drift-order=drift-first --energy-transfer-summary=experiments_energy_transfer/level2_fast_20260918/u3/summary.csv --energy-transfer-trace=experiments_energy_transfer/level2_fast_20260918/u3/tr_9296.csv --particles=100 --particles-boxes=50,50 --particle-radius=0.5 --l0=39.25 --height=10 --num-walls=1 --wall-positions=39.25 --wall-mass-factors=1000000000 --piston-right-protocol-mode=step --velocity-right-piston-step=3 --max-right-piston-travel=6.93 --auto-piston-step --wall-hold-steps=12000 --steps=12500 --fixed-dt=0.4 --energy-measurement --eff-output=wall-ke --kbt1 --seed=9296",9296
2026-09-18 12:50:44,energy_transfer,edmd,12500,12000,0.0166666669,39.25,10,100,0.5,nan,0.100050721,0.100050721,1,39.25,1e+09,50;50,1,0.0416666667,1,1,0.00999999978,100,1000,nan,39.25,1,step,71.5700022,-3,step,6.92999983,3,nan,nan,3,nan,nan,232.429029,0.00226750597,9.75569179e-06,0.999990244,232.426762,2.03377803e-09,2.88152787e-05,2.88132449e-05,1.23965776e-07,20,2.41665649,/Users/chrisharing/Desktop/CCS_complex_coupled_systems/Repo/HardDisks/hspist3/experiments_energy_transfer/level2_fast_20260918/u3/tr_9297.csv,21.7999878,19.3833313,1,"./00ALLINONE_ramp --mode=edmd --experiment=energy_transfer --headless --quiet --edmd-acc=0 --seed-drift-order=drift-first --energy-transfer-summary=experiments_energy_transfer/level2_fast_20260918/u3/summary.csv --energy-transfer-trace=experiments_energy_transfer/level2_fast_20260918/u3/tr_9297.csv --particles=100 --particles-boxes=50,50 --particle-radius=0.5 --l0=39.25 --height=10 --num-walls=1 --wall-positions=39.25 --wall-mass-factors=1000000000 --piston-right-protocol-mode=step --velocity-right-piston-step=3 --max-right-piston-travel=6.93 --auto-piston-step --wall-hold-steps=12000 --steps=12500 --fixed-dt=0.4 --energy-measurement --eff-output=wall-ke --kbt1 --seed=9297",9297
2026-09-18 12:50:44,energy_transfer,edmd,12500,12000,0.0166666669,39.25,10,100,0.5,nan,0.100050721,0.100050721,1,39.25,1e+09,50;50,1,0.0416666667,1,1,0.00999999978,100,1000,nan,39.25,1,step,71.5700022,-3,step,6.92999983,3,nan,nan,3,nan,nan,242.590109,0.00248118769,1.02279013e-05,0.999989772,242.587628,2.19311014e-09,3.06377005e-05,3.06355074e-05,1.26285064e-07,20,2.41665649,/Users/chrisharing/Desktop/CCS_complex_coupled_systems/Repo/HardDisks/hspist3/experiments_energy_transfer/level2_fast_20260918/u3/tr_9298.csv,21.8999939,19.4833374,1,"./00ALLINONE_ramp --mode=edmd --experiment=energy_transfer --headless --quiet --edmd-acc=0 --seed-drift-order=drift-first --energy-transfer-summary=experiments_energy_transfer/level2_fast_20260918/u3/summary.csv --energy-transfer-trace=experiments_energy_transfer/level2_fast_20260918/u3/tr_9298.csv --particles=100 --particles-boxes=50,50 --particle-radius=0.5 --l0=39.25 --height=10 --num-walls=1 --wall-positions=39.25 --wall-mass-factors=1000000000 --piston-right-protocol-mode=step --velocity-right-piston-step=3 --max-right-piston-travel=6.93 --auto-piston-step --wall-hold-steps=12000 --steps=12500 --fixed-dt=0.4 --energy-measurement --eff-output=wall-ke --kbt1 --seed=9298",9298
2026-09-18 12:50:44,energy_transfer,edmd,12500,12000,0.0166666669,39.25,10,100,0.5,nan,0.100050721,0.100050721,1,39.25,1e+09,50;50,1,0.0416666667,1,1,0.00999999978,100,1000,nan,39.25,1,step,71.5700022,-3,step,6.92999983,3,nan,nan,3,nan,nan,279.414381,0.00339907035,1.216498e-05,0.999987835,279.410982,3.77931375e-09,4.76873502e-05,4.76835708e-05,1.70655393e-07,20,2.41665649,/Users/chrisharing/Desktop/CCS_complex_coupled_systems/Repo/HardDisks/hspist3/experiments_energy_transfer/level2_fast_20260918/u3/tr_9299.csv,22.0499878,19.6333313,1,"./00ALLINONE_ramp --mode=edmd --experiment=energy_transfer --headless --quiet --edmd-acc=0 --seed-drift-order=drift-first --energy-transfer-summary=experiments_energy_transfer/level2_fast_20260918/u3/summary.csv --energy-transfer-trace=experiments_energy_transfer/level2_fast_20260918/u3/tr_9299.csv --particles=100 --particles-boxes=50,50 --particle-radius=0.5 --l0=39.25 --height=10 --num-walls=1 --wall-positions=39.25 --wall-mass-factors=1000000000 --piston-right-protocol-mode=step --velocity-right-piston-step=3 --max-right-piston-travel=6.93 --auto-piston-step --wall-hold-steps=12000 --steps=12500 --fixed-dt=0.4 --energy-measurement --eff-output=wall-ke --kbt1 --seed=9299",9299
