timestamp,mode,sim_mode,steps_after_release,wall_hold_steps,dt_sigma,L0,height,particles_total,radius_sigma,eta_input,eta_nominal,eta_particles_region,num_walls,wall_positions_cli,wall_mass_factors_cli,particles_boxes_cli,wall_thickness_sigma,wall_thickness_vis_sigma,kbt1,kBT,kB_effective,temperature_runtime,spring_k,spring_eq_sigma,spring_eq_sigma_effective,piston_auto,piston_protocol,piston_target_sigma,piston_speed_px,piston_right_protocol_mode,piston_right_travel_sigma,piston_right_v_step_constant,piston_right_v0,piston_right_v_gradient,piston_right_vmax,piston_right_duration,piston_right_sigmoid_steepness,W_in_max,W_out_max,ratio,loss_fraction,total_loss,springE_stop,springE_peak_win,W_out_peak_win,ratio_win,eff_window_T,piston_stop_t_rel,trace_path,spring_peak_t_rel,spring_peak_dt,spring_peak_near_end,command,seed
2026-09-18 12:50:50,energy_transfer,edmd,12500,12000,0.0166666669,39.25,10,100,0.5,nan,0.100050721,0.100050721,1,39.25,1e+09,50;50,1,0.0416666667,1,1,0.00999999978,100,1000,nan,39.25,1,step,71.5700022,-10,step,6.92999983,10,nan,nan,10,nan,nan,947.308726,0.0372724421,3.93456126e-05,0.999960654,947.271453,5.54603652e-09,0.000438491523,0.000438485977,4.62875475e-07,20,0.749984741,/Users/chrisharing/Desktop/CCS_complex_coupled_systems/Repo/HardDisks/hspist3/experiments_energy_transfer/level2_fast_20260918/u10/tr_9202.csv,20.7499847,20,1,"./00ALLINONE_ramp --mode=edmd --experiment=energy_transfer --headless --quiet --edmd-acc=0 --seed-drift-order=drift-first --energy-transfer-summary=experiments_energy_transfer/level2_fast_20260918/u10/summary.csv --energy-transfer-trace=experiments_energy_transfer/level2_fast_20260918/u10/tr_9202.csv --particles=100 --particles-boxes=50,50 --particle-radius=0.5 --l0=39.25 --height=10 --num-walls=1 --wall-positions=39.25 --wall-mass-factors=1000000000 --piston-right-protocol-mode=step --velocity-right-piston-step=10 --max-right-piston-travel=6.93 --auto-piston-step --wall-hold-steps=12000 --steps=12500 --fixed-dt=0.4 --energy-measurement --eff-output=wall-ke --kbt1 --seed=9202",9202
2026-09-18 12:50:50,energy_transfer,edmd,12500,12000,0.0166666669,39.25,10,100,0.5,nan,0.100050721,0.100050721,1,39.25,1e+09,50;50,1,0.0416666667,1,1,0.00999999978,100,1000,nan,39.25,1,step,71.5700022,-10,step,6.92999983,10,nan,nan,10,nan,nan,1339.51802,0.0747578293,5.58094989e-05,0.999944191,1339.44326,3.10913767e-10,0.000733395747,0.000733395436,5.47506959e-07,20,0.749984741,/Users/chrisharing/Desktop/CCS_complex_coupled_systems/Repo/HardDisks/hspist3/experiments_energy_transfer/level2_fast_20260918/u10/tr_9201.csv,20.5166626,19.7666779,1,"./00ALLINONE_ramp --mode=edmd --experiment=energy_transfer --headless --quiet --edmd-acc=0 --seed-drift-order=drift-first --energy-transfer-summary=experiments_energy_transfer/level2_fast_20260918/u10/summary.csv --energy-transfer-trace=experiments_energy_transfer/level2_fast_20260918/u10/tr_9201.csv --particles=100 --particles-boxes=50,50 --particle-radius=0.5 --l0=39.25 --height=10 --num-walls=1 --wall-positions=39.25 --wall-mass-factors=1000000000 --piston-right-protocol-mode=step --velocity-right-piston-step=10 --max-right-piston-travel=6.93 --auto-piston-step --wall-hold-steps=12000 --steps=12500 --fixed-dt=0.4 --energy-measurement --eff-output=wall-ke --kbt1 --seed=9201",9201
2026-09-18 12:50:50,energy_transfer,edmd,12500,12000,0.0166666669,39.25,10,100,0.5,nan,0.100050721,0.100050721,1,39.25,1e+09,50;50,1,0.0416666667,1,1,0.00999999978,100,1000,nan,39.25,1,step,71.5700022,-10,step,6.92999983,10,nan,nan,10,nan,nan,1914.28513,0.15153563,7.91604281e-05,0.99992084,1914.13359,2.98840841e-09,0.00156570983,0.00156570684,8.17906808e-07,20,0.749984741,/Users/chrisharing/Desktop/CCS_complex_coupled_systems/Repo/HardDisks/hspist3/experiments_energy_transfer/level2_fast_20260918/u10/tr_9200.csv,20.7499847,20,1,"./00ALLINONE_ramp --mode=edmd --experiment=energy_transfer --headless --quiet --edmd-acc=0 --seed-drift-order=drift-first --energy-transfer-summary=experiments_energy_transfer/level2_fast_20260918/u10/summary.csv --energy-transfer-trace=experiments_energy_transfer/level2_fast_20260918/u10/tr_9200.csv --particles=100 --particles-boxes=50,50 --particle-radius=0.5 --l0=39.25 --height=10 --num-walls=1 --wall-positions=39.25 --wall-mass-factors=1000000000 --piston-right-protocol-mode=step --velocity-right-piston-step=10 --max-right-piston-travel=6.93 --auto-piston-step --wall-hold-steps=12000 --steps=12500 --fixed-dt=0.4 --energy-measurement --eff-output=wall-ke --kbt1 --seed=9200",9200
2026-09-18 12:50:50,energy_transfer,edmd,12500,12000,0.0166666669,39.25,10,100,0.5,nan,0.100050721,0.100050721,1,39.25,1e+09,50;50,1,0.0416666667,1,1,0.00999999978,100,1000,nan,39.25,1,step,71.5700022,-10,step,6.92999983,10,nan,nan,10,nan,nan,1736.66242,0.124645665,7.17731112e-05,0.999928227,1736.53778,5.46652112e-10,0.00133731146,0.00133731092,7.70046555e-07,20,0.749984741,/Users/chrisharing/Desktop/CCS_complex_coupled_systems/Repo/HardDisks/hspist3/experiments_energy_transfer/level2_fast_20260918/u10/tr_9203.csv,20.7499847,20,1,"./00ALLINONE_ramp --mode=edmd --experiment=energy_transfer --headless --quiet --edmd-acc=0 --seed-drift-order=drift-first --energy-transfer-summary=experiments_energy_transfer/level2_fast_20260918/u10/summary.csv --energy-transfer-trace=experiments_energy_transfer/level2_fast_20260918/u10/tr_9203.csv --particles=100 --particles-boxes=50,50 --particle-radius=0.5 --l0=39.25 --height=10 --num-walls=1 --wall-positions=39.25 --wall-mass-factors=1000000000 --piston-right-protocol-mode=step --velocity-right-piston-step=10 --max-right-piston-travel=6.93 --auto-piston-step --wall-hold-steps=12000 --steps=12500 --fixed-dt=0.4 --energy-measurement --eff-output=wall-ke --kbt1 --seed=9203",9203
2026-09-18 12:50:50,energy_transfer,edmd,12500,12000,0.0166666669,39.25,10,100,0.5,nan,0.100050721,0.100050721,1,39.25,1e+09,50;50,1,0.0416666667,1,1,0.00999999978,100,1000,nan,39.25,1,step,71.5700022,-10,step,6.92999983,10,nan,nan,10,nan,nan,1032.2182,0.0436913632,4.23276426e-05,0.999957672,1032.17451,2.39448594e-09,0.000419325981,0.000419323587,4.06235412e-07,20,0.749984741,/Users/chrisharing/Desktop/CCS_complex_coupled_systems/Repo/HardDisks/hspist3/experiments_energy_transfer/level2_fast_20260918/u10/tr_9208.csv,20.7166595,19.9666748,1,"./00ALLINONE_ramp --mode=edmd --experiment=energy_transfer --headless --quiet --edmd-acc=0 --seed-drift-order=drift-first --energy-transfer-summary=experiments_energy_transfer/level2_fast_20260918/u10/summary.csv --energy-transfer-trace=experiments_energy_transfer/level2_fast_20260918/u10/tr_9208.csv --particles=100 --particles-boxes=50,50 --particle-radius=0.5 --l0=39.25 --height=10 --num-walls=1 --wall-positions=39.25 --wall-mass-factors=1000000000 --piston-right-protocol-mode=step --velocity-right-piston-step=10 --max-right-piston-travel=6.93 --auto-piston-step --wall-hold-steps=12000 --steps=12500 --fixed-dt=0.4 --energy-measurement --eff-output=wall-ke --kbt1 --seed=9208",9208
2026-09-18 12:50:50,energy_transfer,edmd,12500,12000,0.0166666669,39.25,10,100,0.5,nan,0.100050721,0.100050721,1,39.25,1e+09,50;50,1,0.0416666667,1,1,0.00999999978,100,1000,nan,39.25,1,step,71.5700022,-10,step,6.92999983,10,nan,nan,10,nan,nan,1270.4635,0.0652362853,5.13484135e-05,0.999948652,1270.39827,5.96805627e-09,0.000608515344,0.000608509376,4.78966435e-07,20,0.749984741,/Users/chrisharing/Desktop/CCS_complex_coupled_systems/Repo/HardDisks/hspist3/experiments_energy_transfer/level2_fast_20260918/u10/tr_9205.csv,19.6333313,18.8833466,1,"./00ALLINONE_ramp --mode=edmd --experiment=energy_transfer --headless --quiet --edmd-acc=0 --seed-drift-order=drift-first --energy-transfer-summary=experiments_energy_transfer/level2_fast_20260918/u10/summary.csv --energy-transfer-trace=experiments_energy_transfer/level2_fast_20260918/u10/tr_9205.csv --particles=100 --particles-boxes=50,50 --particle-radius=0.5 --l0=39.25 --height=10 --num-walls=1 --wall-positions=39.25 --wall-mass-factors=1000000000 --piston-right-protocol-mode=step --velocity-right-piston-step=10 --max-right-piston-travel=6.93 --auto-piston-step --wall-hold-steps=12000 --steps=12500 --fixed-dt=0.4 --energy-measurement --eff-output=wall-ke --kbt1 --seed=9205",9205
2026-09-18 12:50:50,energy_transfer,edmd,12500,12000,0.0166666669,39.25,10,100,0.5,nan,0.100050721,0.100050721,1,39.25,1e+09,50;50,1,0.0416666667,1,1,0.00999999978,100,1000,nan,39.25,1,step,71.5700022,-10,step,6.92999983,10,nan,nan,10,nan,nan,1470.428,0.0892041549,6.06654354e-05,0.999939335,1470.3388,5.84858295e-09,0.000909992261,0.000909986412,6.18858191e-07,20,0.749984741,/Users/chrisharing/Desktop/CCS_complex_coupled_systems/Repo/HardDisks/hspist3/experiments_energy_transfer/level2_fast_20260918/u10/tr_9207.csv,20.7166595,19.9666748,1,"./00ALLINONE_ramp --mode=edmd --experiment=energy_transfer --headless --quiet --edmd-acc=0 --seed-drift-order=drift-first --energy-transfer-summary=experiments_energy_transfer/level2_fast_20260918/u10/summary.csv --energy-transfer-trace=experiments_energy_transfer/level2_fast_20260918/u10/tr_9207.csv --particles=100 --particles-boxes=50,50 --particle-radius=0.5 --l0=39.25 --height=10 --num-walls=1 --wall-positions=39.25 --wall-mass-factors=1000000000 --piston-right-protocol-mode=step --velocity-right-piston-step=10 --max-right-piston-travel=6.93 --auto-piston-step --wall-hold-steps=12000 --steps=12500 --fixed-dt=0.4 --energy-measurement --eff-output=wall-ke --kbt1 --seed=9207",9207
2026-09-18 12:50:50,energy_transfer,edmd,12500,12000,0.0166666669,39.25,10,100,0.5,nan,0.100050721,0.100050721,1,39.25,1e+09,50;50,1,0.0416666667,1,1,0.00999999978,100,1000,nan,39.25,1,step,71.5700022,-10,step,6.92999983,10,nan,nan,10,nan,nan,1735.73942,0.122020394,7.02987974e-05,0.999929701,1735.6174,0,0.00115415931,0.00115415931,6.64938124e-07,20,0.749984741,/Users/chrisharing/Desktop/CCS_complex_coupled_systems/Repo/HardDisks/hspist3/experiments_energy_transfer/level2_fast_20260918/u10/tr_9206.csv,20.5999908,19.8500061,1,"./00ALLINONE_ramp --mode=edmd --experiment=energy_transfer --headless --quiet --edmd-acc=0 --seed-drift-order=drift-first --energy-transfer-summary=experiments_energy_transfer/level2_fast_20260918/u10/summary.csv --energy-transfer-trace=experiments_energy_transfer/level2_fast_20260918/u10/tr_9206.csv --particles=100 --particles-boxes=50,50 --particle-radius=0.5 --l0=39.25 --height=10 --num-walls=1 --wall-positions=39.25 --wall-mass-factors=1000000000 --piston-right-protocol-mode=step --velocity-right-piston-step=10 --max-right-piston-travel=6.93 --auto-piston-step --wall-hold-steps=12000 --steps=12500 --fixed-dt=0.4 --energy-measurement --eff-output=wall-ke --kbt1 --seed=9206",9206
2026-09-18 12:50:50,energy_transfer,edmd,12500,12000,0.0166666669,39.25,10,100,0.5,nan,0.100050721,0.100050721,1,39.25,1e+09,50;50,1,0.0416666667,1,1,0.00999999978,100,1000,nan,39.25,1,step,71.5700022,-10,step,6.92999983,10,nan,nan,10,nan,nan,2044.58999,0.171824425,8.40385733e-05,0.999915961,2044.41816,0,0.00178045756,0.00178045756,8.70813989e-07,20,0.749984741,/Users/chrisharing/Desktop/CCS_complex_coupled_systems/Repo/HardDisks/hspist3/experiments_energy_transfer/level2_fast_20260918/u10/tr_9204.csv,20.6833191,19.9333344,1,"./00ALLINONE_ramp --mode=edmd --experiment=energy_transfer --headless --quiet --edmd-acc=0 --seed-drift-order=drift-first --energy-transfer-summary=experiments_energy_transfer/level2_fast_20260918/u10/summary.csv --energy-transfer-trace=experiments_energy_transfer/level2_fast_20260918/u10/tr_9204.csv --particles=100 --particles-boxes=50,50 --particle-radius=0.5 --l0=39.25 --height=10 --num-walls=1 --wall-positions=39.25 --wall-mass-factors=1000000000 --piston-right-protocol-mode=step --velocity-right-piston-step=10 --max-right-piston-travel=6.93 --auto-piston-step --wall-hold-steps=12000 --steps=12500 --fixed-dt=0.4 --energy-measurement --eff-output=wall-ke --kbt1 --seed=9204",9204
2026-09-18 12:50:50,energy_transfer,edmd,12500,12000,0.0166666669,39.25,10,100,0.5,nan,0.100050721,0.100050721,1,39.25,1e+09,50;50,1,0.0416666667,1,1,0.00999999978,100,1000,nan,39.25,1,step,71.5700022,-10,step,6.92999983,10,nan,nan,10,nan,nan,1220.16954,0.0601903163,4.93294698e-05,0.999950671,1220.10935,1.70229331e-10,0.000571325189,0.000571325018,4.68234127e-07,20,0.749984741,/Users/chrisharing/Desktop/CCS_complex_coupled_systems/Repo/HardDisks/hspist3/experiments_energy_transfer/level2_fast_20260918/u10/tr_9213.csv,20.5666656,19.8166809,1,"./00ALLINONE_ramp --mode=edmd --experiment=energy_transfer --headless --quiet --edmd-acc=0 --seed-drift-order=drift-first --energy-transfer-summary=experiments_energy_transfer/level2_fast_20260918/u10/summary.csv --energy-transfer-trace=experiments_energy_transfer/level2_fast_20260918/u10/tr_9213.csv --particles=100 --particles-boxes=50,50 --particle-radius=0.5 --l0=39.25 --height=10 --num-walls=1 --wall-positions=39.25 --wall-mass-factors=1000000000 --piston-right-protocol-mode=step --velocity-right-piston-step=10 --max-right-piston-travel=6.93 --auto-piston-step --wall-hold-steps=12000 --steps=12500 --fixed-dt=0.4 --energy-measurement --eff-output=wall-ke --kbt1 --seed=9213",9213
2026-09-18 12:50:50,energy_transfer,edmd,12500,12000,0.0166666669,39.25,10,100,0.5,nan,0.100050721,0.100050721,1,39.25,1e+09,50;50,1,0.0416666667,1,1,0.00999999978,100,1000,nan,39.25,1,step,71.5700022,-10,step,6.92999983,10,nan,nan,10,nan,nan,1350.3675,0.0741186365,5.48877521e-05,0.999945112,1350.29338,0,0.00075455592,0.00075455592,5.587782e-07,20,0.749984741,/Users/chrisharing/Desktop/CCS_complex_coupled_systems/Repo/HardDisks/hspist3/experiments_energy_transfer/level2_fast_20260918/u10/tr_9211.csv,20.5499878,19.8000031,1,"./00ALLINONE_ramp --mode=edmd --experiment=energy_transfer --headless --quiet --edmd-acc=0 --seed-drift-order=drift-first --energy-transfer-summary=experiments_energy_transfer/level2_fast_20260918/u10/summary.csv --energy-transfer-trace=experiments_energy_transfer/level2_fast_20260918/u10/tr_9211.csv --particles=100 --particles-boxes=50,50 --particle-radius=0.5 --l0=39.25 --height=10 --num-walls=1 --wall-positions=39.25 --wall-mass-factors=1000000000 --piston-right-protocol-mode=step --velocity-right-piston-step=10 --max-right-piston-travel=6.93 --auto-piston-step --wall-hold-steps=12000 --steps=12500 --fixed-dt=0.4 --energy-measurement --eff-output=wall-ke --kbt1 --seed=9211",9211
2026-09-18 12:50:51,energy_transfer,edmd,12500,12000,0.0166666669,39.25,10,100,0.5,nan,0.100050721,0.100050721,1,39.25,1e+09,50;50,1,0.0416666667,1,1,0.00999999978,100,1000,nan,39.25,1,step,71.5700022,-10,step,6.92999983,10,nan,nan,10,nan,nan,1467.84853,0.0876091421,5.96854104e-05,0.999940315,1467.76092,0,0.000886040623,0.000886040623,6.03632189e-07,20,0.749984741,/Users/chrisharing/Desktop/CCS_complex_coupled_systems/Repo/HardDisks/hspist3/experiments_energy_transfer/level2_fast_20260918/u10/tr_9212.csv,20.5833282,19.8333435,1,"./00ALLINONE_ramp --mode=edmd --experiment=energy_transfer --headless --quiet --edmd-acc=0 --seed-drift-order=drift-first --energy-transfer-summary=experiments_energy_transfer/level2_fast_20260918/u10/summary.csv --energy-transfer-trace=experiments_energy_transfer/level2_fast_20260918/u10/tr_9212.csv --particles=100 --particles-boxes=50,50 --particle-radius=0.5 --l0=39.25 --height=10 --num-walls=1 --wall-positions=39.25 --wall-mass-factors=1000000000 --piston-right-protocol-mode=step --velocity-right-piston-step=10 --max-right-piston-travel=6.93 --auto-piston-step --wall-hold-steps=12000 --steps=12500 --fixed-dt=0.4 --energy-measurement --eff-output=wall-ke --kbt1 --seed=9212",9212
2026-09-18 12:50:51,energy_transfer,edmd,12500,12000,0.0166666669,39.25,10,100,0.5,nan,0.100050721,0.100050721,1,39.25,1e+09,50;50,1,0.0416666667,1,1,0.00999999978,100,1000,nan,39.25,1,step,71.5700022,-10,step,6.92999983,10,nan,nan,10,nan,nan,1799.24768,0.13120918,7.29244678e-05,0.999927076,1799.11647,7.54767859e-10,0.00128822611,0.00128822535,7.15979997e-07,20,0.749984741,/Users/chrisharing/Desktop/CCS_complex_coupled_systems/Repo/HardDisks/hspist3/experiments_energy_transfer/level2_fast_20260918/u10/tr_9209.csv,20.5333252,19.7833405,1,"./00ALLINONE_ramp --mode=edmd --experiment=energy_transfer --headless --quiet --edmd-acc=0 --seed-drift-order=drift-first --energy-transfer-summary=experiments_energy_transfer/level2_fast_20260918/u10/summary.csv --energy-transfer-trace=experiments_energy_transfer/level2_fast_20260918/u10/tr_9209.csv --particles=100 --particles-boxes=50,50 --particle-radius=0.5 --l0=39.25 --height=10 --num-walls=1 --wall-positions=39.25 --wall-mass-factors=1000000000 --piston-right-protocol-mode=step --velocity-right-piston-step=10 --max-right-piston-travel=6.93 --auto-piston-step --wall-hold-steps=12000 --steps=12500 --fixed-dt=0.4 --energy-measurement --eff-output=wall-ke --kbt1 --seed=9209",9209
2026-09-18 12:50:51,energy_transfer,edmd,12500,12000,0.0166666669,39.25,10,100,0.5,nan,0.100050721,0.100050721,1,39.25,1e+09,50;50,1,0.0416666667,1,1,0.00999999978,100,1000,nan,39.25,1,step,71.5700022,-10,step,6.92999983,10,nan,nan,10,nan,nan,2765.86293,0.315148145,0.000113942069,0.999886058,2765.54778,0,0.00318068452,0.00318068452,1.14997909e-06,20,0.749984741,/Users/chrisharing/Desktop/CCS_complex_coupled_systems/Repo/HardDisks/hspist3/experiments_energy_transfer/level2_fast_20260918/u10/tr_9210.csv,20.2999878,19.5500031,1,"./00ALLINONE_ramp --mode=edmd --experiment=energy_transfer --headless --quiet --edmd-acc=0 --seed-drift-order=drift-first --energy-transfer-summary=experiments_energy_transfer/level2_fast_20260918/u10/summary.csv --energy-transfer-trace=experiments_energy_transfer/level2_fast_20260918/u10/tr_9210.csv --particles=100 --particles-boxes=50,50 --particle-radius=0.5 --l0=39.25 --height=10 --num-walls=1 --wall-positions=39.25 --wall-mass-factors=1000000000 --piston-right-protocol-mode=step --velocity-right-piston-step=10 --max-right-piston-travel=6.93 --auto-piston-step --wall-hold-steps=12000 --steps=12500 --fixed-dt=0.4 --energy-measurement --eff-output=wall-ke --kbt1 --seed=9210",9210
2026-09-18 12:50:51,energy_transfer,edmd,12500,12000,0.0166666669,39.25,10,100,0.5,nan,0.100050721,0.100050721,1,39.25,1e+09,50;50,1,0.0416666667,1,1,0.00999999978,100,1000,nan,39.25,1,step,71.5700022,-10,step,6.92999983,10,nan,nan,10,nan,nan,1459.078,0.0832108557,5.70297517e-05,0.99994297,1458.99478,4.1536321e-09,0.000935106829,0.000935102676,6.40886011e-07,20,0.749984741,/Users/chrisharing/Desktop/CCS_complex_coupled_systems/Repo/HardDisks/hspist3/experiments_energy_transfer/level2_fast_20260918/u10/tr_9215.csv,20.4166565,19.6666718,1,"./00ALLINONE_ramp --mode=edmd --experiment=energy_transfer --headless --quiet --edmd-acc=0 --seed-drift-order=drift-first --energy-transfer-summary=experiments_energy_transfer/level2_fast_20260918/u10/summary.csv --energy-transfer-trace=experiments_energy_transfer/level2_fast_20260918/u10/tr_9215.csv --particles=100 --particles-boxes=50,50 --particle-radius=0.5 --l0=39.25 --height=10 --num-walls=1 --wall-positions=39.25 --wall-mass-factors=1000000000 --piston-right-protocol-mode=step --velocity-right-piston-step=10 --max-right-piston-travel=6.93 --auto-piston-step --wall-hold-steps=12000 --steps=12500 --fixed-dt=0.4 --energy-measurement --eff-output=wall-ke --kbt1 --seed=9215",9215
2026-09-18 12:50:51,energy_transfer,edmd,12500,12000,0.0166666669,39.25,10,100,0.5,nan,0.100050721,0.100050721,1,39.25,1e+09,50;50,1,0.0416666667,1,1,0.00999999978,100,1000,nan,39.25,1,step,71.5700022,-10,step,6.92999983,10,nan,nan,10,nan,nan,1352.8336,0.074842453,5.53227339e-05,0.999944677,1352.75875,4.42372139e-09,0.000725735503,0.000725731079,5.36452584e-07,20,0.749984741,/Users/chrisharing/Desktop/CCS_complex_coupled_systems/Repo/HardDisks/hspist3/experiments_energy_transfer/level2_fast_20260918/u10/tr_9216.csv,19.8499908,19.1000061,1,"./00ALLINONE_ramp --mode=edmd --experiment=energy_transfer --headless --quiet --edmd-acc=0 --seed-drift-order=drift-first --energy-transfer-summary=experiments_energy_transfer/level2_fast_20260918/u10/summary.csv --energy-transfer-trace=experiments_energy_transfer/level2_fast_20260918/u10/tr_9216.csv --particles=100 --particles-boxes=50,50 --particle-radius=0.5 --l0=39.25 --height=10 --num-walls=1 --wall-positions=39.25 --wall-mass-factors=1000000000 --piston-right-protocol-mode=step --velocity-right-piston-step=10 --max-right-piston-travel=6.93 --auto-piston-step --wall-hold-steps=12000 --steps=12500 --fixed-dt=0.4 --energy-measurement --eff-output=wall-ke --kbt1 --seed=9216",9216
2026-09-18 12:50:51,energy_transfer,edmd,12500,12000,0.0166666669,39.25,10,100,0.5,nan,0.100050721,0.100050721,1,39.25,1e+09,50;50,1,0.0416666667,1,1,0.00999999978,100,1000,nan,39.25,1,step,71.5700022,-10,step,6.92999983,10,nan,nan,10,nan,nan,1722.76409,0.120892115,7.01733427e-05,0.999929827,1722.6432,1.25408861e-09,0.00126657798,0.00126657673,7.35200328e-07,20,0.749984741,/Users/chrisharing/Desktop/CCS_complex_coupled_systems/Repo/HardDisks/hspist3/experiments_energy_transfer/level2_fast_20260918/u10/tr_9214.csv,20.3999939,19.6500092,1,"./00ALLINONE_ramp --mode=edmd --experiment=energy_transfer --headless --quiet --edmd-acc=0 --seed-drift-order=drift-first --energy-transfer-summary=experiments_energy_transfer/level2_fast_20260918/u10/summary.csv --energy-transfer-trace=experiments_energy_transfer/level2_fast_20260918/u10/tr_9214.csv --particles=100 --particles-boxes=50,50 --particle-radius=0.5 --l0=39.25 --height=10 --num-walls=1 --wall-positions=39.25 --wall-mass-factors=1000000000 --piston-right-protocol-mode=step --velocity-right-piston-step=10 --max-right-piston-travel=6.93 --auto-piston-step --wall-hold-steps=12000 --steps=12500 --fixed-dt=0.4 --energy-measurement --eff-output=wall-ke --kbt1 --seed=9214",9214
2026-09-18 12:50:51,energy_transfer,edmd,12500,12000,0.0166666669,39.25,10,100,0.5,nan,0.100050721,0.100050721,1,39.25,1e+09,50;50,1,0.0416666667,1,1,0.00999999978,100,1000,nan,39.25,1,step,71.5700022,-10,step,6.92999983,10,nan,nan,10,nan,nan,2037.10377,0.168297008,8.26158246e-05,0.999917384,2036.93547,0,0.00164008013,0.00164008013,8.05103868e-07,20,0.749984741,/Users/chrisharing/Desktop/CCS_complex_coupled_systems/Repo/HardDisks/hspist3/experiments_energy_transfer/level2_fast_20260918/u10/tr_9218.csv,20.5999908,19.8500061,1,"./00ALLINONE_ramp --mode=edmd --experiment=energy_transfer --headless --quiet --edmd-acc=0 --seed-drift-order=drift-first --energy-transfer-summary=experiments_energy_transfer/level2_fast_20260918/u10/summary.csv --energy-transfer-trace=experiments_energy_transfer/level2_fast_20260918/u10/tr_9218.csv --particles=100 --particles-boxes=50,50 --particle-radius=0.5 --l0=39.25 --height=10 --num-walls=1 --wall-positions=39.25 --wall-mass-factors=1000000000 --piston-right-protocol-mode=step --velocity-right-piston-step=10 --max-right-piston-travel=6.93 --auto-piston-step --wall-hold-steps=12000 --steps=12500 --fixed-dt=0.4 --energy-measurement --eff-output=wall-ke --kbt1 --seed=9218",9218
2026-09-18 12:50:51,energy_transfer,edmd,12500,12000,0.0166666669,39.25,10,100,0.5,nan,0.100050721,0.100050721,1,39.25,1e+09,50;50,1,0.0416666667,1,1,0.00999999978,100,1000,nan,39.25,1,step,71.5700022,-10,step,6.92999983,10,nan,nan,10,nan,nan,3067.9635,0.378617227,0.000123409952,0.99987659,3067.58488,1.29811251e-09,0.00368966325,0.00368966195,1.20264206e-06,20,0.749984741,/Users/chrisharing/Desktop/CCS_complex_coupled_systems/Repo/HardDisks/hspist3/experiments_energy_transfer/level2_fast_20260918/u10/tr_9217.csv,20.7166595,19.9666748,1,"./00ALLINONE_ramp --mode=edmd --experiment=energy_transfer --headless --quiet --edmd-acc=0 --seed-drift-order=drift-first --energy-transfer-summary=experiments_energy_transfer/level2_fast_20260918/u10/summary.csv --energy-transfer-trace=experiments_energy_transfer/level2_fast_20260918/u10/tr_9217.csv --particles=100 --particles-boxes=50,50 --particle-radius=0.5 --l0=39.25 --height=10 --num-walls=1 --wall-positions=39.25 --wall-mass-factors=1000000000 --piston-right-protocol-mode=step --velocity-right-piston-step=10 --max-right-piston-travel=6.93 --auto-piston-step --wall-hold-steps=12000 --steps=12500 --fixed-dt=0.4 --energy-measurement --eff-output=wall-ke --kbt1 --seed=9217",9217
2026-09-18 12:50:51,energy_transfer,edmd,12500,12000,0.0166666669,39.25,10,100,0.5,nan,0.100050721,0.100050721,1,39.25,1e+09,50;50,1,0.0416666667,1,1,0.00999999978,100,1000,nan,39.25,1,step,71.5700022,-10,step,6.92999983,10,nan,nan,10,nan,nan,1250.79418,0.0646933839,5.17218459e-05,0.999948278,1250.72949,0,0.000652883376,0.000652883376,5.21975067e-07,20,0.749984741,/Users/chrisharing/Desktop/CCS_complex_coupled_systems/Repo/HardDisks/hspist3/experiments_energy_transfer/level2_fast_20260918/u10/tr_9221.csv,20.7499847,20,1,"./00ALLINONE_ramp --mode=edmd --experiment=energy_transfer --headless --quiet --edmd-acc=0 --seed-drift-order=drift-first --energy-transfer-summary=experiments_energy_transfer/level2_fast_20260918/u10/summary.csv --energy-transfer-trace=experiments_energy_transfer/level2_fast_20260918/u10/tr_9221.csv --particles=100 --particles-boxes=50,50 --particle-radius=0.5 --l0=39.25 --height=10 --num-walls=1 --wall-positions=39.25 --wall-mass-factors=1000000000 --piston-right-protocol-mode=step --velocity-right-piston-step=10 --max-right-piston-travel=6.93 --auto-piston-step --wall-hold-steps=12000 --steps=12500 --fixed-dt=0.4 --energy-measurement --eff-output=wall-ke --kbt1 --seed=9221",9221
2026-09-18 12:50:51,energy_transfer,edmd,12500,12000,0.0166666669,39.25,10,100,0.5,nan,0.100050721,0.100050721,1,39.25,1e+09,50;50,1,0.0416666667,1,1,0.00999999978,100,1000,nan,39.25,1,step,71.5700022,-10,step,6.92999983,10,nan,nan,10,nan,nan,1549.784,0.0982855558,6.3418874e-05,0.999936581,1549.68571,0,0.00102104689,0.00102104689,6.58831742e-07,20,0.749984741,/Users/chrisharing/Desktop/CCS_complex_coupled_systems/Repo/HardDisks/hspist3/experiments_energy_transfer/level2_fast_20260918/u10/tr_9220.csv,20.7499847,20,1,"./00ALLINONE_ramp --mode=edmd --experiment=energy_transfer --headless --quiet --edmd-acc=0 --seed-drift-order=drift-first --energy-transfer-summary=experiments_energy_transfer/level2_fast_20260918/u10/summary.csv --energy-transfer-trace=experiments_energy_transfer/level2_fast_20260918/u10/tr_9220.csv --particles=100 --particles-boxes=50,50 --particle-radius=0.5 --l0=39.25 --height=10 --num-walls=1 --wall-positions=39.25 --wall-mass-factors=1000000000 --piston-right-protocol-mode=step --velocity-right-piston-step=10 --max-right-piston-travel=6.93 --auto-piston-step --wall-hold-steps=12000 --steps=12500 --fixed-dt=0.4 --energy-measurement --eff-output=wall-ke --kbt1 --seed=9220",9220
2026-09-18 12:50:51,energy_transfer,edmd,12500,12000,0.0166666669,39.25,10,100,0.5,nan,0.100050721,0.100050721,1,39.25,1e+09,50;50,1,0.0416666667,1,1,0.00999999978,100,1000,nan,39.25,1,step,71.5700022,-10,step,6.92999983,10,nan,nan,10,nan,nan,1646.85394,0.108289845,6.57555857e-05,0.999934244,1646.74565,7.96475064e-09,0.00104983605,0.00104982809,6.37474922e-07,20,0.749984741,/Users/chrisharing/Desktop/CCS_complex_coupled_systems/Repo/HardDisks/hspist3/experiments_energy_transfer/level2_fast_20260918/u10/tr_9222.csv,20.4166565,19.6666718,1,"./00ALLINONE_ramp --mode=edmd --experiment=energy_transfer --headless --quiet --edmd-acc=0 --seed-drift-order=drift-first --energy-transfer-summary=experiments_energy_transfer/level2_fast_20260918/u10/summary.csv --energy-transfer-trace=experiments_energy_transfer/level2_fast_20260918/u10/tr_9222.csv --particles=100 --particles-boxes=50,50 --particle-radius=0.5 --l0=39.25 --height=10 --num-walls=1 --wall-positions=39.25 --wall-mass-factors=1000000000 --piston-right-protocol-mode=step --velocity-right-piston-step=10 --max-right-piston-travel=6.93 --auto-piston-step --wall-hold-steps=12000 --steps=12500 --fixed-dt=0.4 --energy-measurement --eff-output=wall-ke --kbt1 --seed=9222",9222
2026-09-18 12:50:51,energy_transfer,edmd,12500,12000,0.0166666669,39.25,10,100,0.5,nan,0.100050721,0.100050721,1,39.25,1e+09,50;50,1,0.0416666667,1,1,0.00999999978,100,1000,nan,39.25,1,step,71.5700022,-10,step,6.92999983,10,nan,nan,10,nan,nan,1921.55511,0.147891909,7.69646979e-05,0.999923035,1921.40722,2.26540287e-10,0.001522562,0.00152256177,7.92359149e-07,20,0.749984741,/Users/chrisharing/Desktop/CCS_complex_coupled_systems/Repo/HardDisks/hspist3/experiments_energy_transfer/level2_fast_20260918/u10/tr_9223.csv,20.5833282,19.8333435,1,"./00ALLINONE_ramp --mode=edmd --experiment=energy_transfer --headless --quiet --edmd-acc=0 --seed-drift-order=drift-first --energy-transfer-summary=experiments_energy_transfer/level2_fast_20260918/u10/summary.csv --energy-transfer-trace=experiments_energy_transfer/level2_fast_20260918/u10/tr_9223.csv --particles=100 --particles-boxes=50,50 --particle-radius=0.5 --l0=39.25 --height=10 --num-walls=1 --wall-positions=39.25 --wall-mass-factors=1000000000 --piston-right-protocol-mode=step --velocity-right-piston-step=10 --max-right-piston-travel=6.93 --auto-piston-step --wall-hold-steps=12000 --steps=12500 --fixed-dt=0.4 --energy-measurement --eff-output=wall-ke --kbt1 --seed=9223",9223
2026-09-18 12:50:51,energy_transfer,edmd,12500,12000,0.0166666669,39.25,10,100,0.5,nan,0.100050721,0.100050721,1,39.25,1e+09,50;50,1,0.0416666667,1,1,0.00999999978,100,1000,nan,39.25,1,step,71.5700022,-10,step,6.92999983,10,nan,nan,10,nan,nan,2156.84212,0.185456574,8.59852337e-05,0.999914015,2156.65667,7.48307283e-09,0.00190038106,0.00190037358,8.81090719e-07,20,0.749984741,/Users/chrisharing/Desktop/CCS_complex_coupled_systems/Repo/HardDisks/hspist3/experiments_energy_transfer/level2_fast_20260918/u10/tr_9219.csv,20.6333313,19.8833466,1,"./00ALLINONE_ramp --mode=edmd --experiment=energy_transfer --headless --quiet --edmd-acc=0 --seed-drift-order=drift-first --energy-transfer-summary=experiments_energy_transfer/level2_fast_20260918/u10/summary.csv --energy-transfer-trace=experiments_energy_transfer/level2_fast_20260918/u10/tr_9219.csv --particles=100 --particles-boxes=50,50 --particle-radius=0.5 --l0=39.25 --height=10 --num-walls=1 --wall-positions=39.25 --wall-mass-factors=1000000000 --piston-right-protocol-mode=step --velocity-right-piston-step=10 --max-right-piston-travel=6.93 --auto-piston-step --wall-hold-steps=12000 --steps=12500 --fixed-dt=0.4 --energy-measurement --eff-output=wall-ke --kbt1 --seed=9219",9219
2026-09-18 12:50:51,energy_transfer,edmd,12500,12000,0.0166666669,39.25,10,100,0.5,nan,0.100050721,0.100050721,1,39.25,1e+09,50;50,1,0.0416666667,1,1,0.00999999978,100,1000,nan,39.25,1,step,71.5700022,-10,step,6.92999983,10,nan,nan,10,nan,nan,1017.28116,0.042716559,4.19909076e-05,0.999958009,1017.23844,3.46004336e-09,0.000391210255,0.000391206795,3.84561134e-07,20,0.749984741,/Users/chrisharing/Desktop/CCS_complex_coupled_systems/Repo/HardDisks/hspist3/experiments_energy_transfer/level2_fast_20260918/u10/tr_9227.csv,20.5833282,19.8333435,1,"./00ALLINONE_ramp --mode=edmd --experiment=energy_transfer --headless --quiet --edmd-acc=0 --seed-drift-order=drift-first --energy-transfer-summary=experiments_energy_transfer/level2_fast_20260918/u10/summary.csv --energy-transfer-trace=experiments_energy_transfer/level2_fast_20260918/u10/tr_9227.csv --particles=100 --particles-boxes=50,50 --particle-radius=0.5 --l0=39.25 --height=10 --num-walls=1 --wall-positions=39.25 --wall-mass-factors=1000000000 --piston-right-protocol-mode=step --velocity-right-piston-step=10 --max-right-piston-travel=6.93 --auto-piston-step --wall-hold-steps=12000 --steps=12500 --fixed-dt=0.4 --energy-measurement --eff-output=wall-ke --kbt1 --seed=9227",9227
2026-09-18 12:50:51,energy_transfer,edmd,12500,12000,0.0166666669,39.25,10,100,0.5,nan,0.100050721,0.100050721,1,39.25,1e+09,50;50,1,0.0416666667,1,1,0.00999999978,100,1000,nan,39.25,1,step,71.5700022,-10,step,6.92999983,10,nan,nan,10,nan,nan,1335.46321,0.0731043965,5.47408539e-05,0.999945259,1335.39011,1.29188149e-09,0.000713307469,0.000713306177,5.34126415e-07,20,0.749984741,/Users/chrisharing/Desktop/CCS_complex_coupled_systems/Repo/HardDisks/hspist3/experiments_energy_transfer/level2_fast_20260918/u10/tr_9226.csv,20.6166534,19.8666687,1,"./00ALLINONE_ramp --mode=edmd --experiment=energy_transfer --headless --quiet --edmd-acc=0 --seed-drift-order=drift-first --energy-transfer-summary=experiments_energy_transfer/level2_fast_20260918/u10/summary.csv --energy-transfer-trace=experiments_energy_transfer/level2_fast_20260918/u10/tr_9226.csv --particles=100 --particles-boxes=50,50 --particle-radius=0.5 --l0=39.25 --height=10 --num-walls=1 --wall-positions=39.25 --wall-mass-factors=1000000000 --piston-right-protocol-mode=step --velocity-right-piston-step=10 --max-right-piston-travel=6.93 --auto-piston-step --wall-hold-steps=12000 --steps=12500 --fixed-dt=0.4 --energy-measurement --eff-output=wall-ke --kbt1 --seed=9226",9226
2026-09-18 12:50:51,energy_transfer,edmd,12500,12000,0.0166666669,39.25,10,100,0.5,nan,0.100050721,0.100050721,1,39.25,1e+09,50;50,1,0.0416666667,1,1,0.00999999978,100,1000,nan,39.25,1,step,71.5700022,-10,step,6.92999983,10,nan,nan,10,nan,nan,1547.78726,0.0969663262,6.26483553e-05,0.999937352,1547.69029,1.65276304e-09,0.00101708539,0.00101708374,6.57121147e-07,20,0.749984741,/Users/chrisharing/Desktop/CCS_complex_coupled_systems/Repo/HardDisks/hspist3/experiments_energy_transfer/level2_fast_20260918/u10/tr_9224.csv,20.4499969,19.7000122,1,"./00ALLINONE_ramp --mode=edmd --experiment=energy_transfer --headless --quiet --edmd-acc=0 --seed-drift-order=drift-first --energy-transfer-summary=experiments_energy_transfer/level2_fast_20260918/u10/summary.csv --energy-transfer-trace=experiments_energy_transfer/level2_fast_20260918/u10/tr_9224.csv --particles=100 --particles-boxes=50,50 --particle-radius=0.5 --l0=39.25 --height=10 --num-walls=1 --wall-positions=39.25 --wall-mass-factors=1000000000 --piston-right-protocol-mode=step --velocity-right-piston-step=10 --max-right-piston-travel=6.93 --auto-piston-step --wall-hold-steps=12000 --steps=12500 --fixed-dt=0.4 --energy-measurement --eff-output=wall-ke --kbt1 --seed=9224",9224
2026-09-18 12:50:51,energy_transfer,edmd,12500,12000,0.0166666669,39.25,10,100,0.5,nan,0.100050721,0.100050721,1,39.25,1e+09,50;50,1,0.0416666667,1,1,0.00999999978,100,1000,nan,39.25,1,step,71.5700022,-10,step,6.92999983,10,nan,nan,10,nan,nan,1947.36067,0.151022434,7.75523694e-05,0.999922448,1947.20965,0,0.00167430192,0.00167430192,8.59780083e-07,20,0.749984741,/Users/chrisharing/Desktop/CCS_complex_coupled_systems/Repo/HardDisks/hspist3/experiments_energy_transfer/level2_fast_20260918/u10/tr_9225.csv,20.6499939,19.9000092,1,"./00ALLINONE_ramp --mode=edmd --experiment=energy_transfer --headless --quiet --edmd-acc=0 --seed-drift-order=drift-first --energy-transfer-summary=experiments_energy_transfer/level2_fast_20260918/u10/summary.csv --energy-transfer-trace=experiments_energy_transfer/level2_fast_20260918/u10/tr_9225.csv --particles=100 --particles-boxes=50,50 --particle-radius=0.5 --l0=39.25 --height=10 --num-walls=1 --wall-positions=39.25 --wall-mass-factors=1000000000 --piston-right-protocol-mode=step --velocity-right-piston-step=10 --max-right-piston-travel=6.93 --auto-piston-step --wall-hold-steps=12000 --steps=12500 --fixed-dt=0.4 --energy-measurement --eff-output=wall-ke --kbt1 --seed=9225",9225
2026-09-18 12:50:52,energy_transfer,edmd,12500,12000,0.0166666669,39.25,10,100,0.5,nan,0.100050721,0.100050721,1,39.25,1e+09,50;50,1,0.0416666667,1,1,0.00999999978,100,1000,nan,39.25,1,step,71.5700022,-10,step,6.92999983,10,nan,nan,10,nan,nan,1883.70351,0.145813882,7.74080854e-05,0.999922592,1883.5577,1.2810383e-08,0.00144160283,0.00144159002,7.65295604e-07,20,0.749984741,/Users/chrisharing/Desktop/CCS_complex_coupled_systems/Repo/HardDisks/hspist3/experiments_energy_transfer/level2_fast_20260918/u10/tr_9228.csv,20.6833191,19.9333344,1,"./00ALLINONE_ramp --mode=edmd --experiment=energy_transfer --headless --quiet --edmd-acc=0 --seed-drift-order=drift-first --energy-transfer-summary=experiments_energy_transfer/level2_fast_20260918/u10/summary.csv --energy-transfer-trace=experiments_energy_transfer/level2_fast_20260918/u10/tr_9228.csv --particles=100 --particles-boxes=50,50 --particle-radius=0.5 --l0=39.25 --height=10 --num-walls=1 --wall-positions=39.25 --wall-mass-factors=1000000000 --piston-right-protocol-mode=step --velocity-right-piston-step=10 --max-right-piston-travel=6.93 --auto-piston-step --wall-hold-steps=12000 --steps=12500 --fixed-dt=0.4 --energy-measurement --eff-output=wall-ke --kbt1 --seed=9228",9228
2026-09-18 12:50:52,energy_transfer,edmd,12500,12000,0.0166666669,39.25,10,100,0.5,nan,0.100050721,0.100050721,1,39.25,1e+09,50;50,1,0.0416666667,1,1,0.00999999978,100,1000,nan,39.25,1,step,71.5700022,-10,step,6.92999983,10,nan,nan,10,nan,nan,1251.43411,0.0648986623,5.18594323e-05,0.999948141,1251.36921,4.26276903e-10,0.000629675866,0.000629675439,5.0316308e-07,20,0.749984741,/Users/chrisharing/Desktop/CCS_complex_coupled_systems/Repo/HardDisks/hspist3/experiments_energy_transfer/level2_fast_20260918/u10/tr_9233.csv,20.5999908,19.8500061,1,"./00ALLINONE_ramp --mode=edmd --experiment=energy_transfer --headless --quiet --edmd-acc=0 --seed-drift-order=drift-first --energy-transfer-summary=experiments_energy_transfer/level2_fast_20260918/u10/summary.csv --energy-transfer-trace=experiments_energy_transfer/level2_fast_20260918/u10/tr_9233.csv --particles=100 --particles-boxes=50,50 --particle-radius=0.5 --l0=39.25 --height=10 --num-walls=1 --wall-positions=39.25 --wall-mass-factors=1000000000 --piston-right-protocol-mode=step --velocity-right-piston-step=10 --max-right-piston-travel=6.93 --auto-piston-step --wall-hold-steps=12000 --steps=12500 --fixed-dt=0.4 --energy-measurement --eff-output=wall-ke --kbt1 --seed=9233",9233
2026-09-18 12:50:52,energy_transfer,edmd,12500,12000,0.0166666669,39.25,10,100,0.5,nan,0.100050721,0.100050721,1,39.25,1e+09,50;50,1,0.0416666667,1,1,0.00999999978,100,1000,nan,39.25,1,step,71.5700022,-10,step,6.92999983,10,nan,nan,10,nan,nan,1797.031,0.130728394,7.27468773e-05,0.999927253,1796.90027,5.66834224e-09,0.00136883208,0.00136882641,7.61715522e-07,20,0.749984741,/Users/chrisharing/Desktop/CCS_complex_coupled_systems/Repo/HardDisks/hspist3/experiments_energy_transfer/level2_fast_20260918/u10/tr_9229.csv,20.4333191,19.6833344,1,"./00ALLINONE_ramp --mode=edmd --experiment=energy_transfer --headless --quiet --edmd-acc=0 --seed-drift-order=drift-first --energy-transfer-summary=experiments_energy_transfer/level2_fast_20260918/u10/summary.csv --energy-transfer-trace=experiments_energy_transfer/level2_fast_20260918/u10/tr_9229.csv --particles=100 --particles-boxes=50,50 --particle-radius=0.5 --l0=39.25 --height=10 --num-walls=1 --wall-positions=39.25 --wall-mass-factors=1000000000 --piston-right-protocol-mode=step --velocity-right-piston-step=10 --max-right-piston-travel=6.93 --auto-piston-step --wall-hold-steps=12000 --steps=12500 --fixed-dt=0.4 --energy-measurement --eff-output=wall-ke --kbt1 --seed=9229",9229
2026-09-18 12:50:52,energy_transfer,edmd,12500,12000,0.0166666669,39.25,10,100,0.5,nan,0.100050721,0.100050721,1,39.25,1e+09,50;50,1,0.0416666667,1,1,0.00999999978,100,1000,nan,39.25,1,step,71.5700022,-10,step,6.92999983,10,nan,nan,10,nan,nan,1701.42243,0.115046494,6.76178307e-05,0.999932382,1701.30738,0,0.00126304536,0.00126304536,7.42346718e-07,20,0.749984741,/Users/chrisharing/Desktop/CCS_complex_coupled_systems/Repo/HardDisks/hspist3/experiments_energy_transfer/level2_fast_20260918/u10/tr_9232.csv,20.4833221,19.7333374,1,"./00ALLINONE_ramp --mode=edmd --experiment=energy_transfer --headless --quiet --edmd-acc=0 --seed-drift-order=drift-first --energy-transfer-summary=experiments_energy_transfer/level2_fast_20260918/u10/summary.csv --energy-transfer-trace=experiments_energy_transfer/level2_fast_20260918/u10/tr_9232.csv --particles=100 --particles-boxes=50,50 --particle-radius=0.5 --l0=39.25 --height=10 --num-walls=1 --wall-positions=39.25 --wall-mass-factors=1000000000 --piston-right-protocol-mode=step --velocity-right-piston-step=10 --max-right-piston-travel=6.93 --auto-piston-step --wall-hold-steps=12000 --steps=12500 --fixed-dt=0.4 --energy-measurement --eff-output=wall-ke --kbt1 --seed=9232",9232
2026-09-18 12:50:52,energy_transfer,edmd,12500,12000,0.0166666669,39.25,10,100,0.5,nan,0.100050721,0.100050721,1,39.25,1e+09,50;50,1,0.0416666667,1,1,0.00999999978,100,1000,nan,39.25,1,step,71.5700022,-10,step,6.92999983,10,nan,nan,10,nan,nan,1899.41855,0.146778464,7.72754717e-05,0.999922725,1899.27177,1.21891808e-09,0.00139806699,0.00139806577,7.36049341e-07,20,0.749984741,/Users/chrisharing/Desktop/CCS_complex_coupled_systems/Repo/HardDisks/hspist3/experiments_energy_transfer/level2_fast_20260918/u10/tr_9231.csv,20.6166534,19.8666687,1,"./00ALLINONE_ramp --mode=edmd --experiment=energy_transfer --headless --quiet --edmd-acc=0 --seed-drift-order=drift-first --energy-transfer-summary=experiments_energy_transfer/level2_fast_20260918/u10/summary.csv --energy-transfer-trace=experiments_energy_transfer/level2_fast_20260918/u10/tr_9231.csv --particles=100 --particles-boxes=50,50 --particle-radius=0.5 --l0=39.25 --height=10 --num-walls=1 --wall-positions=39.25 --wall-mass-factors=1000000000 --piston-right-protocol-mode=step --velocity-right-piston-step=10 --max-right-piston-travel=6.93 --auto-piston-step --wall-hold-steps=12000 --steps=12500 --fixed-dt=0.4 --energy-measurement --eff-output=wall-ke --kbt1 --seed=9231",9231
2026-09-18 12:50:52,energy_transfer,edmd,12500,12000,0.0166666669,39.25,10,100,0.5,nan,0.100050721,0.100050721,1,39.25,1e+09,50;50,1,0.0416666667,1,1,0.00999999978,100,1000,nan,39.25,1,step,71.5700022,-10,step,6.92999983,10,nan,nan,10,nan,nan,2503.34331,0.252244353,0.000100762989,0.999899237,2503.09107,0,0.00271446141,0.00271446141,1.08433446e-06,20,0.749984741,/Users/chrisharing/Desktop/CCS_complex_coupled_systems/Repo/HardDisks/hspist3/experiments_energy_transfer/level2_fast_20260918/u10/tr_9230.csv,20.6833191,19.9333344,1,"./00ALLINONE_ramp --mode=edmd --experiment=energy_transfer --headless --quiet --edmd-acc=0 --seed-drift-order=drift-first --energy-transfer-summary=experiments_energy_transfer/level2_fast_20260918/u10/summary.csv --energy-transfer-trace=experiments_energy_transfer/level2_fast_20260918/u10/tr_9230.csv --particles=100 --particles-boxes=50,50 --particle-radius=0.5 --l0=39.25 --height=10 --num-walls=1 --wall-positions=39.25 --wall-mass-factors=1000000000 --piston-right-protocol-mode=step --velocity-right-piston-step=10 --max-right-piston-travel=6.93 --auto-piston-step --wall-hold-steps=12000 --steps=12500 --fixed-dt=0.4 --energy-measurement --eff-output=wall-ke --kbt1 --seed=9230",9230
2026-09-18 12:50:52,energy_transfer,edmd,12500,12000,0.0166666669,39.25,10,100,0.5,nan,0.100050721,0.100050721,1,39.25,1e+09,50;50,1,0.0416666667,1,1,0.00999999978,100,1000,nan,39.25,1,step,71.5700022,-10,step,6.92999983,10,nan,nan,10,nan,nan,1349.49205,0.0755962431,5.60182946e-05,0.999943982,1349.41645,4.02753697e-09,0.00081780809,0.000817804062,6.06008804e-07,20,0.749984741,/Users/chrisharing/Desktop/CCS_complex_coupled_systems/Repo/HardDisks/hspist3/experiments_energy_transfer/level2_fast_20260918/u10/tr_9235.csv,20.6333313,19.8833466,1,"./00ALLINONE_ramp --mode=edmd --experiment=energy_transfer --headless --quiet --edmd-acc=0 --seed-drift-order=drift-first --energy-transfer-summary=experiments_energy_transfer/level2_fast_20260918/u10/summary.csv --energy-transfer-trace=experiments_energy_transfer/level2_fast_20260918/u10/tr_9235.csv --particles=100 --particles-boxes=50,50 --particle-radius=0.5 --l0=39.25 --height=10 --num-walls=1 --wall-positions=39.25 --wall-mass-factors=1000000000 --piston-right-protocol-mode=step --velocity-right-piston-step=10 --max-right-piston-travel=6.93 --auto-piston-step --wall-hold-steps=12000 --steps=12500 --fixed-dt=0.4 --energy-measurement --eff-output=wall-ke --kbt1 --seed=9235",9235
2026-09-18 12:50:52,energy_transfer,edmd,12500,12000,0.0166666669,39.25,10,100,0.5,nan,0.100050721,0.100050721,1,39.25,1e+09,50;50,1,0.0416666667,1,1,0.00999999978,100,1000,nan,39.25,1,step,71.5700022,-10,step,6.92999983,10,nan,nan,10,nan,nan,1912.59644,0.147605762,7.71755915e-05,0.999922824,1912.44884,6.96987534e-09,0.00159464241,0.00159463544,8.33754264e-07,20,0.749984741,/Users/chrisharing/Desktop/CCS_complex_coupled_systems/Repo/HardDisks/hspist3/experiments_energy_transfer/level2_fast_20260918/u10/tr_9234.csv,20.5499878,19.8000031,1,"./00ALLINONE_ramp --mode=edmd --experiment=energy_transfer --headless --quiet --edmd-acc=0 --seed-drift-order=drift-first --energy-transfer-summary=experiments_energy_transfer/level2_fast_20260918/u10/summary.csv --energy-transfer-trace=experiments_energy_transfer/level2_fast_20260918/u10/tr_9234.csv --particles=100 --particles-boxes=50,50 --particle-radius=0.5 --l0=39.25 --height=10 --num-walls=1 --wall-positions=39.25 --wall-mass-factors=1000000000 --piston-right-protocol-mode=step --velocity-right-piston-step=10 --max-right-piston-travel=6.93 --auto-piston-step --wall-hold-steps=12000 --steps=12500 --fixed-dt=0.4 --energy-measurement --eff-output=wall-ke --kbt1 --seed=9234",9234
2026-09-18 12:50:52,energy_transfer,edmd,12500,12000,0.0166666669,39.25,10,100,0.5,nan,0.100050721,0.100050721,1,39.25,1e+09,50;50,1,0.0416666667,1,1,0.00999999978,100,1000,nan,39.25,1,step,71.5700022,-10,step,6.92999983,10,nan,nan,10,nan,nan,1994.79699,0.157839373,7.91255318e-05,0.999920874,1994.63915,6.28725561e-09,0.00154051371,0.00154050742,7.72262756e-07,20,0.749984741,/Users/chrisharing/Desktop/CCS_complex_coupled_systems/Repo/HardDisks/hspist3/experiments_energy_transfer/level2_fast_20260918/u10/tr_9236.csv,20.7499847,20,1,"./00ALLINONE_ramp --mode=edmd --experiment=energy_transfer --headless --quiet --edmd-acc=0 --seed-drift-order=drift-first --energy-transfer-summary=experiments_energy_transfer/level2_fast_20260918/u10/summary.csv --energy-transfer-trace=experiments_energy_transfer/level2_fast_20260918/u10/tr_9236.csv --particles=100 --particles-boxes=50,50 --particle-radius=0.5 --l0=39.25 --height=10 --num-walls=1 --wall-positions=39.25 --wall-mass-factors=1000000000 --piston-right-protocol-mode=step --velocity-right-piston-step=10 --max-right-piston-travel=6.93 --auto-piston-step --wall-hold-steps=12000 --steps=12500 --fixed-dt=0.4 --energy-measurement --eff-output=wall-ke --kbt1 --seed=9236",9236
2026-09-18 12:50:52,energy_transfer,edmd,12500,12000,0.0166666669,39.25,10,100,0.5,nan,0.100050721,0.100050721,1,39.25,1e+09,50;50,1,0.0416666667,1,1,0.00999999978,100,1000,nan,39.25,1,step,71.5700022,-10,step,6.92999983,10,nan,nan,10,nan,nan,2302.30145,0.218357131,9.48429801e-05,0.999905157,2302.0831,0,0.00202969718,0.00202969718,8.81594882e-07,20,0.749984741,/Users/chrisharing/Desktop/CCS_complex_coupled_systems/Repo/HardDisks/hspist3/experiments_energy_transfer/level2_fast_20260918/u10/tr_9238.csv,20.7499847,20,1,"./00ALLINONE_ramp --mode=edmd --experiment=energy_transfer --headless --quiet --edmd-acc=0 --seed-drift-order=drift-first --energy-transfer-summary=experiments_energy_transfer/level2_fast_20260918/u10/summary.csv --energy-transfer-trace=experiments_energy_transfer/level2_fast_20260918/u10/tr_9238.csv --particles=100 --particles-boxes=50,50 --particle-radius=0.5 --l0=39.25 --height=10 --num-walls=1 --wall-positions=39.25 --wall-mass-factors=1000000000 --piston-right-protocol-mode=step --velocity-right-piston-step=10 --max-right-piston-travel=6.93 --auto-piston-step --wall-hold-steps=12000 --steps=12500 --fixed-dt=0.4 --energy-measurement --eff-output=wall-ke --kbt1 --seed=9238",9238
2026-09-18 12:50:52,energy_transfer,edmd,12500,12000,0.0166666669,39.25,10,100,0.5,nan,0.100050721,0.100050721,1,39.25,1e+09,50;50,1,0.0416666667,1,1,0.00999999978,100,1000,nan,39.25,1,step,71.5700022,-10,step,6.92999983,10,nan,nan,10,nan,nan,3145.36338,0.411494017,0.000130825589,0.999869174,3144.95189,0,0.00404548692,0.00404548692,1.28617473e-06,20,0.749984741,/Users/chrisharing/Desktop/CCS_complex_coupled_systems/Repo/HardDisks/hspist3/experiments_energy_transfer/level2_fast_20260918/u10/tr_9237.csv,20.4833221,19.7333374,1,"./00ALLINONE_ramp --mode=edmd --experiment=energy_transfer --headless --quiet --edmd-acc=0 --seed-drift-order=drift-first --energy-transfer-summary=experiments_energy_transfer/level2_fast_20260918/u10/summary.csv --energy-transfer-trace=experiments_energy_transfer/level2_fast_20260918/u10/tr_9237.csv --particles=100 --particles-boxes=50,50 --particle-radius=0.5 --l0=39.25 --height=10 --num-walls=1 --wall-positions=39.25 --wall-mass-factors=1000000000 --piston-right-protocol-mode=step --velocity-right-piston-step=10 --max-right-piston-travel=6.93 --auto-piston-step --wall-hold-steps=12000 --steps=12500 --fixed-dt=0.4 --energy-measurement --eff-output=wall-ke --kbt1 --seed=9237",9237
2026-09-18 12:50:53,energy_transfer,edmd,12500,12000,0.0166666669,39.25,10,100,0.5,nan,0.100050721,0.100050721,1,39.25,1e+09,50;50,1,0.0416666667,1,1,0.00999999978,100,1000,nan,39.25,1,step,71.5700022,-10,step,6.92999983,10,nan,nan,10,nan,nan,1630.91166,0.106560685,6.53381097e-05,0.999934662,1630.8051,1.17933094e-11,0.00110617664,0.00110617663,6.78256622e-07,20,0.749984741,/Users/chrisharing/Desktop/CCS_complex_coupled_systems/Repo/HardDisks/hspist3/experiments_energy_transfer/level2_fast_20260918/u10/tr_9239.csv,20.5333252,19.7833405,1,"./00ALLINONE_ramp --mode=edmd --experiment=energy_transfer --headless --quiet --edmd-acc=0 --seed-drift-order=drift-first --energy-transfer-summary=experiments_energy_transfer/level2_fast_20260918/u10/summary.csv --energy-transfer-trace=experiments_energy_transfer/level2_fast_20260918/u10/tr_9239.csv --particles=100 --particles-boxes=50,50 --particle-radius=0.5 --l0=39.25 --height=10 --num-walls=1 --wall-positions=39.25 --wall-mass-factors=1000000000 --piston-right-protocol-mode=step --velocity-right-piston-step=10 --max-right-piston-travel=6.93 --auto-piston-step --wall-hold-steps=12000 --steps=12500 --fixed-dt=0.4 --energy-measurement --eff-output=wall-ke --kbt1 --seed=9239",9239
2026-09-18 12:50:53,energy_transfer,edmd,12500,12000,0.0166666669,39.25,10,100,0.5,nan,0.100050721,0.100050721,1,39.25,1e+09,50;50,1,0.0416666667,1,1,0.00999999978,100,1000,nan,39.25,1,step,71.5700022,-10,step,6.92999983,10,nan,nan,10,nan,nan,1493.49287,0.0907280818,6.07489221e-05,0.999939251,1493.40214,0,0.000837473664,0.000837473664,5.60748353e-07,20,0.749984741,/Users/chrisharing/Desktop/CCS_complex_coupled_systems/Repo/HardDisks/hspist3/experiments_energy_transfer/level2_fast_20260918/u10/tr_9241.csv,20.7499847,20,1,"./00ALLINONE_ramp --mode=edmd --experiment=energy_transfer --headless --quiet --edmd-acc=0 --seed-drift-order=drift-first --energy-transfer-summary=experiments_energy_transfer/level2_fast_20260918/u10/summary.csv --energy-transfer-trace=experiments_energy_transfer/level2_fast_20260918/u10/tr_9241.csv --particles=100 --particles-boxes=50,50 --particle-radius=0.5 --l0=39.25 --height=10 --num-walls=1 --wall-positions=39.25 --wall-mass-factors=1000000000 --piston-right-protocol-mode=step --velocity-right-piston-step=10 --max-right-piston-travel=6.93 --auto-piston-step --wall-hold-steps=12000 --steps=12500 --fixed-dt=0.4 --energy-measurement --eff-output=wall-ke --kbt1 --seed=9241",9241
2026-09-18 12:50:53,energy_transfer,edmd,12500,12000,0.0166666669,39.25,10,100,0.5,nan,0.100050721,0.100050721,1,39.25,1e+09,50;50,1,0.0416666667,1,1,0.00999999978,100,1000,nan,39.25,1,step,71.5700022,-10,step,6.92999983,10,nan,nan,10,nan,nan,1471.99213,0.0878151804,5.96573708e-05,0.999940343,1471.90432,3.57347651e-10,0.000940550817,0.00094055046,6.38964326e-07,20,0.749984741,/Users/chrisharing/Desktop/CCS_complex_coupled_systems/Repo/HardDisks/hspist3/experiments_energy_transfer/level2_fast_20260918/u10/tr_9242.csv,20.6999969,19.9500122,1,"./00ALLINONE_ramp --mode=edmd --experiment=energy_transfer --headless --quiet --edmd-acc=0 --seed-drift-order=drift-first --energy-transfer-summary=experiments_energy_transfer/level2_fast_20260918/u10/summary.csv --energy-transfer-trace=experiments_energy_transfer/level2_fast_20260918/u10/tr_9242.csv --particles=100 --particles-boxes=50,50 --particle-radius=0.5 --l0=39.25 --height=10 --num-walls=1 --wall-positions=39.25 --wall-mass-factors=1000000000 --piston-right-protocol-mode=step --velocity-right-piston-step=10 --max-right-piston-travel=6.93 --auto-piston-step --wall-hold-steps=12000 --steps=12500 --fixed-dt=0.4 --energy-measurement --eff-output=wall-ke --kbt1 --seed=9242",9242
2026-09-18 12:50:53,energy_transfer,edmd,12500,12000,0.0166666669,39.25,10,100,0.5,nan,0.100050721,0.100050721,1,39.25,1e+09,50;50,1,0.0416666667,1,1,0.00999999978,100,1000,nan,39.25,1,step,71.5700022,-10,step,6.92999983,10,nan,nan,10,nan,nan,1879.63903,0.144332364,7.67872778e-05,0.999923213,1879.49469,1.40766565e-09,0.00144029385,0.00144029245,7.66260131e-07,20,0.749984741,/Users/chrisharing/Desktop/CCS_complex_coupled_systems/Repo/HardDisks/hspist3/experiments_energy_transfer/level2_fast_20260918/u10/tr_9243.csv,20.5833282,19.8333435,1,"./00ALLINONE_ramp --mode=edmd --experiment=energy_transfer --headless --quiet --edmd-acc=0 --seed-drift-order=drift-first --energy-transfer-summary=experiments_energy_transfer/level2_fast_20260918/u10/summary.csv --energy-transfer-trace=experiments_energy_transfer/level2_fast_20260918/u10/tr_9243.csv --particles=100 --particles-boxes=50,50 --particle-radius=0.5 --l0=39.25 --height=10 --num-walls=1 --wall-positions=39.25 --wall-mass-factors=1000000000 --piston-right-protocol-mode=step --velocity-right-piston-step=10 --max-right-piston-travel=6.93 --auto-piston-step --wall-hold-steps=12000 --steps=12500 --fixed-dt=0.4 --energy-measurement --eff-output=wall-ke --kbt1 --seed=9243",9243
2026-09-18 12:50:53,energy_transfer,edmd,12500,12000,0.0166666669,39.25,10,100,0.5,nan,0.100050721,0.100050721,1,39.25,1e+09,50;50,1,0.0416666667,1,1,0.00999999978,100,1000,nan,39.25,1,step,71.5700022,-10,step,6.92999983,10,nan,nan,10,nan,nan,2266.03944,0.211757213,9.34481587e-05,0.999906552,2265.82768,1.3318866e-08,0.00203353819,0.00203352487,8.97391649e-07,20,0.749984741,/Users/chrisharing/Desktop/CCS_complex_coupled_systems/Repo/HardDisks/hspist3/experiments_energy_transfer/level2_fast_20260918/u10/tr_9240.csv,20.6333313,19.8833466,1,"./00ALLINONE_ramp --mode=edmd --experiment=energy_transfer --headless --quiet --edmd-acc=0 --seed-drift-order=drift-first --energy-transfer-summary=experiments_energy_transfer/level2_fast_20260918/u10/summary.csv --energy-transfer-trace=experiments_energy_transfer/level2_fast_20260918/u10/tr_9240.csv --particles=100 --particles-boxes=50,50 --particle-radius=0.5 --l0=39.25 --height=10 --num-walls=1 --wall-positions=39.25 --wall-mass-factors=1000000000 --piston-right-protocol-mode=step --velocity-right-piston-step=10 --max-right-piston-travel=6.93 --auto-piston-step --wall-hold-steps=12000 --steps=12500 --fixed-dt=0.4 --energy-measurement --eff-output=wall-ke --kbt1 --seed=9240",9240
2026-09-18 12:50:53,energy_transfer,edmd,12500,12000,0.0166666669,39.25,10,100,0.5,nan,0.100050721,0.100050721,1,39.25,1e+09,50;50,1,0.0416666667,1,1,0.00999999978,100,1000,nan,39.25,1,step,71.5700022,-10,step,6.92999983,10,nan,nan,10,nan,nan,1397.92716,0.0799096674,5.71629694e-05,0.999942837,1397.84725,0,0.000831043697,0.000831043697,5.94482832e-07,20,0.749984741,/Users/chrisharing/Desktop/CCS_complex_coupled_systems/Repo/HardDisks/hspist3/experiments_energy_transfer/level2_fast_20260918/u10/tr_9246.csv,20.6833191,19.9333344,1,"./00ALLINONE_ramp --mode=edmd --experiment=energy_transfer --headless --quiet --edmd-acc=0 --seed-drift-order=drift-first --energy-transfer-summary=experiments_energy_transfer/level2_fast_20260918/u10/summary.csv --energy-transfer-trace=experiments_energy_transfer/level2_fast_20260918/u10/tr_9246.csv --particles=100 --particles-boxes=50,50 --particle-radius=0.5 --l0=39.25 --height=10 --num-walls=1 --wall-positions=39.25 --wall-mass-factors=1000000000 --piston-right-protocol-mode=step --velocity-right-piston-step=10 --max-right-piston-travel=6.93 --auto-piston-step --wall-hold-steps=12000 --steps=12500 --fixed-dt=0.4 --energy-measurement --eff-output=wall-ke --kbt1 --seed=9246",9246
2026-09-18 12:50:53,energy_transfer,edmd,12500,12000,0.0166666669,39.25,10,100,0.5,nan,0.100050721,0.100050721,1,39.25,1e+09,50;50,1,0.0416666667,1,1,0.00999999978,100,1000,nan,39.25,1,step,71.5700022,-10,step,6.92999983,10,nan,nan,10,nan,nan,2332.74431,0.217989698,9.34477463e-05,0.999906552,2332.52632,6.11833384e-09,0.00221905718,0.00221905106,9.51262019e-07,20,0.749984741,/Users/chrisharing/Desktop/CCS_complex_coupled_systems/Repo/HardDisks/hspist3/experiments_energy_transfer/level2_fast_20260918/u10/tr_9244.csv,20.6833191,19.9333344,1,"./00ALLINONE_ramp --mode=edmd --experiment=energy_transfer --headless --quiet --edmd-acc=0 --seed-drift-order=drift-first --energy-transfer-summary=experiments_energy_transfer/level2_fast_20260918/u10/summary.csv --energy-transfer-trace=experiments_energy_transfer/level2_fast_20260918/u10/tr_9244.csv --particles=100 --particles-boxes=50,50 --particle-radius=0.5 --l0=39.25 --height=10 --num-walls=1 --wall-positions=39.25 --wall-mass-factors=1000000000 --piston-right-protocol-mode=step --velocity-right-piston-step=10 --max-right-piston-travel=6.93 --auto-piston-step --wall-hold-steps=12000 --steps=12500 --fixed-dt=0.4 --energy-measurement --eff-output=wall-ke --kbt1 --seed=9244",9244
2026-09-18 12:50:53,energy_transfer,edmd,12500,12000,0.0166666669,39.25,10,100,0.5,nan,0.100050721,0.100050721,1,39.25,1e+09,50;50,1,0.0416666667,1,1,0.00999999978,100,1000,nan,39.25,1,step,71.5700022,-10,step,6.92999983,10,nan,nan,10,nan,nan,1836.1011,0.138441667,7.53998061e-05,0.9999246,1835.96266,0,0.00152534631,0.00152534631,8.30752895e-07,20,0.749984741,/Users/chrisharing/Desktop/CCS_complex_coupled_systems/Repo/HardDisks/hspist3/experiments_energy_transfer/level2_fast_20260918/u10/tr_9245.csv,20.6833191,19.9333344,1,"./00ALLINONE_ramp --mode=edmd --experiment=energy_transfer --headless --quiet --edmd-acc=0 --seed-drift-order=drift-first --energy-transfer-summary=experiments_energy_transfer/level2_fast_20260918/u10/summary.csv --energy-transfer-trace=experiments_energy_transfer/level2_fast_20260918/u10/tr_9245.csv --particles=100 --particles-boxes=50,50 --particle-radius=0.5 --l0=39.25 --height=10 --num-walls=1 --wall-positions=39.25 --wall-mass-factors=1000000000 --piston-right-protocol-mode=step --velocity-right-piston-step=10 --max-right-piston-travel=6.93 --auto-piston-step --wall-hold-steps=12000 --steps=12500 --fixed-dt=0.4 --energy-measurement --eff-output=wall-ke --kbt1 --seed=9245",9245
2026-09-18 12:50:53,energy_transfer,edmd,12500,12000,0.0166666669,39.25,10,100,0.5,nan,0.100050721,0.100050721,1,39.25,1e+09,50;50,1,0.0416666667,1,1,0.00999999978,100,1000,nan,39.25,1,step,71.5700022,-10,step,6.92999983,10,nan,nan,10,nan,nan,2105.61848,0.176928312,8.40267662e-05,0.999915973,2105.44155,3.26444249e-09,0.00179513288,0.00179512961,8.52542676e-07,20,0.749984741,/Users/chrisharing/Desktop/CCS_complex_coupled_systems/Repo/HardDisks/hspist3/experiments_energy_transfer/level2_fast_20260918/u10/tr_9247.csv,20.5833282,19.8333435,1,"./00ALLINONE_ramp --mode=edmd --experiment=energy_transfer --headless --quiet --edmd-acc=0 --seed-drift-order=drift-first --energy-transfer-summary=experiments_energy_transfer/level2_fast_20260918/u10/summary.csv --energy-transfer-trace=experiments_energy_transfer/level2_fast_20260918/u10/tr_9247.csv --particles=100 --particles-boxes=50,50 --particle-radius=0.5 --l0=39.25 --height=10 --num-walls=1 --wall-positions=39.25 --wall-mass-factors=1000000000 --piston-right-protocol-mode=step --velocity-right-piston-step=10 --max-right-piston-travel=6.93 --auto-piston-step --wall-hold-steps=12000 --steps=12500 --fixed-dt=0.4 --energy-measurement --eff-output=wall-ke --kbt1 --seed=9247",9247
2026-09-18 12:50:53,energy_transfer,edmd,12500,12000,0.0166666669,39.25,10,100,0.5,nan,0.100050721,0.100050721,1,39.25,1e+09,50;50,1,0.0416666667,1,1,0.00999999978,100,1000,nan,39.25,1,step,71.5700022,-10,step,6.92999983,10,nan,nan,10,nan,nan,1978.04802,0.156448871,7.90925546e-05,0.999920907,1977.89157,0,0.00157654425,0.00157654425,7.97020213e-07,20,0.749984741,/Users/chrisharing/Desktop/CCS_complex_coupled_systems/Repo/HardDisks/hspist3/experiments_energy_transfer/level2_fast_20260918/u10/tr_9248.csv,20.5666656,19.8166809,1,"./00ALLINONE_ramp --mode=edmd --experiment=energy_transfer --headless --quiet --edmd-acc=0 --seed-drift-order=drift-first --energy-transfer-summary=experiments_energy_transfer/level2_fast_20260918/u10/summary.csv --energy-transfer-trace=experiments_energy_transfer/level2_fast_20260918/u10/tr_9248.csv --particles=100 --particles-boxes=50,50 --particle-radius=0.5 --l0=39.25 --height=10 --num-walls=1 --wall-positions=39.25 --wall-mass-factors=1000000000 --piston-right-protocol-mode=step --velocity-right-piston-step=10 --max-right-piston-travel=6.93 --auto-piston-step --wall-hold-steps=12000 --steps=12500 --fixed-dt=0.4 --energy-measurement --eff-output=wall-ke --kbt1 --seed=9248",9248
2026-09-18 12:50:53,energy_transfer,edmd,12500,12000,0.0166666669,39.25,10,100,0.5,nan,0.100050721,0.100050721,1,39.25,1e+09,50;50,1,0.0416666667,1,1,0.00999999978,100,1000,nan,39.25,1,step,71.5700022,-10,step,6.92999983,10,nan,nan,10,nan,nan,1238.55123,0.0623476617,5.03391869e-05,0.999949661,1238.48888,2.49992516e-09,0.000660698628,0.000660696128,5.33442714e-07,20,0.749984741,/Users/chrisharing/Desktop/CCS_complex_coupled_systems/Repo/HardDisks/hspist3/experiments_energy_transfer/level2_fast_20260918/u10/tr_9251.csv,20.4166565,19.6666718,1,"./00ALLINONE_ramp --mode=edmd --experiment=energy_transfer --headless --quiet --edmd-acc=0 --seed-drift-order=drift-first --energy-transfer-summary=experiments_energy_transfer/level2_fast_20260918/u10/summary.csv --energy-transfer-trace=experiments_energy_transfer/level2_fast_20260918/u10/tr_9251.csv --particles=100 --particles-boxes=50,50 --particle-radius=0.5 --l0=39.25 --height=10 --num-walls=1 --wall-positions=39.25 --wall-mass-factors=1000000000 --piston-right-protocol-mode=step --velocity-right-piston-step=10 --max-right-piston-travel=6.93 --auto-piston-step --wall-hold-steps=12000 --steps=12500 --fixed-dt=0.4 --energy-measurement --eff-output=wall-ke --kbt1 --seed=9251",9251
2026-09-18 12:50:53,energy_transfer,edmd,12500,12000,0.0166666669,39.25,10,100,0.5,nan,0.100050721,0.100050721,1,39.25,1e+09,50;50,1,0.0416666667,1,1,0.00999999978,100,1000,nan,39.25,1,step,71.5700022,-10,step,6.92999983,10,nan,nan,10,nan,nan,1983.92089,0.159245923,8.02682829e-05,0.999919732,1983.76164,1.36665756e-09,0.00161165511,0.00161165375,8.12357869e-07,20,0.749984741,/Users/chrisharing/Desktop/CCS_complex_coupled_systems/Repo/HardDisks/hspist3/experiments_energy_transfer/level2_fast_20260918/u10/tr_9250.csv,20.6166534,19.8666687,1,"./00ALLINONE_ramp --mode=edmd --experiment=energy_transfer --headless --quiet --edmd-acc=0 --seed-drift-order=drift-first --energy-transfer-summary=experiments_energy_transfer/level2_fast_20260918/u10/summary.csv --energy-transfer-trace=experiments_energy_transfer/level2_fast_20260918/u10/tr_9250.csv --particles=100 --particles-boxes=50,50 --particle-radius=0.5 --l0=39.25 --height=10 --num-walls=1 --wall-positions=39.25 --wall-mass-factors=1000000000 --piston-right-protocol-mode=step --velocity-right-piston-step=10 --max-right-piston-travel=6.93 --auto-piston-step --wall-hold-steps=12000 --steps=12500 --fixed-dt=0.4 --energy-measurement --eff-output=wall-ke --kbt1 --seed=9250",9250
2026-09-18 12:50:53,energy_transfer,edmd,12500,12000,0.0166666669,39.25,10,100,0.5,nan,0.100050721,0.100050721,1,39.25,1e+09,50;50,1,0.0416666667,1,1,0.00999999978,100,1000,nan,39.25,1,step,71.5700022,-10,step,6.92999983,10,nan,nan,10,nan,nan,1658.07183,0.111666031,6.73469201e-05,0.999932653,1657.96016,5.08322184e-09,0.00105014106,0.00105013597,6.33347696e-07,20,0.749984741,/Users/chrisharing/Desktop/CCS_complex_coupled_systems/Repo/HardDisks/hspist3/experiments_energy_transfer/level2_fast_20260918/u10/tr_9252.csv,20.6166534,19.8666687,1,"./00ALLINONE_ramp --mode=edmd --experiment=energy_transfer --headless --quiet --edmd-acc=0 --seed-drift-order=drift-first --energy-transfer-summary=experiments_energy_transfer/level2_fast_20260918/u10/summary.csv --energy-transfer-trace=experiments_energy_transfer/level2_fast_20260918/u10/tr_9252.csv --particles=100 --particles-boxes=50,50 --particle-radius=0.5 --l0=39.25 --height=10 --num-walls=1 --wall-positions=39.25 --wall-mass-factors=1000000000 --piston-right-protocol-mode=step --velocity-right-piston-step=10 --max-right-piston-travel=6.93 --auto-piston-step --wall-hold-steps=12000 --steps=12500 --fixed-dt=0.4 --energy-measurement --eff-output=wall-ke --kbt1 --seed=9252",9252
2026-09-18 12:50:53,energy_transfer,edmd,12500,12000,0.0166666669,39.25,10,100,0.5,nan,0.100050721,0.100050721,1,39.25,1e+09,50;50,1,0.0416666667,1,1,0.00999999978,100,1000,nan,39.25,1,step,71.5700022,-10,step,6.92999983,10,nan,nan,10,nan,nan,2333.37435,0.217401192,9.31703013e-05,0.99990683,2333.15695,3.20540683e-09,0.00216828007,0.00216827687,9.29245179e-07,20,0.749984741,/Users/chrisharing/Desktop/CCS_complex_coupled_systems/Repo/HardDisks/hspist3/experiments_energy_transfer/level2_fast_20260918/u10/tr_9249.csv,20.7333221,19.9833374,1,"./00ALLINONE_ramp --mode=edmd --experiment=energy_transfer --headless --quiet --edmd-acc=0 --seed-drift-order=drift-first --energy-transfer-summary=experiments_energy_transfer/level2_fast_20260918/u10/summary.csv --energy-transfer-trace=experiments_energy_transfer/level2_fast_20260918/u10/tr_9249.csv --particles=100 --particles-boxes=50,50 --particle-radius=0.5 --l0=39.25 --height=10 --num-walls=1 --wall-positions=39.25 --wall-mass-factors=1000000000 --piston-right-protocol-mode=step --velocity-right-piston-step=10 --max-right-piston-travel=6.93 --auto-piston-step --wall-hold-steps=12000 --steps=12500 --fixed-dt=0.4 --energy-measurement --eff-output=wall-ke --kbt1 --seed=9249",9249
2026-09-18 12:50:53,energy_transfer,edmd,12500,12000,0.0166666669,39.25,10,100,0.5,nan,0.100050721,0.100050721,1,39.25,1e+09,50;50,1,0.0416666667,1,1,0.00999999978,100,1000,nan,39.25,1,step,71.5700022,-10,step,6.92999983,10,nan,nan,10,nan,nan,2397.46284,0.230286881,9.6054411e-05,0.999903946,2397.23256,6.30336938e-09,0.0022918433,0.00229183699,9.55942653e-07,20,0.749984741,/Users/chrisharing/Desktop/CCS_complex_coupled_systems/Repo/HardDisks/hspist3/experiments_energy_transfer/level2_fast_20260918/u10/tr_9253.csv,20.6166534,19.8666687,1,"./00ALLINONE_ramp --mode=edmd --experiment=energy_transfer --headless --quiet --edmd-acc=0 --seed-drift-order=drift-first --energy-transfer-summary=experiments_energy_transfer/level2_fast_20260918/u10/summary.csv --energy-transfer-trace=experiments_energy_transfer/level2_fast_20260918/u10/tr_9253.csv --particles=100 --particles-boxes=50,50 --particle-radius=0.5 --l0=39.25 --height=10 --num-walls=1 --wall-positions=39.25 --wall-mass-factors=1000000000 --piston-right-protocol-mode=step --velocity-right-piston-step=10 --max-right-piston-travel=6.93 --auto-piston-step --wall-hold-steps=12000 --steps=12500 --fixed-dt=0.4 --energy-measurement --eff-output=wall-ke --kbt1 --seed=9253",9253
2026-09-18 12:50:54,energy_transfer,edmd,12500,12000,0.0166666669,39.25,10,100,0.5,nan,0.100050721,0.100050721,1,39.25,1e+09,50;50,1,0.0416666667,1,1,0.00999999978,100,1000,nan,39.25,1,step,71.5700022,-10,step,6.92999983,10,nan,nan,10,nan,nan,1161.59772,0.0543499291,4.67889428e-05,0.999953211,1161.54337,1.86545446e-09,0.000567360141,0.000567358275,4.88429228e-07,20,0.749984741,/Users/chrisharing/Desktop/CCS_complex_coupled_systems/Repo/HardDisks/hspist3/experiments_energy_transfer/level2_fast_20260918/u10/tr_9256.csv,20.4833221,19.7333374,1,"./00ALLINONE_ramp --mode=edmd --experiment=energy_transfer --headless --quiet --edmd-acc=0 --seed-drift-order=drift-first --energy-transfer-summary=experiments_energy_transfer/level2_fast_20260918/u10/summary.csv --energy-transfer-trace=experiments_energy_transfer/level2_fast_20260918/u10/tr_9256.csv --particles=100 --particles-boxes=50,50 --particle-radius=0.5 --l0=39.25 --height=10 --num-walls=1 --wall-positions=39.25 --wall-mass-factors=1000000000 --piston-right-protocol-mode=step --velocity-right-piston-step=10 --max-right-piston-travel=6.93 --auto-piston-step --wall-hold-steps=12000 --steps=12500 --fixed-dt=0.4 --energy-measurement --eff-output=wall-ke --kbt1 --seed=9256",9256
2026-09-18 12:50:54,energy_transfer,edmd,12500,12000,0.0166666669,39.25,10,100,0.5,nan,0.100050721,0.100050721,1,39.25,1e+09,50;50,1,0.0416666667,1,1,0.00999999978,100,1000,nan,39.25,1,step,71.5700022,-10,step,6.92999983,10,nan,nan,10,nan,nan,1060.85148,0.0460511521,4.34096129e-05,0.99995659,1060.80543,3.29297345e-09,0.000442175893,0.0004421726,4.16809147e-07,20,0.749984741,/Users/chrisharing/Desktop/CCS_complex_coupled_systems/Repo/HardDisks/hspist3/experiments_energy_transfer/level2_fast_20260918/u10/tr_9258.csv,20.6499939,19.9000092,1,"./00ALLINONE_ramp --mode=edmd --experiment=energy_transfer --headless --quiet --edmd-acc=0 --seed-drift-order=drift-first --energy-transfer-summary=experiments_energy_transfer/level2_fast_20260918/u10/summary.csv --energy-transfer-trace=experiments_energy_transfer/level2_fast_20260918/u10/tr_9258.csv --particles=100 --particles-boxes=50,50 --particle-radius=0.5 --l0=39.25 --height=10 --num-walls=1 --wall-positions=39.25 --wall-mass-factors=1000000000 --piston-right-protocol-mode=step --velocity-right-piston-step=10 --max-right-piston-travel=6.93 --auto-piston-step --wall-hold-steps=12000 --steps=12500 --fixed-dt=0.4 --energy-measurement --eff-output=wall-ke --kbt1 --seed=9258",9258
2026-09-18 12:50:54,energy_transfer,edmd,12500,12000,0.0166666669,39.25,10,100,0.5,nan,0.100050721,0.100050721,1,39.25,1e+09,50;50,1,0.0416666667,1,1,0.00999999978,100,1000,nan,39.25,1,step,71.5700022,-10,step,6.92999983,10,nan,nan,10,nan,nan,1398.93888,0.0798902437,5.71077442e-05,0.999942892,1398.85899,1.93588368e-09,0.000793879153,0.000793877217,5.67485276e-07,20,0.749984741,/Users/chrisharing/Desktop/CCS_complex_coupled_systems/Repo/HardDisks/hspist3/experiments_energy_transfer/level2_fast_20260918/u10/tr_9254.csv,20.7499847,20,1,"./00ALLINONE_ramp --mode=edmd --experiment=energy_transfer --headless --quiet --edmd-acc=0 --seed-drift-order=drift-first --energy-transfer-summary=experiments_energy_transfer/level2_fast_20260918/u10/summary.csv --energy-transfer-trace=experiments_energy_transfer/level2_fast_20260918/u10/tr_9254.csv --particles=100 --particles-boxes=50,50 --particle-radius=0.5 --l0=39.25 --height=10 --num-walls=1 --wall-positions=39.25 --wall-mass-factors=1000000000 --piston-right-protocol-mode=step --velocity-right-piston-step=10 --max-right-piston-travel=6.93 --auto-piston-step --wall-hold-steps=12000 --steps=12500 --fixed-dt=0.4 --energy-measurement --eff-output=wall-ke --kbt1 --seed=9254",9254
2026-09-18 12:50:54,energy_transfer,edmd,12500,12000,0.0166666669,39.25,10,100,0.5,nan,0.100050721,0.100050721,1,39.25,1e+09,50;50,1,0.0416666667,1,1,0.00999999978,100,1000,nan,39.25,1,step,71.5700022,-10,step,6.92999983,10,nan,nan,10,nan,nan,1430.52583,0.0842103288,5.88666957e-05,0.999941133,1430.44162,1.68672027e-08,0.000835319981,0.000835303114,5.83913339e-07,20,0.749984741,/Users/chrisharing/Desktop/CCS_complex_coupled_systems/Repo/HardDisks/hspist3/experiments_energy_transfer/level2_fast_20260918/u10/tr_9255.csv,20.7166595,19.9666748,1,"./00ALLINONE_ramp --mode=edmd --experiment=energy_transfer --headless --quiet --edmd-acc=0 --seed-drift-order=drift-first --energy-transfer-summary=experiments_energy_transfer/level2_fast_20260918/u10/summary.csv --energy-transfer-trace=experiments_energy_transfer/level2_fast_20260918/u10/tr_9255.csv --particles=100 --particles-boxes=50,50 --particle-radius=0.5 --l0=39.25 --height=10 --num-walls=1 --wall-positions=39.25 --wall-mass-factors=1000000000 --piston-right-protocol-mode=step --velocity-right-piston-step=10 --max-right-piston-travel=6.93 --auto-piston-step --wall-hold-steps=12000 --steps=12500 --fixed-dt=0.4 --energy-measurement --eff-output=wall-ke --kbt1 --seed=9255",9255
2026-09-18 12:50:54,energy_transfer,edmd,12500,12000,0.0166666669,39.25,10,100,0.5,nan,0.100050721,0.100050721,1,39.25,1e+09,50;50,1,0.0416666667,1,1,0.00999999978,100,1000,nan,39.25,1,step,71.5700022,-10,step,6.92999983,10,nan,nan,10,nan,nan,2139.39494,0.182418004,8.52661658e-05,0.999914734,2139.21252,2.79684298e-09,0.00168654742,0.00168654462,7.88327853e-07,20,0.749984741,/Users/chrisharing/Desktop/CCS_complex_coupled_systems/Repo/HardDisks/hspist3/experiments_energy_transfer/level2_fast_20260918/u10/tr_9257.csv,20.6999969,19.9500122,1,"./00ALLINONE_ramp --mode=edmd --experiment=energy_transfer --headless --quiet --edmd-acc=0 --seed-drift-order=drift-first --energy-transfer-summary=experiments_energy_transfer/level2_fast_20260918/u10/summary.csv --energy-transfer-trace=experiments_energy_transfer/level2_fast_20260918/u10/tr_9257.csv --particles=100 --particles-boxes=50,50 --particle-radius=0.5 --l0=39.25 --height=10 --num-walls=1 --wall-positions=39.25 --wall-mass-factors=1000000000 --piston-right-protocol-mode=step --velocity-right-piston-step=10 --max-right-piston-travel=6.93 --auto-piston-step --wall-hold-steps=12000 --steps=12500 --fixed-dt=0.4 --energy-measurement --eff-output=wall-ke --kbt1 --seed=9257",9257
2026-09-18 12:50:54,energy_transfer,edmd,12500,12000,0.0166666669,39.25,10,100,0.5,nan,0.100050721,0.100050721,1,39.25,1e+09,50;50,1,0.0416666667,1,1,0.00999999978,100,1000,nan,39.25,1,step,71.5700022,-10,step,6.92999983,10,nan,nan,10,nan,nan,1213.97364,0.0617135875,5.08360192e-05,0.999949164,1213.91193,0,0.000581137487,0.000581137487,4.7870684e-07,20,0.749984741,/Users/chrisharing/Desktop/CCS_complex_coupled_systems/Repo/HardDisks/hspist3/experiments_energy_transfer/level2_fast_20260918/u10/tr_9259.csv,19.9499969,19.2000122,1,"./00ALLINONE_ramp --mode=edmd --experiment=energy_transfer --headless --quiet --edmd-acc=0 --seed-drift-order=drift-first --energy-transfer-summary=experiments_energy_transfer/level2_fast_20260918/u10/summary.csv --energy-transfer-trace=experiments_energy_transfer/level2_fast_20260918/u10/tr_9259.csv --particles=100 --particles-boxes=50,50 --particle-radius=0.5 --l0=39.25 --height=10 --num-walls=1 --wall-positions=39.25 --wall-mass-factors=1000000000 --piston-right-protocol-mode=step --velocity-right-piston-step=10 --max-right-piston-travel=6.93 --auto-piston-step --wall-hold-steps=12000 --steps=12500 --fixed-dt=0.4 --energy-measurement --eff-output=wall-ke --kbt1 --seed=9259",9259
2026-09-18 12:50:54,energy_transfer,edmd,12500,12000,0.0166666669,39.25,10,100,0.5,nan,0.100050721,0.100050721,1,39.25,1e+09,50;50,1,0.0416666667,1,1,0.00999999978,100,1000,nan,39.25,1,step,71.5700022,-10,step,6.92999983,10,nan,nan,10,nan,nan,1419.63745,0.0846583992,5.96338165e-05,0.999940366,1419.55279,1.42350853e-09,0.000885364483,0.00088536306,6.23654342e-07,20,0.749984741,/Users/chrisharing/Desktop/CCS_complex_coupled_systems/Repo/HardDisks/hspist3/experiments_energy_transfer/level2_fast_20260918/u10/tr_9262.csv,20.6999969,19.9500122,1,"./00ALLINONE_ramp --mode=edmd --experiment=energy_transfer --headless --quiet --edmd-acc=0 --seed-drift-order=drift-first --energy-transfer-summary=experiments_energy_transfer/level2_fast_20260918/u10/summary.csv --energy-transfer-trace=experiments_energy_transfer/level2_fast_20260918/u10/tr_9262.csv --particles=100 --particles-boxes=50,50 --particle-radius=0.5 --l0=39.25 --height=10 --num-walls=1 --wall-positions=39.25 --wall-mass-factors=1000000000 --piston-right-protocol-mode=step --velocity-right-piston-step=10 --max-right-piston-travel=6.93 --auto-piston-step --wall-hold-steps=12000 --steps=12500 --fixed-dt=0.4 --energy-measurement --eff-output=wall-ke --kbt1 --seed=9262",9262
2026-09-18 12:50:54,energy_transfer,edmd,12500,12000,0.0166666669,39.25,10,100,0.5,nan,0.100050721,0.100050721,1,39.25,1e+09,50;50,1,0.0416666667,1,1,0.00999999978,100,1000,nan,39.25,1,step,71.5700022,-10,step,6.92999983,10,nan,nan,10,nan,nan,1801.94506,0.133124352,7.38781411e-05,0.999926122,1801.81194,9.14666742e-09,0.00135379052,0.00135378137,7.51288927e-07,20,0.749984741,/Users/chrisharing/Desktop/CCS_complex_coupled_systems/Repo/HardDisks/hspist3/experiments_energy_transfer/level2_fast_20260918/u10/tr_9261.csv,20.5166626,19.7666779,1,"./00ALLINONE_ramp --mode=edmd --experiment=energy_transfer --headless --quiet --edmd-acc=0 --seed-drift-order=drift-first --energy-transfer-summary=experiments_energy_transfer/level2_fast_20260918/u10/summary.csv --energy-transfer-trace=experiments_energy_transfer/level2_fast_20260918/u10/tr_9261.csv --particles=100 --particles-boxes=50,50 --particle-radius=0.5 --l0=39.25 --height=10 --num-walls=1 --wall-positions=39.25 --wall-mass-factors=1000000000 --piston-right-protocol-mode=step --velocity-right-piston-step=10 --max-right-piston-travel=6.93 --auto-piston-step --wall-hold-steps=12000 --steps=12500 --fixed-dt=0.4 --energy-measurement --eff-output=wall-ke --kbt1 --seed=9261",9261
2026-09-18 12:50:54,energy_transfer,edmd,12500,12000,0.0166666669,39.25,10,100,0.5,nan,0.100050721,0.100050721,1,39.25,1e+09,50;50,1,0.0416666667,1,1,0.00999999978,100,1000,nan,39.25,1,step,71.5700022,-10,step,6.92999983,10,nan,nan,10,nan,nan,2076.53899,0.171342045,8.25132809e-05,0.999917487,2076.36765,0,0.00169140648,0.00169140648,8.14531527e-07,20,0.749984741,/Users/chrisharing/Desktop/CCS_complex_coupled_systems/Repo/HardDisks/hspist3/experiments_energy_transfer/level2_fast_20260918/u10/tr_9260.csv,20.5999908,19.8500061,1,"./00ALLINONE_ramp --mode=edmd --experiment=energy_transfer --headless --quiet --edmd-acc=0 --seed-drift-order=drift-first --energy-transfer-summary=experiments_energy_transfer/level2_fast_20260918/u10/summary.csv --energy-transfer-trace=experiments_energy_transfer/level2_fast_20260918/u10/tr_9260.csv --particles=100 --particles-boxes=50,50 --particle-radius=0.5 --l0=39.25 --height=10 --num-walls=1 --wall-positions=39.25 --wall-mass-factors=1000000000 --piston-right-protocol-mode=step --velocity-right-piston-step=10 --max-right-piston-travel=6.93 --auto-piston-step --wall-hold-steps=12000 --steps=12500 --fixed-dt=0.4 --energy-measurement --eff-output=wall-ke --kbt1 --seed=9260",9260
2026-09-18 12:50:54,energy_transfer,edmd,12500,12000,0.0166666669,39.25,10,100,0.5,nan,0.100050721,0.100050721,1,39.25,1e+09,50;50,1,0.0416666667,1,1,0.00999999978,100,1000,nan,39.25,1,step,71.5700022,-10,step,6.92999983,10,nan,nan,10,nan,nan,2412.25435,0.235739738,9.77259043e-05,0.999902274,2412.01861,1.03748334e-08,0.00224198727,0.00224197689,9.29411483e-07,20,0.749984741,/Users/chrisharing/Desktop/CCS_complex_coupled_systems/Repo/HardDisks/hspist3/experiments_energy_transfer/level2_fast_20260918/u10/tr_9263.csv,20.7166595,19.9666748,1,"./00ALLINONE_ramp --mode=edmd --experiment=energy_transfer --headless --quiet --edmd-acc=0 --seed-drift-order=drift-first --energy-transfer-summary=experiments_energy_transfer/level2_fast_20260918/u10/summary.csv --energy-transfer-trace=experiments_energy_transfer/level2_fast_20260918/u10/tr_9263.csv --particles=100 --particles-boxes=50,50 --particle-radius=0.5 --l0=39.25 --height=10 --num-walls=1 --wall-positions=39.25 --wall-mass-factors=1000000000 --piston-right-protocol-mode=step --velocity-right-piston-step=10 --max-right-piston-travel=6.93 --auto-piston-step --wall-hold-steps=12000 --steps=12500 --fixed-dt=0.4 --energy-measurement --eff-output=wall-ke --kbt1 --seed=9263",9263
2026-09-18 12:50:54,energy_transfer,edmd,12500,12000,0.0166666669,39.25,10,100,0.5,nan,0.100050721,0.100050721,1,39.25,1e+09,50;50,1,0.0416666667,1,1,0.00999999978,100,1000,nan,39.25,1,step,71.5700022,-10,step,6.92999983,10,nan,nan,10,nan,nan,694.964866,0.0201211963,2.89528252e-05,0.999971047,694.944745,0,0.00019651113,0.00019651113,2.82764121e-07,20,0.749984741,/Users/chrisharing/Desktop/CCS_complex_coupled_systems/Repo/HardDisks/hspist3/experiments_energy_transfer/level2_fast_20260918/u10/tr_9268.csv,20.6166534,19.8666687,1,"./00ALLINONE_ramp --mode=edmd --experiment=energy_transfer --headless --quiet --edmd-acc=0 --seed-drift-order=drift-first --energy-transfer-summary=experiments_energy_transfer/level2_fast_20260918/u10/summary.csv --energy-transfer-trace=experiments_energy_transfer/level2_fast_20260918/u10/tr_9268.csv --particles=100 --particles-boxes=50,50 --particle-radius=0.5 --l0=39.25 --height=10 --num-walls=1 --wall-positions=39.25 --wall-mass-factors=1000000000 --piston-right-protocol-mode=step --velocity-right-piston-step=10 --max-right-piston-travel=6.93 --auto-piston-step --wall-hold-steps=12000 --steps=12500 --fixed-dt=0.4 --energy-measurement --eff-output=wall-ke --kbt1 --seed=9268",9268
2026-09-18 12:50:54,energy_transfer,edmd,12500,12000,0.0166666669,39.25,10,100,0.5,nan,0.100050721,0.100050721,1,39.25,1e+09,50;50,1,0.0416666667,1,1,0.00999999978,100,1000,nan,39.25,1,step,71.5700022,-10,step,6.92999983,10,nan,nan,10,nan,nan,1311.85999,0.0706775263,5.3875815e-05,0.999946124,1311.78932,2.44842013e-09,0.000724831247,0.000724828798,5.52519935e-07,20,0.749984741,/Users/chrisharing/Desktop/CCS_complex_coupled_systems/Repo/HardDisks/hspist3/experiments_energy_transfer/level2_fast_20260918/u10/tr_9264.csv,20.6499939,19.9000092,1,"./00ALLINONE_ramp --mode=edmd --experiment=energy_transfer --headless --quiet --edmd-acc=0 --seed-drift-order=drift-first --energy-transfer-summary=experiments_energy_transfer/level2_fast_20260918/u10/summary.csv --energy-transfer-trace=experiments_energy_transfer/level2_fast_20260918/u10/tr_9264.csv --particles=100 --particles-boxes=50,50 --particle-radius=0.5 --l0=39.25 --height=10 --num-walls=1 --wall-positions=39.25 --wall-mass-factors=1000000000 --piston-right-protocol-mode=step --velocity-right-piston-step=10 --max-right-piston-travel=6.93 --auto-piston-step --wall-hold-steps=12000 --steps=12500 --fixed-dt=0.4 --energy-measurement --eff-output=wall-ke --kbt1 --seed=9264",9264
2026-09-18 12:50:54,energy_transfer,edmd,12500,12000,0.0166666669,39.25,10,100,0.5,nan,0.100050721,0.100050721,1,39.25,1e+09,50;50,1,0.0416666667,1,1,0.00999999978,100,1000,nan,39.25,1,step,71.5700022,-10,step,6.92999983,10,nan,nan,10,nan,nan,1648.40461,0.111774907,6.78079312e-05,0.999932192,1648.29284,7.06847914e-09,0.00113674672,0.00113673965,6.895999e-07,20,0.749984741,/Users/chrisharing/Desktop/CCS_complex_coupled_systems/Repo/HardDisks/hspist3/experiments_energy_transfer/level2_fast_20260918/u10/tr_9266.csv,20.5333252,19.7833405,1,"./00ALLINONE_ramp --mode=edmd --experiment=energy_transfer --headless --quiet --edmd-acc=0 --seed-drift-order=drift-first --energy-transfer-summary=experiments_energy_transfer/level2_fast_20260918/u10/summary.csv --energy-transfer-trace=experiments_energy_transfer/level2_fast_20260918/u10/tr_9266.csv --particles=100 --particles-boxes=50,50 --particle-radius=0.5 --l0=39.25 --height=10 --num-walls=1 --wall-positions=39.25 --wall-mass-factors=1000000000 --piston-right-protocol-mode=step --velocity-right-piston-step=10 --max-right-piston-travel=6.93 --auto-piston-step --wall-hold-steps=12000 --steps=12500 --fixed-dt=0.4 --energy-measurement --eff-output=wall-ke --kbt1 --seed=9266",9266
2026-09-18 12:50:54,energy_transfer,edmd,12500,12000,0.0166666669,39.25,10,100,0.5,nan,0.100050721,0.100050721,1,39.25,1e+09,50;50,1,0.0416666667,1,1,0.00999999978,100,1000,nan,39.25,1,step,71.5700022,-10,step,6.92999983,10,nan,nan,10,nan,nan,1585.8151,0.103221238,6.50903361e-05,0.99993491,1585.71188,3.2570167e-08,0.0010616933,0.00106166073,6.69473213e-07,20,0.749984741,/Users/chrisharing/Desktop/CCS_complex_coupled_systems/Repo/HardDisks/hspist3/experiments_energy_transfer/level2_fast_20260918/u10/tr_9267.csv,20.7166595,19.9666748,1,"./00ALLINONE_ramp --mode=edmd --experiment=energy_transfer --headless --quiet --edmd-acc=0 --seed-drift-order=drift-first --energy-transfer-summary=experiments_energy_transfer/level2_fast_20260918/u10/summary.csv --energy-transfer-trace=experiments_energy_transfer/level2_fast_20260918/u10/tr_9267.csv --particles=100 --particles-boxes=50,50 --particle-radius=0.5 --l0=39.25 --height=10 --num-walls=1 --wall-positions=39.25 --wall-mass-factors=1000000000 --piston-right-protocol-mode=step --velocity-right-piston-step=10 --max-right-piston-travel=6.93 --auto-piston-step --wall-hold-steps=12000 --steps=12500 --fixed-dt=0.4 --energy-measurement --eff-output=wall-ke --kbt1 --seed=9267",9267
2026-09-18 12:50:54,energy_transfer,edmd,12500,12000,0.0166666669,39.25,10,100,0.5,nan,0.100050721,0.100050721,1,39.25,1e+09,50;50,1,0.0416666667,1,1,0.00999999978,100,1000,nan,39.25,1,step,71.5700022,-10,step,6.92999983,10,nan,nan,10,nan,nan,2149.58052,0.187253177,8.71114969e-05,0.999912889,2149.39327,5.44216627e-09,0.00177759107,0.00177758563,8.26945353e-07,20,0.749984741,/Users/chrisharing/Desktop/CCS_complex_coupled_systems/Repo/HardDisks/hspist3/experiments_energy_transfer/level2_fast_20260918/u10/tr_9265.csv,20.6666565,19.9166718,1,"./00ALLINONE_ramp --mode=edmd --experiment=energy_transfer --headless --quiet --edmd-acc=0 --seed-drift-order=drift-first --energy-transfer-summary=experiments_energy_transfer/level2_fast_20260918/u10/summary.csv --energy-transfer-trace=experiments_energy_transfer/level2_fast_20260918/u10/tr_9265.csv --particles=100 --particles-boxes=50,50 --particle-radius=0.5 --l0=39.25 --height=10 --num-walls=1 --wall-positions=39.25 --wall-mass-factors=1000000000 --piston-right-protocol-mode=step --velocity-right-piston-step=10 --max-right-piston-travel=6.93 --auto-piston-step --wall-hold-steps=12000 --steps=12500 --fixed-dt=0.4 --energy-measurement --eff-output=wall-ke --kbt1 --seed=9265",9265
2026-09-18 12:50:55,energy_transfer,edmd,12500,12000,0.0166666669,39.25,10,100,0.5,nan,0.100050721,0.100050721,1,39.25,1e+09,50;50,1,0.0416666667,1,1,0.00999999978,100,1000,nan,39.25,1,step,71.5700022,-10,step,6.92999983,10,nan,nan,10,nan,nan,1618.49166,0.106405914,6.57438754e-05,0.999934256,1618.38525,3.98487465e-09,0.00101044402,0.00101044003,6.24309694e-07,20,0.749984741,/Users/chrisharing/Desktop/CCS_complex_coupled_systems/Repo/HardDisks/hspist3/experiments_energy_transfer/level2_fast_20260918/u10/tr_9270.csv,20.5166626,19.7666779,1,"./00ALLINONE_ramp --mode=edmd --experiment=energy_transfer --headless --quiet --edmd-acc=0 --seed-drift-order=drift-first --energy-transfer-summary=experiments_energy_transfer/level2_fast_20260918/u10/summary.csv --energy-transfer-trace=experiments_energy_transfer/level2_fast_20260918/u10/tr_9270.csv --particles=100 --particles-boxes=50,50 --particle-radius=0.5 --l0=39.25 --height=10 --num-walls=1 --wall-positions=39.25 --wall-mass-factors=1000000000 --piston-right-protocol-mode=step --velocity-right-piston-step=10 --max-right-piston-travel=6.93 --auto-piston-step --wall-hold-steps=12000 --steps=12500 --fixed-dt=0.4 --energy-measurement --eff-output=wall-ke --kbt1 --seed=9270",9270
2026-09-18 12:50:55,energy_transfer,edmd,12500,12000,0.0166666669,39.25,10,100,0.5,nan,0.100050721,0.100050721,1,39.25,1e+09,50;50,1,0.0416666667,1,1,0.00999999978,100,1000,nan,39.25,1,step,71.5700022,-10,step,6.92999983,10,nan,nan,10,nan,nan,1991.13379,0.163532197,8.21301904e-05,0.99991787,1990.97026,5.12072651e-09,0.00162842346,0.00162841834,8.17834715e-07,20,0.749984741,/Users/chrisharing/Desktop/CCS_complex_coupled_systems/Repo/HardDisks/hspist3/experiments_energy_transfer/level2_fast_20260918/u10/tr_9271.csv,20.3833313,19.6333466,1,"./00ALLINONE_ramp --mode=edmd --experiment=energy_transfer --headless --quiet --edmd-acc=0 --seed-drift-order=drift-first --energy-transfer-summary=experiments_energy_transfer/level2_fast_20260918/u10/summary.csv --energy-transfer-trace=experiments_energy_transfer/level2_fast_20260918/u10/tr_9271.csv --particles=100 --particles-boxes=50,50 --particle-radius=0.5 --l0=39.25 --height=10 --num-walls=1 --wall-positions=39.25 --wall-mass-factors=1000000000 --piston-right-protocol-mode=step --velocity-right-piston-step=10 --max-right-piston-travel=6.93 --auto-piston-step --wall-hold-steps=12000 --steps=12500 --fixed-dt=0.4 --energy-measurement --eff-output=wall-ke --kbt1 --seed=9271",9271
2026-09-18 12:50:55,energy_transfer,edmd,12500,12000,0.0166666669,39.25,10,100,0.5,nan,0.100050721,0.100050721,1,39.25,1e+09,50;50,1,0.0416666667,1,1,0.00999999978,100,1000,nan,39.25,1,step,71.5700022,-10,step,6.92999983,10,nan,nan,10,nan,nan,1995.5061,0.158989161,7.96736034e-05,0.999920326,1995.34711,0,0.00165014027,0.00165014027,8.26928204e-07,20,0.749984741,/Users/chrisharing/Desktop/CCS_complex_coupled_systems/Repo/HardDisks/hspist3/experiments_energy_transfer/level2_fast_20260918/u10/tr_9273.csv,20.6333313,19.8833466,1,"./00ALLINONE_ramp --mode=edmd --experiment=energy_transfer --headless --quiet --edmd-acc=0 --seed-drift-order=drift-first --energy-transfer-summary=experiments_energy_transfer/level2_fast_20260918/u10/summary.csv --energy-transfer-trace=experiments_energy_transfer/level2_fast_20260918/u10/tr_9273.csv --particles=100 --particles-boxes=50,50 --particle-radius=0.5 --l0=39.25 --height=10 --num-walls=1 --wall-positions=39.25 --wall-mass-factors=1000000000 --piston-right-protocol-mode=step --velocity-right-piston-step=10 --max-right-piston-travel=6.93 --auto-piston-step --wall-hold-steps=12000 --steps=12500 --fixed-dt=0.4 --energy-measurement --eff-output=wall-ke --kbt1 --seed=9273",9273
2026-09-18 12:50:55,energy_transfer,edmd,12500,12000,0.0166666669,39.25,10,100,0.5,nan,0.100050721,0.100050721,1,39.25,1e+09,50;50,1,0.0416666667,1,1,0.00999999978,100,1000,nan,39.25,1,step,71.5700022,-10,step,6.92999983,10,nan,nan,10,nan,nan,2345.94279,0.221149668,9.42689945e-05,0.999905731,2345.72164,0,0.00213703234,0.00213703234,9.1094819e-07,20,0.749984741,/Users/chrisharing/Desktop/CCS_complex_coupled_systems/Repo/HardDisks/hspist3/experiments_energy_transfer/level2_fast_20260918/u10/tr_9272.csv,20.5999908,19.8500061,1,"./00ALLINONE_ramp --mode=edmd --experiment=energy_transfer --headless --quiet --edmd-acc=0 --seed-drift-order=drift-first --energy-transfer-summary=experiments_energy_transfer/level2_fast_20260918/u10/summary.csv --energy-transfer-trace=experiments_energy_transfer/level2_fast_20260918/u10/tr_9272.csv --particles=100 --particles-boxes=50,50 --particle-radius=0.5 --l0=39.25 --height=10 --num-walls=1 --wall-positions=39.25 --wall-mass-factors=1000000000 --piston-right-protocol-mode=step --velocity-right-piston-step=10 --max-right-piston-travel=6.93 --auto-piston-step --wall-hold-steps=12000 --steps=12500 --fixed-dt=0.4 --energy-measurement --eff-output=wall-ke --kbt1 --seed=9272",9272
2026-09-18 12:50:55,energy_transfer,edmd,12500,12000,0.0166666669,39.25,10,100,0.5,nan,0.100050721,0.100050721,1,39.25,1e+09,50;50,1,0.0416666667,1,1,0.00999999978,100,1000,nan,39.25,1,step,71.5700022,-10,step,6.92999983,10,nan,nan,10,nan,nan,2691.04056,0.292658925,0.000108753071,0.999891247,2690.7479,1.91320382e-09,0.00293196458,0.00293196267,1.08952749e-06,20,0.749984741,/Users/chrisharing/Desktop/CCS_complex_coupled_systems/Repo/HardDisks/hspist3/experiments_energy_transfer/level2_fast_20260918/u10/tr_9269.csv,20.3999939,19.6500092,1,"./00ALLINONE_ramp --mode=edmd --experiment=energy_transfer --headless --quiet --edmd-acc=0 --seed-drift-order=drift-first --energy-transfer-summary=experiments_energy_transfer/level2_fast_20260918/u10/summary.csv --energy-transfer-trace=experiments_energy_transfer/level2_fast_20260918/u10/tr_9269.csv --particles=100 --particles-boxes=50,50 --particle-radius=0.5 --l0=39.25 --height=10 --num-walls=1 --wall-positions=39.25 --wall-mass-factors=1000000000 --piston-right-protocol-mode=step --velocity-right-piston-step=10 --max-right-piston-travel=6.93 --auto-piston-step --wall-hold-steps=12000 --steps=12500 --fixed-dt=0.4 --energy-measurement --eff-output=wall-ke --kbt1 --seed=9269",9269
2026-09-18 12:50:55,energy_transfer,edmd,12500,12000,0.0166666669,39.25,10,100,0.5,nan,0.100050721,0.100050721,1,39.25,1e+09,50;50,1,0.0416666667,1,1,0.00999999978,100,1000,nan,39.25,1,step,71.5700022,-10,step,6.92999983,10,nan,nan,10,nan,nan,1292.31322,0.0684428662,5.29615152e-05,0.999947038,1292.24478,6.50258158e-09,0.00072022219,0.000720215687,5.57307374e-07,20,0.749984741,/Users/chrisharing/Desktop/CCS_complex_coupled_systems/Repo/HardDisks/hspist3/experiments_energy_transfer/level2_fast_20260918/u10/tr_9277.csv,20.4166565,19.6666718,1,"./00ALLINONE_ramp --mode=edmd --experiment=energy_transfer --headless --quiet --edmd-acc=0 --seed-drift-order=drift-first --energy-transfer-summary=experiments_energy_transfer/level2_fast_20260918/u10/summary.csv --energy-transfer-trace=experiments_energy_transfer/level2_fast_20260918/u10/tr_9277.csv --particles=100 --particles-boxes=50,50 --particle-radius=0.5 --l0=39.25 --height=10 --num-walls=1 --wall-positions=39.25 --wall-mass-factors=1000000000 --piston-right-protocol-mode=step --velocity-right-piston-step=10 --max-right-piston-travel=6.93 --auto-piston-step --wall-hold-steps=12000 --steps=12500 --fixed-dt=0.4 --energy-measurement --eff-output=wall-ke --kbt1 --seed=9277",9277
2026-09-18 12:50:55,energy_transfer,edmd,12500,12000,0.0166666669,39.25,10,100,0.5,nan,0.100050721,0.100050721,1,39.25,1e+09,50;50,1,0.0416666667,1,1,0.00999999978,100,1000,nan,39.25,1,step,71.5700022,-10,step,6.92999983,10,nan,nan,10,nan,nan,1456.19605,0.0880738124,6.04821119e-05,0.999939518,1456.10798,0,0.000883822038,0.000883822038,6.06938906e-07,20,0.749984741,/Users/chrisharing/Desktop/CCS_complex_coupled_systems/Repo/HardDisks/hspist3/experiments_energy_transfer/level2_fast_20260918/u10/tr_9276.csv,20.5833282,19.8333435,1,"./00ALLINONE_ramp --mode=edmd --experiment=energy_transfer --headless --quiet --edmd-acc=0 --seed-drift-order=drift-first --energy-transfer-summary=experiments_energy_transfer/level2_fast_20260918/u10/summary.csv --energy-transfer-trace=experiments_energy_transfer/level2_fast_20260918/u10/tr_9276.csv --particles=100 --particles-boxes=50,50 --particle-radius=0.5 --l0=39.25 --height=10 --num-walls=1 --wall-positions=39.25 --wall-mass-factors=1000000000 --piston-right-protocol-mode=step --velocity-right-piston-step=10 --max-right-piston-travel=6.93 --auto-piston-step --wall-hold-steps=12000 --steps=12500 --fixed-dt=0.4 --energy-measurement --eff-output=wall-ke --kbt1 --seed=9276",9276
2026-09-18 12:50:55,energy_transfer,edmd,12500,12000,0.0166666669,39.25,10,100,0.5,nan,0.100050721,0.100050721,1,39.25,1e+09,50;50,1,0.0416666667,1,1,0.00999999978,100,1000,nan,39.25,1,step,71.5700022,-10,step,6.92999983,10,nan,nan,10,nan,nan,1990.69779,0.162771672,8.1766139e-05,0.999918234,1990.53502,4.44582282e-09,0.00180687662,0.00180687218,9.07657701e-07,20,0.749984741,/Users/chrisharing/Desktop/CCS_complex_coupled_systems/Repo/HardDisks/hspist3/experiments_energy_transfer/level2_fast_20260918/u10/tr_9275.csv,20.6666565,19.9166718,1,"./00ALLINONE_ramp --mode=edmd --experiment=energy_transfer --headless --quiet --edmd-acc=0 --seed-drift-order=drift-first --energy-transfer-summary=experiments_energy_transfer/level2_fast_20260918/u10/summary.csv --energy-transfer-trace=experiments_energy_transfer/level2_fast_20260918/u10/tr_9275.csv --particles=100 --particles-boxes=50,50 --particle-radius=0.5 --l0=39.25 --height=10 --num-walls=1 --wall-positions=39.25 --wall-mass-factors=1000000000 --piston-right-protocol-mode=step --velocity-right-piston-step=10 --max-right-piston-travel=6.93 --auto-piston-step --wall-hold-steps=12000 --steps=12500 --fixed-dt=0.4 --energy-measurement --eff-output=wall-ke --kbt1 --seed=9275",9275
2026-09-18 12:50:55,energy_transfer,edmd,12500,12000,0.0166666669,39.25,10,100,0.5,nan,0.100050721,0.100050721,1,39.25,1e+09,50;50,1,0.0416666667,1,1,0.00999999978,100,1000,nan,39.25,1,step,71.5700022,-10,step,6.92999983,10,nan,nan,10,nan,nan,2014.70473,0.163359389,8.10835385e-05,0.999918916,2014.54137,7.86311072e-10,0.00171670376,0.00171670297,8.52086633e-07,20,0.749984741,/Users/chrisharing/Desktop/CCS_complex_coupled_systems/Repo/HardDisks/hspist3/experiments_energy_transfer/level2_fast_20260918/u10/tr_9278.csv,20.6666565,19.9166718,1,"./00ALLINONE_ramp --mode=edmd --experiment=energy_transfer --headless --quiet --edmd-acc=0 --seed-drift-order=drift-first --energy-transfer-summary=experiments_energy_transfer/level2_fast_20260918/u10/summary.csv --energy-transfer-trace=experiments_energy_transfer/level2_fast_20260918/u10/tr_9278.csv --particles=100 --particles-boxes=50,50 --particle-radius=0.5 --l0=39.25 --height=10 --num-walls=1 --wall-positions=39.25 --wall-mass-factors=1000000000 --piston-right-protocol-mode=step --velocity-right-piston-step=10 --max-right-piston-travel=6.93 --auto-piston-step --wall-hold-steps=12000 --steps=12500 --fixed-dt=0.4 --energy-measurement --eff-output=wall-ke --kbt1 --seed=9278",9278
2026-09-18 12:50:55,energy_transfer,edmd,12500,12000,0.0166666669,39.25,10,100,0.5,nan,0.100050721,0.100050721,1,39.25,1e+09,50;50,1,0.0416666667,1,1,0.00999999978,100,1000,nan,39.25,1,step,71.5700022,-10,step,6.92999983,10,nan,nan,10,nan,nan,2531.52973,0.26307857,0.00010392079,0.999896079,2531.26665,0,0.00274835294,0.00274835294,1.08564909e-06,20,0.749984741,/Users/chrisharing/Desktop/CCS_complex_coupled_systems/Repo/HardDisks/hspist3/experiments_energy_transfer/level2_fast_20260918/u10/tr_9274.csv,20.6666565,19.9166718,1,"./00ALLINONE_ramp --mode=edmd --experiment=energy_transfer --headless --quiet --edmd-acc=0 --seed-drift-order=drift-first --energy-transfer-summary=experiments_energy_transfer/level2_fast_20260918/u10/summary.csv --energy-transfer-trace=experiments_energy_transfer/level2_fast_20260918/u10/tr_9274.csv --particles=100 --particles-boxes=50,50 --particle-radius=0.5 --l0=39.25 --height=10 --num-walls=1 --wall-positions=39.25 --wall-mass-factors=1000000000 --piston-right-protocol-mode=step --velocity-right-piston-step=10 --max-right-piston-travel=6.93 --auto-piston-step --wall-hold-steps=12000 --steps=12500 --fixed-dt=0.4 --energy-measurement --eff-output=wall-ke --kbt1 --seed=9274",9274
2026-09-18 12:50:55,energy_transfer,edmd,12500,12000,0.0166666669,39.25,10,100,0.5,nan,0.100050721,0.100050721,1,39.25,1e+09,50;50,1,0.0416666667,1,1,0.00999999978,100,1000,nan,39.25,1,step,71.5700022,-10,step,6.92999983,10,nan,nan,10,nan,nan,1245.68633,0.0635616109,5.10253739e-05,0.999948975,1245.62277,0,0.000558523287,0.000558523287,4.4836591e-07,20,0.749984741,/Users/chrisharing/Desktop/CCS_complex_coupled_systems/Repo/HardDisks/hspist3/experiments_energy_transfer/level2_fast_20260918/u10/tr_9280.csv,20.6166534,19.8666687,1,"./00ALLINONE_ramp --mode=edmd --experiment=energy_transfer --headless --quiet --edmd-acc=0 --seed-drift-order=drift-first --energy-transfer-summary=experiments_energy_transfer/level2_fast_20260918/u10/summary.csv --energy-transfer-trace=experiments_energy_transfer/level2_fast_20260918/u10/tr_9280.csv --particles=100 --particles-boxes=50,50 --particle-radius=0.5 --l0=39.25 --height=10 --num-walls=1 --wall-positions=39.25 --wall-mass-factors=1000000000 --piston-right-protocol-mode=step --velocity-right-piston-step=10 --max-right-piston-travel=6.93 --auto-piston-step --wall-hold-steps=12000 --steps=12500 --fixed-dt=0.4 --energy-measurement --eff-output=wall-ke --kbt1 --seed=9280",9280
2026-09-18 12:50:55,energy_transfer,edmd,12500,12000,0.0166666669,39.25,10,100,0.5,nan,0.100050721,0.100050721,1,39.25,1e+09,50;50,1,0.0416666667,1,1,0.00999999978,100,1000,nan,39.25,1,step,71.5700022,-10,step,6.92999983,10,nan,nan,10,nan,nan,1981.42999,0.165929392,8.37422433e-05,0.999916258,1981.26406,4.31529062e-10,0.00167163892,0.00167163849,8.43652565e-07,20,0.749984741,/Users/chrisharing/Desktop/CCS_complex_coupled_systems/Repo/HardDisks/hspist3/experiments_energy_transfer/level2_fast_20260918/u10/tr_9279.csv,20.6999969,19.9500122,1,"./00ALLINONE_ramp --mode=edmd --experiment=energy_transfer --headless --quiet --edmd-acc=0 --seed-drift-order=drift-first --energy-transfer-summary=experiments_energy_transfer/level2_fast_20260918/u10/summary.csv --energy-transfer-trace=experiments_energy_transfer/level2_fast_20260918/u10/tr_9279.csv --particles=100 --particles-boxes=50,50 --particle-radius=0.5 --l0=39.25 --height=10 --num-walls=1 --wall-positions=39.25 --wall-mass-factors=1000000000 --piston-right-protocol-mode=step --velocity-right-piston-step=10 --max-right-piston-travel=6.93 --auto-piston-step --wall-hold-steps=12000 --steps=12500 --fixed-dt=0.4 --energy-measurement --eff-output=wall-ke --kbt1 --seed=9279",9279
2026-09-18 12:50:55,energy_transfer,edmd,12500,12000,0.0166666669,39.25,10,100,0.5,nan,0.100050721,0.100050721,1,39.25,1e+09,50;50,1,0.0416666667,1,1,0.00999999978,100,1000,nan,39.25,1,step,71.5700022,-10,step,6.92999983,10,nan,nan,10,nan,nan,2116.56885,0.183086723,8.65016621e-05,0.999913498,2116.38576,1.12066101e-09,0.00184313697,0.00184313585,8.70813086e-07,20,0.749984741,/Users/chrisharing/Desktop/CCS_complex_coupled_systems/Repo/HardDisks/hspist3/experiments_energy_transfer/level2_fast_20260918/u10/tr_9282.csv,20.5499878,19.8000031,1,"./00ALLINONE_ramp --mode=edmd --experiment=energy_transfer --headless --quiet --edmd-acc=0 --seed-drift-order=drift-first --energy-transfer-summary=experiments_energy_transfer/level2_fast_20260918/u10/summary.csv --energy-transfer-trace=experiments_energy_transfer/level2_fast_20260918/u10/tr_9282.csv --particles=100 --particles-boxes=50,50 --particle-radius=0.5 --l0=39.25 --height=10 --num-walls=1 --wall-positions=39.25 --wall-mass-factors=1000000000 --piston-right-protocol-mode=step --velocity-right-piston-step=10 --max-right-piston-travel=6.93 --auto-piston-step --wall-hold-steps=12000 --steps=12500 --fixed-dt=0.4 --energy-measurement --eff-output=wall-ke --kbt1 --seed=9282",9282
2026-09-18 12:50:55,energy_transfer,edmd,12500,12000,0.0166666669,39.25,10,100,0.5,nan,0.100050721,0.100050721,1,39.25,1e+09,50;50,1,0.0416666667,1,1,0.00999999978,100,1000,nan,39.25,1,step,71.5700022,-10,step,6.92999983,10,nan,nan,10,nan,nan,1861.01254,0.140922755,7.57236997e-05,0.999924276,1860.87162,3.39690875e-09,0.00140697125,0.00140696785,7.56022767e-07,20,0.749984741,/Users/chrisharing/Desktop/CCS_complex_coupled_systems/Repo/HardDisks/hspist3/experiments_energy_transfer/level2_fast_20260918/u10/tr_9283.csv,20.4166565,19.6666718,1,"./00ALLINONE_ramp --mode=edmd --experiment=energy_transfer --headless --quiet --edmd-acc=0 --seed-drift-order=drift-first --energy-transfer-summary=experiments_energy_transfer/level2_fast_20260918/u10/summary.csv --energy-transfer-trace=experiments_energy_transfer/level2_fast_20260918/u10/tr_9283.csv --particles=100 --particles-boxes=50,50 --particle-radius=0.5 --l0=39.25 --height=10 --num-walls=1 --wall-positions=39.25 --wall-mass-factors=1000000000 --piston-right-protocol-mode=step --velocity-right-piston-step=10 --max-right-piston-travel=6.93 --auto-piston-step --wall-hold-steps=12000 --steps=12500 --fixed-dt=0.4 --energy-measurement --eff-output=wall-ke --kbt1 --seed=9283",9283
2026-09-18 12:50:55,energy_transfer,edmd,12500,12000,0.0166666669,39.25,10,100,0.5,nan,0.100050721,0.100050721,1,39.25,1e+09,50;50,1,0.0416666667,1,1,0.00999999978,100,1000,nan,39.25,1,step,71.5700022,-10,step,6.92999983,10,nan,nan,10,nan,nan,2312.10664,0.219146475,9.4782166e-05,0.999905218,2311.88749,0,0.00211059651,0.00211059651,9.12845662e-07,20,0.749984741,/Users/chrisharing/Desktop/CCS_complex_coupled_systems/Repo/HardDisks/hspist3/experiments_energy_transfer/level2_fast_20260918/u10/tr_9281.csv,20.6499939,19.9000092,1,"./00ALLINONE_ramp --mode=edmd --experiment=energy_transfer --headless --quiet --edmd-acc=0 --seed-drift-order=drift-first --energy-transfer-summary=experiments_energy_transfer/level2_fast_20260918/u10/summary.csv --energy-transfer-trace=experiments_energy_transfer/level2_fast_20260918/u10/tr_9281.csv --particles=100 --particles-boxes=50,50 --particle-radius=0.5 --l0=39.25 --height=10 --num-walls=1 --wall-positions=39.25 --wall-mass-factors=1000000000 --piston-right-protocol-mode=step --velocity-right-piston-step=10 --max-right-piston-travel=6.93 --auto-piston-step --wall-hold-steps=12000 --steps=12500 --fixed-dt=0.4 --energy-measurement --eff-output=wall-ke --kbt1 --seed=9281",9281
2026-09-18 12:50:56,energy_transfer,edmd,12500,12000,0.0166666669,39.25,10,100,0.5,nan,0.100050721,0.100050721,1,39.25,1e+09,50;50,1,0.0416666667,1,1,0.00999999978,100,1000,nan,39.25,1,step,71.5700022,-10,step,6.92999983,10,nan,nan,10,nan,nan,1972.64262,0.160570428,8.13986405e-05,0.999918601,1972.48205,5.18258503e-09,0.00168687187,0.00168686668,8.55130404e-07,20,0.749984741,/Users/chrisharing/Desktop/CCS_complex_coupled_systems/Repo/HardDisks/hspist3/experiments_energy_transfer/level2_fast_20260918/u10/tr_9284.csv,20.5999908,19.8500061,1,"./00ALLINONE_ramp --mode=edmd --experiment=energy_transfer --headless --quiet --edmd-acc=0 --seed-drift-order=drift-first --energy-transfer-summary=experiments_energy_transfer/level2_fast_20260918/u10/summary.csv --energy-transfer-trace=experiments_energy_transfer/level2_fast_20260918/u10/tr_9284.csv --particles=100 --particles-boxes=50,50 --particle-radius=0.5 --l0=39.25 --height=10 --num-walls=1 --wall-positions=39.25 --wall-mass-factors=1000000000 --piston-right-protocol-mode=step --velocity-right-piston-step=10 --max-right-piston-travel=6.93 --auto-piston-step --wall-hold-steps=12000 --steps=12500 --fixed-dt=0.4 --energy-measurement --eff-output=wall-ke --kbt1 --seed=9284",9284
2026-09-18 12:50:56,energy_transfer,edmd,12500,12000,0.0166666669,39.25,10,100,0.5,nan,0.100050721,0.100050721,1,39.25,1e+09,50;50,1,0.0416666667,1,1,0.00999999978,100,1000,nan,39.25,1,step,71.5700022,-10,step,6.92999983,10,nan,nan,10,nan,nan,2274.50493,0.210905805,9.27260267e-05,0.999907274,2274.29403,3.59649688e-09,0.00204456248,0.00204455889,8.98902814e-07,20,0.749984741,/Users/chrisharing/Desktop/CCS_complex_coupled_systems/Repo/HardDisks/hspist3/experiments_energy_transfer/level2_fast_20260918/u10/tr_9285.csv,20.7499847,20,1,"./00ALLINONE_ramp --mode=edmd --experiment=energy_transfer --headless --quiet --edmd-acc=0 --seed-drift-order=drift-first --energy-transfer-summary=experiments_energy_transfer/level2_fast_20260918/u10/summary.csv --energy-transfer-trace=experiments_energy_transfer/level2_fast_20260918/u10/tr_9285.csv --particles=100 --particles-boxes=50,50 --particle-radius=0.5 --l0=39.25 --height=10 --num-walls=1 --wall-positions=39.25 --wall-mass-factors=1000000000 --piston-right-protocol-mode=step --velocity-right-piston-step=10 --max-right-piston-travel=6.93 --auto-piston-step --wall-hold-steps=12000 --steps=12500 --fixed-dt=0.4 --energy-measurement --eff-output=wall-ke --kbt1 --seed=9285",9285
2026-09-18 12:50:56,energy_transfer,edmd,12500,12000,0.0166666669,39.25,10,100,0.5,nan,0.100050721,0.100050721,1,39.25,1e+09,50;50,1,0.0416666667,1,1,0.00999999978,100,1000,nan,39.25,1,step,71.5700022,-10,step,6.92999983,10,nan,nan,10,nan,nan,1964.40948,0.156075776,7.94517523e-05,0.999920548,1964.25341,6.96186042e-09,0.00163516647,0.00163515951,8.3239239e-07,20,0.749984741,/Users/chrisharing/Desktop/CCS_complex_coupled_systems/Repo/HardDisks/hspist3/experiments_energy_transfer/level2_fast_20260918/u10/tr_9287.csv,20.7333221,19.9833374,1,"./00ALLINONE_ramp --mode=edmd --experiment=energy_transfer --headless --quiet --edmd-acc=0 --seed-drift-order=drift-first --energy-transfer-summary=experiments_energy_transfer/level2_fast_20260918/u10/summary.csv --energy-transfer-trace=experiments_energy_transfer/level2_fast_20260918/u10/tr_9287.csv --particles=100 --particles-boxes=50,50 --particle-radius=0.5 --l0=39.25 --height=10 --num-walls=1 --wall-positions=39.25 --wall-mass-factors=1000000000 --piston-right-protocol-mode=step --velocity-right-piston-step=10 --max-right-piston-travel=6.93 --auto-piston-step --wall-hold-steps=12000 --steps=12500 --fixed-dt=0.4 --energy-measurement --eff-output=wall-ke --kbt1 --seed=9287",9287
2026-09-18 12:50:56,energy_transfer,edmd,12500,12000,0.0166666669,39.25,10,100,0.5,nan,0.100050721,0.100050721,1,39.25,1e+09,50;50,1,0.0416666667,1,1,0.00999999978,100,1000,nan,39.25,1,step,71.5700022,-10,step,6.92999983,10,nan,nan,10,nan,nan,1982.06625,0.16165936,8.15610275e-05,0.999918439,1981.90459,0,0.00145782577,0.00145782577,7.35508093e-07,20,0.749984741,/Users/chrisharing/Desktop/CCS_complex_coupled_systems/Repo/HardDisks/hspist3/experiments_energy_transfer/level2_fast_20260918/u10/tr_9288.csv,20.7333221,19.9833374,1,"./00ALLINONE_ramp --mode=edmd --experiment=energy_transfer --headless --quiet --edmd-acc=0 --seed-drift-order=drift-first --energy-transfer-summary=experiments_energy_transfer/level2_fast_20260918/u10/summary.csv --energy-transfer-trace=experiments_energy_transfer/level2_fast_20260918/u10/tr_9288.csv --particles=100 --particles-boxes=50,50 --particle-radius=0.5 --l0=39.25 --height=10 --num-walls=1 --wall-positions=39.25 --wall-mass-factors=1000000000 --piston-right-protocol-mode=step --velocity-right-piston-step=10 --max-right-piston-travel=6.93 --auto-piston-step --wall-hold-steps=12000 --steps=12500 --fixed-dt=0.4 --energy-measurement --eff-output=wall-ke --kbt1 --seed=9288",9288
2026-09-18 12:50:56,energy_transfer,edmd,12500,12000,0.0166666669,39.25,10,100,0.5,nan,0.100050721,0.100050721,1,39.25,1e+09,50;50,1,0.0416666667,1,1,0.00999999978,100,1000,nan,39.25,1,step,71.5700022,-10,step,6.92999983,10,nan,nan,10,nan,nan,2587.83392,0.269203693,0.00010402665,0.999895973,2587.56472,0,0.00273630256,0.00273630256,1.05737178e-06,20,0.749984741,/Users/chrisharing/Desktop/CCS_complex_coupled_systems/Repo/HardDisks/hspist3/experiments_energy_transfer/level2_fast_20260918/u10/tr_9286.csv,20.6499939,19.9000092,1,"./00ALLINONE_ramp --mode=edmd --experiment=energy_transfer --headless --quiet --edmd-acc=0 --seed-drift-order=drift-first --energy-transfer-summary=experiments_energy_transfer/level2_fast_20260918/u10/summary.csv --energy-transfer-trace=experiments_energy_transfer/level2_fast_20260918/u10/tr_9286.csv --particles=100 --particles-boxes=50,50 --particle-radius=0.5 --l0=39.25 --height=10 --num-walls=1 --wall-positions=39.25 --wall-mass-factors=1000000000 --piston-right-protocol-mode=step --velocity-right-piston-step=10 --max-right-piston-travel=6.93 --auto-piston-step --wall-hold-steps=12000 --steps=12500 --fixed-dt=0.4 --energy-measurement --eff-output=wall-ke --kbt1 --seed=9286",9286
2026-09-18 12:50:56,energy_transfer,edmd,12500,12000,0.0166666669,39.25,10,100,0.5,nan,0.100050721,0.100050721,1,39.25,1e+09,50;50,1,0.0416666667,1,1,0.00999999978,100,1000,nan,39.25,1,step,71.5700022,-10,step,6.92999983,10,nan,nan,10,nan,nan,1672.12611,0.115611345,6.91403262e-05,0.99993086,1672.0105,1.37857104e-08,0.0010652683,0.00106525451,6.37065893e-07,20,0.749984741,/Users/chrisharing/Desktop/CCS_complex_coupled_systems/Repo/HardDisks/hspist3/experiments_energy_transfer/level2_fast_20260918/u10/tr_9289.csv,20.4833221,19.7333374,1,"./00ALLINONE_ramp --mode=edmd --experiment=energy_transfer --headless --quiet --edmd-acc=0 --seed-drift-order=drift-first --energy-transfer-summary=experiments_energy_transfer/level2_fast_20260918/u10/summary.csv --energy-transfer-trace=experiments_energy_transfer/level2_fast_20260918/u10/tr_9289.csv --particles=100 --particles-boxes=50,50 --particle-radius=0.5 --l0=39.25 --height=10 --num-walls=1 --wall-positions=39.25 --wall-mass-factors=1000000000 --piston-right-protocol-mode=step --velocity-right-piston-step=10 --max-right-piston-travel=6.93 --auto-piston-step --wall-hold-steps=12000 --steps=12500 --fixed-dt=0.4 --energy-measurement --eff-output=wall-ke --kbt1 --seed=9289",9289
2026-09-18 12:50:56,energy_transfer,edmd,12500,12000,0.0166666669,39.25,10,100,0.5,nan,0.100050721,0.100050721,1,39.25,1e+09,50;50,1,0.0416666667,1,1,0.00999999978,100,1000,nan,39.25,1,step,71.5700022,-10,step,6.92999983,10,nan,nan,10,nan,nan,1518.12331,0.0923263505,6.08161078e-05,0.999939184,1518.03098,3.31098504e-09,0.000977931661,0.00097792835,6.44169249e-07,20,0.749984741,/Users/chrisharing/Desktop/CCS_complex_coupled_systems/Repo/HardDisks/hspist3/experiments_energy_transfer/level2_fast_20260918/u10/tr_9290.csv,20.1499939,19.4000092,1,"./00ALLINONE_ramp --mode=edmd --experiment=energy_transfer --headless --quiet --edmd-acc=0 --seed-drift-order=drift-first --energy-transfer-summary=experiments_energy_transfer/level2_fast_20260918/u10/summary.csv --energy-transfer-trace=experiments_energy_transfer/level2_fast_20260918/u10/tr_9290.csv --particles=100 --particles-boxes=50,50 --particle-radius=0.5 --l0=39.25 --height=10 --num-walls=1 --wall-positions=39.25 --wall-mass-factors=1000000000 --piston-right-protocol-mode=step --velocity-right-piston-step=10 --max-right-piston-travel=6.93 --auto-piston-step --wall-hold-steps=12000 --steps=12500 --fixed-dt=0.4 --energy-measurement --eff-output=wall-ke --kbt1 --seed=9290",9290
2026-09-18 12:50:56,energy_transfer,edmd,12500,12000,0.0166666669,39.25,10,100,0.5,nan,0.100050721,0.100050721,1,39.25,1e+09,50;50,1,0.0416666667,1,1,0.00999999978,100,1000,nan,39.25,1,step,71.5700022,-10,step,6.92999983,10,nan,nan,10,nan,nan,1949.15501,0.149431452,7.66647349e-05,0.999923335,1949.00558,0,0.00137091475,0.00137091475,7.03337979e-07,20,0.749984741,/Users/chrisharing/Desktop/CCS_complex_coupled_systems/Repo/HardDisks/hspist3/experiments_energy_transfer/level2_fast_20260918/u10/tr_9291.csv,20.4666595,19.7166748,1,"./00ALLINONE_ramp --mode=edmd --experiment=energy_transfer --headless --quiet --edmd-acc=0 --seed-drift-order=drift-first --energy-transfer-summary=experiments_energy_transfer/level2_fast_20260918/u10/summary.csv --energy-transfer-trace=experiments_energy_transfer/level2_fast_20260918/u10/tr_9291.csv --particles=100 --particles-boxes=50,50 --particle-radius=0.5 --l0=39.25 --height=10 --num-walls=1 --wall-positions=39.25 --wall-mass-factors=1000000000 --piston-right-protocol-mode=step --velocity-right-piston-step=10 --max-right-piston-travel=6.93 --auto-piston-step --wall-hold-steps=12000 --steps=12500 --fixed-dt=0.4 --energy-measurement --eff-output=wall-ke --kbt1 --seed=9291",9291
2026-09-18 12:50:56,energy_transfer,edmd,12500,12000,0.0166666669,39.25,10,100,0.5,nan,0.100050721,0.100050721,1,39.25,1e+09,50;50,1,0.0416666667,1,1,0.00999999978,100,1000,nan,39.25,1,step,71.5700022,-10,step,6.92999983,10,nan,nan,10,nan,nan,1968.36288,0.152514383,7.74828589e-05,0.999922517,1968.21036,4.74262782e-11,0.00154162676,0.00154162671,7.8320249e-07,20,0.749984741,/Users/chrisharing/Desktop/CCS_complex_coupled_systems/Repo/HardDisks/hspist3/experiments_energy_transfer/level2_fast_20260918/u10/tr_9293.csv,20.7499847,20,1,"./00ALLINONE_ramp --mode=edmd --experiment=energy_transfer --headless --quiet --edmd-acc=0 --seed-drift-order=drift-first --energy-transfer-summary=experiments_energy_transfer/level2_fast_20260918/u10/summary.csv --energy-transfer-trace=experiments_energy_transfer/level2_fast_20260918/u10/tr_9293.csv --particles=100 --particles-boxes=50,50 --particle-radius=0.5 --l0=39.25 --height=10 --num-walls=1 --wall-positions=39.25 --wall-mass-factors=1000000000 --piston-right-protocol-mode=step --velocity-right-piston-step=10 --max-right-piston-travel=6.93 --auto-piston-step --wall-hold-steps=12000 --steps=12500 --fixed-dt=0.4 --energy-measurement --eff-output=wall-ke --kbt1 --seed=9293",9293
2026-09-18 12:50:56,energy_transfer,edmd,12500,12000,0.0166666669,39.25,10,100,0.5,nan,0.100050721,0.100050721,1,39.25,1e+09,50;50,1,0.0416666667,1,1,0.00999999978,100,1000,nan,39.25,1,step,71.5700022,-10,step,6.92999983,10,nan,nan,10,nan,nan,2203.54384,0.197215319,8.9499158e-05,0.999910501,2203.34663,0,0.00205872254,0.00205872254,9.34278004e-07,20,0.749984741,/Users/chrisharing/Desktop/CCS_complex_coupled_systems/Repo/HardDisks/hspist3/experiments_energy_transfer/level2_fast_20260918/u10/tr_9292.csv,20.5333252,19.7833405,1,"./00ALLINONE_ramp --mode=edmd --experiment=energy_transfer --headless --quiet --edmd-acc=0 --seed-drift-order=drift-first --energy-transfer-summary=experiments_energy_transfer/level2_fast_20260918/u10/summary.csv --energy-transfer-trace=experiments_energy_transfer/level2_fast_20260918/u10/tr_9292.csv --particles=100 --particles-boxes=50,50 --particle-radius=0.5 --l0=39.25 --height=10 --num-walls=1 --wall-positions=39.25 --wall-mass-factors=1000000000 --piston-right-protocol-mode=step --velocity-right-piston-step=10 --max-right-piston-travel=6.93 --auto-piston-step --wall-hold-steps=12000 --steps=12500 --fixed-dt=0.4 --energy-measurement --eff-output=wall-ke --kbt1 --seed=9292",9292
2026-09-18 12:50:56,energy_transfer,edmd,12500,12000,0.0166666669,39.25,10,100,0.5,nan,0.100050721,0.100050721,1,39.25,1e+09,50;50,1,0.0416666667,1,1,0.00999999978,100,1000,nan,39.25,1,step,71.5700022,-10,step,6.92999983,10,nan,nan,10,nan,nan,1228.77867,0.0622733757,5.06790827e-05,0.999949321,1228.71639,1.4990168e-09,0.000624502252,0.000624500753,5.08228838e-07,20,0.749984741,/Users/chrisharing/Desktop/CCS_complex_coupled_systems/Repo/HardDisks/hspist3/experiments_energy_transfer/level2_fast_20260918/u10/tr_9295.csv,19.8333282,19.0833435,1,"./00ALLINONE_ramp --mode=edmd --experiment=energy_transfer --headless --quiet --edmd-acc=0 --seed-drift-order=drift-first --energy-transfer-summary=experiments_energy_transfer/level2_fast_20260918/u10/summary.csv --energy-transfer-trace=experiments_energy_transfer/level2_fast_20260918/u10/tr_9295.csv --particles=100 --particles-boxes=50,50 --particle-radius=0.5 --l0=39.25 --height=10 --num-walls=1 --wall-positions=39.25 --wall-mass-factors=1000000000 --piston-right-protocol-mode=step --velocity-right-piston-step=10 --max-right-piston-travel=6.93 --auto-piston-step --wall-hold-steps=12000 --steps=12500 --fixed-dt=0.4 --energy-measurement --eff-output=wall-ke --kbt1 --seed=9295",9295
2026-09-18 12:50:56,energy_transfer,edmd,12500,12000,0.0166666669,39.25,10,100,0.5,nan,0.100050721,0.100050721,1,39.25,1e+09,50;50,1,0.0416666667,1,1,0.00999999978,100,1000,nan,39.25,1,step,71.5700022,-10,step,6.92999983,10,nan,nan,10,nan,nan,1056.54481,0.045846533,4.33928903e-05,0.999956607,1056.49896,0,0.000431825756,0.000431825756,4.08715041e-07,20,0.749984741,/Users/chrisharing/Desktop/CCS_complex_coupled_systems/Repo/HardDisks/hspist3/experiments_energy_transfer/level2_fast_20260918/u10/tr_9296.csv,20.3499908,19.6000061,1,"./00ALLINONE_ramp --mode=edmd --experiment=energy_transfer --headless --quiet --edmd-acc=0 --seed-drift-order=drift-first --energy-transfer-summary=experiments_energy_transfer/level2_fast_20260918/u10/summary.csv --energy-transfer-trace=experiments_energy_transfer/level2_fast_20260918/u10/tr_9296.csv --particles=100 --particles-boxes=50,50 --particle-radius=0.5 --l0=39.25 --height=10 --num-walls=1 --wall-positions=39.25 --wall-mass-factors=1000000000 --piston-right-protocol-mode=step --velocity-right-piston-step=10 --max-right-piston-travel=6.93 --auto-piston-step --wall-hold-steps=12000 --steps=12500 --fixed-dt=0.4 --energy-measurement --eff-output=wall-ke --kbt1 --seed=9296",9296
2026-09-18 12:50:56,energy_transfer,edmd,12500,12000,0.0166666669,39.25,10,100,0.5,nan,0.100050721,0.100050721,1,39.25,1e+09,50;50,1,0.0416666667,1,1,0.00999999978,100,1000,nan,39.25,1,step,71.5700022,-10,step,6.92999983,10,nan,nan,10,nan,nan,1910.84414,0.147324994,7.70994301e-05,0.999922901,1910.69682,1.20381582e-09,0.00136079406,0.00136079286,7.12142257e-07,20,0.749984741,/Users/chrisharing/Desktop/CCS_complex_coupled_systems/Repo/HardDisks/hspist3/experiments_energy_transfer/level2_fast_20260918/u10/tr_9294.csv,20.3833313,19.6333466,1,"./00ALLINONE_ramp --mode=edmd --experiment=energy_transfer --headless --quiet --edmd-acc=0 --seed-drift-order=drift-first --energy-transfer-summary=experiments_energy_transfer/level2_fast_20260918/u10/summary.csv --energy-transfer-trace=experiments_energy_transfer/level2_fast_20260918/u10/tr_9294.csv --particles=100 --particles-boxes=50,50 --particle-radius=0.5 --l0=39.25 --height=10 --num-walls=1 --wall-positions=39.25 --wall-mass-factors=1000000000 --piston-right-protocol-mode=step --velocity-right-piston-step=10 --max-right-piston-travel=6.93 --auto-piston-step --wall-hold-steps=12000 --steps=12500 --fixed-dt=0.4 --energy-measurement --eff-output=wall-ke --kbt1 --seed=9294",9294
2026-09-18 12:50:56,energy_transfer,edmd,12500,12000,0.0166666669,39.25,10,100,0.5,nan,0.100050721,0.100050721,1,39.25,1e+09,50;50,1,0.0416666667,1,1,0.00999999978,100,1000,nan,39.25,1,step,71.5700022,-10,step,6.92999983,10,nan,nan,10,nan,nan,1944.66843,0.156947032,8.07063193e-05,0.999919294,1944.51149,4.04021927e-09,0.00159183366,0.00159182962,8.18560938e-07,20,0.749984741,/Users/chrisharing/Desktop/CCS_complex_coupled_systems/Repo/HardDisks/hspist3/experiments_energy_transfer/level2_fast_20260918/u10/tr_9298.csv,20.6999969,19.9500122,1,"./00ALLINONE_ramp --mode=edmd --experiment=energy_transfer --headless --quiet --edmd-acc=0 --seed-drift-order=drift-first --energy-transfer-summary=experiments_energy_transfer/level2_fast_20260918/u10/summary.csv --energy-transfer-trace=experiments_energy_transfer/level2_fast_20260918/u10/tr_9298.csv --particles=100 --particles-boxes=50,50 --particle-radius=0.5 --l0=39.25 --height=10 --num-walls=1 --wall-positions=39.25 --wall-mass-factors=1000000000 --piston-right-protocol-mode=step --velocity-right-piston-step=10 --max-right-piston-travel=6.93 --auto-piston-step --wall-hold-steps=12000 --steps=12500 --fixed-dt=0.4 --energy-measurement --eff-output=wall-ke --kbt1 --seed=9298",9298
2026-09-18 12:50:56,energy_transfer,edmd,12500,12000,0.0166666669,39.25,10,100,0.5,nan,0.100050721,0.100050721,1,39.25,1e+09,50;50,1,0.0416666667,1,1,0.00999999978,100,1000,nan,39.25,1,step,71.5700022,-10,step,6.92999983,10,nan,nan,10,nan,nan,2321.33945,0.219361007,9.44976002e-05,0.999905502,2321.12009,0,0.00225225533,0.00225225533,9.70239546e-07,20,0.749984741,/Users/chrisharing/Desktop/CCS_complex_coupled_systems/Repo/HardDisks/hspist3/experiments_energy_transfer/level2_fast_20260918/u10/tr_9297.csv,20.5666656,19.8166809,1,"./00ALLINONE_ramp --mode=edmd --experiment=energy_transfer --headless --quiet --edmd-acc=0 --seed-drift-order=drift-first --energy-transfer-summary=experiments_energy_transfer/level2_fast_20260918/u10/summary.csv --energy-transfer-trace=experiments_energy_transfer/level2_fast_20260918/u10/tr_9297.csv --particles=100 --particles-boxes=50,50 --particle-radius=0.5 --l0=39.25 --height=10 --num-walls=1 --wall-positions=39.25 --wall-mass-factors=1000000000 --piston-right-protocol-mode=step --velocity-right-piston-step=10 --max-right-piston-travel=6.93 --auto-piston-step --wall-hold-steps=12000 --steps=12500 --fixed-dt=0.4 --energy-measurement --eff-output=wall-ke --kbt1 --seed=9297",9297
2026-09-18 12:50:57,energy_transfer,edmd,12500,12000,0.0166666669,39.25,10,100,0.5,nan,0.100050721,0.100050721,1,39.25,1e+09,50;50,1,0.0416666667,1,1,0.00999999978,100,1000,nan,39.25,1,step,71.5700022,-10,step,6.92999983,10,nan,nan,10,nan,nan,2870.91829,0.333048165,0.000116007539,0.999883992,2870.58524,6.81700529e-10,0.00321165891,0.00321165823,1.11868674e-06,20,0.749984741,/Users/chrisharing/Desktop/CCS_complex_coupled_systems/Repo/HardDisks/hspist3/experiments_energy_transfer/level2_fast_20260918/u10/tr_9299.csv,20.6499939,19.9000092,1,"./00ALLINONE_ramp --mode=edmd --experiment=energy_transfer --headless --quiet --edmd-acc=0 --seed-drift-order=drift-first --energy-transfer-summary=experiments_energy_transfer/level2_fast_20260918/u10/summary.csv --energy-transfer-trace=experiments_energy_transfer/level2_fast_20260918/u10/tr_9299.csv --particles=100 --particles-boxes=50,50 --particle-radius=0.5 --l0=39.25 --height=10 --num-walls=1 --wall-positions=39.25 --wall-mass-factors=1000000000 --piston-right-protocol-mode=step --velocity-right-piston-step=10 --max-right-piston-travel=6.93 --auto-piston-step --wall-hold-steps=12000 --steps=12500 --fixed-dt=0.4 --energy-measurement --eff-output=wall-ke --kbt1 --seed=9299",9299
