timestamp,mode,sim_mode,steps_after_release,wall_hold_steps,dt_sigma,L0,height,particles_total,radius_sigma,eta_input,eta_nominal,eta_particles_region,num_walls,wall_positions_cli,wall_mass_factors_cli,particles_boxes_cli,wall_thickness_sigma,wall_thickness_vis_sigma,kbt1,kBT,kB_effective,temperature_runtime,spring_k,spring_eq_sigma,spring_eq_sigma_effective,piston_auto,piston_protocol,piston_target_sigma,piston_speed_px,piston_right_protocol_mode,piston_right_travel_sigma,piston_right_v_step_constant,piston_right_v0,piston_right_v_gradient,piston_right_vmax,piston_right_duration,piston_right_sigmoid_steepness,W_in_max,W_out_max,ratio,loss_fraction,total_loss,springE_stop,springE_peak_win,W_out_peak_win,ratio_win,eff_window_T,piston_stop_t_rel,trace_path,spring_peak_t_rel,spring_peak_dt,spring_peak_near_end,command,seed
2026-09-17 10:39:36,energy_transfer,edmd,14000,12000,0.0166666669,39.25,10,100,0.5,nan,0.100050721,0.100050721,1,39.25,1e+09,50;50,1,0.0416666667,1,1,0.00999999978,100,1000,nan,39.25,1,step,74.5700022,-0.150000006,step,3.93000007,0.150000006,nan,nan,0.150000006,nan,nan,8.45840785,9.37169625e-06,1.10797403e-06,0.999998892,8.45839847,1.8011734e-07,5.43520684e-07,3.63403345e-07,4.29635638e-08,20,27.8833313,/Users/chrisharing/Desktop/CCS_complex_coupled_systems/Repo/HardDisks/hspist3/experiments_energy_transfer/level2_slope_20260917/u0.15/tr_9200.csv,46.7333221,18.8499908,1,"./00ALLINONE --mode=edmd --experiment=energy_transfer --headless --quiet --edmd-acc=0 --seed-drift-order=drift-first --energy-transfer-summary=experiments_energy_transfer/level2_slope_20260917/u0.15/summary.csv --energy-transfer-trace=experiments_energy_transfer/level2_slope_20260917/u0.15/tr_9200.csv --particles=100 --particles-boxes=50,50 --particle-radius=0.5 --l0=39.25 --height=10 --num-walls=1 --wall-positions=39.25 --wall-mass-factors=1000000000 --piston-right-protocol-mode=step --velocity-right-piston-step=0.15 --max-right-piston-travel=3.93 --auto-piston-step --wall-hold-steps=12000 --steps=14000 --fixed-dt=0.4 --energy-measurement --eff-output=wall-ke --kbt1 --seed=9200",9200
2026-09-17 10:39:36,energy_transfer,edmd,14000,12000,0.0166666669,39.25,10,100,0.5,nan,0.100050721,0.100050721,1,39.25,1e+09,50;50,1,0.0416666667,1,1,0.00999999978,100,1000,nan,39.25,1,step,74.5700022,-0.150000006,step,3.93000007,0.150000006,nan,nan,0.150000006,nan,nan,7.84424292,6.23479036e-06,7.94823723e-07,0.999999205,7.84423669,1.12532419e-07,1.4421434e-07,3.16819211e-08,4.03887557e-09,20,27.8833313,/Users/chrisharing/Desktop/CCS_complex_coupled_systems/Repo/HardDisks/hspist3/experiments_energy_transfer/level2_slope_20260917/u0.15/tr_9201.csv,29.3833313,1.5,0,"./00ALLINONE --mode=edmd --experiment=energy_transfer --headless --quiet --edmd-acc=0 --seed-drift-order=drift-first --energy-transfer-summary=experiments_energy_transfer/level2_slope_20260917/u0.15/summary.csv --energy-transfer-trace=experiments_energy_transfer/level2_slope_20260917/u0.15/tr_9201.csv --particles=100 --particles-boxes=50,50 --particle-radius=0.5 --l0=39.25 --height=10 --num-walls=1 --wall-positions=39.25 --wall-mass-factors=1000000000 --piston-right-protocol-mode=step --velocity-right-piston-step=0.15 --max-right-piston-travel=3.93 --auto-piston-step --wall-hold-steps=12000 --steps=14000 --fixed-dt=0.4 --energy-measurement --eff-output=wall-ke --kbt1 --seed=9201",9201
2026-09-17 10:39:36,energy_transfer,edmd,14000,12000,0.0166666669,39.25,10,100,0.5,nan,0.100050721,0.100050721,1,39.25,1e+09,50;50,1,0.0416666667,1,1,0.00999999978,100,1000,nan,39.25,1,step,74.5700022,-0.150000006,step,3.93000007,0.150000006,nan,nan,0.150000006,nan,nan,7.78415411,9.10796825e-06,1.17006525e-06,0.99999883,7.784145,7.37702734e-08,7.86640499e-07,7.12870225e-07,9.15796649e-08,20,27.8833313,/Users/chrisharing/Desktop/CCS_complex_coupled_systems/Repo/HardDisks/hspist3/experiments_energy_transfer/level2_slope_20260917/u0.15/tr_9202.csv,41.6166534,13.7333221,0,"./00ALLINONE --mode=edmd --experiment=energy_transfer --headless --quiet --edmd-acc=0 --seed-drift-order=drift-first --energy-transfer-summary=experiments_energy_transfer/level2_slope_20260917/u0.15/summary.csv --energy-transfer-trace=experiments_energy_transfer/level2_slope_20260917/u0.15/tr_9202.csv --particles=100 --particles-boxes=50,50 --particle-radius=0.5 --l0=39.25 --height=10 --num-walls=1 --wall-positions=39.25 --wall-mass-factors=1000000000 --piston-right-protocol-mode=step --velocity-right-piston-step=0.15 --max-right-piston-travel=3.93 --auto-piston-step --wall-hold-steps=12000 --steps=14000 --fixed-dt=0.4 --energy-measurement --eff-output=wall-ke --kbt1 --seed=9202",9202
2026-09-17 10:39:36,energy_transfer,edmd,14000,12000,0.0166666669,39.25,10,100,0.5,nan,0.100050721,0.100050721,1,39.25,1e+09,50;50,1,0.0416666667,1,1,0.00999999978,100,1000,nan,39.25,1,step,74.5700022,-0.150000006,step,3.93000007,0.150000006,nan,nan,0.150000006,nan,nan,7.51737319,8.18793615e-06,1.08920177e-06,0.999998911,7.517365,1.0544759e-07,4.43994651e-07,3.38547061e-07,4.50352872e-08,20,27.8833313,/Users/chrisharing/Desktop/CCS_complex_coupled_systems/Repo/HardDisks/hspist3/experiments_energy_transfer/level2_slope_20260917/u0.15/tr_9203.csv,47.5666656,19.6833344,1,"./00ALLINONE --mode=edmd --experiment=energy_transfer --headless --quiet --edmd-acc=0 --seed-drift-order=drift-first --energy-transfer-summary=experiments_energy_transfer/level2_slope_20260917/u0.15/summary.csv --energy-transfer-trace=experiments_energy_transfer/level2_slope_20260917/u0.15/tr_9203.csv --particles=100 --particles-boxes=50,50 --particle-radius=0.5 --l0=39.25 --height=10 --num-walls=1 --wall-positions=39.25 --wall-mass-factors=1000000000 --piston-right-protocol-mode=step --velocity-right-piston-step=0.15 --max-right-piston-travel=3.93 --auto-piston-step --wall-hold-steps=12000 --steps=14000 --fixed-dt=0.4 --energy-measurement --eff-output=wall-ke --kbt1 --seed=9203",9203
2026-09-17 10:39:37,energy_transfer,edmd,14000,12000,0.0166666669,39.25,10,100,0.5,nan,0.100050721,0.100050721,1,39.25,1e+09,50;50,1,0.0416666667,1,1,0.00999999978,100,1000,nan,39.25,1,step,74.5700022,-0.150000006,step,3.93000007,0.150000006,nan,nan,0.150000006,nan,nan,7.42644794,9.80266122e-06,1.31996633e-06,0.99999868,7.42643814,1.04408507e-07,3.2168856e-07,2.17280054e-07,2.92576014e-08,20,27.8833313,/Users/chrisharing/Desktop/CCS_complex_coupled_systems/Repo/HardDisks/hspist3/experiments_energy_transfer/level2_slope_20260917/u0.15/tr_9204.csv,45.2833252,17.3999939,0,"./00ALLINONE --mode=edmd --experiment=energy_transfer --headless --quiet --edmd-acc=0 --seed-drift-order=drift-first --energy-transfer-summary=experiments_energy_transfer/level2_slope_20260917/u0.15/summary.csv --energy-transfer-trace=experiments_energy_transfer/level2_slope_20260917/u0.15/tr_9204.csv --particles=100 --particles-boxes=50,50 --particle-radius=0.5 --l0=39.25 --height=10 --num-walls=1 --wall-positions=39.25 --wall-mass-factors=1000000000 --piston-right-protocol-mode=step --velocity-right-piston-step=0.15 --max-right-piston-travel=3.93 --auto-piston-step --wall-hold-steps=12000 --steps=14000 --fixed-dt=0.4 --energy-measurement --eff-output=wall-ke --kbt1 --seed=9204",9204
2026-09-17 10:39:37,energy_transfer,edmd,14000,12000,0.0166666669,39.25,10,100,0.5,nan,0.100050721,0.100050721,1,39.25,1e+09,50;50,1,0.0416666667,1,1,0.00999999978,100,1000,nan,39.25,1,step,74.5700022,-0.150000006,step,3.93000007,0.150000006,nan,nan,0.150000006,nan,nan,8.67711364,6.60497972e-06,7.61195484e-07,0.999999239,8.67710703,8.7041137e-08,2.35334255e-07,1.48293118e-07,1.70901436e-08,20,27.8833313,/Users/chrisharing/Desktop/CCS_complex_coupled_systems/Repo/HardDisks/hspist3/experiments_energy_transfer/level2_slope_20260917/u0.15/tr_9205.csv,47.5999908,19.7166595,1,"./00ALLINONE --mode=edmd --experiment=energy_transfer --headless --quiet --edmd-acc=0 --seed-drift-order=drift-first --energy-transfer-summary=experiments_energy_transfer/level2_slope_20260917/u0.15/summary.csv --energy-transfer-trace=experiments_energy_transfer/level2_slope_20260917/u0.15/tr_9205.csv --particles=100 --particles-boxes=50,50 --particle-radius=0.5 --l0=39.25 --height=10 --num-walls=1 --wall-positions=39.25 --wall-mass-factors=1000000000 --piston-right-protocol-mode=step --velocity-right-piston-step=0.15 --max-right-piston-travel=3.93 --auto-piston-step --wall-hold-steps=12000 --steps=14000 --fixed-dt=0.4 --energy-measurement --eff-output=wall-ke --kbt1 --seed=9205",9205
2026-09-17 10:39:37,energy_transfer,edmd,14000,12000,0.0166666669,39.25,10,100,0.5,nan,0.100050721,0.100050721,1,39.25,1e+09,50;50,1,0.0416666667,1,1,0.00999999978,100,1000,nan,39.25,1,step,74.5700022,-0.150000006,step,3.93000007,0.150000006,nan,nan,0.150000006,nan,nan,7.54622876,6.57777355e-06,8.71663682e-07,0.999999128,7.54622218,2.51659649e-09,2.34887821e-07,2.32371225e-07,3.07930268e-08,20,27.8833313,/Users/chrisharing/Desktop/CCS_complex_coupled_systems/Repo/HardDisks/hspist3/experiments_energy_transfer/level2_slope_20260917/u0.15/tr_9206.csv,41,13.1166687,0,"./00ALLINONE --mode=edmd --experiment=energy_transfer --headless --quiet --edmd-acc=0 --seed-drift-order=drift-first --energy-transfer-summary=experiments_energy_transfer/level2_slope_20260917/u0.15/summary.csv --energy-transfer-trace=experiments_energy_transfer/level2_slope_20260917/u0.15/tr_9206.csv --particles=100 --particles-boxes=50,50 --particle-radius=0.5 --l0=39.25 --height=10 --num-walls=1 --wall-positions=39.25 --wall-mass-factors=1000000000 --piston-right-protocol-mode=step --velocity-right-piston-step=0.15 --max-right-piston-travel=3.93 --auto-piston-step --wall-hold-steps=12000 --steps=14000 --fixed-dt=0.4 --energy-measurement --eff-output=wall-ke --kbt1 --seed=9206",9206
2026-09-17 10:39:37,energy_transfer,edmd,14000,12000,0.0166666669,39.25,10,100,0.5,nan,0.100050721,0.100050721,1,39.25,1e+09,50;50,1,0.0416666667,1,1,0.00999999978,100,1000,nan,39.25,1,step,74.5700022,-0.150000006,step,3.93000007,0.150000006,nan,nan,0.150000006,nan,nan,8.61767727,1.15962193e-05,1.34563166e-06,0.999998654,8.61766568,3.08231094e-08,4.5828611e-07,4.27463e-07,4.96030411e-08,20,27.8833313,/Users/chrisharing/Desktop/CCS_complex_coupled_systems/Repo/HardDisks/hspist3/experiments_energy_transfer/level2_slope_20260917/u0.15/tr_9207.csv,47.2833252,19.3999939,1,"./00ALLINONE --mode=edmd --experiment=energy_transfer --headless --quiet --edmd-acc=0 --seed-drift-order=drift-first --energy-transfer-summary=experiments_energy_transfer/level2_slope_20260917/u0.15/summary.csv --energy-transfer-trace=experiments_energy_transfer/level2_slope_20260917/u0.15/tr_9207.csv --particles=100 --particles-boxes=50,50 --particle-radius=0.5 --l0=39.25 --height=10 --num-walls=1 --wall-positions=39.25 --wall-mass-factors=1000000000 --piston-right-protocol-mode=step --velocity-right-piston-step=0.15 --max-right-piston-travel=3.93 --auto-piston-step --wall-hold-steps=12000 --steps=14000 --fixed-dt=0.4 --energy-measurement --eff-output=wall-ke --kbt1 --seed=9207",9207
2026-09-17 10:39:37,energy_transfer,edmd,14000,12000,0.0166666669,39.25,10,100,0.5,nan,0.100050721,0.100050721,1,39.25,1e+09,50;50,1,0.0416666667,1,1,0.00999999978,100,1000,nan,39.25,1,step,74.5700022,-0.150000006,step,3.93000007,0.150000006,nan,nan,0.150000006,nan,nan,8.03020915,7.36337324e-06,9.16959086e-07,0.999999083,8.03020178,1.9164037e-09,4.02294148e-07,4.00377745e-07,4.98589435e-08,20,27.8833313,/Users/chrisharing/Desktop/CCS_complex_coupled_systems/Repo/HardDisks/hspist3/experiments_energy_transfer/level2_slope_20260917/u0.15/tr_9208.csv,47.6833344,19.8000031,1,"./00ALLINONE --mode=edmd --experiment=energy_transfer --headless --quiet --edmd-acc=0 --seed-drift-order=drift-first --energy-transfer-summary=experiments_energy_transfer/level2_slope_20260917/u0.15/summary.csv --energy-transfer-trace=experiments_energy_transfer/level2_slope_20260917/u0.15/tr_9208.csv --particles=100 --particles-boxes=50,50 --particle-radius=0.5 --l0=39.25 --height=10 --num-walls=1 --wall-positions=39.25 --wall-mass-factors=1000000000 --piston-right-protocol-mode=step --velocity-right-piston-step=0.15 --max-right-piston-travel=3.93 --auto-piston-step --wall-hold-steps=12000 --steps=14000 --fixed-dt=0.4 --energy-measurement --eff-output=wall-ke --kbt1 --seed=9208",9208
2026-09-17 10:39:37,energy_transfer,edmd,14000,12000,0.0166666669,39.25,10,100,0.5,nan,0.100050721,0.100050721,1,39.25,1e+09,50;50,1,0.0416666667,1,1,0.00999999978,100,1000,nan,39.25,1,step,74.5700022,-0.150000006,step,3.93000007,0.150000006,nan,nan,0.150000006,nan,nan,8.84284534,1.02239865e-05,1.15618741e-06,0.999998844,8.84283512,3.35971606e-07,5.55877534e-07,2.19905928e-07,2.48682318e-08,20,27.8833313,/Users/chrisharing/Desktop/CCS_complex_coupled_systems/Repo/HardDisks/hspist3/experiments_energy_transfer/level2_slope_20260917/u0.15/tr_9209.csv,40.1333313,12.25,0,"./00ALLINONE --mode=edmd --experiment=energy_transfer --headless --quiet --edmd-acc=0 --seed-drift-order=drift-first --energy-transfer-summary=experiments_energy_transfer/level2_slope_20260917/u0.15/summary.csv --energy-transfer-trace=experiments_energy_transfer/level2_slope_20260917/u0.15/tr_9209.csv --particles=100 --particles-boxes=50,50 --particle-radius=0.5 --l0=39.25 --height=10 --num-walls=1 --wall-positions=39.25 --wall-mass-factors=1000000000 --piston-right-protocol-mode=step --velocity-right-piston-step=0.15 --max-right-piston-travel=3.93 --auto-piston-step --wall-hold-steps=12000 --steps=14000 --fixed-dt=0.4 --energy-measurement --eff-output=wall-ke --kbt1 --seed=9209",9209
2026-09-17 10:39:37,energy_transfer,edmd,14000,12000,0.0166666669,39.25,10,100,0.5,nan,0.100050721,0.100050721,1,39.25,1e+09,50;50,1,0.0416666667,1,1,0.00999999978,100,1000,nan,39.25,1,step,74.5700022,-0.150000006,step,3.93000007,0.150000006,nan,nan,0.150000006,nan,nan,9.40886366,8.82873246e-06,9.38342055e-07,0.999999062,9.40885483,3.05842569e-08,2.62467978e-07,2.31883721e-07,2.46452419e-08,20,27.8833313,/Users/chrisharing/Desktop/CCS_complex_coupled_systems/Repo/HardDisks/hspist3/experiments_energy_transfer/level2_slope_20260917/u0.15/tr_9210.csv,34.5999908,6.71665955,0,"./00ALLINONE --mode=edmd --experiment=energy_transfer --headless --quiet --edmd-acc=0 --seed-drift-order=drift-first --energy-transfer-summary=experiments_energy_transfer/level2_slope_20260917/u0.15/summary.csv --energy-transfer-trace=experiments_energy_transfer/level2_slope_20260917/u0.15/tr_9210.csv --particles=100 --particles-boxes=50,50 --particle-radius=0.5 --l0=39.25 --height=10 --num-walls=1 --wall-positions=39.25 --wall-mass-factors=1000000000 --piston-right-protocol-mode=step --velocity-right-piston-step=0.15 --max-right-piston-travel=3.93 --auto-piston-step --wall-hold-steps=12000 --steps=14000 --fixed-dt=0.4 --energy-measurement --eff-output=wall-ke --kbt1 --seed=9210",9210
2026-09-17 10:39:38,energy_transfer,edmd,14000,12000,0.0166666669,39.25,10,100,0.5,nan,0.100050721,0.100050721,1,39.25,1e+09,50;50,1,0.0416666667,1,1,0.00999999978,100,1000,nan,39.25,1,step,74.5700022,-0.150000006,step,3.93000007,0.150000006,nan,nan,0.150000006,nan,nan,7.44371862,7.97579651e-06,1.07148012e-06,0.999998929,7.44371064,3.3842494e-07,3.3842494e-07,0,0,20,27.8833313,/Users/chrisharing/Desktop/CCS_complex_coupled_systems/Repo/HardDisks/hspist3/experiments_energy_transfer/level2_slope_20260917/u0.15/tr_9211.csv,27.8833313,0,0,"./00ALLINONE --mode=edmd --experiment=energy_transfer --headless --quiet --edmd-acc=0 --seed-drift-order=drift-first --energy-transfer-summary=experiments_energy_transfer/level2_slope_20260917/u0.15/summary.csv --energy-transfer-trace=experiments_energy_transfer/level2_slope_20260917/u0.15/tr_9211.csv --particles=100 --particles-boxes=50,50 --particle-radius=0.5 --l0=39.25 --height=10 --num-walls=1 --wall-positions=39.25 --wall-mass-factors=1000000000 --piston-right-protocol-mode=step --velocity-right-piston-step=0.15 --max-right-piston-travel=3.93 --auto-piston-step --wall-hold-steps=12000 --steps=14000 --fixed-dt=0.4 --energy-measurement --eff-output=wall-ke --kbt1 --seed=9211",9211
2026-09-17 10:39:38,energy_transfer,edmd,14000,12000,0.0166666669,39.25,10,100,0.5,nan,0.100050721,0.100050721,1,39.25,1e+09,50;50,1,0.0416666667,1,1,0.00999999978,100,1000,nan,39.25,1,step,74.5700022,-0.150000006,step,3.93000007,0.150000006,nan,nan,0.150000006,nan,nan,5.3061871,3.2911646e-06,6.20250388e-07,0.99999938,5.30618381,1.0801676e-08,3.91575306e-08,2.83558546e-08,5.34392287e-09,20,27.8833313,/Users/chrisharing/Desktop/CCS_complex_coupled_systems/Repo/HardDisks/hspist3/experiments_energy_transfer/level2_slope_20260917/u0.15/tr_9212.csv,45.5166626,17.6333313,0,"./00ALLINONE --mode=edmd --experiment=energy_transfer --headless --quiet --edmd-acc=0 --seed-drift-order=drift-first --energy-transfer-summary=experiments_energy_transfer/level2_slope_20260917/u0.15/summary.csv --energy-transfer-trace=experiments_energy_transfer/level2_slope_20260917/u0.15/tr_9212.csv --particles=100 --particles-boxes=50,50 --particle-radius=0.5 --l0=39.25 --height=10 --num-walls=1 --wall-positions=39.25 --wall-mass-factors=1000000000 --piston-right-protocol-mode=step --velocity-right-piston-step=0.15 --max-right-piston-travel=3.93 --auto-piston-step --wall-hold-steps=12000 --steps=14000 --fixed-dt=0.4 --energy-measurement --eff-output=wall-ke --kbt1 --seed=9212",9212
2026-09-17 10:39:38,energy_transfer,edmd,14000,12000,0.0166666669,39.25,10,100,0.5,nan,0.100050721,0.100050721,1,39.25,1e+09,50;50,1,0.0416666667,1,1,0.00999999978,100,1000,nan,39.25,1,step,74.5700022,-0.150000006,step,3.93000007,0.150000006,nan,nan,0.150000006,nan,nan,7.70588649,8.31318357e-06,1.0788095e-06,0.999998921,7.70587818,4.68004089e-08,4.07858835e-07,3.61058426e-07,4.6854885e-08,20,27.8833313,/Users/chrisharing/Desktop/CCS_complex_coupled_systems/Repo/HardDisks/hspist3/experiments_energy_transfer/level2_slope_20260917/u0.15/tr_9213.csv,47.0333252,19.1499939,1,"./00ALLINONE --mode=edmd --experiment=energy_transfer --headless --quiet --edmd-acc=0 --seed-drift-order=drift-first --energy-transfer-summary=experiments_energy_transfer/level2_slope_20260917/u0.15/summary.csv --energy-transfer-trace=experiments_energy_transfer/level2_slope_20260917/u0.15/tr_9213.csv --particles=100 --particles-boxes=50,50 --particle-radius=0.5 --l0=39.25 --height=10 --num-walls=1 --wall-positions=39.25 --wall-mass-factors=1000000000 --piston-right-protocol-mode=step --velocity-right-piston-step=0.15 --max-right-piston-travel=3.93 --auto-piston-step --wall-hold-steps=12000 --steps=14000 --fixed-dt=0.4 --energy-measurement --eff-output=wall-ke --kbt1 --seed=9213",9213
2026-09-17 10:39:38,energy_transfer,edmd,14000,12000,0.0166666669,39.25,10,100,0.5,nan,0.100050721,0.100050721,1,39.25,1e+09,50;50,1,0.0416666667,1,1,0.00999999978,100,1000,nan,39.25,1,step,74.5700022,-0.150000006,step,3.93000007,0.150000006,nan,nan,0.150000006,nan,nan,8.0160704,1.03510238e-05,1.29128404e-06,0.999998709,8.01606004,1.319316e-07,6.59489899e-07,5.27558299e-07,6.58125831e-08,20,27.8833313,/Users/chrisharing/Desktop/CCS_complex_coupled_systems/Repo/HardDisks/hspist3/experiments_energy_transfer/level2_slope_20260917/u0.15/tr_9214.csv,46.2999878,18.4166565,1,"./00ALLINONE --mode=edmd --experiment=energy_transfer --headless --quiet --edmd-acc=0 --seed-drift-order=drift-first --energy-transfer-summary=experiments_energy_transfer/level2_slope_20260917/u0.15/summary.csv --energy-transfer-trace=experiments_energy_transfer/level2_slope_20260917/u0.15/tr_9214.csv --particles=100 --particles-boxes=50,50 --particle-radius=0.5 --l0=39.25 --height=10 --num-walls=1 --wall-positions=39.25 --wall-mass-factors=1000000000 --piston-right-protocol-mode=step --velocity-right-piston-step=0.15 --max-right-piston-travel=3.93 --auto-piston-step --wall-hold-steps=12000 --steps=14000 --fixed-dt=0.4 --energy-measurement --eff-output=wall-ke --kbt1 --seed=9214",9214
2026-09-17 10:39:38,energy_transfer,edmd,14000,12000,0.0166666669,39.25,10,100,0.5,nan,0.100050721,0.100050721,1,39.25,1e+09,50;50,1,0.0416666667,1,1,0.00999999978,100,1000,nan,39.25,1,step,74.5700022,-0.150000006,step,3.93000007,0.150000006,nan,nan,0.150000006,nan,nan,8.96568449,7.15487113e-06,7.98028431e-07,0.999999202,8.96567733,1.6206803e-08,8.85250628e-08,7.23182598e-08,8.06611697e-09,20,27.8833313,/Users/chrisharing/Desktop/CCS_complex_coupled_systems/Repo/HardDisks/hspist3/experiments_energy_transfer/level2_slope_20260917/u0.15/tr_9216.csv,42.5999908,14.7166595,0,"./00ALLINONE --mode=edmd --experiment=energy_transfer --headless --quiet --edmd-acc=0 --seed-drift-order=drift-first --energy-transfer-summary=experiments_energy_transfer/level2_slope_20260917/u0.15/summary.csv --energy-transfer-trace=experiments_energy_transfer/level2_slope_20260917/u0.15/tr_9216.csv --particles=100 --particles-boxes=50,50 --particle-radius=0.5 --l0=39.25 --height=10 --num-walls=1 --wall-positions=39.25 --wall-mass-factors=1000000000 --piston-right-protocol-mode=step --velocity-right-piston-step=0.15 --max-right-piston-travel=3.93 --auto-piston-step --wall-hold-steps=12000 --steps=14000 --fixed-dt=0.4 --energy-measurement --eff-output=wall-ke --kbt1 --seed=9216",9216
2026-09-17 10:39:38,energy_transfer,edmd,14000,12000,0.0166666669,39.25,10,100,0.5,nan,0.100050721,0.100050721,1,39.25,1e+09,50;50,1,0.0416666667,1,1,0.00999999978,100,1000,nan,39.25,1,step,74.5700022,-0.150000006,step,3.93000007,0.150000006,nan,nan,0.150000006,nan,nan,9.35397356,7.25586369e-06,7.75698546e-07,0.999999224,9.3539663,5.37613758e-08,3.1559361e-07,2.61832234e-07,2.79915517e-08,20,27.8833313,/Users/chrisharing/Desktop/CCS_complex_coupled_systems/Repo/HardDisks/hspist3/experiments_energy_transfer/level2_slope_20260917/u0.15/tr_9215.csv,44.3499908,16.4666595,0,"./00ALLINONE --mode=edmd --experiment=energy_transfer --headless --quiet --edmd-acc=0 --seed-drift-order=drift-first --energy-transfer-summary=experiments_energy_transfer/level2_slope_20260917/u0.15/summary.csv --energy-transfer-trace=experiments_energy_transfer/level2_slope_20260917/u0.15/tr_9215.csv --particles=100 --particles-boxes=50,50 --particle-radius=0.5 --l0=39.25 --height=10 --num-walls=1 --wall-positions=39.25 --wall-mass-factors=1000000000 --piston-right-protocol-mode=step --velocity-right-piston-step=0.15 --max-right-piston-travel=3.93 --auto-piston-step --wall-hold-steps=12000 --steps=14000 --fixed-dt=0.4 --energy-measurement --eff-output=wall-ke --kbt1 --seed=9215",9215
2026-09-17 10:39:38,energy_transfer,edmd,14000,12000,0.0166666669,39.25,10,100,0.5,nan,0.100050721,0.100050721,1,39.25,1e+09,50;50,1,0.0416666667,1,1,0.00999999978,100,1000,nan,39.25,1,step,74.5700022,-0.150000006,step,3.93000007,0.150000006,nan,nan,0.150000006,nan,nan,8.5368851,7.78432241e-06,9.11845751e-07,0.999999088,8.53687732,8.24533757e-08,1.44758545e-07,6.2305169e-08,7.29834925e-09,20,27.8833313,/Users/chrisharing/Desktop/CCS_complex_coupled_systems/Repo/HardDisks/hspist3/experiments_energy_transfer/level2_slope_20260917/u0.15/tr_9217.csv,47.6166534,19.7333221,1,"./00ALLINONE --mode=edmd --experiment=energy_transfer --headless --quiet --edmd-acc=0 --seed-drift-order=drift-first --energy-transfer-summary=experiments_energy_transfer/level2_slope_20260917/u0.15/summary.csv --energy-transfer-trace=experiments_energy_transfer/level2_slope_20260917/u0.15/tr_9217.csv --particles=100 --particles-boxes=50,50 --particle-radius=0.5 --l0=39.25 --height=10 --num-walls=1 --wall-positions=39.25 --wall-mass-factors=1000000000 --piston-right-protocol-mode=step --velocity-right-piston-step=0.15 --max-right-piston-travel=3.93 --auto-piston-step --wall-hold-steps=12000 --steps=14000 --fixed-dt=0.4 --energy-measurement --eff-output=wall-ke --kbt1 --seed=9217",9217
2026-09-17 10:39:38,energy_transfer,edmd,14000,12000,0.0166666669,39.25,10,100,0.5,nan,0.100050721,0.100050721,1,39.25,1e+09,50;50,1,0.0416666667,1,1,0.00999999978,100,1000,nan,39.25,1,step,74.5700022,-0.150000006,step,3.93000007,0.150000006,nan,nan,0.150000006,nan,nan,9.6745583,1.10016745e-05,1.13717589e-06,0.999998863,9.6745473,2.29174631e-07,7.29733699e-07,5.00559068e-07,5.17397335e-08,20,27.8833313,/Users/chrisharing/Desktop/CCS_complex_coupled_systems/Repo/HardDisks/hspist3/experiments_energy_transfer/level2_slope_20260917/u0.15/tr_9218.csv,36.1666565,8.2833252,0,"./00ALLINONE --mode=edmd --experiment=energy_transfer --headless --quiet --edmd-acc=0 --seed-drift-order=drift-first --energy-transfer-summary=experiments_energy_transfer/level2_slope_20260917/u0.15/summary.csv --energy-transfer-trace=experiments_energy_transfer/level2_slope_20260917/u0.15/tr_9218.csv --particles=100 --particles-boxes=50,50 --particle-radius=0.5 --l0=39.25 --height=10 --num-walls=1 --wall-positions=39.25 --wall-mass-factors=1000000000 --piston-right-protocol-mode=step --velocity-right-piston-step=0.15 --max-right-piston-travel=3.93 --auto-piston-step --wall-hold-steps=12000 --steps=14000 --fixed-dt=0.4 --energy-measurement --eff-output=wall-ke --kbt1 --seed=9218",9218
2026-09-17 10:39:38,energy_transfer,edmd,14000,12000,0.0166666669,39.25,10,100,0.5,nan,0.100050721,0.100050721,1,39.25,1e+09,50;50,1,0.0416666667,1,1,0.00999999978,100,1000,nan,39.25,1,step,74.5700022,-0.150000006,step,3.93000007,0.150000006,nan,nan,0.150000006,nan,nan,8.62140891,9.59228419e-06,1.11261214e-06,0.999998887,8.62139932,7.7406952e-09,1.02564314e-07,9.48236192e-08,1.09986222e-08,20,27.8833313,/Users/chrisharing/Desktop/CCS_complex_coupled_systems/Repo/HardDisks/hspist3/experiments_energy_transfer/level2_slope_20260917/u0.15/tr_9219.csv,44.0666656,16.1833344,0,"./00ALLINONE --mode=edmd --experiment=energy_transfer --headless --quiet --edmd-acc=0 --seed-drift-order=drift-first --energy-transfer-summary=experiments_energy_transfer/level2_slope_20260917/u0.15/summary.csv --energy-transfer-trace=experiments_energy_transfer/level2_slope_20260917/u0.15/tr_9219.csv --particles=100 --particles-boxes=50,50 --particle-radius=0.5 --l0=39.25 --height=10 --num-walls=1 --wall-positions=39.25 --wall-mass-factors=1000000000 --piston-right-protocol-mode=step --velocity-right-piston-step=0.15 --max-right-piston-travel=3.93 --auto-piston-step --wall-hold-steps=12000 --steps=14000 --fixed-dt=0.4 --energy-measurement --eff-output=wall-ke --kbt1 --seed=9219",9219
2026-09-17 10:39:38,energy_transfer,edmd,14000,12000,0.0166666669,39.25,10,100,0.5,nan,0.100050721,0.100050721,1,39.25,1e+09,50;50,1,0.0416666667,1,1,0.00999999978,100,1000,nan,39.25,1,step,74.5700022,-0.150000006,step,3.93000007,0.150000006,nan,nan,0.150000006,nan,nan,7.42343326,5.77511446e-06,7.77957349e-07,0.999999222,7.42342749,2.02034727e-08,2.70902348e-07,2.50698875e-07,3.37712843e-08,20,27.8833313,/Users/chrisharing/Desktop/CCS_complex_coupled_systems/Repo/HardDisks/hspist3/experiments_energy_transfer/level2_slope_20260917/u0.15/tr_9220.csv,42.3666534,14.4833221,0,"./00ALLINONE --mode=edmd --experiment=energy_transfer --headless --quiet --edmd-acc=0 --seed-drift-order=drift-first --energy-transfer-summary=experiments_energy_transfer/level2_slope_20260917/u0.15/summary.csv --energy-transfer-trace=experiments_energy_transfer/level2_slope_20260917/u0.15/tr_9220.csv --particles=100 --particles-boxes=50,50 --particle-radius=0.5 --l0=39.25 --height=10 --num-walls=1 --wall-positions=39.25 --wall-mass-factors=1000000000 --piston-right-protocol-mode=step --velocity-right-piston-step=0.15 --max-right-piston-travel=3.93 --auto-piston-step --wall-hold-steps=12000 --steps=14000 --fixed-dt=0.4 --energy-measurement --eff-output=wall-ke --kbt1 --seed=9220",9220
2026-09-17 10:39:39,energy_transfer,edmd,14000,12000,0.0166666669,39.25,10,100,0.5,nan,0.100050721,0.100050721,1,39.25,1e+09,50;50,1,0.0416666667,1,1,0.00999999978,100,1000,nan,39.25,1,step,74.5700022,-0.150000006,step,3.93000007,0.150000006,nan,nan,0.150000006,nan,nan,9.4541194,1.05620038e-05,1.11718536e-06,0.999998883,9.45410884,8.68926531e-09,3.93198462e-07,3.84509197e-07,4.06710748e-08,20,27.8833313,/Users/chrisharing/Desktop/CCS_complex_coupled_systems/Repo/HardDisks/hspist3/experiments_energy_transfer/level2_slope_20260917/u0.15/tr_9221.csv,41.8499908,13.9666595,0,"./00ALLINONE --mode=edmd --experiment=energy_transfer --headless --quiet --edmd-acc=0 --seed-drift-order=drift-first --energy-transfer-summary=experiments_energy_transfer/level2_slope_20260917/u0.15/summary.csv --energy-transfer-trace=experiments_energy_transfer/level2_slope_20260917/u0.15/tr_9221.csv --particles=100 --particles-boxes=50,50 --particle-radius=0.5 --l0=39.25 --height=10 --num-walls=1 --wall-positions=39.25 --wall-mass-factors=1000000000 --piston-right-protocol-mode=step --velocity-right-piston-step=0.15 --max-right-piston-travel=3.93 --auto-piston-step --wall-hold-steps=12000 --steps=14000 --fixed-dt=0.4 --energy-measurement --eff-output=wall-ke --kbt1 --seed=9221",9221
2026-09-17 10:39:39,energy_transfer,edmd,14000,12000,0.0166666669,39.25,10,100,0.5,nan,0.100050721,0.100050721,1,39.25,1e+09,50;50,1,0.0416666667,1,1,0.00999999978,100,1000,nan,39.25,1,step,74.5700022,-0.150000006,step,3.93000007,0.150000006,nan,nan,0.150000006,nan,nan,8.33931665,1.09512766e-05,1.31321031e-06,0.999998687,8.3393057,7.42963095e-08,5.8948109e-07,5.1518478e-07,6.17778173e-08,20,27.8833313,/Users/chrisharing/Desktop/CCS_complex_coupled_systems/Repo/HardDisks/hspist3/experiments_energy_transfer/level2_slope_20260917/u0.15/tr_9222.csv,47.0166626,19.1333313,1,"./00ALLINONE --mode=edmd --experiment=energy_transfer --headless --quiet --edmd-acc=0 --seed-drift-order=drift-first --energy-transfer-summary=experiments_energy_transfer/level2_slope_20260917/u0.15/summary.csv --energy-transfer-trace=experiments_energy_transfer/level2_slope_20260917/u0.15/tr_9222.csv --particles=100 --particles-boxes=50,50 --particle-radius=0.5 --l0=39.25 --height=10 --num-walls=1 --wall-positions=39.25 --wall-mass-factors=1000000000 --piston-right-protocol-mode=step --velocity-right-piston-step=0.15 --max-right-piston-travel=3.93 --auto-piston-step --wall-hold-steps=12000 --steps=14000 --fixed-dt=0.4 --energy-measurement --eff-output=wall-ke --kbt1 --seed=9222",9222
2026-09-17 10:39:39,energy_transfer,edmd,14000,12000,0.0166666669,39.25,10,100,0.5,nan,0.100050721,0.100050721,1,39.25,1e+09,50;50,1,0.0416666667,1,1,0.00999999978,100,1000,nan,39.25,1,step,74.5700022,-0.150000006,step,3.93000007,0.150000006,nan,nan,0.150000006,nan,nan,7.0143629,5.99537225e-06,8.54727983e-07,0.999999145,7.0143569,1.26830191e-08,9.88491635e-08,8.61661444e-08,1.22842439e-08,20,27.8833313,/Users/chrisharing/Desktop/CCS_complex_coupled_systems/Repo/HardDisks/hspist3/experiments_energy_transfer/level2_slope_20260917/u0.15/tr_9223.csv,46.4666595,18.5833282,1,"./00ALLINONE --mode=edmd --experiment=energy_transfer --headless --quiet --edmd-acc=0 --seed-drift-order=drift-first --energy-transfer-summary=experiments_energy_transfer/level2_slope_20260917/u0.15/summary.csv --energy-transfer-trace=experiments_energy_transfer/level2_slope_20260917/u0.15/tr_9223.csv --particles=100 --particles-boxes=50,50 --particle-radius=0.5 --l0=39.25 --height=10 --num-walls=1 --wall-positions=39.25 --wall-mass-factors=1000000000 --piston-right-protocol-mode=step --velocity-right-piston-step=0.15 --max-right-piston-travel=3.93 --auto-piston-step --wall-hold-steps=12000 --steps=14000 --fixed-dt=0.4 --energy-measurement --eff-output=wall-ke --kbt1 --seed=9223",9223
2026-09-17 10:39:39,energy_transfer,edmd,14000,12000,0.0166666669,39.25,10,100,0.5,nan,0.100050721,0.100050721,1,39.25,1e+09,50;50,1,0.0416666667,1,1,0.00999999978,100,1000,nan,39.25,1,step,74.5700022,-0.150000006,step,3.93000007,0.150000006,nan,nan,0.150000006,nan,nan,8.50418436,7.89897604e-06,9.28834054e-07,0.999999071,8.50417646,4.62744012e-08,2.07540367e-07,1.61265966e-07,1.89631315e-08,20,27.8833313,/Users/chrisharing/Desktop/CCS_complex_coupled_systems/Repo/HardDisks/hspist3/experiments_energy_transfer/level2_slope_20260917/u0.15/tr_9224.csv,43.3666534,15.4833221,0,"./00ALLINONE --mode=edmd --experiment=energy_transfer --headless --quiet --edmd-acc=0 --seed-drift-order=drift-first --energy-transfer-summary=experiments_energy_transfer/level2_slope_20260917/u0.15/summary.csv --energy-transfer-trace=experiments_energy_transfer/level2_slope_20260917/u0.15/tr_9224.csv --particles=100 --particles-boxes=50,50 --particle-radius=0.5 --l0=39.25 --height=10 --num-walls=1 --wall-positions=39.25 --wall-mass-factors=1000000000 --piston-right-protocol-mode=step --velocity-right-piston-step=0.15 --max-right-piston-travel=3.93 --auto-piston-step --wall-hold-steps=12000 --steps=14000 --fixed-dt=0.4 --energy-measurement --eff-output=wall-ke --kbt1 --seed=9224",9224
2026-09-17 10:39:39,energy_transfer,edmd,14000,12000,0.0166666669,39.25,10,100,0.5,nan,0.100050721,0.100050721,1,39.25,1e+09,50;50,1,0.0416666667,1,1,0.00999999978,100,1000,nan,39.25,1,step,74.5700022,-0.150000006,step,3.93000007,0.150000006,nan,nan,0.150000006,nan,nan,9.35599303,1.01716123e-05,1.08717613e-06,0.999998913,9.35598286,7.8608366e-08,4.77071126e-07,3.9846276e-07,4.25890398e-08,20,27.8833313,/Users/chrisharing/Desktop/CCS_complex_coupled_systems/Repo/HardDisks/hspist3/experiments_energy_transfer/level2_slope_20260917/u0.15/tr_9225.csv,42.7166595,14.8333282,0,"./00ALLINONE --mode=edmd --experiment=energy_transfer --headless --quiet --edmd-acc=0 --seed-drift-order=drift-first --energy-transfer-summary=experiments_energy_transfer/level2_slope_20260917/u0.15/summary.csv --energy-transfer-trace=experiments_energy_transfer/level2_slope_20260917/u0.15/tr_9225.csv --particles=100 --particles-boxes=50,50 --particle-radius=0.5 --l0=39.25 --height=10 --num-walls=1 --wall-positions=39.25 --wall-mass-factors=1000000000 --piston-right-protocol-mode=step --velocity-right-piston-step=0.15 --max-right-piston-travel=3.93 --auto-piston-step --wall-hold-steps=12000 --steps=14000 --fixed-dt=0.4 --energy-measurement --eff-output=wall-ke --kbt1 --seed=9225",9225
2026-09-17 10:39:39,energy_transfer,edmd,14000,12000,0.0166666669,39.25,10,100,0.5,nan,0.100050721,0.100050721,1,39.25,1e+09,50;50,1,0.0416666667,1,1,0.00999999978,100,1000,nan,39.25,1,step,74.5700022,-0.150000006,step,3.93000007,0.150000006,nan,nan,0.150000006,nan,nan,6.97442888,5.96054133e-06,8.54627874e-07,0.999999145,6.97442292,4.97162596e-08,4.6621912e-07,4.16502861e-07,5.97185616e-08,20,27.8833313,/Users/chrisharing/Desktop/CCS_complex_coupled_systems/Repo/HardDisks/hspist3/experiments_energy_transfer/level2_slope_20260917/u0.15/tr_9226.csv,36.3666534,8.48332214,0,"./00ALLINONE --mode=edmd --experiment=energy_transfer --headless --quiet --edmd-acc=0 --seed-drift-order=drift-first --energy-transfer-summary=experiments_energy_transfer/level2_slope_20260917/u0.15/summary.csv --energy-transfer-trace=experiments_energy_transfer/level2_slope_20260917/u0.15/tr_9226.csv --particles=100 --particles-boxes=50,50 --particle-radius=0.5 --l0=39.25 --height=10 --num-walls=1 --wall-positions=39.25 --wall-mass-factors=1000000000 --piston-right-protocol-mode=step --velocity-right-piston-step=0.15 --max-right-piston-travel=3.93 --auto-piston-step --wall-hold-steps=12000 --steps=14000 --fixed-dt=0.4 --energy-measurement --eff-output=wall-ke --kbt1 --seed=9226",9226
2026-09-17 10:39:39,energy_transfer,edmd,14000,12000,0.0166666669,39.25,10,100,0.5,nan,0.100050721,0.100050721,1,39.25,1e+09,50;50,1,0.0416666667,1,1,0.00999999978,100,1000,nan,39.25,1,step,74.5700022,-0.150000006,step,3.93000007,0.150000006,nan,nan,0.150000006,nan,nan,8.9914792,1.04513883e-05,1.16236585e-06,0.999998838,8.99146875,1.15224834e-08,6.26676808e-07,6.15154325e-07,6.84152531e-08,20,27.8833313,/Users/chrisharing/Desktop/CCS_complex_coupled_systems/Repo/HardDisks/hspist3/experiments_energy_transfer/level2_slope_20260917/u0.15/tr_9227.csv,45.5,17.6166687,0,"./00ALLINONE --mode=edmd --experiment=energy_transfer --headless --quiet --edmd-acc=0 --seed-drift-order=drift-first --energy-transfer-summary=experiments_energy_transfer/level2_slope_20260917/u0.15/summary.csv --energy-transfer-trace=experiments_energy_transfer/level2_slope_20260917/u0.15/tr_9227.csv --particles=100 --particles-boxes=50,50 --particle-radius=0.5 --l0=39.25 --height=10 --num-walls=1 --wall-positions=39.25 --wall-mass-factors=1000000000 --piston-right-protocol-mode=step --velocity-right-piston-step=0.15 --max-right-piston-travel=3.93 --auto-piston-step --wall-hold-steps=12000 --steps=14000 --fixed-dt=0.4 --energy-measurement --eff-output=wall-ke --kbt1 --seed=9227",9227
2026-09-17 10:39:39,energy_transfer,edmd,14000,12000,0.0166666669,39.25,10,100,0.5,nan,0.100050721,0.100050721,1,39.25,1e+09,50;50,1,0.0416666667,1,1,0.00999999978,100,1000,nan,39.25,1,step,74.5700022,-0.150000006,step,3.93000007,0.150000006,nan,nan,0.150000006,nan,nan,8.46348486,9.55924679e-06,1.12946936e-06,0.999998871,8.46347531,3.29035643e-09,4.88321746e-07,4.85031389e-07,5.73087088e-08,20,27.8833313,/Users/chrisharing/Desktop/CCS_complex_coupled_systems/Repo/HardDisks/hspist3/experiments_energy_transfer/level2_slope_20260917/u0.15/tr_9228.csv,47.1999969,19.3166656,1,"./00ALLINONE --mode=edmd --experiment=energy_transfer --headless --quiet --edmd-acc=0 --seed-drift-order=drift-first --energy-transfer-summary=experiments_energy_transfer/level2_slope_20260917/u0.15/summary.csv --energy-transfer-trace=experiments_energy_transfer/level2_slope_20260917/u0.15/tr_9228.csv --particles=100 --particles-boxes=50,50 --particle-radius=0.5 --l0=39.25 --height=10 --num-walls=1 --wall-positions=39.25 --wall-mass-factors=1000000000 --piston-right-protocol-mode=step --velocity-right-piston-step=0.15 --max-right-piston-travel=3.93 --auto-piston-step --wall-hold-steps=12000 --steps=14000 --fixed-dt=0.4 --energy-measurement --eff-output=wall-ke --kbt1 --seed=9228",9228
2026-09-17 10:39:39,energy_transfer,edmd,14000,12000,0.0166666669,39.25,10,100,0.5,nan,0.100050721,0.100050721,1,39.25,1e+09,50;50,1,0.0416666667,1,1,0.00999999978,100,1000,nan,39.25,1,step,74.5700022,-0.150000006,step,3.93000007,0.150000006,nan,nan,0.150000006,nan,nan,7.62466757,6.27282543e-06,8.22701498e-07,0.999999177,7.6246613,5.23717203e-09,2.21295835e-07,2.16058663e-07,2.83367978e-08,20,27.8833313,/Users/chrisharing/Desktop/CCS_complex_coupled_systems/Repo/HardDisks/hspist3/experiments_energy_transfer/level2_slope_20260917/u0.15/tr_9229.csv,31.6666565,3.7833252,0,"./00ALLINONE --mode=edmd --experiment=energy_transfer --headless --quiet --edmd-acc=0 --seed-drift-order=drift-first --energy-transfer-summary=experiments_energy_transfer/level2_slope_20260917/u0.15/summary.csv --energy-transfer-trace=experiments_energy_transfer/level2_slope_20260917/u0.15/tr_9229.csv --particles=100 --particles-boxes=50,50 --particle-radius=0.5 --l0=39.25 --height=10 --num-walls=1 --wall-positions=39.25 --wall-mass-factors=1000000000 --piston-right-protocol-mode=step --velocity-right-piston-step=0.15 --max-right-piston-travel=3.93 --auto-piston-step --wall-hold-steps=12000 --steps=14000 --fixed-dt=0.4 --energy-measurement --eff-output=wall-ke --kbt1 --seed=9229",9229
2026-09-17 10:39:39,energy_transfer,edmd,14000,12000,0.0166666669,39.25,10,100,0.5,nan,0.100050721,0.100050721,1,39.25,1e+09,50;50,1,0.0416666667,1,1,0.00999999978,100,1000,nan,39.25,1,step,74.5700022,-0.150000006,step,3.93000007,0.150000006,nan,nan,0.150000006,nan,nan,7.92458044,1.10839228e-05,1.39867629e-06,0.999998601,7.92456935,2.65600676e-07,4.10948644e-07,1.45347968e-07,1.83414087e-08,20,27.8833313,/Users/chrisharing/Desktop/CCS_complex_coupled_systems/Repo/HardDisks/hspist3/experiments_energy_transfer/level2_slope_20260917/u0.15/tr_9230.csv,28.8166656,0.933334351,0,"./00ALLINONE --mode=edmd --experiment=energy_transfer --headless --quiet --edmd-acc=0 --seed-drift-order=drift-first --energy-transfer-summary=experiments_energy_transfer/level2_slope_20260917/u0.15/summary.csv --energy-transfer-trace=experiments_energy_transfer/level2_slope_20260917/u0.15/tr_9230.csv --particles=100 --particles-boxes=50,50 --particle-radius=0.5 --l0=39.25 --height=10 --num-walls=1 --wall-positions=39.25 --wall-mass-factors=1000000000 --piston-right-protocol-mode=step --velocity-right-piston-step=0.15 --max-right-piston-travel=3.93 --auto-piston-step --wall-hold-steps=12000 --steps=14000 --fixed-dt=0.4 --energy-measurement --eff-output=wall-ke --kbt1 --seed=9230",9230
2026-09-17 10:39:40,energy_transfer,edmd,14000,12000,0.0166666669,39.25,10,100,0.5,nan,0.100050721,0.100050721,1,39.25,1e+09,50;50,1,0.0416666667,1,1,0.00999999978,100,1000,nan,39.25,1,step,74.5700022,-0.150000006,step,3.93000007,0.150000006,nan,nan,0.150000006,nan,nan,8.51913721,9.22544314e-06,1.08290815e-06,0.999998917,8.51912799,9.77245396e-09,5.88095531e-07,5.78323077e-07,6.78851699e-08,20,27.8833313,/Users/chrisharing/Desktop/CCS_complex_coupled_systems/Repo/HardDisks/hspist3/experiments_energy_transfer/level2_slope_20260917/u0.15/tr_9231.csv,39.8166656,11.9333344,0,"./00ALLINONE --mode=edmd --experiment=energy_transfer --headless --quiet --edmd-acc=0 --seed-drift-order=drift-first --energy-transfer-summary=experiments_energy_transfer/level2_slope_20260917/u0.15/summary.csv --energy-transfer-trace=experiments_energy_transfer/level2_slope_20260917/u0.15/tr_9231.csv --particles=100 --particles-boxes=50,50 --particle-radius=0.5 --l0=39.25 --height=10 --num-walls=1 --wall-positions=39.25 --wall-mass-factors=1000000000 --piston-right-protocol-mode=step --velocity-right-piston-step=0.15 --max-right-piston-travel=3.93 --auto-piston-step --wall-hold-steps=12000 --steps=14000 --fixed-dt=0.4 --energy-measurement --eff-output=wall-ke --kbt1 --seed=9231",9231
2026-09-17 10:39:40,energy_transfer,edmd,14000,12000,0.0166666669,39.25,10,100,0.5,nan,0.100050721,0.100050721,1,39.25,1e+09,50;50,1,0.0416666667,1,1,0.00999999978,100,1000,nan,39.25,1,step,74.5700022,-0.150000006,step,3.93000007,0.150000006,nan,nan,0.150000006,nan,nan,8.05259184,6.81684969e-06,8.46541068e-07,0.999999153,8.05258502,7.7640685e-08,1.50688962e-07,7.30482768e-08,9.0713994e-09,20,27.8833313,/Users/chrisharing/Desktop/CCS_complex_coupled_systems/Repo/HardDisks/hspist3/experiments_energy_transfer/level2_slope_20260917/u0.15/tr_9233.csv,42.6333313,14.75,0,"./00ALLINONE --mode=edmd --experiment=energy_transfer --headless --quiet --edmd-acc=0 --seed-drift-order=drift-first --energy-transfer-summary=experiments_energy_transfer/level2_slope_20260917/u0.15/summary.csv --energy-transfer-trace=experiments_energy_transfer/level2_slope_20260917/u0.15/tr_9233.csv --particles=100 --particles-boxes=50,50 --particle-radius=0.5 --l0=39.25 --height=10 --num-walls=1 --wall-positions=39.25 --wall-mass-factors=1000000000 --piston-right-protocol-mode=step --velocity-right-piston-step=0.15 --max-right-piston-travel=3.93 --auto-piston-step --wall-hold-steps=12000 --steps=14000 --fixed-dt=0.4 --energy-measurement --eff-output=wall-ke --kbt1 --seed=9233",9233
2026-09-17 10:39:40,energy_transfer,edmd,14000,12000,0.0166666669,39.25,10,100,0.5,nan,0.100050721,0.100050721,1,39.25,1e+09,50;50,1,0.0416666667,1,1,0.00999999978,100,1000,nan,39.25,1,step,74.5700022,-0.150000006,step,3.93000007,0.150000006,nan,nan,0.150000006,nan,nan,8.85248473,7.17058447e-06,8.10008115e-07,0.99999919,8.85247756,1.07031212e-07,3.64262831e-07,2.57231619e-07,2.90575614e-08,20,27.8833313,/Users/chrisharing/Desktop/CCS_complex_coupled_systems/Repo/HardDisks/hspist3/experiments_energy_transfer/level2_slope_20260917/u0.15/tr_9232.csv,41.5999908,13.7166595,0,"./00ALLINONE --mode=edmd --experiment=energy_transfer --headless --quiet --edmd-acc=0 --seed-drift-order=drift-first --energy-transfer-summary=experiments_energy_transfer/level2_slope_20260917/u0.15/summary.csv --energy-transfer-trace=experiments_energy_transfer/level2_slope_20260917/u0.15/tr_9232.csv --particles=100 --particles-boxes=50,50 --particle-radius=0.5 --l0=39.25 --height=10 --num-walls=1 --wall-positions=39.25 --wall-mass-factors=1000000000 --piston-right-protocol-mode=step --velocity-right-piston-step=0.15 --max-right-piston-travel=3.93 --auto-piston-step --wall-hold-steps=12000 --steps=14000 --fixed-dt=0.4 --energy-measurement --eff-output=wall-ke --kbt1 --seed=9232",9232
2026-09-17 10:39:40,energy_transfer,edmd,14000,12000,0.0166666669,39.25,10,100,0.5,nan,0.100050721,0.100050721,1,39.25,1e+09,50;50,1,0.0416666667,1,1,0.00999999978,100,1000,nan,39.25,1,step,74.5700022,-0.150000006,step,3.93000007,0.150000006,nan,nan,0.150000006,nan,nan,6.65322054,8.06204116e-06,1.21175018e-06,0.999998788,6.65321248,1.4695064e-07,4.2147974e-07,2.745291e-07,4.12625883e-08,20,27.8833313,/Users/chrisharing/Desktop/CCS_complex_coupled_systems/Repo/HardDisks/hspist3/experiments_energy_transfer/level2_slope_20260917/u0.15/tr_9234.csv,42.9499969,15.0666656,0,"./00ALLINONE --mode=edmd --experiment=energy_transfer --headless --quiet --edmd-acc=0 --seed-drift-order=drift-first --energy-transfer-summary=experiments_energy_transfer/level2_slope_20260917/u0.15/summary.csv --energy-transfer-trace=experiments_energy_transfer/level2_slope_20260917/u0.15/tr_9234.csv --particles=100 --particles-boxes=50,50 --particle-radius=0.5 --l0=39.25 --height=10 --num-walls=1 --wall-positions=39.25 --wall-mass-factors=1000000000 --piston-right-protocol-mode=step --velocity-right-piston-step=0.15 --max-right-piston-travel=3.93 --auto-piston-step --wall-hold-steps=12000 --steps=14000 --fixed-dt=0.4 --energy-measurement --eff-output=wall-ke --kbt1 --seed=9234",9234
2026-09-17 10:39:40,energy_transfer,edmd,14000,12000,0.0166666669,39.25,10,100,0.5,nan,0.100050721,0.100050721,1,39.25,1e+09,50;50,1,0.0416666667,1,1,0.00999999978,100,1000,nan,39.25,1,step,74.5700022,-0.150000006,step,3.93000007,0.150000006,nan,nan,0.150000006,nan,nan,9.70360128,9.87796466e-06,1.01796894e-06,0.999998982,9.7035914,1.08259506e-10,3.93849177e-07,3.93740918e-07,4.05767824e-08,20,27.8833313,/Users/chrisharing/Desktop/CCS_complex_coupled_systems/Repo/HardDisks/hspist3/experiments_energy_transfer/level2_slope_20260917/u0.15/tr_9237.csv,47.5833282,19.6999969,1,"./00ALLINONE --mode=edmd --experiment=energy_transfer --headless --quiet --edmd-acc=0 --seed-drift-order=drift-first --energy-transfer-summary=experiments_energy_transfer/level2_slope_20260917/u0.15/summary.csv --energy-transfer-trace=experiments_energy_transfer/level2_slope_20260917/u0.15/tr_9237.csv --particles=100 --particles-boxes=50,50 --particle-radius=0.5 --l0=39.25 --height=10 --num-walls=1 --wall-positions=39.25 --wall-mass-factors=1000000000 --piston-right-protocol-mode=step --velocity-right-piston-step=0.15 --max-right-piston-travel=3.93 --auto-piston-step --wall-hold-steps=12000 --steps=14000 --fixed-dt=0.4 --energy-measurement --eff-output=wall-ke --kbt1 --seed=9237",9237
2026-09-17 10:39:40,energy_transfer,edmd,14000,12000,0.0166666669,39.25,10,100,0.5,nan,0.100050721,0.100050721,1,39.25,1e+09,50;50,1,0.0416666667,1,1,0.00999999978,100,1000,nan,39.25,1,step,74.5700022,-0.150000006,step,3.93000007,0.150000006,nan,nan,0.150000006,nan,nan,8.66249624,9.64974515e-06,1.11396818e-06,0.999998886,8.66248659,2.53971528e-08,2.88915487e-07,2.63518334e-07,3.04206001e-08,20,27.8833313,/Users/chrisharing/Desktop/CCS_complex_coupled_systems/Repo/HardDisks/hspist3/experiments_energy_transfer/level2_slope_20260917/u0.15/tr_9238.csv,34.3499908,6.46665955,0,"./00ALLINONE --mode=edmd --experiment=energy_transfer --headless --quiet --edmd-acc=0 --seed-drift-order=drift-first --energy-transfer-summary=experiments_energy_transfer/level2_slope_20260917/u0.15/summary.csv --energy-transfer-trace=experiments_energy_transfer/level2_slope_20260917/u0.15/tr_9238.csv --particles=100 --particles-boxes=50,50 --particle-radius=0.5 --l0=39.25 --height=10 --num-walls=1 --wall-positions=39.25 --wall-mass-factors=1000000000 --piston-right-protocol-mode=step --velocity-right-piston-step=0.15 --max-right-piston-travel=3.93 --auto-piston-step --wall-hold-steps=12000 --steps=14000 --fixed-dt=0.4 --energy-measurement --eff-output=wall-ke --kbt1 --seed=9238",9238
2026-09-17 10:39:40,energy_transfer,edmd,14000,12000,0.0166666669,39.25,10,100,0.5,nan,0.100050721,0.100050721,1,39.25,1e+09,50;50,1,0.0416666667,1,1,0.00999999978,100,1000,nan,39.25,1,step,74.5700022,-0.150000006,step,3.93000007,0.150000006,nan,nan,0.150000006,nan,nan,8.21399519,7.00061946e-06,8.52279469e-07,0.999999148,8.21398819,1.01941488e-07,3.35761655e-07,2.33820167e-07,2.84660706e-08,20,27.8833313,/Users/chrisharing/Desktop/CCS_complex_coupled_systems/Repo/HardDisks/hspist3/experiments_energy_transfer/level2_slope_20260917/u0.15/tr_9235.csv,45.2333221,17.3499908,0,"./00ALLINONE --mode=edmd --experiment=energy_transfer --headless --quiet --edmd-acc=0 --seed-drift-order=drift-first --energy-transfer-summary=experiments_energy_transfer/level2_slope_20260917/u0.15/summary.csv --energy-transfer-trace=experiments_energy_transfer/level2_slope_20260917/u0.15/tr_9235.csv --particles=100 --particles-boxes=50,50 --particle-radius=0.5 --l0=39.25 --height=10 --num-walls=1 --wall-positions=39.25 --wall-mass-factors=1000000000 --piston-right-protocol-mode=step --velocity-right-piston-step=0.15 --max-right-piston-travel=3.93 --auto-piston-step --wall-hold-steps=12000 --steps=14000 --fixed-dt=0.4 --energy-measurement --eff-output=wall-ke --kbt1 --seed=9235",9235
2026-09-17 10:39:40,energy_transfer,edmd,14000,12000,0.0166666669,39.25,10,100,0.5,nan,0.100050721,0.100050721,1,39.25,1e+09,50;50,1,0.0416666667,1,1,0.00999999978,100,1000,nan,39.25,1,step,74.5700022,-0.150000006,step,3.93000007,0.150000006,nan,nan,0.150000006,nan,nan,6.87919768,6.03422768e-06,8.77170269e-07,0.999999123,6.87919165,1.2230112e-08,1.42774468e-07,1.30544356e-07,1.89766833e-08,20,27.8833313,/Users/chrisharing/Desktop/CCS_complex_coupled_systems/Repo/HardDisks/hspist3/experiments_energy_transfer/level2_slope_20260917/u0.15/tr_9240.csv,43.3833313,15.5,0,"./00ALLINONE --mode=edmd --experiment=energy_transfer --headless --quiet --edmd-acc=0 --seed-drift-order=drift-first --energy-transfer-summary=experiments_energy_transfer/level2_slope_20260917/u0.15/summary.csv --energy-transfer-trace=experiments_energy_transfer/level2_slope_20260917/u0.15/tr_9240.csv --particles=100 --particles-boxes=50,50 --particle-radius=0.5 --l0=39.25 --height=10 --num-walls=1 --wall-positions=39.25 --wall-mass-factors=1000000000 --piston-right-protocol-mode=step --velocity-right-piston-step=0.15 --max-right-piston-travel=3.93 --auto-piston-step --wall-hold-steps=12000 --steps=14000 --fixed-dt=0.4 --energy-measurement --eff-output=wall-ke --kbt1 --seed=9240",9240
2026-09-17 10:39:40,energy_transfer,edmd,14000,12000,0.0166666669,39.25,10,100,0.5,nan,0.100050721,0.100050721,1,39.25,1e+09,50;50,1,0.0416666667,1,1,0.00999999978,100,1000,nan,39.25,1,step,74.5700022,-0.150000006,step,3.93000007,0.150000006,nan,nan,0.150000006,nan,nan,8.04912739,8.9042851e-06,1.10624229e-06,0.999998894,8.04911849,1.2514522e-07,3.19492955e-07,1.94347734e-07,2.4145193e-08,20,27.8833313,/Users/chrisharing/Desktop/CCS_complex_coupled_systems/Repo/HardDisks/hspist3/experiments_energy_transfer/level2_slope_20260917/u0.15/tr_9239.csv,35.6999969,7.81666565,0,"./00ALLINONE --mode=edmd --experiment=energy_transfer --headless --quiet --edmd-acc=0 --seed-drift-order=drift-first --energy-transfer-summary=experiments_energy_transfer/level2_slope_20260917/u0.15/summary.csv --energy-transfer-trace=experiments_energy_transfer/level2_slope_20260917/u0.15/tr_9239.csv --particles=100 --particles-boxes=50,50 --particle-radius=0.5 --l0=39.25 --height=10 --num-walls=1 --wall-positions=39.25 --wall-mass-factors=1000000000 --piston-right-protocol-mode=step --velocity-right-piston-step=0.15 --max-right-piston-travel=3.93 --auto-piston-step --wall-hold-steps=12000 --steps=14000 --fixed-dt=0.4 --energy-measurement --eff-output=wall-ke --kbt1 --seed=9239",9239
2026-09-17 10:39:40,energy_transfer,edmd,14000,12000,0.0166666669,39.25,10,100,0.5,nan,0.100050721,0.100050721,1,39.25,1e+09,50;50,1,0.0416666667,1,1,0.00999999978,100,1000,nan,39.25,1,step,74.5700022,-0.150000006,step,3.93000007,0.150000006,nan,nan,0.150000006,nan,nan,8.98017194,6.0263028e-06,6.71067641e-07,0.999999329,8.98016591,3.09854342e-09,2.07839165e-07,2.04740621e-07,2.27991872e-08,20,27.8833313,/Users/chrisharing/Desktop/CCS_complex_coupled_systems/Repo/HardDisks/hspist3/experiments_energy_transfer/level2_slope_20260917/u0.15/tr_9236.csv,40.5833282,12.6999969,0,"./00ALLINONE --mode=edmd --experiment=energy_transfer --headless --quiet --edmd-acc=0 --seed-drift-order=drift-first --energy-transfer-summary=experiments_energy_transfer/level2_slope_20260917/u0.15/summary.csv --energy-transfer-trace=experiments_energy_transfer/level2_slope_20260917/u0.15/tr_9236.csv --particles=100 --particles-boxes=50,50 --particle-radius=0.5 --l0=39.25 --height=10 --num-walls=1 --wall-positions=39.25 --wall-mass-factors=1000000000 --piston-right-protocol-mode=step --velocity-right-piston-step=0.15 --max-right-piston-travel=3.93 --auto-piston-step --wall-hold-steps=12000 --steps=14000 --fixed-dt=0.4 --energy-measurement --eff-output=wall-ke --kbt1 --seed=9236",9236
2026-09-17 10:39:41,energy_transfer,edmd,14000,12000,0.0166666669,39.25,10,100,0.5,nan,0.100050721,0.100050721,1,39.25,1e+09,50;50,1,0.0416666667,1,1,0.00999999978,100,1000,nan,39.25,1,step,74.5700022,-0.150000006,step,3.93000007,0.150000006,nan,nan,0.150000006,nan,nan,8.37140681,9.19195372e-06,1.0980178e-06,0.999998902,8.37139762,3.8259671e-08,2.87196826e-07,2.48937155e-07,2.97365976e-08,20,27.8833313,/Users/chrisharing/Desktop/CCS_complex_coupled_systems/Repo/HardDisks/hspist3/experiments_energy_transfer/level2_slope_20260917/u0.15/tr_9241.csv,47.5833282,19.6999969,1,"./00ALLINONE --mode=edmd --experiment=energy_transfer --headless --quiet --edmd-acc=0 --seed-drift-order=drift-first --energy-transfer-summary=experiments_energy_transfer/level2_slope_20260917/u0.15/summary.csv --energy-transfer-trace=experiments_energy_transfer/level2_slope_20260917/u0.15/tr_9241.csv --particles=100 --particles-boxes=50,50 --particle-radius=0.5 --l0=39.25 --height=10 --num-walls=1 --wall-positions=39.25 --wall-mass-factors=1000000000 --piston-right-protocol-mode=step --velocity-right-piston-step=0.15 --max-right-piston-travel=3.93 --auto-piston-step --wall-hold-steps=12000 --steps=14000 --fixed-dt=0.4 --energy-measurement --eff-output=wall-ke --kbt1 --seed=9241",9241
2026-09-17 10:39:41,energy_transfer,edmd,14000,12000,0.0166666669,39.25,10,100,0.5,nan,0.100050721,0.100050721,1,39.25,1e+09,50;50,1,0.0416666667,1,1,0.00999999978,100,1000,nan,39.25,1,step,74.5700022,-0.150000006,step,3.93000007,0.150000006,nan,nan,0.150000006,nan,nan,7.96832407,1.23983127e-05,1.55594986e-06,0.999998444,7.96831167,2.83127463e-07,1.14315696e-06,8.60029502e-07,1.0793104e-07,20,27.8833313,/Users/chrisharing/Desktop/CCS_complex_coupled_systems/Repo/HardDisks/hspist3/experiments_energy_transfer/level2_slope_20260917/u0.15/tr_9242.csv,45.2333221,17.3499908,0,"./00ALLINONE --mode=edmd --experiment=energy_transfer --headless --quiet --edmd-acc=0 --seed-drift-order=drift-first --energy-transfer-summary=experiments_energy_transfer/level2_slope_20260917/u0.15/summary.csv --energy-transfer-trace=experiments_energy_transfer/level2_slope_20260917/u0.15/tr_9242.csv --particles=100 --particles-boxes=50,50 --particle-radius=0.5 --l0=39.25 --height=10 --num-walls=1 --wall-positions=39.25 --wall-mass-factors=1000000000 --piston-right-protocol-mode=step --velocity-right-piston-step=0.15 --max-right-piston-travel=3.93 --auto-piston-step --wall-hold-steps=12000 --steps=14000 --fixed-dt=0.4 --energy-measurement --eff-output=wall-ke --kbt1 --seed=9242",9242
2026-09-17 10:39:41,energy_transfer,edmd,14000,12000,0.0166666669,39.25,10,100,0.5,nan,0.100050721,0.100050721,1,39.25,1e+09,50;50,1,0.0416666667,1,1,0.00999999978,100,1000,nan,39.25,1,step,74.5700022,-0.150000006,step,3.93000007,0.150000006,nan,nan,0.150000006,nan,nan,9.09904605,8.09854828e-06,8.90043664e-07,0.99999911,9.09903795,8.00051509e-08,8.00051509e-08,0,0,20,27.8833313,/Users/chrisharing/Desktop/CCS_complex_coupled_systems/Repo/HardDisks/hspist3/experiments_energy_transfer/level2_slope_20260917/u0.15/tr_9247.csv,27.8833313,0,0,"./00ALLINONE --mode=edmd --experiment=energy_transfer --headless --quiet --edmd-acc=0 --seed-drift-order=drift-first --energy-transfer-summary=experiments_energy_transfer/level2_slope_20260917/u0.15/summary.csv --energy-transfer-trace=experiments_energy_transfer/level2_slope_20260917/u0.15/tr_9247.csv --particles=100 --particles-boxes=50,50 --particle-radius=0.5 --l0=39.25 --height=10 --num-walls=1 --wall-positions=39.25 --wall-mass-factors=1000000000 --piston-right-protocol-mode=step --velocity-right-piston-step=0.15 --max-right-piston-travel=3.93 --auto-piston-step --wall-hold-steps=12000 --steps=14000 --fixed-dt=0.4 --energy-measurement --eff-output=wall-ke --kbt1 --seed=9247",9247
2026-09-17 10:39:41,energy_transfer,edmd,14000,12000,0.0166666669,39.25,10,100,0.5,nan,0.100050721,0.100050721,1,39.25,1e+09,50;50,1,0.0416666667,1,1,0.00999999978,100,1000,nan,39.25,1,step,74.5700022,-0.150000006,step,3.93000007,0.150000006,nan,nan,0.150000006,nan,nan,8.21729432,9.43205032e-06,1.14782919e-06,0.999998852,8.21728489,1.03727622e-08,2.46907064e-07,2.36534301e-07,2.87849373e-08,20,27.8833313,/Users/chrisharing/Desktop/CCS_complex_coupled_systems/Repo/HardDisks/hspist3/experiments_energy_transfer/level2_slope_20260917/u0.15/tr_9243.csv,33.9166565,6.0333252,0,"./00ALLINONE --mode=edmd --experiment=energy_transfer --headless --quiet --edmd-acc=0 --seed-drift-order=drift-first --energy-transfer-summary=experiments_energy_transfer/level2_slope_20260917/u0.15/summary.csv --energy-transfer-trace=experiments_energy_transfer/level2_slope_20260917/u0.15/tr_9243.csv --particles=100 --particles-boxes=50,50 --particle-radius=0.5 --l0=39.25 --height=10 --num-walls=1 --wall-positions=39.25 --wall-mass-factors=1000000000 --piston-right-protocol-mode=step --velocity-right-piston-step=0.15 --max-right-piston-travel=3.93 --auto-piston-step --wall-hold-steps=12000 --steps=14000 --fixed-dt=0.4 --energy-measurement --eff-output=wall-ke --kbt1 --seed=9243",9243
2026-09-17 10:39:41,energy_transfer,edmd,14000,12000,0.0166666669,39.25,10,100,0.5,nan,0.100050721,0.100050721,1,39.25,1e+09,50;50,1,0.0416666667,1,1,0.00999999978,100,1000,nan,39.25,1,step,74.5700022,-0.150000006,step,3.93000007,0.150000006,nan,nan,0.150000006,nan,nan,7.5296742,6.63138326e-06,8.80699893e-07,0.999999119,7.52966757,2.29630821e-08,1.10335286e-07,8.73722037e-08,1.16037164e-08,20,27.8833313,/Users/chrisharing/Desktop/CCS_complex_coupled_systems/Repo/HardDisks/hspist3/experiments_energy_transfer/level2_slope_20260917/u0.15/tr_9244.csv,45.8999939,18.0166626,1,"./00ALLINONE --mode=edmd --experiment=energy_transfer --headless --quiet --edmd-acc=0 --seed-drift-order=drift-first --energy-transfer-summary=experiments_energy_transfer/level2_slope_20260917/u0.15/summary.csv --energy-transfer-trace=experiments_energy_transfer/level2_slope_20260917/u0.15/tr_9244.csv --particles=100 --particles-boxes=50,50 --particle-radius=0.5 --l0=39.25 --height=10 --num-walls=1 --wall-positions=39.25 --wall-mass-factors=1000000000 --piston-right-protocol-mode=step --velocity-right-piston-step=0.15 --max-right-piston-travel=3.93 --auto-piston-step --wall-hold-steps=12000 --steps=14000 --fixed-dt=0.4 --energy-measurement --eff-output=wall-ke --kbt1 --seed=9244",9244
2026-09-17 10:39:41,energy_transfer,edmd,14000,12000,0.0166666669,39.25,10,100,0.5,nan,0.100050721,0.100050721,1,39.25,1e+09,50;50,1,0.0416666667,1,1,0.00999999978,100,1000,nan,39.25,1,step,74.5700022,-0.150000006,step,3.93000007,0.150000006,nan,nan,0.150000006,nan,nan,8.98103297,7.21651304e-06,8.03528176e-07,0.999999196,8.98102576,1.07068443e-08,2.26423666e-07,2.15716821e-07,2.40191548e-08,20,27.8833313,/Users/chrisharing/Desktop/CCS_complex_coupled_systems/Repo/HardDisks/hspist3/experiments_energy_transfer/level2_slope_20260917/u0.15/tr_9245.csv,45.3166656,17.4333344,0,"./00ALLINONE --mode=edmd --experiment=energy_transfer --headless --quiet --edmd-acc=0 --seed-drift-order=drift-first --energy-transfer-summary=experiments_energy_transfer/level2_slope_20260917/u0.15/summary.csv --energy-transfer-trace=experiments_energy_transfer/level2_slope_20260917/u0.15/tr_9245.csv --particles=100 --particles-boxes=50,50 --particle-radius=0.5 --l0=39.25 --height=10 --num-walls=1 --wall-positions=39.25 --wall-mass-factors=1000000000 --piston-right-protocol-mode=step --velocity-right-piston-step=0.15 --max-right-piston-travel=3.93 --auto-piston-step --wall-hold-steps=12000 --steps=14000 --fixed-dt=0.4 --energy-measurement --eff-output=wall-ke --kbt1 --seed=9245",9245
2026-09-17 10:39:41,energy_transfer,edmd,14000,12000,0.0166666669,39.25,10,100,0.5,nan,0.100050721,0.100050721,1,39.25,1e+09,50;50,1,0.0416666667,1,1,0.00999999978,100,1000,nan,39.25,1,step,74.5700022,-0.150000006,step,3.93000007,0.150000006,nan,nan,0.150000006,nan,nan,7.90705705,6.86546628e-06,8.6827074e-07,0.999999132,7.90705019,1.51834438e-08,1.82657914e-07,1.6747447e-07,2.11803796e-08,20,27.8833313,/Users/chrisharing/Desktop/CCS_complex_coupled_systems/Repo/HardDisks/hspist3/experiments_energy_transfer/level2_slope_20260917/u0.15/tr_9246.csv,41,13.1166687,0,"./00ALLINONE --mode=edmd --experiment=energy_transfer --headless --quiet --edmd-acc=0 --seed-drift-order=drift-first --energy-transfer-summary=experiments_energy_transfer/level2_slope_20260917/u0.15/summary.csv --energy-transfer-trace=experiments_energy_transfer/level2_slope_20260917/u0.15/tr_9246.csv --particles=100 --particles-boxes=50,50 --particle-radius=0.5 --l0=39.25 --height=10 --num-walls=1 --wall-positions=39.25 --wall-mass-factors=1000000000 --piston-right-protocol-mode=step --velocity-right-piston-step=0.15 --max-right-piston-travel=3.93 --auto-piston-step --wall-hold-steps=12000 --steps=14000 --fixed-dt=0.4 --energy-measurement --eff-output=wall-ke --kbt1 --seed=9246",9246
2026-09-17 10:39:41,energy_transfer,edmd,14000,12000,0.0166666669,39.25,10,100,0.5,nan,0.100050721,0.100050721,1,39.25,1e+09,50;50,1,0.0416666667,1,1,0.00999999978,100,1000,nan,39.25,1,step,74.5700022,-0.150000006,step,3.93000007,0.150000006,nan,nan,0.150000006,nan,nan,8.49789816,8.28272641e-06,9.74679415e-07,0.999999025,8.49788988,5.05743074e-08,2.50660833e-07,2.00086525e-07,2.35454134e-08,20,27.8833313,/Users/chrisharing/Desktop/CCS_complex_coupled_systems/Repo/HardDisks/hspist3/experiments_energy_transfer/level2_slope_20260917/u0.15/tr_9248.csv,45.2833252,17.3999939,0,"./00ALLINONE --mode=edmd --experiment=energy_transfer --headless --quiet --edmd-acc=0 --seed-drift-order=drift-first --energy-transfer-summary=experiments_energy_transfer/level2_slope_20260917/u0.15/summary.csv --energy-transfer-trace=experiments_energy_transfer/level2_slope_20260917/u0.15/tr_9248.csv --particles=100 --particles-boxes=50,50 --particle-radius=0.5 --l0=39.25 --height=10 --num-walls=1 --wall-positions=39.25 --wall-mass-factors=1000000000 --piston-right-protocol-mode=step --velocity-right-piston-step=0.15 --max-right-piston-travel=3.93 --auto-piston-step --wall-hold-steps=12000 --steps=14000 --fixed-dt=0.4 --energy-measurement --eff-output=wall-ke --kbt1 --seed=9248",9248
2026-09-17 10:39:41,energy_transfer,edmd,14000,12000,0.0166666669,39.25,10,100,0.5,nan,0.100050721,0.100050721,1,39.25,1e+09,50;50,1,0.0416666667,1,1,0.00999999978,100,1000,nan,39.25,1,step,74.5700022,-0.150000006,step,3.93000007,0.150000006,nan,nan,0.150000006,nan,nan,9.37416311,7.2294838e-06,7.71213784e-07,0.999999229,9.37415588,1.98002553e-07,2.23746341e-07,2.57437875e-08,2.74624916e-09,20,27.8833313,/Users/chrisharing/Desktop/CCS_complex_coupled_systems/Repo/HardDisks/hspist3/experiments_energy_transfer/level2_slope_20260917/u0.15/tr_9250.csv,45,17.1166687,0,"./00ALLINONE --mode=edmd --experiment=energy_transfer --headless --quiet --edmd-acc=0 --seed-drift-order=drift-first --energy-transfer-summary=experiments_energy_transfer/level2_slope_20260917/u0.15/summary.csv --energy-transfer-trace=experiments_energy_transfer/level2_slope_20260917/u0.15/tr_9250.csv --particles=100 --particles-boxes=50,50 --particle-radius=0.5 --l0=39.25 --height=10 --num-walls=1 --wall-positions=39.25 --wall-mass-factors=1000000000 --piston-right-protocol-mode=step --velocity-right-piston-step=0.15 --max-right-piston-travel=3.93 --auto-piston-step --wall-hold-steps=12000 --steps=14000 --fixed-dt=0.4 --energy-measurement --eff-output=wall-ke --kbt1 --seed=9250",9250
2026-09-17 10:39:41,energy_transfer,edmd,14000,12000,0.0166666669,39.25,10,100,0.5,nan,0.100050721,0.100050721,1,39.25,1e+09,50;50,1,0.0416666667,1,1,0.00999999978,100,1000,nan,39.25,1,step,74.5700022,-0.150000006,step,3.93000007,0.150000006,nan,nan,0.150000006,nan,nan,6.05189592,4.88657315e-06,8.07445009e-07,0.999999193,6.05189103,1.1093765e-08,1.9910199e-07,1.88008225e-07,3.10660044e-08,20,27.8833313,/Users/chrisharing/Desktop/CCS_complex_coupled_systems/Repo/HardDisks/hspist3/experiments_energy_transfer/level2_slope_20260917/u0.15/tr_9249.csv,47.5666656,19.6833344,1,"./00ALLINONE --mode=edmd --experiment=energy_transfer --headless --quiet --edmd-acc=0 --seed-drift-order=drift-first --energy-transfer-summary=experiments_energy_transfer/level2_slope_20260917/u0.15/summary.csv --energy-transfer-trace=experiments_energy_transfer/level2_slope_20260917/u0.15/tr_9249.csv --particles=100 --particles-boxes=50,50 --particle-radius=0.5 --l0=39.25 --height=10 --num-walls=1 --wall-positions=39.25 --wall-mass-factors=1000000000 --piston-right-protocol-mode=step --velocity-right-piston-step=0.15 --max-right-piston-travel=3.93 --auto-piston-step --wall-hold-steps=12000 --steps=14000 --fixed-dt=0.4 --energy-measurement --eff-output=wall-ke --kbt1 --seed=9249",9249
2026-09-17 10:39:42,energy_transfer,edmd,14000,12000,0.0166666669,39.25,10,100,0.5,nan,0.100050721,0.100050721,1,39.25,1e+09,50;50,1,0.0416666667,1,1,0.00999999978,100,1000,nan,39.25,1,step,74.5700022,-0.150000006,step,3.93000007,0.150000006,nan,nan,0.150000006,nan,nan,8.81374644,1.03259408e-05,1.17157226e-06,0.999998828,8.81373612,2.37906628e-09,3.13177111e-07,3.10798045e-07,3.52628756e-08,20,27.8833313,/Users/chrisharing/Desktop/CCS_complex_coupled_systems/Repo/HardDisks/hspist3/experiments_energy_transfer/level2_slope_20260917/u0.15/tr_9251.csv,43.9666595,16.0833282,0,"./00ALLINONE --mode=edmd --experiment=energy_transfer --headless --quiet --edmd-acc=0 --seed-drift-order=drift-first --energy-transfer-summary=experiments_energy_transfer/level2_slope_20260917/u0.15/summary.csv --energy-transfer-trace=experiments_energy_transfer/level2_slope_20260917/u0.15/tr_9251.csv --particles=100 --particles-boxes=50,50 --particle-radius=0.5 --l0=39.25 --height=10 --num-walls=1 --wall-positions=39.25 --wall-mass-factors=1000000000 --piston-right-protocol-mode=step --velocity-right-piston-step=0.15 --max-right-piston-travel=3.93 --auto-piston-step --wall-hold-steps=12000 --steps=14000 --fixed-dt=0.4 --energy-measurement --eff-output=wall-ke --kbt1 --seed=9251",9251
2026-09-17 10:39:42,energy_transfer,edmd,14000,12000,0.0166666669,39.25,10,100,0.5,nan,0.100050721,0.100050721,1,39.25,1e+09,50;50,1,0.0416666667,1,1,0.00999999978,100,1000,nan,39.25,1,step,74.5700022,-0.150000006,step,3.93000007,0.150000006,nan,nan,0.150000006,nan,nan,6.14285212,6.73807381e-06,1.09689663e-06,0.999998903,6.14284538,5.66989762e-08,1.18136768e-07,6.14377917e-08,1.00015092e-08,20,27.8833313,/Users/chrisharing/Desktop/CCS_complex_coupled_systems/Repo/HardDisks/hspist3/experiments_energy_transfer/level2_slope_20260917/u0.15/tr_9252.csv,39.3499908,11.4666595,0,"./00ALLINONE --mode=edmd --experiment=energy_transfer --headless --quiet --edmd-acc=0 --seed-drift-order=drift-first --energy-transfer-summary=experiments_energy_transfer/level2_slope_20260917/u0.15/summary.csv --energy-transfer-trace=experiments_energy_transfer/level2_slope_20260917/u0.15/tr_9252.csv --particles=100 --particles-boxes=50,50 --particle-radius=0.5 --l0=39.25 --height=10 --num-walls=1 --wall-positions=39.25 --wall-mass-factors=1000000000 --piston-right-protocol-mode=step --velocity-right-piston-step=0.15 --max-right-piston-travel=3.93 --auto-piston-step --wall-hold-steps=12000 --steps=14000 --fixed-dt=0.4 --energy-measurement --eff-output=wall-ke --kbt1 --seed=9252",9252
2026-09-17 10:39:42,energy_transfer,edmd,14000,12000,0.0166666669,39.25,10,100,0.5,nan,0.100050721,0.100050721,1,39.25,1e+09,50;50,1,0.0416666667,1,1,0.00999999978,100,1000,nan,39.25,1,step,74.5700022,-0.150000006,step,3.93000007,0.150000006,nan,nan,0.150000006,nan,nan,10.0767044,1.03251969e-05,1.02466009e-06,0.999998975,10.0766941,6.20035863e-08,5.20989317e-07,4.58985731e-07,4.55491906e-08,20,27.8833313,/Users/chrisharing/Desktop/CCS_complex_coupled_systems/Repo/HardDisks/hspist3/experiments_energy_transfer/level2_slope_20260917/u0.15/tr_9254.csv,44.6166534,16.7333221,0,"./00ALLINONE --mode=edmd --experiment=energy_transfer --headless --quiet --edmd-acc=0 --seed-drift-order=drift-first --energy-transfer-summary=experiments_energy_transfer/level2_slope_20260917/u0.15/summary.csv --energy-transfer-trace=experiments_energy_transfer/level2_slope_20260917/u0.15/tr_9254.csv --particles=100 --particles-boxes=50,50 --particle-radius=0.5 --l0=39.25 --height=10 --num-walls=1 --wall-positions=39.25 --wall-mass-factors=1000000000 --piston-right-protocol-mode=step --velocity-right-piston-step=0.15 --max-right-piston-travel=3.93 --auto-piston-step --wall-hold-steps=12000 --steps=14000 --fixed-dt=0.4 --energy-measurement --eff-output=wall-ke --kbt1 --seed=9254",9254
2026-09-17 10:39:42,energy_transfer,edmd,14000,12000,0.0166666669,39.25,10,100,0.5,nan,0.100050721,0.100050721,1,39.25,1e+09,50;50,1,0.0416666667,1,1,0.00999999978,100,1000,nan,39.25,1,step,74.5700022,-0.150000006,step,3.93000007,0.150000006,nan,nan,0.150000006,nan,nan,8.80059968,8.44348415e-06,9.59421455e-07,0.999999041,8.80059124,3.20889271e-09,1.09718471e-07,1.06509578e-07,1.21025364e-08,20,27.8833313,/Users/chrisharing/Desktop/CCS_complex_coupled_systems/Repo/HardDisks/hspist3/experiments_energy_transfer/level2_slope_20260917/u0.15/tr_9259.csv,42.8666534,14.9833221,0,"./00ALLINONE --mode=edmd --experiment=energy_transfer --headless --quiet --edmd-acc=0 --seed-drift-order=drift-first --energy-transfer-summary=experiments_energy_transfer/level2_slope_20260917/u0.15/summary.csv --energy-transfer-trace=experiments_energy_transfer/level2_slope_20260917/u0.15/tr_9259.csv --particles=100 --particles-boxes=50,50 --particle-radius=0.5 --l0=39.25 --height=10 --num-walls=1 --wall-positions=39.25 --wall-mass-factors=1000000000 --piston-right-protocol-mode=step --velocity-right-piston-step=0.15 --max-right-piston-travel=3.93 --auto-piston-step --wall-hold-steps=12000 --steps=14000 --fixed-dt=0.4 --energy-measurement --eff-output=wall-ke --kbt1 --seed=9259",9259
2026-09-17 10:39:42,energy_transfer,edmd,14000,12000,0.0166666669,39.25,10,100,0.5,nan,0.100050721,0.100050721,1,39.25,1e+09,50;50,1,0.0416666667,1,1,0.00999999978,100,1000,nan,39.25,1,step,74.5700022,-0.150000006,step,3.93000007,0.150000006,nan,nan,0.150000006,nan,nan,8.01450849,6.71855378e-06,8.38298916e-07,0.999999162,8.01450177,5.26039101e-10,3.03241961e-07,3.02715922e-07,3.77709903e-08,20,27.8833313,/Users/chrisharing/Desktop/CCS_complex_coupled_systems/Repo/HardDisks/hspist3/experiments_energy_transfer/level2_slope_20260917/u0.15/tr_9253.csv,41.2999878,13.4166565,0,"./00ALLINONE --mode=edmd --experiment=energy_transfer --headless --quiet --edmd-acc=0 --seed-drift-order=drift-first --energy-transfer-summary=experiments_energy_transfer/level2_slope_20260917/u0.15/summary.csv --energy-transfer-trace=experiments_energy_transfer/level2_slope_20260917/u0.15/tr_9253.csv --particles=100 --particles-boxes=50,50 --particle-radius=0.5 --l0=39.25 --height=10 --num-walls=1 --wall-positions=39.25 --wall-mass-factors=1000000000 --piston-right-protocol-mode=step --velocity-right-piston-step=0.15 --max-right-piston-travel=3.93 --auto-piston-step --wall-hold-steps=12000 --steps=14000 --fixed-dt=0.4 --energy-measurement --eff-output=wall-ke --kbt1 --seed=9253",9253
2026-09-17 10:39:42,energy_transfer,edmd,14000,12000,0.0166666669,39.25,10,100,0.5,nan,0.100050721,0.100050721,1,39.25,1e+09,50;50,1,0.0416666667,1,1,0.00999999978,100,1000,nan,39.25,1,step,74.5700022,-0.150000006,step,3.93000007,0.150000006,nan,nan,0.150000006,nan,nan,8.20303738,8.71084649e-06,1.06190501e-06,0.999998938,8.20302867,3.79019696e-08,3.16716608e-07,2.78814639e-07,3.39891952e-08,20,27.8833313,/Users/chrisharing/Desktop/CCS_complex_coupled_systems/Repo/HardDisks/hspist3/experiments_energy_transfer/level2_slope_20260917/u0.15/tr_9255.csv,36.0499878,8.16665649,0,"./00ALLINONE --mode=edmd --experiment=energy_transfer --headless --quiet --edmd-acc=0 --seed-drift-order=drift-first --energy-transfer-summary=experiments_energy_transfer/level2_slope_20260917/u0.15/summary.csv --energy-transfer-trace=experiments_energy_transfer/level2_slope_20260917/u0.15/tr_9255.csv --particles=100 --particles-boxes=50,50 --particle-radius=0.5 --l0=39.25 --height=10 --num-walls=1 --wall-positions=39.25 --wall-mass-factors=1000000000 --piston-right-protocol-mode=step --velocity-right-piston-step=0.15 --max-right-piston-travel=3.93 --auto-piston-step --wall-hold-steps=12000 --steps=14000 --fixed-dt=0.4 --energy-measurement --eff-output=wall-ke --kbt1 --seed=9255",9255
2026-09-17 10:39:42,energy_transfer,edmd,14000,12000,0.0166666669,39.25,10,100,0.5,nan,0.100050721,0.100050721,1,39.25,1e+09,50;50,1,0.0416666667,1,1,0.00999999978,100,1000,nan,39.25,1,step,74.5700022,-0.150000006,step,3.93000007,0.150000006,nan,nan,0.150000006,nan,nan,9.07875276,8.05785112e-06,8.87550453e-07,0.999999112,9.0787447,1.43010524e-07,1.90598982e-07,4.75884576e-08,5.24173958e-09,20,27.8833313,/Users/chrisharing/Desktop/CCS_complex_coupled_systems/Repo/HardDisks/hspist3/experiments_energy_transfer/level2_slope_20260917/u0.15/tr_9257.csv,46.1666565,18.2833252,1,"./00ALLINONE --mode=edmd --experiment=energy_transfer --headless --quiet --edmd-acc=0 --seed-drift-order=drift-first --energy-transfer-summary=experiments_energy_transfer/level2_slope_20260917/u0.15/summary.csv --energy-transfer-trace=experiments_energy_transfer/level2_slope_20260917/u0.15/tr_9257.csv --particles=100 --particles-boxes=50,50 --particle-radius=0.5 --l0=39.25 --height=10 --num-walls=1 --wall-positions=39.25 --wall-mass-factors=1000000000 --piston-right-protocol-mode=step --velocity-right-piston-step=0.15 --max-right-piston-travel=3.93 --auto-piston-step --wall-hold-steps=12000 --steps=14000 --fixed-dt=0.4 --energy-measurement --eff-output=wall-ke --kbt1 --seed=9257",9257
2026-09-17 10:39:43,energy_transfer,edmd,14000,12000,0.0166666669,39.25,10,100,0.5,nan,0.100050721,0.100050721,1,39.25,1e+09,50;50,1,0.0416666667,1,1,0.00999999978,100,1000,nan,39.25,1,step,74.5700022,-0.150000006,step,3.93000007,0.150000006,nan,nan,0.150000006,nan,nan,6.66398019,5.02813737e-06,7.54524656e-07,0.999999245,6.66397517,3.94983317e-08,7.21816278e-08,3.26832961e-08,4.90447077e-09,20,27.8833313,/Users/chrisharing/Desktop/CCS_complex_coupled_systems/Repo/HardDisks/hspist3/experiments_energy_transfer/level2_slope_20260917/u0.15/tr_9260.csv,34.25,6.3666687,0,"./00ALLINONE --mode=edmd --experiment=energy_transfer --headless --quiet --edmd-acc=0 --seed-drift-order=drift-first --energy-transfer-summary=experiments_energy_transfer/level2_slope_20260917/u0.15/summary.csv --energy-transfer-trace=experiments_energy_transfer/level2_slope_20260917/u0.15/tr_9260.csv --particles=100 --particles-boxes=50,50 --particle-radius=0.5 --l0=39.25 --height=10 --num-walls=1 --wall-positions=39.25 --wall-mass-factors=1000000000 --piston-right-protocol-mode=step --velocity-right-piston-step=0.15 --max-right-piston-travel=3.93 --auto-piston-step --wall-hold-steps=12000 --steps=14000 --fixed-dt=0.4 --energy-measurement --eff-output=wall-ke --kbt1 --seed=9260",9260
2026-09-17 10:39:43,energy_transfer,edmd,14000,12000,0.0166666669,39.25,10,100,0.5,nan,0.100050721,0.100050721,1,39.25,1e+09,50;50,1,0.0416666667,1,1,0.00999999978,100,1000,nan,39.25,1,step,74.5700022,-0.150000006,step,3.93000007,0.150000006,nan,nan,0.150000006,nan,nan,8.38833108,1.08227314e-05,1.29021271e-06,0.99999871,8.38832025,7.10336323e-08,3.83559353e-07,3.12525721e-07,3.72571991e-08,20,27.8833313,/Users/chrisharing/Desktop/CCS_complex_coupled_systems/Repo/HardDisks/hspist3/experiments_energy_transfer/level2_slope_20260917/u0.15/tr_9256.csv,40.1666565,12.2833252,0,"./00ALLINONE --mode=edmd --experiment=energy_transfer --headless --quiet --edmd-acc=0 --seed-drift-order=drift-first --energy-transfer-summary=experiments_energy_transfer/level2_slope_20260917/u0.15/summary.csv --energy-transfer-trace=experiments_energy_transfer/level2_slope_20260917/u0.15/tr_9256.csv --particles=100 --particles-boxes=50,50 --particle-radius=0.5 --l0=39.25 --height=10 --num-walls=1 --wall-positions=39.25 --wall-mass-factors=1000000000 --piston-right-protocol-mode=step --velocity-right-piston-step=0.15 --max-right-piston-travel=3.93 --auto-piston-step --wall-hold-steps=12000 --steps=14000 --fixed-dt=0.4 --energy-measurement --eff-output=wall-ke --kbt1 --seed=9256",9256
2026-09-17 10:39:43,energy_transfer,edmd,14000,12000,0.0166666669,39.25,10,100,0.5,nan,0.100050721,0.100050721,1,39.25,1e+09,50;50,1,0.0416666667,1,1,0.00999999978,100,1000,nan,39.25,1,step,74.5700022,-0.150000006,step,3.93000007,0.150000006,nan,nan,0.150000006,nan,nan,7.02809271,6.4048113e-06,9.11315711e-07,0.999999089,7.0280863,2.34476492e-08,2.00254732e-07,1.76807083e-07,2.51571927e-08,20,27.8833313,/Users/chrisharing/Desktop/CCS_complex_coupled_systems/Repo/HardDisks/hspist3/experiments_energy_transfer/level2_slope_20260917/u0.15/tr_9258.csv,42.6166534,14.7333221,0,"./00ALLINONE --mode=edmd --experiment=energy_transfer --headless --quiet --edmd-acc=0 --seed-drift-order=drift-first --energy-transfer-summary=experiments_energy_transfer/level2_slope_20260917/u0.15/summary.csv --energy-transfer-trace=experiments_energy_transfer/level2_slope_20260917/u0.15/tr_9258.csv --particles=100 --particles-boxes=50,50 --particle-radius=0.5 --l0=39.25 --height=10 --num-walls=1 --wall-positions=39.25 --wall-mass-factors=1000000000 --piston-right-protocol-mode=step --velocity-right-piston-step=0.15 --max-right-piston-travel=3.93 --auto-piston-step --wall-hold-steps=12000 --steps=14000 --fixed-dt=0.4 --energy-measurement --eff-output=wall-ke --kbt1 --seed=9258",9258
2026-09-17 10:39:43,energy_transfer,edmd,14000,12000,0.0166666669,39.25,10,100,0.5,nan,0.100050721,0.100050721,1,39.25,1e+09,50;50,1,0.0416666667,1,1,0.00999999978,100,1000,nan,39.25,1,step,74.5700022,-0.150000006,step,3.93000007,0.150000006,nan,nan,0.150000006,nan,nan,8.1451547,9.20600996e-06,1.13024372e-06,0.99999887,8.1451455,2.42752467e-08,1.50699236e-07,1.26423989e-07,1.55213736e-08,20,27.8833313,/Users/chrisharing/Desktop/CCS_complex_coupled_systems/Repo/HardDisks/hspist3/experiments_energy_transfer/level2_slope_20260917/u0.15/tr_9261.csv,47.4166565,19.5333252,1,"./00ALLINONE --mode=edmd --experiment=energy_transfer --headless --quiet --edmd-acc=0 --seed-drift-order=drift-first --energy-transfer-summary=experiments_energy_transfer/level2_slope_20260917/u0.15/summary.csv --energy-transfer-trace=experiments_energy_transfer/level2_slope_20260917/u0.15/tr_9261.csv --particles=100 --particles-boxes=50,50 --particle-radius=0.5 --l0=39.25 --height=10 --num-walls=1 --wall-positions=39.25 --wall-mass-factors=1000000000 --piston-right-protocol-mode=step --velocity-right-piston-step=0.15 --max-right-piston-travel=3.93 --auto-piston-step --wall-hold-steps=12000 --steps=14000 --fixed-dt=0.4 --energy-measurement --eff-output=wall-ke --kbt1 --seed=9261",9261
2026-09-17 10:39:43,energy_transfer,edmd,14000,12000,0.0166666669,39.25,10,100,0.5,nan,0.100050721,0.100050721,1,39.25,1e+09,50;50,1,0.0416666667,1,1,0.00999999978,100,1000,nan,39.25,1,step,74.5700022,-0.150000006,step,3.93000007,0.150000006,nan,nan,0.150000006,nan,nan,8.77970597,8.8696479e-06,1.0102443e-06,0.99999899,8.7796971,5.36661986e-08,3.1155534e-07,2.57889141e-07,2.93733232e-08,20,27.8833313,/Users/chrisharing/Desktop/CCS_complex_coupled_systems/Repo/HardDisks/hspist3/experiments_energy_transfer/level2_slope_20260917/u0.15/tr_9262.csv,37.6999969,9.81666565,0,"./00ALLINONE --mode=edmd --experiment=energy_transfer --headless --quiet --edmd-acc=0 --seed-drift-order=drift-first --energy-transfer-summary=experiments_energy_transfer/level2_slope_20260917/u0.15/summary.csv --energy-transfer-trace=experiments_energy_transfer/level2_slope_20260917/u0.15/tr_9262.csv --particles=100 --particles-boxes=50,50 --particle-radius=0.5 --l0=39.25 --height=10 --num-walls=1 --wall-positions=39.25 --wall-mass-factors=1000000000 --piston-right-protocol-mode=step --velocity-right-piston-step=0.15 --max-right-piston-travel=3.93 --auto-piston-step --wall-hold-steps=12000 --steps=14000 --fixed-dt=0.4 --energy-measurement --eff-output=wall-ke --kbt1 --seed=9262",9262
2026-09-17 10:39:43,energy_transfer,edmd,14000,12000,0.0166666669,39.25,10,100,0.5,nan,0.100050721,0.100050721,1,39.25,1e+09,50;50,1,0.0416666667,1,1,0.00999999978,100,1000,nan,39.25,1,step,74.5700022,-0.150000006,step,3.93000007,0.150000006,nan,nan,0.150000006,nan,nan,8.3905521,6.59917714e-06,7.86500943e-07,0.999999213,8.3905455,5.87530771e-08,2.74660437e-07,2.1590736e-07,2.57321994e-08,20,27.8833313,/Users/chrisharing/Desktop/CCS_complex_coupled_systems/Repo/HardDisks/hspist3/experiments_energy_transfer/level2_slope_20260917/u0.15/tr_9263.csv,40.8333282,12.9499969,0,"./00ALLINONE --mode=edmd --experiment=energy_transfer --headless --quiet --edmd-acc=0 --seed-drift-order=drift-first --energy-transfer-summary=experiments_energy_transfer/level2_slope_20260917/u0.15/summary.csv --energy-transfer-trace=experiments_energy_transfer/level2_slope_20260917/u0.15/tr_9263.csv --particles=100 --particles-boxes=50,50 --particle-radius=0.5 --l0=39.25 --height=10 --num-walls=1 --wall-positions=39.25 --wall-mass-factors=1000000000 --piston-right-protocol-mode=step --velocity-right-piston-step=0.15 --max-right-piston-travel=3.93 --auto-piston-step --wall-hold-steps=12000 --steps=14000 --fixed-dt=0.4 --energy-measurement --eff-output=wall-ke --kbt1 --seed=9263",9263
2026-09-17 10:39:44,energy_transfer,edmd,14000,12000,0.0166666669,39.25,10,100,0.5,nan,0.100050721,0.100050721,1,39.25,1e+09,50;50,1,0.0416666667,1,1,0.00999999978,100,1000,nan,39.25,1,step,74.5700022,-0.150000006,step,3.93000007,0.150000006,nan,nan,0.150000006,nan,nan,7.918007,9.59757926e-06,1.21212058e-06,0.999998788,7.9179974,6.62898429e-08,5.13041869e-07,4.46752026e-07,5.64222822e-08,20,27.8833313,/Users/chrisharing/Desktop/CCS_complex_coupled_systems/Repo/HardDisks/hspist3/experiments_energy_transfer/level2_slope_20260917/u0.15/tr_9267.csv,47.8666534,19.9833221,1,"./00ALLINONE --mode=edmd --experiment=energy_transfer --headless --quiet --edmd-acc=0 --seed-drift-order=drift-first --energy-transfer-summary=experiments_energy_transfer/level2_slope_20260917/u0.15/summary.csv --energy-transfer-trace=experiments_energy_transfer/level2_slope_20260917/u0.15/tr_9267.csv --particles=100 --particles-boxes=50,50 --particle-radius=0.5 --l0=39.25 --height=10 --num-walls=1 --wall-positions=39.25 --wall-mass-factors=1000000000 --piston-right-protocol-mode=step --velocity-right-piston-step=0.15 --max-right-piston-travel=3.93 --auto-piston-step --wall-hold-steps=12000 --steps=14000 --fixed-dt=0.4 --energy-measurement --eff-output=wall-ke --kbt1 --seed=9267",9267
2026-09-17 10:39:44,energy_transfer,edmd,14000,12000,0.0166666669,39.25,10,100,0.5,nan,0.100050721,0.100050721,1,39.25,1e+09,50;50,1,0.0416666667,1,1,0.00999999978,100,1000,nan,39.25,1,step,74.5700022,-0.150000006,step,3.93000007,0.150000006,nan,nan,0.150000006,nan,nan,8.27013593,8.48875152e-06,1.02643434e-06,0.999998974,8.27012744,1.27654417e-07,5.81934955e-07,4.54280539e-07,5.49302384e-08,20,27.8833313,/Users/chrisharing/Desktop/CCS_complex_coupled_systems/Repo/HardDisks/hspist3/experiments_energy_transfer/level2_slope_20260917/u0.15/tr_9265.csv,47.1666565,19.2833252,1,"./00ALLINONE --mode=edmd --experiment=energy_transfer --headless --quiet --edmd-acc=0 --seed-drift-order=drift-first --energy-transfer-summary=experiments_energy_transfer/level2_slope_20260917/u0.15/summary.csv --energy-transfer-trace=experiments_energy_transfer/level2_slope_20260917/u0.15/tr_9265.csv --particles=100 --particles-boxes=50,50 --particle-radius=0.5 --l0=39.25 --height=10 --num-walls=1 --wall-positions=39.25 --wall-mass-factors=1000000000 --piston-right-protocol-mode=step --velocity-right-piston-step=0.15 --max-right-piston-travel=3.93 --auto-piston-step --wall-hold-steps=12000 --steps=14000 --fixed-dt=0.4 --energy-measurement --eff-output=wall-ke --kbt1 --seed=9265",9265
2026-09-17 10:39:44,energy_transfer,edmd,14000,12000,0.0166666669,39.25,10,100,0.5,nan,0.100050721,0.100050721,1,39.25,1e+09,50;50,1,0.0416666667,1,1,0.00999999978,100,1000,nan,39.25,1,step,74.5700022,-0.150000006,step,3.93000007,0.150000006,nan,nan,0.150000006,nan,nan,8.25039012,6.65810103e-06,8.07004388e-07,0.999999193,8.25038346,1.21916539e-08,2.58511307e-07,2.46319653e-07,2.98555158e-08,20,27.8833313,/Users/chrisharing/Desktop/CCS_complex_coupled_systems/Repo/HardDisks/hspist3/experiments_energy_transfer/level2_slope_20260917/u0.15/tr_9264.csv,45.8499908,17.9666595,0,"./00ALLINONE --mode=edmd --experiment=energy_transfer --headless --quiet --edmd-acc=0 --seed-drift-order=drift-first --energy-transfer-summary=experiments_energy_transfer/level2_slope_20260917/u0.15/summary.csv --energy-transfer-trace=experiments_energy_transfer/level2_slope_20260917/u0.15/tr_9264.csv --particles=100 --particles-boxes=50,50 --particle-radius=0.5 --l0=39.25 --height=10 --num-walls=1 --wall-positions=39.25 --wall-mass-factors=1000000000 --piston-right-protocol-mode=step --velocity-right-piston-step=0.15 --max-right-piston-travel=3.93 --auto-piston-step --wall-hold-steps=12000 --steps=14000 --fixed-dt=0.4 --energy-measurement --eff-output=wall-ke --kbt1 --seed=9264",9264
2026-09-17 10:39:44,energy_transfer,edmd,14000,12000,0.0166666669,39.25,10,100,0.5,nan,0.100050721,0.100050721,1,39.25,1e+09,50;50,1,0.0416666667,1,1,0.00999999978,100,1000,nan,39.25,1,step,74.5700022,-0.150000006,step,3.93000007,0.150000006,nan,nan,0.150000006,nan,nan,8.64940033,8.45572686e-06,9.7760845e-07,0.999999022,8.64939188,7.15505122e-09,3.45297082e-07,3.3814203e-07,3.90942744e-08,20,27.8833313,/Users/chrisharing/Desktop/CCS_complex_coupled_systems/Repo/HardDisks/hspist3/experiments_energy_transfer/level2_slope_20260917/u0.15/tr_9266.csv,44.7666626,16.8833313,0,"./00ALLINONE --mode=edmd --experiment=energy_transfer --headless --quiet --edmd-acc=0 --seed-drift-order=drift-first --energy-transfer-summary=experiments_energy_transfer/level2_slope_20260917/u0.15/summary.csv --energy-transfer-trace=experiments_energy_transfer/level2_slope_20260917/u0.15/tr_9266.csv --particles=100 --particles-boxes=50,50 --particle-radius=0.5 --l0=39.25 --height=10 --num-walls=1 --wall-positions=39.25 --wall-mass-factors=1000000000 --piston-right-protocol-mode=step --velocity-right-piston-step=0.15 --max-right-piston-travel=3.93 --auto-piston-step --wall-hold-steps=12000 --steps=14000 --fixed-dt=0.4 --energy-measurement --eff-output=wall-ke --kbt1 --seed=9266",9266
2026-09-17 10:39:44,energy_transfer,edmd,14000,12000,0.0166666669,39.25,10,100,0.5,nan,0.100050721,0.100050721,1,39.25,1e+09,50;50,1,0.0416666667,1,1,0.00999999978,100,1000,nan,39.25,1,step,74.5700022,-0.150000006,step,3.93000007,0.150000006,nan,nan,0.150000006,nan,nan,8.90063466,8.94112236e-06,1.00454886e-06,0.999998995,8.90062572,8.67573036e-09,3.37650448e-07,3.28974718e-07,3.69608158e-08,20,27.8833313,/Users/chrisharing/Desktop/CCS_complex_coupled_systems/Repo/HardDisks/hspist3/experiments_energy_transfer/level2_slope_20260917/u0.15/tr_9269.csv,45.8999939,18.0166626,1,"./00ALLINONE --mode=edmd --experiment=energy_transfer --headless --quiet --edmd-acc=0 --seed-drift-order=drift-first --energy-transfer-summary=experiments_energy_transfer/level2_slope_20260917/u0.15/summary.csv --energy-transfer-trace=experiments_energy_transfer/level2_slope_20260917/u0.15/tr_9269.csv --particles=100 --particles-boxes=50,50 --particle-radius=0.5 --l0=39.25 --height=10 --num-walls=1 --wall-positions=39.25 --wall-mass-factors=1000000000 --piston-right-protocol-mode=step --velocity-right-piston-step=0.15 --max-right-piston-travel=3.93 --auto-piston-step --wall-hold-steps=12000 --steps=14000 --fixed-dt=0.4 --energy-measurement --eff-output=wall-ke --kbt1 --seed=9269",9269
2026-09-17 10:39:44,energy_transfer,edmd,14000,12000,0.0166666669,39.25,10,100,0.5,nan,0.100050721,0.100050721,1,39.25,1e+09,50;50,1,0.0416666667,1,1,0.00999999978,100,1000,nan,39.25,1,step,74.5700022,-0.150000006,step,3.93000007,0.150000006,nan,nan,0.150000006,nan,nan,8.63535041,1.0173213e-05,1.1780892e-06,0.999998822,8.63534023,3.22589273e-07,5.92129084e-07,2.69539811e-07,3.12135349e-08,20,27.8833313,/Users/chrisharing/Desktop/CCS_complex_coupled_systems/Repo/HardDisks/hspist3/experiments_energy_transfer/level2_slope_20260917/u0.15/tr_9268.csv,45.5166626,17.6333313,0,"./00ALLINONE --mode=edmd --experiment=energy_transfer --headless --quiet --edmd-acc=0 --seed-drift-order=drift-first --energy-transfer-summary=experiments_energy_transfer/level2_slope_20260917/u0.15/summary.csv --energy-transfer-trace=experiments_energy_transfer/level2_slope_20260917/u0.15/tr_9268.csv --particles=100 --particles-boxes=50,50 --particle-radius=0.5 --l0=39.25 --height=10 --num-walls=1 --wall-positions=39.25 --wall-mass-factors=1000000000 --piston-right-protocol-mode=step --velocity-right-piston-step=0.15 --max-right-piston-travel=3.93 --auto-piston-step --wall-hold-steps=12000 --steps=14000 --fixed-dt=0.4 --energy-measurement --eff-output=wall-ke --kbt1 --seed=9268",9268
2026-09-17 10:39:44,energy_transfer,edmd,14000,12000,0.0166666669,39.25,10,100,0.5,nan,0.100050721,0.100050721,1,39.25,1e+09,50;50,1,0.0416666667,1,1,0.00999999978,100,1000,nan,39.25,1,step,74.5700022,-0.150000006,step,3.93000007,0.150000006,nan,nan,0.150000006,nan,nan,8.28349875,9.03590262e-06,1.09083165e-06,0.999998909,8.28348971,1.04733104e-07,1.89815751e-07,8.50826467e-08,1.02713418e-08,20,27.8833313,/Users/chrisharing/Desktop/CCS_complex_coupled_systems/Repo/HardDisks/hspist3/experiments_energy_transfer/level2_slope_20260917/u0.15/tr_9270.csv,29.5666656,1.68333435,0,"./00ALLINONE --mode=edmd --experiment=energy_transfer --headless --quiet --edmd-acc=0 --seed-drift-order=drift-first --energy-transfer-summary=experiments_energy_transfer/level2_slope_20260917/u0.15/summary.csv --energy-transfer-trace=experiments_energy_transfer/level2_slope_20260917/u0.15/tr_9270.csv --particles=100 --particles-boxes=50,50 --particle-radius=0.5 --l0=39.25 --height=10 --num-walls=1 --wall-positions=39.25 --wall-mass-factors=1000000000 --piston-right-protocol-mode=step --velocity-right-piston-step=0.15 --max-right-piston-travel=3.93 --auto-piston-step --wall-hold-steps=12000 --steps=14000 --fixed-dt=0.4 --energy-measurement --eff-output=wall-ke --kbt1 --seed=9270",9270
2026-09-17 10:39:45,energy_transfer,edmd,14000,12000,0.0166666669,39.25,10,100,0.5,nan,0.100050721,0.100050721,1,39.25,1e+09,50;50,1,0.0416666667,1,1,0.00999999978,100,1000,nan,39.25,1,step,74.5700022,-0.150000006,step,3.93000007,0.150000006,nan,nan,0.150000006,nan,nan,8.74293289,6.36548566e-06,7.28072118e-07,0.999999272,8.74292652,1.02148235e-07,1.27465768e-07,2.5317533e-08,2.89577117e-09,20,27.8833313,/Users/chrisharing/Desktop/CCS_complex_coupled_systems/Repo/HardDisks/hspist3/experiments_energy_transfer/level2_slope_20260917/u0.15/tr_9272.csv,28.3833313,0.5,0,"./00ALLINONE --mode=edmd --experiment=energy_transfer --headless --quiet --edmd-acc=0 --seed-drift-order=drift-first --energy-transfer-summary=experiments_energy_transfer/level2_slope_20260917/u0.15/summary.csv --energy-transfer-trace=experiments_energy_transfer/level2_slope_20260917/u0.15/tr_9272.csv --particles=100 --particles-boxes=50,50 --particle-radius=0.5 --l0=39.25 --height=10 --num-walls=1 --wall-positions=39.25 --wall-mass-factors=1000000000 --piston-right-protocol-mode=step --velocity-right-piston-step=0.15 --max-right-piston-travel=3.93 --auto-piston-step --wall-hold-steps=12000 --steps=14000 --fixed-dt=0.4 --energy-measurement --eff-output=wall-ke --kbt1 --seed=9272",9272
2026-09-17 10:39:45,energy_transfer,edmd,14000,12000,0.0166666669,39.25,10,100,0.5,nan,0.100050721,0.100050721,1,39.25,1e+09,50;50,1,0.0416666667,1,1,0.00999999978,100,1000,nan,39.25,1,step,74.5700022,-0.150000006,step,3.93000007,0.150000006,nan,nan,0.150000006,nan,nan,8.7023999,1.03826878e-05,1.19308328e-06,0.999998807,8.70238952,7.7175109e-08,1.10588098e-06,1.02870587e-06,1.18209446e-07,20,27.8833313,/Users/chrisharing/Desktop/CCS_complex_coupled_systems/Repo/HardDisks/hspist3/experiments_energy_transfer/level2_slope_20260917/u0.15/tr_9273.csv,45.8833313,18,1,"./00ALLINONE --mode=edmd --experiment=energy_transfer --headless --quiet --edmd-acc=0 --seed-drift-order=drift-first --energy-transfer-summary=experiments_energy_transfer/level2_slope_20260917/u0.15/summary.csv --energy-transfer-trace=experiments_energy_transfer/level2_slope_20260917/u0.15/tr_9273.csv --particles=100 --particles-boxes=50,50 --particle-radius=0.5 --l0=39.25 --height=10 --num-walls=1 --wall-positions=39.25 --wall-mass-factors=1000000000 --piston-right-protocol-mode=step --velocity-right-piston-step=0.15 --max-right-piston-travel=3.93 --auto-piston-step --wall-hold-steps=12000 --steps=14000 --fixed-dt=0.4 --energy-measurement --eff-output=wall-ke --kbt1 --seed=9273",9273
2026-09-17 10:39:45,energy_transfer,edmd,14000,12000,0.0166666669,39.25,10,100,0.5,nan,0.100050721,0.100050721,1,39.25,1e+09,50;50,1,0.0416666667,1,1,0.00999999978,100,1000,nan,39.25,1,step,74.5700022,-0.150000006,step,3.93000007,0.150000006,nan,nan,0.150000006,nan,nan,10.5174786,1.22623196e-05,1.16589918e-06,0.999998834,10.5174663,7.66682078e-08,5.74725618e-07,4.9805741e-07,4.73552104e-08,20,27.8833313,/Users/chrisharing/Desktop/CCS_complex_coupled_systems/Repo/HardDisks/hspist3/experiments_energy_transfer/level2_slope_20260917/u0.15/tr_9274.csv,46.7333221,18.8499908,1,"./00ALLINONE --mode=edmd --experiment=energy_transfer --headless --quiet --edmd-acc=0 --seed-drift-order=drift-first --energy-transfer-summary=experiments_energy_transfer/level2_slope_20260917/u0.15/summary.csv --energy-transfer-trace=experiments_energy_transfer/level2_slope_20260917/u0.15/tr_9274.csv --particles=100 --particles-boxes=50,50 --particle-radius=0.5 --l0=39.25 --height=10 --num-walls=1 --wall-positions=39.25 --wall-mass-factors=1000000000 --piston-right-protocol-mode=step --velocity-right-piston-step=0.15 --max-right-piston-travel=3.93 --auto-piston-step --wall-hold-steps=12000 --steps=14000 --fixed-dt=0.4 --energy-measurement --eff-output=wall-ke --kbt1 --seed=9274",9274
2026-09-17 10:39:45,energy_transfer,edmd,14000,12000,0.0166666669,39.25,10,100,0.5,nan,0.100050721,0.100050721,1,39.25,1e+09,50;50,1,0.0416666667,1,1,0.00999999978,100,1000,nan,39.25,1,step,74.5700022,-0.150000006,step,3.93000007,0.150000006,nan,nan,0.150000006,nan,nan,7.68617164,6.21956087e-06,8.09188392e-07,0.999999191,7.68616542,7.02822476e-08,1.62731041e-07,9.24487935e-08,1.20279377e-08,20,27.8833313,/Users/chrisharing/Desktop/CCS_complex_coupled_systems/Repo/HardDisks/hspist3/experiments_energy_transfer/level2_slope_20260917/u0.15/tr_9277.csv,36.5333252,8.6499939,0,"./00ALLINONE --mode=edmd --experiment=energy_transfer --headless --quiet --edmd-acc=0 --seed-drift-order=drift-first --energy-transfer-summary=experiments_energy_transfer/level2_slope_20260917/u0.15/summary.csv --energy-transfer-trace=experiments_energy_transfer/level2_slope_20260917/u0.15/tr_9277.csv --particles=100 --particles-boxes=50,50 --particle-radius=0.5 --l0=39.25 --height=10 --num-walls=1 --wall-positions=39.25 --wall-mass-factors=1000000000 --piston-right-protocol-mode=step --velocity-right-piston-step=0.15 --max-right-piston-travel=3.93 --auto-piston-step --wall-hold-steps=12000 --steps=14000 --fixed-dt=0.4 --energy-measurement --eff-output=wall-ke --kbt1 --seed=9277",9277
2026-09-17 10:39:45,energy_transfer,edmd,14000,12000,0.0166666669,39.25,10,100,0.5,nan,0.100050721,0.100050721,1,39.25,1e+09,50;50,1,0.0416666667,1,1,0.00999999978,100,1000,nan,39.25,1,step,74.5700022,-0.150000006,step,3.93000007,0.150000006,nan,nan,0.150000006,nan,nan,7.747924,1.0415436e-05,1.34428732e-06,0.999998656,7.74791358,7.53092593e-08,4.255146e-07,3.5020534e-07,4.51998936e-08,20,27.8833313,/Users/chrisharing/Desktop/CCS_complex_coupled_systems/Repo/HardDisks/hspist3/experiments_energy_transfer/level2_slope_20260917/u0.15/tr_9276.csv,45.6666565,17.7833252,0,"./00ALLINONE --mode=edmd --experiment=energy_transfer --headless --quiet --edmd-acc=0 --seed-drift-order=drift-first --energy-transfer-summary=experiments_energy_transfer/level2_slope_20260917/u0.15/summary.csv --energy-transfer-trace=experiments_energy_transfer/level2_slope_20260917/u0.15/tr_9276.csv --particles=100 --particles-boxes=50,50 --particle-radius=0.5 --l0=39.25 --height=10 --num-walls=1 --wall-positions=39.25 --wall-mass-factors=1000000000 --piston-right-protocol-mode=step --velocity-right-piston-step=0.15 --max-right-piston-travel=3.93 --auto-piston-step --wall-hold-steps=12000 --steps=14000 --fixed-dt=0.4 --energy-measurement --eff-output=wall-ke --kbt1 --seed=9276",9276
2026-09-17 10:39:45,energy_transfer,edmd,14000,12000,0.0166666669,39.25,10,100,0.5,nan,0.100050721,0.100050721,1,39.25,1e+09,50;50,1,0.0416666667,1,1,0.00999999978,100,1000,nan,39.25,1,step,74.5700022,-0.150000006,step,3.93000007,0.150000006,nan,nan,0.150000006,nan,nan,5.82128727,5.05088246e-06,8.67657312e-07,0.999999132,5.82128222,2.00819716e-09,9.53933181e-08,9.3385121e-08,1.60420053e-08,20,27.8833313,/Users/chrisharing/Desktop/CCS_complex_coupled_systems/Repo/HardDisks/hspist3/experiments_energy_transfer/level2_slope_20260917/u0.15/tr_9271.csv,39.7333221,11.8499908,0,"./00ALLINONE --mode=edmd --experiment=energy_transfer --headless --quiet --edmd-acc=0 --seed-drift-order=drift-first --energy-transfer-summary=experiments_energy_transfer/level2_slope_20260917/u0.15/summary.csv --energy-transfer-trace=experiments_energy_transfer/level2_slope_20260917/u0.15/tr_9271.csv --particles=100 --particles-boxes=50,50 --particle-radius=0.5 --l0=39.25 --height=10 --num-walls=1 --wall-positions=39.25 --wall-mass-factors=1000000000 --piston-right-protocol-mode=step --velocity-right-piston-step=0.15 --max-right-piston-travel=3.93 --auto-piston-step --wall-hold-steps=12000 --steps=14000 --fixed-dt=0.4 --energy-measurement --eff-output=wall-ke --kbt1 --seed=9271",9271
2026-09-17 10:39:45,energy_transfer,edmd,14000,12000,0.0166666669,39.25,10,100,0.5,nan,0.100050721,0.100050721,1,39.25,1e+09,50;50,1,0.0416666667,1,1,0.00999999978,100,1000,nan,39.25,1,step,74.5700022,-0.150000006,step,3.93000007,0.150000006,nan,nan,0.150000006,nan,nan,8.1102233,8.9821142e-06,1.10750517e-06,0.999998892,8.11021431,8.45805843e-08,3.40564867e-07,2.55984283e-07,3.15631609e-08,20,27.8833313,/Users/chrisharing/Desktop/CCS_complex_coupled_systems/Repo/HardDisks/hspist3/experiments_energy_transfer/level2_slope_20260917/u0.15/tr_9275.csv,46.8499908,18.9666595,1,"./00ALLINONE --mode=edmd --experiment=energy_transfer --headless --quiet --edmd-acc=0 --seed-drift-order=drift-first --energy-transfer-summary=experiments_energy_transfer/level2_slope_20260917/u0.15/summary.csv --energy-transfer-trace=experiments_energy_transfer/level2_slope_20260917/u0.15/tr_9275.csv --particles=100 --particles-boxes=50,50 --particle-radius=0.5 --l0=39.25 --height=10 --num-walls=1 --wall-positions=39.25 --wall-mass-factors=1000000000 --piston-right-protocol-mode=step --velocity-right-piston-step=0.15 --max-right-piston-travel=3.93 --auto-piston-step --wall-hold-steps=12000 --steps=14000 --fixed-dt=0.4 --energy-measurement --eff-output=wall-ke --kbt1 --seed=9275",9275
2026-09-17 10:39:45,energy_transfer,edmd,14000,12000,0.0166666669,39.25,10,100,0.5,nan,0.100050721,0.100050721,1,39.25,1e+09,50;50,1,0.0416666667,1,1,0.00999999978,100,1000,nan,39.25,1,step,74.5700022,-0.150000006,step,3.93000007,0.150000006,nan,nan,0.150000006,nan,nan,6.15153792,6.58465524e-06,1.07040797e-06,0.99999893,6.15153134,8.48002699e-08,3.17521625e-07,2.32721355e-07,3.78314103e-08,20,27.8833313,/Users/chrisharing/Desktop/CCS_complex_coupled_systems/Repo/HardDisks/hspist3/experiments_energy_transfer/level2_slope_20260917/u0.15/tr_9279.csv,46.5666656,18.6833344,1,"./00ALLINONE --mode=edmd --experiment=energy_transfer --headless --quiet --edmd-acc=0 --seed-drift-order=drift-first --energy-transfer-summary=experiments_energy_transfer/level2_slope_20260917/u0.15/summary.csv --energy-transfer-trace=experiments_energy_transfer/level2_slope_20260917/u0.15/tr_9279.csv --particles=100 --particles-boxes=50,50 --particle-radius=0.5 --l0=39.25 --height=10 --num-walls=1 --wall-positions=39.25 --wall-mass-factors=1000000000 --piston-right-protocol-mode=step --velocity-right-piston-step=0.15 --max-right-piston-travel=3.93 --auto-piston-step --wall-hold-steps=12000 --steps=14000 --fixed-dt=0.4 --energy-measurement --eff-output=wall-ke --kbt1 --seed=9279",9279
2026-09-17 10:39:45,energy_transfer,edmd,14000,12000,0.0166666669,39.25,10,100,0.5,nan,0.100050721,0.100050721,1,39.25,1e+09,50;50,1,0.0416666667,1,1,0.00999999978,100,1000,nan,39.25,1,step,74.5700022,-0.150000006,step,3.93000007,0.150000006,nan,nan,0.150000006,nan,nan,5.66674111,4.97847805e-06,8.78543408e-07,0.999999121,5.66673613,2.21453533e-07,2.6913952e-07,4.76859867e-08,8.41506358e-09,20,27.8833313,/Users/chrisharing/Desktop/CCS_complex_coupled_systems/Repo/HardDisks/hspist3/experiments_energy_transfer/level2_slope_20260917/u0.15/tr_9278.csv,28.7166595,0.833328247,0,"./00ALLINONE --mode=edmd --experiment=energy_transfer --headless --quiet --edmd-acc=0 --seed-drift-order=drift-first --energy-transfer-summary=experiments_energy_transfer/level2_slope_20260917/u0.15/summary.csv --energy-transfer-trace=experiments_energy_transfer/level2_slope_20260917/u0.15/tr_9278.csv --particles=100 --particles-boxes=50,50 --particle-radius=0.5 --l0=39.25 --height=10 --num-walls=1 --wall-positions=39.25 --wall-mass-factors=1000000000 --piston-right-protocol-mode=step --velocity-right-piston-step=0.15 --max-right-piston-travel=3.93 --auto-piston-step --wall-hold-steps=12000 --steps=14000 --fixed-dt=0.4 --energy-measurement --eff-output=wall-ke --kbt1 --seed=9278",9278
2026-09-17 10:39:45,energy_transfer,edmd,14000,12000,0.0166666669,39.25,10,100,0.5,nan,0.100050721,0.100050721,1,39.25,1e+09,50;50,1,0.0416666667,1,1,0.00999999978,100,1000,nan,39.25,1,step,74.5700022,-0.150000006,step,3.93000007,0.150000006,nan,nan,0.150000006,nan,nan,9.23682799,9.20595357e-06,9.96657465e-07,0.999999003,9.23681879,7.53036355e-10,3.89242814e-07,3.88489778e-07,4.20587866e-08,20,27.8833313,/Users/chrisharing/Desktop/CCS_complex_coupled_systems/Repo/HardDisks/hspist3/experiments_energy_transfer/level2_slope_20260917/u0.15/tr_9280.csv,37.7999878,9.91665649,0,"./00ALLINONE --mode=edmd --experiment=energy_transfer --headless --quiet --edmd-acc=0 --seed-drift-order=drift-first --energy-transfer-summary=experiments_energy_transfer/level2_slope_20260917/u0.15/summary.csv --energy-transfer-trace=experiments_energy_transfer/level2_slope_20260917/u0.15/tr_9280.csv --particles=100 --particles-boxes=50,50 --particle-radius=0.5 --l0=39.25 --height=10 --num-walls=1 --wall-positions=39.25 --wall-mass-factors=1000000000 --piston-right-protocol-mode=step --velocity-right-piston-step=0.15 --max-right-piston-travel=3.93 --auto-piston-step --wall-hold-steps=12000 --steps=14000 --fixed-dt=0.4 --energy-measurement --eff-output=wall-ke --kbt1 --seed=9280",9280
2026-09-17 10:39:46,energy_transfer,edmd,14000,12000,0.0166666669,39.25,10,100,0.5,nan,0.100050721,0.100050721,1,39.25,1e+09,50;50,1,0.0416666667,1,1,0.00999999978,100,1000,nan,39.25,1,step,74.5700022,-0.150000006,step,3.93000007,0.150000006,nan,nan,0.150000006,nan,nan,5.8925979,4.14724582e-06,7.0380601e-07,0.999999296,5.89259375,6.79361776e-08,1.14911614e-07,4.69754369e-08,7.97194e-09,20,27.8833313,/Users/chrisharing/Desktop/CCS_complex_coupled_systems/Repo/HardDisks/hspist3/experiments_energy_transfer/level2_slope_20260917/u0.15/tr_9281.csv,41.9166565,14.0333252,0,"./00ALLINONE --mode=edmd --experiment=energy_transfer --headless --quiet --edmd-acc=0 --seed-drift-order=drift-first --energy-transfer-summary=experiments_energy_transfer/level2_slope_20260917/u0.15/summary.csv --energy-transfer-trace=experiments_energy_transfer/level2_slope_20260917/u0.15/tr_9281.csv --particles=100 --particles-boxes=50,50 --particle-radius=0.5 --l0=39.25 --height=10 --num-walls=1 --wall-positions=39.25 --wall-mass-factors=1000000000 --piston-right-protocol-mode=step --velocity-right-piston-step=0.15 --max-right-piston-travel=3.93 --auto-piston-step --wall-hold-steps=12000 --steps=14000 --fixed-dt=0.4 --energy-measurement --eff-output=wall-ke --kbt1 --seed=9281",9281
2026-09-17 10:39:46,energy_transfer,edmd,14000,12000,0.0166666669,39.25,10,100,0.5,nan,0.100050721,0.100050721,1,39.25,1e+09,50;50,1,0.0416666667,1,1,0.00999999978,100,1000,nan,39.25,1,step,74.5700022,-0.150000006,step,3.93000007,0.150000006,nan,nan,0.150000006,nan,nan,8.54671536,7.56943291e-06,8.85654031e-07,0.999999114,8.54670779,3.43738442e-08,1.27722004e-07,9.33481594e-08,1.09221093e-08,20,27.8833313,/Users/chrisharing/Desktop/CCS_complex_coupled_systems/Repo/HardDisks/hspist3/experiments_energy_transfer/level2_slope_20260917/u0.15/tr_9282.csv,45.7833252,17.8999939,0,"./00ALLINONE --mode=edmd --experiment=energy_transfer --headless --quiet --edmd-acc=0 --seed-drift-order=drift-first --energy-transfer-summary=experiments_energy_transfer/level2_slope_20260917/u0.15/summary.csv --energy-transfer-trace=experiments_energy_transfer/level2_slope_20260917/u0.15/tr_9282.csv --particles=100 --particles-boxes=50,50 --particle-radius=0.5 --l0=39.25 --height=10 --num-walls=1 --wall-positions=39.25 --wall-mass-factors=1000000000 --piston-right-protocol-mode=step --velocity-right-piston-step=0.15 --max-right-piston-travel=3.93 --auto-piston-step --wall-hold-steps=12000 --steps=14000 --fixed-dt=0.4 --energy-measurement --eff-output=wall-ke --kbt1 --seed=9282",9282
2026-09-17 10:39:46,energy_transfer,edmd,14000,12000,0.0166666669,39.25,10,100,0.5,nan,0.100050721,0.100050721,1,39.25,1e+09,50;50,1,0.0416666667,1,1,0.00999999978,100,1000,nan,39.25,1,step,74.5700022,-0.150000006,step,3.93000007,0.150000006,nan,nan,0.150000006,nan,nan,6.26803861,9.30843817e-06,1.48506395e-06,0.999998515,6.2680293,2.02587117e-07,5.43344186e-07,3.40757069e-07,5.43642262e-08,20,27.8833313,/Users/chrisharing/Desktop/CCS_complex_coupled_systems/Repo/HardDisks/hspist3/experiments_energy_transfer/level2_slope_20260917/u0.15/tr_9286.csv,47.2333221,19.3499908,1,"./00ALLINONE --mode=edmd --experiment=energy_transfer --headless --quiet --edmd-acc=0 --seed-drift-order=drift-first --energy-transfer-summary=experiments_energy_transfer/level2_slope_20260917/u0.15/summary.csv --energy-transfer-trace=experiments_energy_transfer/level2_slope_20260917/u0.15/tr_9286.csv --particles=100 --particles-boxes=50,50 --particle-radius=0.5 --l0=39.25 --height=10 --num-walls=1 --wall-positions=39.25 --wall-mass-factors=1000000000 --piston-right-protocol-mode=step --velocity-right-piston-step=0.15 --max-right-piston-travel=3.93 --auto-piston-step --wall-hold-steps=12000 --steps=14000 --fixed-dt=0.4 --energy-measurement --eff-output=wall-ke --kbt1 --seed=9286",9286
2026-09-17 10:39:46,energy_transfer,edmd,14000,12000,0.0166666669,39.25,10,100,0.5,nan,0.100050721,0.100050721,1,39.25,1e+09,50;50,1,0.0416666667,1,1,0.00999999978,100,1000,nan,39.25,1,step,74.5700022,-0.150000006,step,3.93000007,0.150000006,nan,nan,0.150000006,nan,nan,7.5026341,8.63229616e-06,1.15056873e-06,0.999998849,7.50262547,7.37967909e-08,3.1380398e-07,2.40007189e-07,3.19897233e-08,20,27.8833313,/Users/chrisharing/Desktop/CCS_complex_coupled_systems/Repo/HardDisks/hspist3/experiments_energy_transfer/level2_slope_20260917/u0.15/tr_9284.csv,44.6166534,16.7333221,0,"./00ALLINONE --mode=edmd --experiment=energy_transfer --headless --quiet --edmd-acc=0 --seed-drift-order=drift-first --energy-transfer-summary=experiments_energy_transfer/level2_slope_20260917/u0.15/summary.csv --energy-transfer-trace=experiments_energy_transfer/level2_slope_20260917/u0.15/tr_9284.csv --particles=100 --particles-boxes=50,50 --particle-radius=0.5 --l0=39.25 --height=10 --num-walls=1 --wall-positions=39.25 --wall-mass-factors=1000000000 --piston-right-protocol-mode=step --velocity-right-piston-step=0.15 --max-right-piston-travel=3.93 --auto-piston-step --wall-hold-steps=12000 --steps=14000 --fixed-dt=0.4 --energy-measurement --eff-output=wall-ke --kbt1 --seed=9284",9284
2026-09-17 10:39:46,energy_transfer,edmd,14000,12000,0.0166666669,39.25,10,100,0.5,nan,0.100050721,0.100050721,1,39.25,1e+09,50;50,1,0.0416666667,1,1,0.00999999978,100,1000,nan,39.25,1,step,74.5700022,-0.150000006,step,3.93000007,0.150000006,nan,nan,0.150000006,nan,nan,9.56850211,1.03608309e-05,1.08280593e-06,0.999998917,9.56849175,2.39676126e-07,6.31473029e-07,3.91796902e-07,4.09465241e-08,20,27.8833313,/Users/chrisharing/Desktop/CCS_complex_coupled_systems/Repo/HardDisks/hspist3/experiments_energy_transfer/level2_slope_20260917/u0.15/tr_9283.csv,30.7333221,2.84999084,0,"./00ALLINONE --mode=edmd --experiment=energy_transfer --headless --quiet --edmd-acc=0 --seed-drift-order=drift-first --energy-transfer-summary=experiments_energy_transfer/level2_slope_20260917/u0.15/summary.csv --energy-transfer-trace=experiments_energy_transfer/level2_slope_20260917/u0.15/tr_9283.csv --particles=100 --particles-boxes=50,50 --particle-radius=0.5 --l0=39.25 --height=10 --num-walls=1 --wall-positions=39.25 --wall-mass-factors=1000000000 --piston-right-protocol-mode=step --velocity-right-piston-step=0.15 --max-right-piston-travel=3.93 --auto-piston-step --wall-hold-steps=12000 --steps=14000 --fixed-dt=0.4 --energy-measurement --eff-output=wall-ke --kbt1 --seed=9283",9283
2026-09-17 10:39:46,energy_transfer,edmd,14000,12000,0.0166666669,39.25,10,100,0.5,nan,0.100050721,0.100050721,1,39.25,1e+09,50;50,1,0.0416666667,1,1,0.00999999978,100,1000,nan,39.25,1,step,74.5700022,-0.150000006,step,3.93000007,0.150000006,nan,nan,0.150000006,nan,nan,8.4103624,4.62984281e-06,5.50492664e-07,0.99999945,8.41035777,4.49932713e-09,8.05779266e-08,7.60785994e-08,9.04581703e-09,20,27.8833313,/Users/chrisharing/Desktop/CCS_complex_coupled_systems/Repo/HardDisks/hspist3/experiments_energy_transfer/level2_slope_20260917/u0.15/tr_9285.csv,30.1166534,2.23332214,0,"./00ALLINONE --mode=edmd --experiment=energy_transfer --headless --quiet --edmd-acc=0 --seed-drift-order=drift-first --energy-transfer-summary=experiments_energy_transfer/level2_slope_20260917/u0.15/summary.csv --energy-transfer-trace=experiments_energy_transfer/level2_slope_20260917/u0.15/tr_9285.csv --particles=100 --particles-boxes=50,50 --particle-radius=0.5 --l0=39.25 --height=10 --num-walls=1 --wall-positions=39.25 --wall-mass-factors=1000000000 --piston-right-protocol-mode=step --velocity-right-piston-step=0.15 --max-right-piston-travel=3.93 --auto-piston-step --wall-hold-steps=12000 --steps=14000 --fixed-dt=0.4 --energy-measurement --eff-output=wall-ke --kbt1 --seed=9285",9285
2026-09-17 10:39:46,energy_transfer,edmd,14000,12000,0.0166666669,39.25,10,100,0.5,nan,0.100050721,0.100050721,1,39.25,1e+09,50;50,1,0.0416666667,1,1,0.00999999978,100,1000,nan,39.25,1,step,74.5700022,-0.150000006,step,3.93000007,0.150000006,nan,nan,0.150000006,nan,nan,6.91667502,4.95295262e-06,7.16088671e-07,0.999999284,6.91667007,2.77670509e-08,6.54576127e-08,3.76905618e-08,5.44923126e-09,20,27.8833313,/Users/chrisharing/Desktop/CCS_complex_coupled_systems/Repo/HardDisks/hspist3/experiments_energy_transfer/level2_slope_20260917/u0.15/tr_9287.csv,44.6833344,16.8000031,0,"./00ALLINONE --mode=edmd --experiment=energy_transfer --headless --quiet --edmd-acc=0 --seed-drift-order=drift-first --energy-transfer-summary=experiments_energy_transfer/level2_slope_20260917/u0.15/summary.csv --energy-transfer-trace=experiments_energy_transfer/level2_slope_20260917/u0.15/tr_9287.csv --particles=100 --particles-boxes=50,50 --particle-radius=0.5 --l0=39.25 --height=10 --num-walls=1 --wall-positions=39.25 --wall-mass-factors=1000000000 --piston-right-protocol-mode=step --velocity-right-piston-step=0.15 --max-right-piston-travel=3.93 --auto-piston-step --wall-hold-steps=12000 --steps=14000 --fixed-dt=0.4 --energy-measurement --eff-output=wall-ke --kbt1 --seed=9287",9287
2026-09-17 10:39:46,energy_transfer,edmd,14000,12000,0.0166666669,39.25,10,100,0.5,nan,0.100050721,0.100050721,1,39.25,1e+09,50;50,1,0.0416666667,1,1,0.00999999978,100,1000,nan,39.25,1,step,74.5700022,-0.150000006,step,3.93000007,0.150000006,nan,nan,0.150000006,nan,nan,9.59608576,7.07349818e-06,7.37123277e-07,0.999999263,9.59607868,1.63423686e-09,1.10686841e-07,1.09052604e-07,1.13642799e-08,20,27.8833313,/Users/chrisharing/Desktop/CCS_complex_coupled_systems/Repo/HardDisks/hspist3/experiments_energy_transfer/level2_slope_20260917/u0.15/tr_9289.csv,36.75,8.8666687,0,"./00ALLINONE --mode=edmd --experiment=energy_transfer --headless --quiet --edmd-acc=0 --seed-drift-order=drift-first --energy-transfer-summary=experiments_energy_transfer/level2_slope_20260917/u0.15/summary.csv --energy-transfer-trace=experiments_energy_transfer/level2_slope_20260917/u0.15/tr_9289.csv --particles=100 --particles-boxes=50,50 --particle-radius=0.5 --l0=39.25 --height=10 --num-walls=1 --wall-positions=39.25 --wall-mass-factors=1000000000 --piston-right-protocol-mode=step --velocity-right-piston-step=0.15 --max-right-piston-travel=3.93 --auto-piston-step --wall-hold-steps=12000 --steps=14000 --fixed-dt=0.4 --energy-measurement --eff-output=wall-ke --kbt1 --seed=9289",9289
2026-09-17 10:39:46,energy_transfer,edmd,14000,12000,0.0166666669,39.25,10,100,0.5,nan,0.100050721,0.100050721,1,39.25,1e+09,50;50,1,0.0416666667,1,1,0.00999999978,100,1000,nan,39.25,1,step,74.5700022,-0.150000006,step,3.93000007,0.150000006,nan,nan,0.150000006,nan,nan,7.66872412,6.26803239e-06,8.17350095e-07,0.999999183,7.66871785,2.28950441e-07,2.56683791e-07,2.77333498e-08,3.61642294e-09,20,27.8833313,/Users/chrisharing/Desktop/CCS_complex_coupled_systems/Repo/HardDisks/hspist3/experiments_energy_transfer/level2_slope_20260917/u0.15/tr_9288.csv,28.4333191,0.549987793,0,"./00ALLINONE --mode=edmd --experiment=energy_transfer --headless --quiet --edmd-acc=0 --seed-drift-order=drift-first --energy-transfer-summary=experiments_energy_transfer/level2_slope_20260917/u0.15/summary.csv --energy-transfer-trace=experiments_energy_transfer/level2_slope_20260917/u0.15/tr_9288.csv --particles=100 --particles-boxes=50,50 --particle-radius=0.5 --l0=39.25 --height=10 --num-walls=1 --wall-positions=39.25 --wall-mass-factors=1000000000 --piston-right-protocol-mode=step --velocity-right-piston-step=0.15 --max-right-piston-travel=3.93 --auto-piston-step --wall-hold-steps=12000 --steps=14000 --fixed-dt=0.4 --energy-measurement --eff-output=wall-ke --kbt1 --seed=9288",9288
2026-09-17 10:39:46,energy_transfer,edmd,14000,12000,0.0166666669,39.25,10,100,0.5,nan,0.100050721,0.100050721,1,39.25,1e+09,50;50,1,0.0416666667,1,1,0.00999999978,100,1000,nan,39.25,1,step,74.5700022,-0.150000006,step,3.93000007,0.150000006,nan,nan,0.150000006,nan,nan,5.60755652,5.20780441e-06,9.28711888e-07,0.999999071,5.60755132,2.29900792e-08,2.70240605e-07,2.47250526e-07,4.40923823e-08,20,27.8833313,/Users/chrisharing/Desktop/CCS_complex_coupled_systems/Repo/HardDisks/hspist3/experiments_energy_transfer/level2_slope_20260917/u0.15/tr_9290.csv,47.7833252,19.8999939,1,"./00ALLINONE --mode=edmd --experiment=energy_transfer --headless --quiet --edmd-acc=0 --seed-drift-order=drift-first --energy-transfer-summary=experiments_energy_transfer/level2_slope_20260917/u0.15/summary.csv --energy-transfer-trace=experiments_energy_transfer/level2_slope_20260917/u0.15/tr_9290.csv --particles=100 --particles-boxes=50,50 --particle-radius=0.5 --l0=39.25 --height=10 --num-walls=1 --wall-positions=39.25 --wall-mass-factors=1000000000 --piston-right-protocol-mode=step --velocity-right-piston-step=0.15 --max-right-piston-travel=3.93 --auto-piston-step --wall-hold-steps=12000 --steps=14000 --fixed-dt=0.4 --energy-measurement --eff-output=wall-ke --kbt1 --seed=9290",9290
2026-09-17 10:39:47,energy_transfer,edmd,14000,12000,0.0166666669,39.25,10,100,0.5,nan,0.100050721,0.100050721,1,39.25,1e+09,50;50,1,0.0416666667,1,1,0.00999999978,100,1000,nan,39.25,1,step,74.5700022,-0.150000006,step,3.93000007,0.150000006,nan,nan,0.150000006,nan,nan,8.37172944,7.30193233e-06,8.72213129e-07,0.999999128,8.37172214,7.48413687e-09,1.62128146e-07,1.54644009e-07,1.84721699e-08,20,27.8833313,/Users/chrisharing/Desktop/CCS_complex_coupled_systems/Repo/HardDisks/hspist3/experiments_energy_transfer/level2_slope_20260917/u0.15/tr_9291.csv,38.8333282,10.9499969,0,"./00ALLINONE --mode=edmd --experiment=energy_transfer --headless --quiet --edmd-acc=0 --seed-drift-order=drift-first --energy-transfer-summary=experiments_energy_transfer/level2_slope_20260917/u0.15/summary.csv --energy-transfer-trace=experiments_energy_transfer/level2_slope_20260917/u0.15/tr_9291.csv --particles=100 --particles-boxes=50,50 --particle-radius=0.5 --l0=39.25 --height=10 --num-walls=1 --wall-positions=39.25 --wall-mass-factors=1000000000 --piston-right-protocol-mode=step --velocity-right-piston-step=0.15 --max-right-piston-travel=3.93 --auto-piston-step --wall-hold-steps=12000 --steps=14000 --fixed-dt=0.4 --energy-measurement --eff-output=wall-ke --kbt1 --seed=9291",9291
2026-09-17 10:39:47,energy_transfer,edmd,14000,12000,0.0166666669,39.25,10,100,0.5,nan,0.100050721,0.100050721,1,39.25,1e+09,50;50,1,0.0416666667,1,1,0.00999999978,100,1000,nan,39.25,1,step,74.5700022,-0.150000006,step,3.93000007,0.150000006,nan,nan,0.150000006,nan,nan,8.03159678,9.32929834e-06,1.16157454e-06,0.999998838,8.03158745,6.75440648e-10,2.58600863e-07,2.57925423e-07,3.21138411e-08,20,27.8833313,/Users/chrisharing/Desktop/CCS_complex_coupled_systems/Repo/HardDisks/hspist3/experiments_energy_transfer/level2_slope_20260917/u0.15/tr_9294.csv,44.8499908,16.9666595,0,"./00ALLINONE --mode=edmd --experiment=energy_transfer --headless --quiet --edmd-acc=0 --seed-drift-order=drift-first --energy-transfer-summary=experiments_energy_transfer/level2_slope_20260917/u0.15/summary.csv --energy-transfer-trace=experiments_energy_transfer/level2_slope_20260917/u0.15/tr_9294.csv --particles=100 --particles-boxes=50,50 --particle-radius=0.5 --l0=39.25 --height=10 --num-walls=1 --wall-positions=39.25 --wall-mass-factors=1000000000 --piston-right-protocol-mode=step --velocity-right-piston-step=0.15 --max-right-piston-travel=3.93 --auto-piston-step --wall-hold-steps=12000 --steps=14000 --fixed-dt=0.4 --energy-measurement --eff-output=wall-ke --kbt1 --seed=9294",9294
2026-09-17 10:39:47,energy_transfer,edmd,14000,12000,0.0166666669,39.25,10,100,0.5,nan,0.100050721,0.100050721,1,39.25,1e+09,50;50,1,0.0416666667,1,1,0.00999999978,100,1000,nan,39.25,1,step,74.5700022,-0.150000006,step,3.93000007,0.150000006,nan,nan,0.150000006,nan,nan,7.85727192,7.51469997e-06,9.5640065e-07,0.999999044,7.85726441,5.58229267e-08,1.72887965e-07,1.17065039e-07,1.4898942e-08,20,27.8833313,/Users/chrisharing/Desktop/CCS_complex_coupled_systems/Repo/HardDisks/hspist3/experiments_energy_transfer/level2_slope_20260917/u0.15/tr_9293.csv,47.3166656,19.4333344,1,"./00ALLINONE --mode=edmd --experiment=energy_transfer --headless --quiet --edmd-acc=0 --seed-drift-order=drift-first --energy-transfer-summary=experiments_energy_transfer/level2_slope_20260917/u0.15/summary.csv --energy-transfer-trace=experiments_energy_transfer/level2_slope_20260917/u0.15/tr_9293.csv --particles=100 --particles-boxes=50,50 --particle-radius=0.5 --l0=39.25 --height=10 --num-walls=1 --wall-positions=39.25 --wall-mass-factors=1000000000 --piston-right-protocol-mode=step --velocity-right-piston-step=0.15 --max-right-piston-travel=3.93 --auto-piston-step --wall-hold-steps=12000 --steps=14000 --fixed-dt=0.4 --energy-measurement --eff-output=wall-ke --kbt1 --seed=9293",9293
2026-09-17 10:39:47,energy_transfer,edmd,14000,12000,0.0166666669,39.25,10,100,0.5,nan,0.100050721,0.100050721,1,39.25,1e+09,50;50,1,0.0416666667,1,1,0.00999999978,100,1000,nan,39.25,1,step,74.5700022,-0.150000006,step,3.93000007,0.150000006,nan,nan,0.150000006,nan,nan,6.63658783,6.96981851e-06,1.05021115e-06,0.99999895,6.63658086,1.73610637e-09,1.85956125e-07,1.84220019e-07,2.77582431e-08,20,27.8833313,/Users/chrisharing/Desktop/CCS_complex_coupled_systems/Repo/HardDisks/hspist3/experiments_energy_transfer/level2_slope_20260917/u0.15/tr_9292.csv,46.7999878,18.9166565,1,"./00ALLINONE --mode=edmd --experiment=energy_transfer --headless --quiet --edmd-acc=0 --seed-drift-order=drift-first --energy-transfer-summary=experiments_energy_transfer/level2_slope_20260917/u0.15/summary.csv --energy-transfer-trace=experiments_energy_transfer/level2_slope_20260917/u0.15/tr_9292.csv --particles=100 --particles-boxes=50,50 --particle-radius=0.5 --l0=39.25 --height=10 --num-walls=1 --wall-positions=39.25 --wall-mass-factors=1000000000 --piston-right-protocol-mode=step --velocity-right-piston-step=0.15 --max-right-piston-travel=3.93 --auto-piston-step --wall-hold-steps=12000 --steps=14000 --fixed-dt=0.4 --energy-measurement --eff-output=wall-ke --kbt1 --seed=9292",9292
2026-09-17 10:39:47,energy_transfer,edmd,14000,12000,0.0166666669,39.25,10,100,0.5,nan,0.100050721,0.100050721,1,39.25,1e+09,50;50,1,0.0416666667,1,1,0.00999999978,100,1000,nan,39.25,1,step,74.5700022,-0.150000006,step,3.93000007,0.150000006,nan,nan,0.150000006,nan,nan,8.41374702,7.24354368e-06,8.60917694e-07,0.999999139,8.41373977,4.99397821e-08,4.34204338e-07,3.84264556e-07,4.56710376e-08,20,27.8833313,/Users/chrisharing/Desktop/CCS_complex_coupled_systems/Repo/HardDisks/hspist3/experiments_energy_transfer/level2_slope_20260917/u0.15/tr_9295.csv,47.6666565,19.7833252,1,"./00ALLINONE --mode=edmd --experiment=energy_transfer --headless --quiet --edmd-acc=0 --seed-drift-order=drift-first --energy-transfer-summary=experiments_energy_transfer/level2_slope_20260917/u0.15/summary.csv --energy-transfer-trace=experiments_energy_transfer/level2_slope_20260917/u0.15/tr_9295.csv --particles=100 --particles-boxes=50,50 --particle-radius=0.5 --l0=39.25 --height=10 --num-walls=1 --wall-positions=39.25 --wall-mass-factors=1000000000 --piston-right-protocol-mode=step --velocity-right-piston-step=0.15 --max-right-piston-travel=3.93 --auto-piston-step --wall-hold-steps=12000 --steps=14000 --fixed-dt=0.4 --energy-measurement --eff-output=wall-ke --kbt1 --seed=9295",9295
2026-09-17 10:39:47,energy_transfer,edmd,14000,12000,0.0166666669,39.25,10,100,0.5,nan,0.100050721,0.100050721,1,39.25,1e+09,50;50,1,0.0416666667,1,1,0.00999999978,100,1000,nan,39.25,1,step,74.5700022,-0.150000006,step,3.93000007,0.150000006,nan,nan,0.150000006,nan,nan,8.20009807,8.9428122e-06,1.09057381e-06,0.999998909,8.20008913,1.9542906e-08,2.99940865e-07,2.80397959e-07,3.41944641e-08,20,27.8833313,/Users/chrisharing/Desktop/CCS_complex_coupled_systems/Repo/HardDisks/hspist3/experiments_energy_transfer/level2_slope_20260917/u0.15/tr_9296.csv,43.25,15.3666687,0,"./00ALLINONE --mode=edmd --experiment=energy_transfer --headless --quiet --edmd-acc=0 --seed-drift-order=drift-first --energy-transfer-summary=experiments_energy_transfer/level2_slope_20260917/u0.15/summary.csv --energy-transfer-trace=experiments_energy_transfer/level2_slope_20260917/u0.15/tr_9296.csv --particles=100 --particles-boxes=50,50 --particle-radius=0.5 --l0=39.25 --height=10 --num-walls=1 --wall-positions=39.25 --wall-mass-factors=1000000000 --piston-right-protocol-mode=step --velocity-right-piston-step=0.15 --max-right-piston-travel=3.93 --auto-piston-step --wall-hold-steps=12000 --steps=14000 --fixed-dt=0.4 --energy-measurement --eff-output=wall-ke --kbt1 --seed=9296",9296
2026-09-17 10:39:47,energy_transfer,edmd,14000,12000,0.0166666669,39.25,10,100,0.5,nan,0.100050721,0.100050721,1,39.25,1e+09,50;50,1,0.0416666667,1,1,0.00999999978,100,1000,nan,39.25,1,step,74.5700022,-0.150000006,step,3.93000007,0.150000006,nan,nan,0.150000006,nan,nan,7.12865994,7.62833815e-06,1.07009427e-06,0.99999893,7.12865231,4.35398817e-07,5.58959869e-07,1.23561051e-07,1.73329984e-08,20,27.8833313,/Users/chrisharing/Desktop/CCS_complex_coupled_systems/Repo/HardDisks/hspist3/experiments_energy_transfer/level2_slope_20260917/u0.15/tr_9297.csv,38.25,10.3666687,0,"./00ALLINONE --mode=edmd --experiment=energy_transfer --headless --quiet --edmd-acc=0 --seed-drift-order=drift-first --energy-transfer-summary=experiments_energy_transfer/level2_slope_20260917/u0.15/summary.csv --energy-transfer-trace=experiments_energy_transfer/level2_slope_20260917/u0.15/tr_9297.csv --particles=100 --particles-boxes=50,50 --particle-radius=0.5 --l0=39.25 --height=10 --num-walls=1 --wall-positions=39.25 --wall-mass-factors=1000000000 --piston-right-protocol-mode=step --velocity-right-piston-step=0.15 --max-right-piston-travel=3.93 --auto-piston-step --wall-hold-steps=12000 --steps=14000 --fixed-dt=0.4 --energy-measurement --eff-output=wall-ke --kbt1 --seed=9297",9297
2026-09-17 10:39:47,energy_transfer,edmd,14000,12000,0.0166666669,39.25,10,100,0.5,nan,0.100050721,0.100050721,1,39.25,1e+09,50;50,1,0.0416666667,1,1,0.00999999978,100,1000,nan,39.25,1,step,74.5700022,-0.150000006,step,3.93000007,0.150000006,nan,nan,0.150000006,nan,nan,10.1682089,8.87924853e-06,8.73236245e-07,0.999999127,10.1682,2.15898019e-08,3.33598223e-07,3.12008421e-07,3.06846983e-08,20,27.8833313,/Users/chrisharing/Desktop/CCS_complex_coupled_systems/Repo/HardDisks/hspist3/experiments_energy_transfer/level2_slope_20260917/u0.15/tr_9298.csv,45.1999969,17.3166656,0,"./00ALLINONE --mode=edmd --experiment=energy_transfer --headless --quiet --edmd-acc=0 --seed-drift-order=drift-first --energy-transfer-summary=experiments_energy_transfer/level2_slope_20260917/u0.15/summary.csv --energy-transfer-trace=experiments_energy_transfer/level2_slope_20260917/u0.15/tr_9298.csv --particles=100 --particles-boxes=50,50 --particle-radius=0.5 --l0=39.25 --height=10 --num-walls=1 --wall-positions=39.25 --wall-mass-factors=1000000000 --piston-right-protocol-mode=step --velocity-right-piston-step=0.15 --max-right-piston-travel=3.93 --auto-piston-step --wall-hold-steps=12000 --steps=14000 --fixed-dt=0.4 --energy-measurement --eff-output=wall-ke --kbt1 --seed=9298",9298
2026-09-17 10:39:47,energy_transfer,edmd,14000,12000,0.0166666669,39.25,10,100,0.5,nan,0.100050721,0.100050721,1,39.25,1e+09,50;50,1,0.0416666667,1,1,0.00999999978,100,1000,nan,39.25,1,step,74.5700022,-0.150000006,step,3.93000007,0.150000006,nan,nan,0.150000006,nan,nan,8.46753403,7.11902203e-06,8.40743244e-07,0.999999159,8.46752691,2.07859147e-11,4.30974524e-07,4.30953738e-07,5.08948339e-08,20,27.8833313,/Users/chrisharing/Desktop/CCS_complex_coupled_systems/Repo/HardDisks/hspist3/experiments_energy_transfer/level2_slope_20260917/u0.15/tr_9299.csv,43.8333282,15.9499969,0,"./00ALLINONE --mode=edmd --experiment=energy_transfer --headless --quiet --edmd-acc=0 --seed-drift-order=drift-first --energy-transfer-summary=experiments_energy_transfer/level2_slope_20260917/u0.15/summary.csv --energy-transfer-trace=experiments_energy_transfer/level2_slope_20260917/u0.15/tr_9299.csv --particles=100 --particles-boxes=50,50 --particle-radius=0.5 --l0=39.25 --height=10 --num-walls=1 --wall-positions=39.25 --wall-mass-factors=1000000000 --piston-right-protocol-mode=step --velocity-right-piston-step=0.15 --max-right-piston-travel=3.93 --auto-piston-step --wall-hold-steps=12000 --steps=14000 --fixed-dt=0.4 --energy-measurement --eff-output=wall-ke --kbt1 --seed=9299",9299
